1.46442396057556,4.70603632916367,NaN,NaN,NaN,NaN
1.37055241320487,9.69665872668849,NaN,NaN,NaN,NaN
2.05696809712527,3.3888719779698,0.500002391070108,NaN,NaN,NaN
2.36185844419946,2.93455054135258,2.57595399056876,NaN,NaN,NaN
2.03584855432079,6.25517343622038,NaN,NaN,NaN,NaN
1.95379510029415,3.81534907426607,NaN,NaN,NaN,NaN
1.89858322026442,4.09181491605101,0.500000887208265,NaN,NaN,NaN
1.46973220351923,4.26123896943043,NaN,NaN,NaN,NaN
1.41213891617525,5.59925689620981,NaN,NaN,NaN,NaN
2.16039855807708,3.3146913825895,1.04594823627128,NaN,NaN,NaN
1.60140035835943,0.500002941481433,8.01657951413411,NaN,NaN,NaN
1.80564536070423,5.17856797120074,NaN,NaN,NaN,NaN
2.00660675902566,2.19073943023085,NaN,NaN,NaN,NaN
2.23703249470476,4.45617221642373,NaN,NaN,NaN,NaN
3.13242243599044,6.2494249538206,6.42125546190342,NaN,NaN,NaN
2.21837737421241,5.62551586057718,NaN,NaN,NaN,NaN
2.39460775959781,1.5921802826796,NaN,NaN,NaN,NaN
1.97590390331705,3.12599148285857,NaN,NaN,NaN,NaN
11.9999857645398,NaN,NaN,NaN,NaN,NaN
8.05339877619535,1.69361911550108,NaN,NaN,NaN,NaN
1.84423348253994,0.621283080955818,3.07430751705836,NaN,NaN,NaN
1.80716274319736,3.89611001310214,NaN,NaN,NaN,NaN
2.4025584597664,3.86853146760223,NaN,NaN,NaN,NaN
1.31155338586613,0.500000021106456,5.3028731600585,NaN,NaN,NaN
1.192229589838,6.8774958638876,NaN,NaN,NaN,NaN
1.45654302189664,2.45908620733982,NaN,NaN,NaN,NaN
1.77165098871344,1.33608360564476,0.500000709095257,NaN,NaN,NaN
1.95977705313124,0.770287182295259,4.00995350972503,NaN,NaN,NaN
11.9999457616049,NaN,NaN,NaN,NaN,NaN
1.96786449049822,0.500001185963751,3.57970921465306,NaN,NaN,NaN
2.4931211119813,5.8352542842035,4.97928366604987,NaN,NaN,NaN
1.39411230856106,9.64504131290782,NaN,NaN,NaN,NaN
1.9976557925444,1.98389265328083,3.08866723732559,1.08672648270329,NaN,NaN
1.2587082365917,4.80183418900939,1.49159745191943,NaN,NaN,NaN
1.17505629859477,11.2243709368408,NaN,NaN,NaN,NaN
3.22514789225344,3.91829485240792,NaN,NaN,NaN,NaN
1.17981673247287,4.90487448878421,0.776388449703101,NaN,NaN,NaN
1.79103459337003,5.68032036499482,NaN,NaN,NaN,NaN
1.56177224358953,2.09165394713275,1.27059353876425,NaN,NaN,NaN
2.19600681962023,NaN,NaN,NaN,NaN,NaN
2.29472912993142,3.80297415903993,NaN,NaN,NaN,NaN
2.43152342603976,1.82594895369202,NaN,NaN,NaN,NaN
2.05077174514491,3.87614489863275,NaN,NaN,NaN,NaN
1.58269566646368,0.68946058482967,NaN,NaN,NaN,NaN
2.01167277249647,3.36984706540912,NaN,NaN,NaN,NaN
0.93065366565482,4.49421762580385,1.24516265031234,0.500000047442305,NaN,NaN
2.09734283078701,1.19092127939887,NaN,NaN,NaN,NaN
2.94661847644469,0.500000013291618,3.0959345641587,NaN,NaN,NaN
1.39926056448525,2.70059342888594,3.76740178209568,0.969409227729553,NaN,NaN
5.41124399943565,NaN,NaN,NaN,NaN,NaN
1.08444349864141,11.3253344052332,NaN,NaN,NaN,NaN
1.56165218366183,9.28351778826213,1.05956777029686,NaN,NaN,NaN
1.86448969299179,NaN,NaN,NaN,NaN,NaN
1.53474331206881,4.39479316695194,1.21607841448867,NaN,NaN,NaN
2.41106294439234,1.39902949875217,2.70980306681407,4.62504957390147,NaN,NaN
2.08823478023666,6.22753443881286,NaN,NaN,NaN,NaN
2.00974042886688,3.92303441249936,2.69671963824446,NaN,NaN,NaN
1.4826352817172,2.78445708693907,1.22618677133915,NaN,NaN,NaN
2.09537271434476,4.79642493182217,NaN,NaN,NaN,NaN
1.14848235364344,0.712170721407673,4.0387440781549,NaN,NaN,NaN
1.34505536219197,7.73997420779043,NaN,NaN,NaN,NaN
1.77712745658905,6.18368328760967,NaN,NaN,NaN,NaN
2.12412061779766,2.39039333825002,NaN,NaN,NaN,NaN
2.16196686324733,3.00716070973283,NaN,NaN,NaN,NaN
1.89364375382195,4.03844461209467,NaN,NaN,NaN,NaN
1.78108123989549,3.2848526293796,3.55670826726638,0.500000069075594,NaN,NaN
1.55457263553152,4.25081127664094,NaN,NaN,NaN,NaN
3.37632727354422,NaN,NaN,NaN,NaN,NaN
1.71045952331434,2.45466314792103,NaN,NaN,NaN,NaN
3.11224823259206,1.62460328974296,NaN,NaN,NaN,NaN
1.56492021228423,0.72015228050347,4.31229279167376,NaN,NaN,NaN
1.04378381829872,8.1757536169189,1.41627666290096,NaN,NaN,NaN
1.95023241896351,1.97328474556803,NaN,NaN,NaN,NaN
2.15398452701115,4.24007046360176,NaN,NaN,NaN,NaN
1.21236651817973,0.500104201177818,5.54456093523714,NaN,NaN,NaN
1.36977976713058,6.38979708007893,0.500006184854611,NaN,NaN,NaN
2.19192766273631,6.09272556868922,NaN,NaN,NaN,NaN
2.31535955786972,3.72504483580333,NaN,NaN,NaN,NaN
1.5689764293099,4.26070485021184,NaN,NaN,NaN,NaN
2.25589176881392,3.79905888917602,NaN,NaN,NaN,NaN
1.96082539949476,2.23063092310904,NaN,NaN,NaN,NaN
1.55414326364123,3.22053780342483,NaN,NaN,NaN,NaN
2.17820231483892,4.41691449060963,1.00102803707281,0.746689929125441,1.80740372850796,NaN
1.90098010654607,4.82005479219951,NaN,NaN,NaN,NaN
1.65654387227695,5.04461404495593,2.07461598576556,NaN,NaN,NaN
1.89086963690632,6.61949609075109,NaN,NaN,NaN,NaN
1.93224975280708,6.51723148397022,4.69268098943129,NaN,NaN,NaN
1.67287696557699,4.6866005386875,NaN,NaN,NaN,NaN
2.04210474993287,4.5879352482999,NaN,NaN,NaN,NaN
0.891746487358078,11.4176348458499,0.500000211742968,NaN,NaN,NaN
1.65283946265456,3.24703162368041,NaN,NaN,NaN,NaN
1.78928268269221,4.7130548883574,NaN,NaN,NaN,NaN
1.35998007540474,8.03452511928777,NaN,NaN,NaN,NaN
1.90762862245314,3.54470195879658,NaN,NaN,NaN,NaN
1.29477466576299,8.81873777763561,NaN,NaN,NaN,NaN
1.36673428431651,5.148444954481,NaN,NaN,NaN,NaN
0.766674317852432,0.500000247359503,6.70602517570965,NaN,NaN,NaN
0.82801288313117,0.50000046368978,0.500015249833425,0.516587745345577,5.62701831894742,NaN
1.3944599104691,5.9692675320751,NaN,NaN,NaN,NaN
2.04429245403453,6.22883047723699,NaN,NaN,NaN,NaN
3.74022446643292,1.60884205594008,1.92778660635854,NaN,NaN,NaN
1.43542737925112,2.36113509444207,NaN,NaN,NaN,NaN
2.48639360126987,3.33333224351741,NaN,NaN,NaN,NaN
1.88076243603166,1.87015691229684,3.55161342721965,NaN,NaN,NaN
2.03831086911417,6.18947206694293,NaN,NaN,NaN,NaN
6.54549673103086,1.86248403943389,NaN,NaN,NaN,NaN
1.61475146444088,3.12950734755972,NaN,NaN,NaN,NaN
1.05787401714789,7.0796907172933,NaN,NaN,NaN,NaN
1.52284403612343,2.72663551799997,NaN,NaN,NaN,NaN
11.9999994050688,NaN,NaN,NaN,NaN,NaN
1.60558450146303,4.56834525129136,NaN,NaN,NaN,NaN
1.51125332816461,0.511652945199927,9.02844978765067,NaN,NaN,NaN
2.83607337287119,1.56454699917569,NaN,NaN,NaN,NaN
2.95579302816757,2.12206785567747,2.97461835666632,NaN,NaN,NaN
1.7997281607426,2.73263088574071,NaN,NaN,NaN,NaN
1.4350645449238,5.99342413188504,NaN,NaN,NaN,NaN
0.574270393954656,1.71596929550613,4.26595421407564,5.48613783315135,NaN,NaN
1.0771666975279,10.7398391877312,2.94567043498304,NaN,NaN,NaN
11.9999379832373,NaN,NaN,NaN,NaN,NaN
2.59488894760858,0.50000008519959,5.01160538713352,NaN,NaN,NaN
2.85561567642481,0.950460708675123,1.71675158570853,NaN,NaN,NaN
2.92474963338712,3.14090810027541,NaN,NaN,NaN,NaN
0.500016711377946,5.76536446256882,NaN,NaN,NaN,NaN
2.22068982536354,3.31358218405179,NaN,NaN,NaN,NaN
2.10059534309803,3.58028366565228,NaN,NaN,NaN,NaN
2.0260045384571,3.81880125021684,NaN,NaN,NaN,NaN
1.44479479631495,0.722501629323264,3.12437745882137,NaN,NaN,NaN
1.27696789371949,4.45499598067081,NaN,NaN,NaN,NaN
1.6382527986826,10.2950496284168,0.500000247436562,NaN,NaN,NaN
0.941822416185674,8.07752782709907,NaN,NaN,NaN,NaN
1.4897401892175,3.86578914021384,NaN,NaN,NaN,NaN
2.27982248367228,3.91177188881688,NaN,NaN,NaN,NaN
1.97845330831202,3.35291661146225,NaN,NaN,NaN,NaN
1.4234940915428,3.79715448666631,NaN,NaN,NaN,NaN
1.77939288891252,5.30645878257764,NaN,NaN,NaN,NaN
2.6354937685065,3.7993651048105,NaN,NaN,NaN,NaN
1.70974997754435,5.65859605230698,0.573299375651282,NaN,NaN,NaN
1.77396243877078,2.13116983903918,1.13972276154091,NaN,NaN,NaN
2.45005735666346,3.3878541615252,NaN,NaN,NaN,NaN
1.7861645785236,7.26308377151301,NaN,NaN,NaN,NaN
0.801565817649392,0.624095587712945,5.87525608356904,NaN,NaN,NaN
1.71690748188223,4.12916997638109,NaN,NaN,NaN,NaN
1.6150830469795,1.18009747664485,4.40934501697141,NaN,NaN,NaN
1.86858167205171,7.6189378452456,NaN,NaN,NaN,NaN
1.7939284796523,0.781248080824674,3.58006794701891,NaN,NaN,NaN
1.42295185445806,7.02341435866836,NaN,NaN,NaN,NaN
2.13103942760354,2.50554145107113,NaN,NaN,NaN,NaN
0.500000016495611,3.80287414695955,0.752683805486673,NaN,NaN,NaN
1.37194476783332,11.9998894295267,1.57701237772175,NaN,NaN,NaN
1.83116820459793,3.47200777356558,NaN,NaN,NaN,NaN
3.01056019926552,0.699722397111021,NaN,NaN,NaN,NaN
1.78435960171885,9.69724192922507,NaN,NaN,NaN,NaN
2.30914659482718,7.02309089093236,NaN,NaN,NaN,NaN
1.50585702186288,4.36610291581624,NaN,NaN,NaN,NaN
1.97814098833273,2.66822802176676,0.591262291350056,NaN,NaN,NaN
1.20390710481741,9.72414811242058,NaN,NaN,NaN,NaN
2.01441936436468,3.65050443161778,NaN,NaN,NaN,NaN
1.49901903101257,0.5000018153777,5.87394427683994,NaN,NaN,NaN
1.94804987642768,6.64234817937816,NaN,NaN,NaN,NaN
1.59234836514165,4.66357544323164,NaN,NaN,NaN,NaN
2.19041536486304,4.23102492887375,NaN,NaN,NaN,NaN
6.23822920162018,NaN,NaN,NaN,NaN,NaN
0.767154819592529,6.35565483076934,NaN,NaN,NaN,NaN
0.500009747992514,2.03026267114645,2.13749094893097,0.525971958836315,0.705713339387209,NaN
2.67932660284411,2.94239895284394,NaN,NaN,NaN,NaN
2.19748347239184,4.03531446424779,0.501070047964903,NaN,NaN,NaN
1.65222598759809,3.56871279100566,NaN,NaN,NaN,NaN
9.28643528273447,NaN,NaN,NaN,NaN,NaN
1.64310535767818,1.74351138275378,NaN,NaN,NaN,NaN
2.28520789455257,2.99273801359552,1.20274288059661,NaN,NaN,NaN
2.57287706303211,3.63963414461888,6.13142833764167,11.1718634061183,NaN,NaN
0.956356309150379,2.35467602900014,2.52834242777812,NaN,NaN,NaN
1.73011645928402,3.60108906499346,NaN,NaN,NaN,NaN
2.1622822758859,0.821760806543652,5.42129530156229,NaN,NaN,NaN
1.73044757819833,4.10502371568,3.09755801936931,NaN,NaN,NaN
1.66196024583986,2.94989911678273,NaN,NaN,NaN,NaN
1.73171752210056,5.30615212432997,NaN,NaN,NaN,NaN
1.23337276533682,9.19220225070204,0.50001962396363,3.63494762292171,NaN,NaN
2.53544595040187,NaN,NaN,NaN,NaN,NaN
1.84923598548066,6.67783343803919,NaN,NaN,NaN,NaN
2.14811564421098,3.06821800647046,NaN,NaN,NaN,NaN
1.43046623839536,3.68643594606307,0.651092251521086,NaN,NaN,NaN
2.1682657578851,0.848981042721687,2.09096691969632,NaN,NaN,NaN
6.84574246575244,8.5058255978896,NaN,NaN,NaN,NaN
1.00206801873128,6.96929641354464,NaN,NaN,NaN,NaN
1.5111652312189,9.45181646337167,NaN,NaN,NaN,NaN
6.268928576997,1.27139429090923,NaN,NaN,NaN,NaN
1.82926199493493,2.96928203034721,NaN,NaN,NaN,NaN
2.0549546560005,6.05272501703139,NaN,NaN,NaN,NaN
2.03318525036663,6.44873155427245,NaN,NaN,NaN,NaN
1.77961733715954,6.25518835014102,NaN,NaN,NaN,NaN
2.72611082026506,3.0834470352398,NaN,NaN,NaN,NaN
1.22921879520951,6.40639039590723,NaN,NaN,NaN,NaN
1.96447527532173,4.00058310142278,NaN,NaN,NaN,NaN
1.33606343904046,0.500000183708143,11.458244817282,0.500000151545374,NaN,NaN
2.43449656280106,6.84306389325972,NaN,NaN,NaN,NaN
10.2489843916286,NaN,NaN,NaN,NaN,NaN
8.54145464699599,0.74592514185252,NaN,NaN,NaN,NaN
0.573607077707725,8.07080875285628,NaN,NaN,NaN,NaN
2.9062412925448,2.5044138477439,NaN,NaN,NaN,NaN
8.59704198261462,NaN,NaN,NaN,NaN,NaN
1.62491174432454,4.3932197947864,1.33740916712819,NaN,NaN,NaN
1.30977407150885,4.79208321914354,NaN,NaN,NaN,NaN
1.09958535430134,4.96725917118332,NaN,NaN,NaN,NaN
2.08728983399096,3.38858910396019,NaN,NaN,NaN,NaN
1.92712770369345,3.05539590019021,1.74084048174144,NaN,NaN,NaN
1.79065940400239,3.80585721013477,NaN,NaN,NaN,NaN
1.70694373547076,2.76006542434869,NaN,NaN,NaN,NaN
2.29037388258069,3.58762537023069,NaN,NaN,NaN,NaN
1.41133752600028,4.94254342061351,0.880214700934374,NaN,NaN,NaN
3.90566861624881,1.96645376253088,NaN,NaN,NaN,NaN
1.44568852528828,7.48954277855027,NaN,NaN,NaN,NaN
2.3015175235446,2.64255679618894,NaN,NaN,NaN,NaN
3.40909790579441,2.69126895392652,NaN,NaN,NaN,NaN
2.54001750593775,7.59803371388566,5.23206885308596,0.721457151908047,NaN,NaN
1.91609615384651,3.01118404767149,NaN,NaN,NaN,NaN
0.709290550757428,7.15736838950563,NaN,NaN,NaN,NaN
1.88641187652874,3.74179301297848,NaN,NaN,NaN,NaN
2.25936676520556,4.25833969612663,4.03620139546569,NaN,NaN,NaN
1.5632117872947,5.23266478904235,NaN,NaN,NaN,NaN
2.30772212140025,4.0097890298119,NaN,NaN,NaN,NaN
1.87589162426941,2.50741898652769,NaN,NaN,NaN,NaN
3.04904424976234,11.9999816939418,NaN,NaN,NaN,NaN
1.33520791613703,8.63882270870002,NaN,NaN,NaN,NaN
1.66304944032209,0.556613985232634,4.85125366518506,0.81728717696061,0.552990658948452,NaN
2.36103296779145,3.39870611264336,NaN,NaN,NaN,NaN
2.42308846416112,11.9999707378651,NaN,NaN,NaN,NaN
1.85104311729152,0.500000946336256,3.44097756804571,NaN,NaN,NaN
2.33887564274114,NaN,NaN,NaN,NaN,NaN
3.16858482497482,4.83327878796332,NaN,NaN,NaN,NaN
1.82413541023046,6.10247452303527,0.625078499090932,0.524208509366508,NaN,NaN
1.82930806389552,3.04899293177967,NaN,NaN,NaN,NaN
2.28674104103437,0.629330772546368,0.500000467647677,2.31225243464642,NaN,NaN
2.33754974094941,2.50233664467555,NaN,NaN,NaN,NaN
1.00792162368488,9.54110152116352,NaN,NaN,NaN,NaN
2.29115719859707,0.500002104105902,1.97509832159889,NaN,NaN,NaN
1.61100742754046,2.44778311930576,0.500000080982409,1.11380504934049,NaN,NaN
1.12002152211718,2.52692488176669,NaN,NaN,NaN,NaN
0.901509174321095,4.80966469511506,11.925259054884,NaN,NaN,NaN
6.33380972836715,NaN,NaN,NaN,NaN,NaN
5.01417710191102,2.21175885206517,NaN,NaN,NaN,NaN
5.34189635802711,NaN,NaN,NaN,NaN,NaN
0.554130985239082,5.3567736055258,NaN,NaN,NaN,NaN
0.523187384744769,4.56290142058299,1.27782639473916,NaN,NaN,NaN
1.22709745204853,11.9999457540984,NaN,NaN,NaN,NaN
0.920344149341775,1.89354543397697,NaN,NaN,NaN,NaN
1.87108500645168,0.500000053820956,4.95754241783559,0.756004945739573,NaN,NaN
11.999998952128,NaN,NaN,NaN,NaN,NaN
2.05375090528365,3.9886661665093,2.10826965382318,0.653567403029602,NaN,NaN
1.94811434872037,1.88136776309881,1.55960741150459,NaN,NaN,NaN
2.68252496290302,2.42524703470083,NaN,NaN,NaN,NaN
2.52589940869613,0.500000668974651,2.96959303410754,1.5044227386015,NaN,NaN
5.76510094082996,2.41145450137973,0.500000654193095,NaN,NaN,NaN
1.83845991560064,1.68198913939673,2.71959223437802,NaN,NaN,NaN
1.47065071497877,2.42776859657024,NaN,NaN,NaN,NaN
1.04452321351023,11.9998647879977,NaN,NaN,NaN,NaN
1.35031923764607,4.88985174689792,NaN,NaN,NaN,NaN
0.908111682159887,4.0393743495002,NaN,NaN,NaN,NaN
1.01493455459134,11.9999997821534,NaN,NaN,NaN,NaN
2.44832006495861,3.90544392775044,NaN,NaN,NaN,NaN
8.60108898159776,NaN,NaN,NaN,NaN,NaN
2.96484872437606,1.31153719619659,1.68914049013286,0.500000064146815,NaN,NaN
2.14932104152624,5.84751819787002,1.6369819392046,NaN,NaN,NaN
1.45612802389431,4.23416111457597,NaN,NaN,NaN,NaN
1.8263332373577,3.70183932330276,NaN,NaN,NaN,NaN
1.5348394334957,8.85878487455626,NaN,NaN,NaN,NaN
1.54585368556255,3.91935611618991,NaN,NaN,NaN,NaN
0.918880463546935,1.76930831316773,0.913057813906213,NaN,NaN,NaN
1.97586928351108,NaN,NaN,NaN,NaN,NaN
1.99738334245785,2.05776851259908,NaN,NaN,NaN,NaN
1.38431652891113,5.31895393997392,NaN,NaN,NaN,NaN
2.12005572094473,4.12495602579333,NaN,NaN,NaN,NaN
1.04772808589882,5.59250522668043,NaN,NaN,NaN,NaN
1.54728413082693,0.500002047186193,0.500001655862269,3.4432880044314,NaN,NaN
1.29648496332319,2.71389026388599,NaN,NaN,NaN,NaN
1.49361620099324,3.29251976526503,NaN,NaN,NaN,NaN
1.88089191166942,3.69412626775708,NaN,NaN,NaN,NaN
2.08934214562787,2.58309077489059,NaN,NaN,NaN,NaN
1.88086524900728,3.26231397838202,NaN,NaN,NaN,NaN
1.98064117851072,4.28858111012938,NaN,NaN,NaN,NaN
1.45752028045864,6.30595653728569,NaN,NaN,NaN,NaN
1.30575415542716,10.1663610180022,NaN,NaN,NaN,NaN
1.51454197697109,0.500002831623259,5.50590299130287,NaN,NaN,NaN
1.81976603671731,4.12639897448287,NaN,NaN,NaN,NaN
2.58629290766839,7.12642997231056,1.63104500743802,NaN,NaN,NaN
1.88030735776164,4.56471597664168,NaN,NaN,NaN,NaN
1.53390888393407,5.29191205695175,NaN,NaN,NaN,NaN
3.88140734017326,0.500000515562006,0.50000036756356,0.706176040847538,NaN,NaN
2.17501667422179,1.88799400934771,NaN,NaN,NaN,NaN
3.44106073295915,0.50000084637666,1.39006607610329,NaN,NaN,NaN
1.2061375597597,6.36551291466126,NaN,NaN,NaN,NaN
1.34195265987842,4.47385500940141,NaN,NaN,NaN,NaN
2.37124187344198,1.23664848138576,1.89400613419482,NaN,NaN,NaN
1.98423370879993,10.8800564374223,NaN,NaN,NaN,NaN
1.97724218656218,9.87930583235483,NaN,NaN,NaN,NaN
1.4316251186648,4.60853565323307,NaN,NaN,NaN,NaN
2.31887418645401,2.62641678107948,NaN,NaN,NaN,NaN
6.25580728784581,NaN,NaN,NaN,NaN,NaN
1.00436458416461,11.99995443039,5.72256366624403,0.588622314037011,NaN,NaN
1.7382515337318,2.63321743148974,NaN,NaN,NaN,NaN
1.62292547228179,4.39486903954873,NaN,NaN,NaN,NaN
1.67580838481049,3.30159149292158,NaN,NaN,NaN,NaN
1.40179671169976,4.19950091250245,NaN,NaN,NaN,NaN
1.74541389886846,11.9999874471893,NaN,NaN,NaN,NaN
1.08963057474292,0.625164651078198,1.38062912424083,8.5351012013017,NaN,NaN
2.17731120971167,3.64831097552157,NaN,NaN,NaN,NaN
2.35746077385041,4.94666644682733,NaN,NaN,NaN,NaN
0.500002677747808,0.695609166613527,1.48493532433799,3.30963841068179,NaN,NaN
2.42009245347817,4.16810119854533,NaN,NaN,NaN,NaN
2.3538238307602,1.6894059526138,NaN,NaN,NaN,NaN
1.32988936209037,1.0553850579598,0.500001619560791,4.12952786738925,NaN,NaN
0.872474017596357,3.73530379616088,NaN,NaN,NaN,NaN
1.59889640940269,4.23445980817893,NaN,NaN,NaN,NaN
1.98343206763002,3.54791995496226,NaN,NaN,NaN,NaN
1.59433005980598,5.45490998587973,NaN,NaN,NaN,NaN
3.07008805893209,3.83377073698232,NaN,NaN,NaN,NaN
1.53937419491049,0.516759264906001,7.32235015150349,NaN,NaN,NaN
2.64532462404653,3.68372530120895,NaN,NaN,NaN,NaN
2.22390257888756,2.76432203724878,NaN,NaN,NaN,NaN
1.70655202181292,NaN,NaN,NaN,NaN,NaN
0.577500311541211,11.9999756903769,NaN,NaN,NaN,NaN
2.11147586370947,3.27185035196346,NaN,NaN,NaN,NaN
0.729122862234561,2.51546893074061,1.66051871762349,NaN,NaN,NaN
11.9999833366854,1.85783051164444,0.594515494651781,NaN,NaN,NaN
1.61203614768266,2.87509330454672,NaN,NaN,NaN,NaN
1.6824382368681,2.5560741021193,NaN,NaN,NaN,NaN
5.93695976534606,1.16255595247532,NaN,NaN,NaN,NaN
2.42494554920754,3.96513355177885,NaN,NaN,NaN,NaN
2.20970510932078,1.71908113533883,1.07595759209483,NaN,NaN,NaN
2.25795953703631,8.40948505252209,1.13604823034051,NaN,NaN,NaN
1.74824093200101,3.69366218505345,NaN,NaN,NaN,NaN
2.2473433782433,0.98215687891446,NaN,NaN,NaN,NaN
2.90430558869471,2.30428281786661,NaN,NaN,NaN,NaN
2.03447244414072,5.26706347393098,NaN,NaN,NaN,NaN
3.10287918588226,3.6886575832631,0.897118936850613,NaN,NaN,NaN
1.43315132241479,4.09373476567383,NaN,NaN,NaN,NaN
0.983088551457473,3.66395126254278,1.13474355715828,NaN,NaN,NaN
1.33935711165422,0.500000065470119,11.999999389143,NaN,NaN,NaN
1.21542475152357,9.46137730199857,NaN,NaN,NaN,NaN
1.14915204769023,0.659954432259546,3.99539885228076,NaN,NaN,NaN
1.60838523417337,3.88586652092651,0.801116209294104,NaN,NaN,NaN
1.46076787159049,0.566078376572104,11.6600499200604,NaN,NaN,NaN
3.30296576406034,1.27934811798827,5.23114274567766,2.178753072851,NaN,NaN
1.84856342368503,NaN,NaN,NaN,NaN,NaN
2.07220668106348,3.50981815320872,NaN,NaN,NaN,NaN
1.55796932635193,5.07175189148706,NaN,NaN,NaN,NaN
3.29063839870247,3.43874105036937,NaN,NaN,NaN,NaN
1.98698500395867,4.43967777702444,NaN,NaN,NaN,NaN
1.51131176224422,6.48198984962304,0.709716830659206,2.53099085460071,NaN,NaN
2.09198845265487,8.13578734697241,NaN,NaN,NaN,NaN
2.41713435520025,2.33589158763745,NaN,NaN,NaN,NaN
1.714770375135,4.71680175189524,NaN,NaN,NaN,NaN
1.58304203900397,4.28704480654836,NaN,NaN,NaN,NaN
6.12538104705767,NaN,NaN,NaN,NaN,NaN
1.5752594451489,8.8106220761425,NaN,NaN,NaN,NaN
2.44557899253021,3.98920597963401,NaN,NaN,NaN,NaN
1.88056379443798,3.37442773808775,0.500000993132975,NaN,NaN,NaN
1.99624191617684,4.54556575418632,NaN,NaN,NaN,NaN
2.09007522716517,11.0535848280309,NaN,NaN,NaN,NaN
1.98527945879284,4.85806558327253,NaN,NaN,NaN,NaN
1.87328967966318,4.61749672435945,NaN,NaN,NaN,NaN
2.03280558940686,5.78504352200097,NaN,NaN,NaN,NaN
1.95043529153191,3.17613977522798,NaN,NaN,NaN,NaN
2.00103251073787,6.44991306974752,NaN,NaN,NaN,NaN
2.67652167616201,4.92823397805222,NaN,NaN,NaN,NaN
2.21975387003845,0.500002858686612,1.46028282223205,0.662989106116023,NaN,NaN
6.31625980102471,NaN,NaN,NaN,NaN,NaN
2.44087931450049,NaN,NaN,NaN,NaN,NaN
1.59127633296388,11.2643195464455,NaN,NaN,NaN,NaN
2.26028013620293,2.37790421409079,NaN,NaN,NaN,NaN
1.4263496243426,3.21428231742943,0.522536833804312,NaN,NaN,NaN
2.85855634318679,0.761024699348304,0.615679055785293,NaN,NaN,NaN
3.68956496714574,1.79222667421966,2.25165201402833,9.68628039567488,4.89672653101137,NaN
1.54581389460999,5.92388455835755,NaN,NaN,NaN,NaN
1.52044695771014,2.7792559961292,NaN,NaN,NaN,NaN
1.27255403944084,4.03881067681571,NaN,NaN,NaN,NaN
2.14486685273986,2.72991520287312,NaN,NaN,NaN,NaN
2.37288743611359,11.999991906474,NaN,NaN,NaN,NaN
1.9536443492718,2.79013272408846,NaN,NaN,NaN,NaN
2.05060986148282,0.727695708281956,8.74086535715479,NaN,NaN,NaN
2.11262163718972,2.4920246824592,NaN,NaN,NaN,NaN
2.3385273923002,6.39463147145857,6.90885779728835,2.74047985239472,0.60671762881117,NaN
1.8943079780485,6.10988374387216,0.546467142458298,NaN,NaN,NaN
1.74093074845906,11.9999893511306,NaN,NaN,NaN,NaN
2.03436212488214,4.87081911235791,NaN,NaN,NaN,NaN
2.0387981088207,1.13245080393337,2.01911147044085,NaN,NaN,NaN
1.423185482727,4.08281483926284,NaN,NaN,NaN,NaN
1.21200508699565,11.7029305975558,NaN,NaN,NaN,NaN
1.40715314958999,3.64398681830434,NaN,NaN,NaN,NaN
0.691687546715928,9.86804950081836,NaN,NaN,NaN,NaN
2.8644764690877,2.71432909244991,NaN,NaN,NaN,NaN
2.07143367520183,2.11571727453444,0.500000225129182,1.00039709503472,NaN,NaN
2.57993512273113,2.49554907118101,NaN,NaN,NaN,NaN
1.35305770690583,7.23988617007222,NaN,NaN,NaN,NaN
1.26823402372016,8.44627625452142,NaN,NaN,NaN,NaN
1.94300496324728,3.16410061373845,0.766083533104366,0.594149490150702,NaN,NaN
2.13377943474692,NaN,NaN,NaN,NaN,NaN
0.5000001695309,1.90634674755239,0.619906649500884,0.655024362276317,NaN,NaN
1.74562044135053,2.71850184584978,NaN,NaN,NaN,NaN
1.24165292257588,3.22860087293426,0.544279002829951,NaN,NaN,NaN
2.13966940358021,3.45067777152662,0.500001420953612,NaN,NaN,NaN
2.60116257561617,5.44532394335398,0.500000277499294,0.542089796458503,NaN,NaN
5.31069350255765,4.09075951700656,NaN,NaN,NaN,NaN
1.94432001013435,2.32379828230846,NaN,NaN,NaN,NaN
2.98641081430146,3.52501960986076,NaN,NaN,NaN,NaN
2.70836872957193,1.52009030959231,2.11247879419309,NaN,NaN,NaN
1.48516258100515,4.3635748392498,NaN,NaN,NaN,NaN
2.51403804652973,0.903924912106459,1.68033616185272,NaN,NaN,NaN
1.51117662796002,NaN,NaN,NaN,NaN,NaN
1.71607812874266,0.500001867790046,5.21409024021131,NaN,NaN,NaN
1.82648371318805,2.47042454024758,NaN,NaN,NaN,NaN
1.78054971459112,2.69293437627755,NaN,NaN,NaN,NaN
1.72917326173811,NaN,NaN,NaN,NaN,NaN
1.35591624668309,10.6302941433469,NaN,NaN,NaN,NaN
2.55078557498782,7.47306532835566,NaN,NaN,NaN,NaN
1.76332739374661,11.9742773480934,NaN,NaN,NaN,NaN
1.81432744404966,3.95678303064997,NaN,NaN,NaN,NaN
1.86719555479521,4.49053371552378,NaN,NaN,NaN,NaN
1.79785513072066,3.82084665017897,NaN,NaN,NaN,NaN
1.36834581803363,4.89646433546747,NaN,NaN,NaN,NaN
2.42432263617981,3.55498467949824,0.69776440805458,NaN,NaN,NaN
1.49250060508596,1.60786917489977,NaN,NaN,NaN,NaN
1.51686746188468,1.40217009968841,11.9999946855447,0.808571181587932,NaN,NaN
1.71914225444519,6.60802797423009,NaN,NaN,NaN,NaN
2.28783965789967,1.03965893390998,NaN,NaN,NaN,NaN
1.47136785639727,2.87710528063984,NaN,NaN,NaN,NaN
1.81442230346348,4.98107117706709,0.671992712621599,NaN,NaN,NaN
3.59612155277556,9.71594473863728,0.699261755243049,NaN,NaN,NaN
2.88706242091458,6.17915093752448,NaN,NaN,NaN,NaN
2.02276421768981,3.156935762791,0.687297545040629,NaN,NaN,NaN
2.0523427143071,5.30188831469622,NaN,NaN,NaN,NaN
2.42282888279232,4.72808268179231,NaN,NaN,NaN,NaN
2.14790244446537,5.14117576176228,NaN,NaN,NaN,NaN
1.65923202166574,3.23057058810718,NaN,NaN,NaN,NaN
1.91213196411661,6.29486113798205,NaN,NaN,NaN,NaN
2.05222675940106,6.42504734241748,NaN,NaN,NaN,NaN
2.28711088786728,5.4467760712567,NaN,NaN,NaN,NaN
1.4678285678616,5.07548673114016,NaN,NaN,NaN,NaN
1.90271283771207,3.0770312065673,NaN,NaN,NaN,NaN
2.52619049990303,11.9999886226408,NaN,NaN,NaN,NaN
0.890795247967711,2.36946332109171,0.767587058134328,11.9999895211781,NaN,NaN
1.68452409836289,4.68127498126631,0.500000239453945,NaN,NaN,NaN
2.7357229639935,2.36731503833332,NaN,NaN,NaN,NaN
5.06581420362009,2.09470906338379,NaN,NaN,NaN,NaN
6.97595435394132,NaN,NaN,NaN,NaN,NaN
1.77049921494175,1.63260855457827,3.09028973340319,NaN,NaN,NaN
2.02698789444352,4.99039751156951,NaN,NaN,NaN,NaN
1.22249585927199,4.68956157894519,NaN,NaN,NaN,NaN
2.51563291786175,3.95362497819019,NaN,NaN,NaN,NaN
1.76642489077767,5.69177476574453,NaN,NaN,NaN,NaN
1.60338858203054,3.78201541183268,NaN,NaN,NaN,NaN
1.96574254674943,2.31115637751236,1.1050652631777,NaN,NaN,NaN
1.53579636074433,4.65224886856683,0.731550067162267,NaN,NaN,NaN
1.05835097462202,0.642761498982233,2.55053295155829,NaN,NaN,NaN
1.90427305516801,5.75853221887313,1.61764841106201,NaN,NaN,NaN
2.44377182721878,6.75615191238433,NaN,NaN,NaN,NaN
2.06767665703851,1.85738715850866,1.96403397527324,NaN,NaN,NaN
2.61402568881098,2.04528896992014,0.901307360676363,NaN,NaN,NaN
2.84629282604523,1.29391720824705,NaN,NaN,NaN,NaN
1.63022001958338,4.42854077078353,NaN,NaN,NaN,NaN
3.48013907380647,2.37429717524257,NaN,NaN,NaN,NaN
1.11780717532583,6.86915145394366,NaN,NaN,NaN,NaN
2.0416550627807,3.37155365582139,NaN,NaN,NaN,NaN
1.07000997631766,4.58473661202454,NaN,NaN,NaN,NaN
2.65747099388456,2.73232607253904,NaN,NaN,NaN,NaN
1.71984083747811,3.29474679574486,NaN,NaN,NaN,NaN
2.46663084282191,3.32460368280696,NaN,NaN,NaN,NaN
2.00452448942938,3.62395916178973,0.823601949859328,NaN,NaN,NaN
1.61817792216546,3.77143391105873,NaN,NaN,NaN,NaN
9.10684526035024,NaN,NaN,NaN,NaN,NaN
1.4631828514156,9.33349616532255,3.09862050675027,1.53164704711187,0.535182765775276,NaN
2.01433020229198,6.40140105747135,NaN,NaN,NaN,NaN
1.84620226060039,2.88001171488699,NaN,NaN,NaN,NaN
1.55703614265917,4.28924578116537,NaN,NaN,NaN,NaN
0.970477905423569,4.20524493761187,NaN,NaN,NaN,NaN
1.91617936776708,6.06944681757747,7.66455085662708,NaN,NaN,NaN
2.19757873213934,6.21026517982314,NaN,NaN,NaN,NaN
1.97697420006225,4.84977858300638,NaN,NaN,NaN,NaN
1.66589612710427,6.72163507172093,NaN,NaN,NaN,NaN
1.03979734877238,11.9999617157898,NaN,NaN,NaN,NaN
1.90536383236367,3.02431654436365,NaN,NaN,NaN,NaN
4.47369003415406,2.68531162918151,NaN,NaN,NaN,NaN
1.79455498223338,1.27894816247012,1.1373725526425,NaN,NaN,NaN
5.64373251053511,2.22259055800072,NaN,NaN,NaN,NaN
2.54916303344097,2.09283677189337,NaN,NaN,NaN,NaN
2.16567436606047,6.45547321482681,NaN,NaN,NaN,NaN
2.48937198545119,NaN,NaN,NaN,NaN,NaN
1.82671004294078,5.4446763646701,NaN,NaN,NaN,NaN
2.98585486090011,2.7359539090203,NaN,NaN,NaN,NaN
2.14553048891847,3.44803670771494,NaN,NaN,NaN,NaN
2.00534102418795,NaN,NaN,NaN,NaN,NaN
1.30936285169961,3.0779767166489,NaN,NaN,NaN,NaN
1.64059787452453,5.1044108677109,NaN,NaN,NaN,NaN
1.57492658456167,4.9937648129257,1.6180831794811,NaN,NaN,NaN
2.74711167544813,2.02028861188954,NaN,NaN,NaN,NaN
1.93716565107777,4.32416960775774,2.08223072982941,NaN,NaN,NaN
1.35643774774018,6.58886301919869,NaN,NaN,NaN,NaN
3.45656629227802,2.38163947701856,0.878225018201362,NaN,NaN,NaN
4.3302037792977,2.35149076701435,NaN,NaN,NaN,NaN
1.32586413435022,7.51421518052409,NaN,NaN,NaN,NaN
2.14056407987051,0.554469824099647,6.36050319966661,0.739451790020401,NaN,NaN
1.92997651634424,3.33605614396332,NaN,NaN,NaN,NaN
1.93209853111971,1.0089572924118,2.83948142232707,0.717825802570402,NaN,NaN
0.983121803972557,7.94059608016461,NaN,NaN,NaN,NaN
2.53707377949049,3.33677752597876,NaN,NaN,NaN,NaN
2.13082707861922,5.20766270300631,NaN,NaN,NaN,NaN
1.99374993819717,1.9230802837688,NaN,NaN,NaN,NaN
3.96973396562311,2.49305977730155,NaN,NaN,NaN,NaN
1.23993437931775,4.38671906539709,NaN,NaN,NaN,NaN
2.26222035598776,3.14932735987995,NaN,NaN,NaN,NaN
1.81204183566472,6.03509906875637,NaN,NaN,NaN,NaN
1.11657817846697,7.53243079323999,4.22272336740251,NaN,NaN,NaN
1.35506429271758,4.76931346809281,NaN,NaN,NaN,NaN
3.14987192146188,1.28371555230105,NaN,NaN,NaN,NaN
1.77794231772719,3.29318377972282,NaN,NaN,NaN,NaN
2.1191242167558,3.25482622590256,NaN,NaN,NaN,NaN
1.71738405077094,3.38291822411605,NaN,NaN,NaN,NaN
2.16694789074841,1.65196131227143,0.82464762563917,NaN,NaN,NaN
1.25181376186477,11.2574888126598,NaN,NaN,NaN,NaN
11.9999475785681,2.1744381609057,NaN,NaN,NaN,NaN
1.05207831109775,6.9228846909435,NaN,NaN,NaN,NaN
2.23632949662362,NaN,NaN,NaN,NaN,NaN
1.85154939704194,2.24250227257872,NaN,NaN,NaN,NaN
0.627677996288053,6.06946668247076,NaN,NaN,NaN,NaN
1.47032399707726,7.2481512885466,NaN,NaN,NaN,NaN
1.70556200379794,2.50629147932237,NaN,NaN,NaN,NaN
6.56986511271761,NaN,NaN,NaN,NaN,NaN
2.22150302024563,7.04227830974045,NaN,NaN,NaN,NaN
2.25369268143509,2.04771836061981,1.87063897290384,0.674833706041508,NaN,NaN
2.26048410921312,2.71810322960719,0.741367452428995,NaN,NaN,NaN
1.55895055129736,4.70333519528347,NaN,NaN,NaN,NaN
0.676438448458127,7.48367271454173,NaN,NaN,NaN,NaN
1.03656218594584,11.9999644514824,NaN,NaN,NaN,NaN
2.22815587947568,3.20343469765553,NaN,NaN,NaN,NaN
11.9727910988581,NaN,NaN,NaN,NaN,NaN
1.82147745553609,0.500000011282813,4.46999393005594,NaN,NaN,NaN
0.993593940091789,7.38872978604294,NaN,NaN,NaN,NaN
2.85609891749715,3.0958819128759,NaN,NaN,NaN,NaN
1.96512859006518,3.86295878027859,NaN,NaN,NaN,NaN
1.56413316399036,4.72106732231566,NaN,NaN,NaN,NaN
2.28691513278968,1.5281590317372,0.689445370961153,1.15298205701962,NaN,NaN
2.13761986768848,0.500000259895275,1.48049035696198,0.781401664896186,NaN,NaN
1.66138181593048,4.4142877318931,NaN,NaN,NaN,NaN
1.35005820832692,6.64524413303553,NaN,NaN,NaN,NaN
1.279678051115,5.21664192872564,NaN,NaN,NaN,NaN
1.9432946256378,9.61603929102439,NaN,NaN,NaN,NaN
2.91472161945323,1.11380120762386,NaN,NaN,NaN,NaN
1.78387559883916,3.03217704142587,NaN,NaN,NaN,NaN
1.80521134858717,3.53699325544765,NaN,NaN,NaN,NaN
1.66133659986191,3.99103316288444,NaN,NaN,NaN,NaN
1.43183110314387,4.90292921485415,NaN,NaN,NaN,NaN
1.54154577335113,2.57006766463248,1.5195320043401,0.56691509551867,0.595570647030987,0.71778299801247
1.37819045738172,6.66790755402817,0.880947782341936,NaN,NaN,NaN
3.4636389038287,NaN,NaN,NaN,NaN,NaN
1.49695158662258,3.22382845065799,NaN,NaN,NaN,NaN
1.67854355568487,1.66625301587457,NaN,NaN,NaN,NaN
1.76889982826704,10.7400504144403,NaN,NaN,NaN,NaN
2.20536298494392,1.46268699749198,0.580158073990482,2.06494650992938,0.746065238020773,1.88019653549355
7.57862330981714,NaN,NaN,NaN,NaN,NaN
1.55304866442532,0.50000102978822,5.78595076440178,NaN,NaN,NaN
0.560856345819011,11.9096637531612,NaN,NaN,NaN,NaN
2.45321425978671,2.71222540722316,0.50000143959569,0.500001153252016,NaN,NaN
1.95448781438915,3.9374821292237,1.39081703263041,NaN,NaN,NaN
1.8694442602047,7.13215119377545,NaN,NaN,NaN,NaN
2.30456524847113,3.95531312071845,NaN,NaN,NaN,NaN
1.86810463041581,3.81489849475225,NaN,NaN,NaN,NaN
3.29965820488331,2.69789488729313,NaN,NaN,NaN,NaN
1.42595352590173,7.94957648360612,NaN,NaN,NaN,NaN
1.9227308035715,0.573805920878019,4.50574878806304,NaN,NaN,NaN
2.41888872106094,3.0050714310368,NaN,NaN,NaN,NaN
1.82415181935934,4.54021001183406,NaN,NaN,NaN,NaN
3.75170536507299,2.60942535548354,NaN,NaN,NaN,NaN
1.73028507626562,0.672670965043779,3.91739096525467,NaN,NaN,NaN
1.45995819301918,3.84470612782315,NaN,NaN,NaN,NaN
0.925348632236437,9.08673958587028,NaN,NaN,NaN,NaN
1.82282244788589,3.52172728853218,NaN,NaN,NaN,NaN
1.95340518631251,4.28187315371602,NaN,NaN,NaN,NaN
1.81421900464791,4.50474251786917,NaN,NaN,NaN,NaN
0.500000420136815,2.87098171796531,2.33128301707201,NaN,NaN,NaN
1.46903652292789,8.65554057559952,NaN,NaN,NaN,NaN
1.29676259203804,3.02155092382894,NaN,NaN,NaN,NaN
6.98420380826948,NaN,NaN,NaN,NaN,NaN
1.2412815572937,4.37400990057282,0.524262712553675,NaN,NaN,NaN
4.26507305402499,1.80549221305047,NaN,NaN,NaN,NaN
1.53869264844882,1.28532776898522,NaN,NaN,NaN,NaN
1.78414592119648,5.33702945064807,NaN,NaN,NaN,NaN
1.68249260941959,5.01588307649278,NaN,NaN,NaN,NaN
1.05793145262007,5.57296752510399,NaN,NaN,NaN,NaN
8.25845337612485,0.666344979784839,NaN,NaN,NaN,NaN
10.9914894405317,1.39386003450332,0.500001032046307,9.50890962545127,NaN,NaN
2.2915403576574,2.31544517538972,0.500000880894603,NaN,NaN,NaN
1.34705624941923,0.701087045100883,5.96813334195731,NaN,NaN,NaN
2.37286425395421,3.22059470659464,NaN,NaN,NaN,NaN
6.29422324356366,NaN,NaN,NaN,NaN,NaN
1.75257112164905,2.84239154150868,NaN,NaN,NaN,NaN
1.65872322207767,7.26073785454445,NaN,NaN,NaN,NaN
1.35977757072831,3.73803033591866,0.500000003694637,NaN,NaN,NaN
6.06190930859242,NaN,NaN,NaN,NaN,NaN
2.16241135534138,0.50000140707545,3.71250056773706,NaN,NaN,NaN
2.57135889160958,2.27098575983687,0.66860673709347,1.29679629465728,NaN,NaN
2.16013683312464,4.86330236168711,NaN,NaN,NaN,NaN
2.18443839271319,NaN,NaN,NaN,NaN,NaN
4.30908142652325,1.98633764820687,NaN,NaN,NaN,NaN
2.10946393235826,7.01676505862826,4.14718353148239,NaN,NaN,NaN
2.4501273794972,1.70148318756491,NaN,NaN,NaN,NaN
1.51893479373395,2.67285295880834,NaN,NaN,NaN,NaN
6.12138762381843,NaN,NaN,NaN,NaN,NaN
1.37307473672948,7.90140617153892,0.500000770482905,NaN,NaN,NaN
9.25312388223874,NaN,NaN,NaN,NaN,NaN
1.05919351206447,10.2262811995842,1.6983446706811,NaN,NaN,NaN
1.62193307949126,3.88953320465448,NaN,NaN,NaN,NaN
11.9999796301817,NaN,NaN,NaN,NaN,NaN
1.92552047804893,4.07634163790077,NaN,NaN,NaN,NaN
2.37306380218626,3.19483864845493,NaN,NaN,NaN,NaN
2.3206502037671,5.15721180180736,1.90685571398326,0.500000647868362,NaN,NaN
0.854536408667212,4.7251321320641,0.500000281009421,NaN,NaN,NaN
2.34679981811955,3.03950841677333,NaN,NaN,NaN,NaN
1.14993032281375,4.73875670492098,NaN,NaN,NaN,NaN
0.865642068405298,11.9999291599599,NaN,NaN,NaN,NaN
1.86126181131456,2.48353687331182,1.314591538421,NaN,NaN,NaN
1.68652062187532,4.79101062565876,NaN,NaN,NaN,NaN
1.56821371801812,2.901312383761,NaN,NaN,NaN,NaN
1.62361720994807,4.0366544418465,NaN,NaN,NaN,NaN
2.04978966033566,10.3897720113054,0.788872681114371,0.500598674609232,NaN,NaN
1.9088607606563,4.04603384483068,NaN,NaN,NaN,NaN
1.32492555316017,3.27444839725765,NaN,NaN,NaN,NaN
1.91202801783386,11.9999994792261,NaN,NaN,NaN,NaN
1.76454087109305,4.59170505027722,NaN,NaN,NaN,NaN
1.55009405124872,NaN,NaN,NaN,NaN,NaN
2.13574993611953,1.4959302129427,NaN,NaN,NaN,NaN
1.7217582907692,7.48408632298943,NaN,NaN,NaN,NaN
1.23502142584947,1.23988427260133,3.16918823389772,NaN,NaN,NaN
1.99800980983504,2.75561194158512,NaN,NaN,NaN,NaN
2.13090553893781,4.39455976036778,NaN,NaN,NaN,NaN
2.54200997540608,3.57721203297879,NaN,NaN,NaN,NaN
2.48574453961702,5.13105244185446,NaN,NaN,NaN,NaN
11.9999989397973,NaN,NaN,NaN,NaN,NaN
9.36671872744997,NaN,NaN,NaN,NaN,NaN
1.29121007678519,4.54099356692689,NaN,NaN,NaN,NaN
2.59018363258096,2.80528961865465,0.779712063404254,3.27344544600109,NaN,NaN
2.66201884546018,2.69555426299966,0.573661168475692,NaN,NaN,NaN
2.52679124281022,1.89132640793259,NaN,NaN,NaN,NaN
2.71958462539458,2.23162439557051,0.500000011153043,NaN,NaN,NaN
1.92038255709124,4.09998831322271,NaN,NaN,NaN,NaN
1.83629383004759,4.17573141001985,NaN,NaN,NaN,NaN
2.21001357619961,4.68228604234994,NaN,NaN,NaN,NaN
1.63064576989989,6.09912331431886,0.758924781319335,NaN,NaN,NaN
1.36175117995753,3.50259857062088,1.43307837913201,NaN,NaN,NaN
2.01122927324963,5.01703080787563,NaN,NaN,NaN,NaN
1.77294600518135,3.44390029858238,NaN,NaN,NaN,NaN
2.17215482825805,3.41096721505032,1.29015408581038,NaN,NaN,NaN
6.66148650404241,NaN,NaN,NaN,NaN,NaN
1.42060255812608,5.59802620390613,NaN,NaN,NaN,NaN
1.76378891884115,4.87054743238815,NaN,NaN,NaN,NaN
8.33433907981834,NaN,NaN,NaN,NaN,NaN
1.70101610107859,6.53558848268873,0.944622760229562,NaN,NaN,NaN
2.21143972847544,4.59763421567705,NaN,NaN,NaN,NaN
2.14532587980061,5.08771639902117,NaN,NaN,NaN,NaN
2.61696152343835,6.8218665084109,NaN,NaN,NaN,NaN
1.07809574649051,3.84843621560402,0.50000013006557,NaN,NaN,NaN
1.38857153760713,0.567413901455844,2.04862516102669,NaN,NaN,NaN
1.99152447042075,2.05149850508612,NaN,NaN,NaN,NaN
1.46473293587497,8.502517248808,4.78738348994958,NaN,NaN,NaN
1.94455866538735,5.06374709234035,NaN,NaN,NaN,NaN
1.68328778128699,5.19856762151001,NaN,NaN,NaN,NaN
2.69478974528582,3.11909942809195,NaN,NaN,NaN,NaN
1.36213892025777,0.500000333881821,3.23322560456962,NaN,NaN,NaN
1.48566730746488,2.48652220863022,0.527198846307769,NaN,NaN,NaN
2.60426359576267,NaN,NaN,NaN,NaN,NaN
2.03813578154313,4.41938119683722,0.500000002598607,NaN,NaN,NaN
10.8169919634625,1.56725855650232,4.6541728174829,NaN,NaN,NaN
2.39170725179436,2.35036978886246,NaN,NaN,NaN,NaN
0.790807448018753,7.01059814539159,NaN,NaN,NaN,NaN
2.39737522978379,2.2121841244481,1.52077993951468,0.674294786050022,NaN,NaN
1.89067966611338,2.92237250525402,0.90424592810466,NaN,NaN,NaN
2.69302468735723,4.69541942146546,NaN,NaN,NaN,NaN
3.78456749828899,1.61715035861119,NaN,NaN,NaN,NaN
2.52981038350028,1.39659494848188,1.72469074778551,NaN,NaN,NaN
1.80219197565799,3.08804817258012,NaN,NaN,NaN,NaN
1.81897649239253,3.32199179587818,NaN,NaN,NaN,NaN
2.10363099034181,3.02147106713493,NaN,NaN,NaN,NaN
0.84744862779013,8.18083892001195,NaN,NaN,NaN,NaN
2.06822947842246,5.19936704490381,NaN,NaN,NaN,NaN
1.42809783677471,3.69754999262867,NaN,NaN,NaN,NaN
1.44019528638477,1.63768543930294,NaN,NaN,NaN,NaN
1.41201934072453,7.88792243439876,NaN,NaN,NaN,NaN
2.25634452856687,3.96433014364589,0.500002195271699,NaN,NaN,NaN
1.64954742355143,4.71369261318646,NaN,NaN,NaN,NaN
7.65775978606152,NaN,NaN,NaN,NaN,NaN
1.70463242661561,11.9999598025375,6.33419464961305,NaN,NaN,NaN
1.55302777125361,2.13591711556463,NaN,NaN,NaN,NaN
1.91445249210589,4.73139036060384,NaN,NaN,NaN,NaN
1.39416724819567,5.20293324222889,NaN,NaN,NaN,NaN
1.88870684894416,3.48408980386819,NaN,NaN,NaN,NaN
5.86690168238333,0.940482008888687,NaN,NaN,NaN,NaN
1.53747051381775,6.63201845144126,NaN,NaN,NaN,NaN
1.01544097392006,0.500009252379681,6.28121731916882,NaN,NaN,NaN
3.16899544223937,1.86594129813061,3.39927159035558,3.22336956863156,4.36802359771791,NaN
2.67678777694931,3.31087277272867,0.69050629132604,NaN,NaN,NaN
3.06897566964675,1.96922712215016,NaN,NaN,NaN,NaN
2.32911840867523,2.06545164261488,NaN,NaN,NaN,NaN
1.64420094893692,1.01200120073047,NaN,NaN,NaN,NaN
1.32674080528241,7.05386074040402,NaN,NaN,NaN,NaN
1.75350031847447,3.86264754252507,0.500000078058367,0.50000005647943,NaN,NaN
4.66974371465884,1.58601773902861,NaN,NaN,NaN,NaN
2.30150071804309,0.500000483297723,1.79209571877019,NaN,NaN,NaN
1.32412708540983,5.12638053281646,NaN,NaN,NaN,NaN
1.81697452835343,4.4427365626883,NaN,NaN,NaN,NaN
2.04471871945444,1.41099299237334,NaN,NaN,NaN,NaN
1.47517319106916,0.963736867795946,2.69213160843354,1.47774430565039,NaN,NaN
1.84471842063389,4.74775791988559,NaN,NaN,NaN,NaN
9.53541193596339,NaN,NaN,NaN,NaN,NaN
2.27082234733006,1.6362454922404,NaN,NaN,NaN,NaN
2.08641540656138,NaN,NaN,NaN,NaN,NaN
0.65520416041165,1.93138449823536,NaN,NaN,NaN,NaN
3.80130342583133,2.7509320197313,0.500000053845048,NaN,NaN,NaN
7.01143431498295,NaN,NaN,NaN,NaN,NaN
1.86691771585211,4.30679068902723,NaN,NaN,NaN,NaN
1.25145847876621,3.75280651580893,NaN,NaN,NaN,NaN
3.98481925613464,NaN,NaN,NaN,NaN,NaN
3.23230217147473,4.5697552347507,NaN,NaN,NaN,NaN
1.64825010200152,5.49015331494924,NaN,NaN,NaN,NaN
0.810976531803598,11.9249794801637,NaN,NaN,NaN,NaN
4.60771507683921,2.23971072524425,NaN,NaN,NaN,NaN
1.56828529861087,9.25094139340566,NaN,NaN,NaN,NaN
1.69090751412267,1.00578968137533,NaN,NaN,NaN,NaN
11.9999950731095,1.47177920377401,NaN,NaN,NaN,NaN
2.29165105191369,3.10439173346611,NaN,NaN,NaN,NaN
1.40686802186265,0.603709485610602,2.80714394808677,NaN,NaN,NaN
1.32526635314023,6.55836223725932,NaN,NaN,NaN,NaN
2.25413882680872,1.21581263662407,1.07857150291498,0.607411381292795,0.707002379346135,NaN
10.4005160632051,NaN,NaN,NaN,NaN,NaN
1.27215558382576,1.88819277442786,1.84711094483669,NaN,NaN,NaN
0.968765811834361,9.49488421025056,NaN,NaN,NaN,NaN
1.90546714229624,3.63815626037399,NaN,NaN,NaN,NaN
1.02748450279036,6.45841700443035,NaN,NaN,NaN,NaN
1.90422449400528,6.46807896342521,NaN,NaN,NaN,NaN
2.42454903878246,2.64675111955747,2.19427318552842,NaN,NaN,NaN
2.04164746032175,5.21069267746524,NaN,NaN,NaN,NaN
1.67469731690009,4.50281633067898,NaN,NaN,NaN,NaN
3.79905712348508,NaN,NaN,NaN,NaN,NaN
2.35952990303973,1.83878447553136,NaN,NaN,NaN,NaN
1.63741842508915,3.10845824934906,NaN,NaN,NaN,NaN
2.46731746740895,3.13983066755107,NaN,NaN,NaN,NaN
1.16424730349649,8.61072492240876,NaN,NaN,NaN,NaN
1.78868648974929,0.686737267543169,10.5691544063551,NaN,NaN,NaN
1.83099512595876,5.86304196722691,NaN,NaN,NaN,NaN
7.91456798849321,NaN,NaN,NaN,NaN,NaN
3.28487537310081,0.50000162490486,2.47726996849834,NaN,NaN,NaN
1.02575584926287,1.18337595331055,0.500000913416017,1.040808738058,NaN,NaN
1.74933767204521,5.31658524035225,NaN,NaN,NaN,NaN
1.81700607709808,4.32703690831168,NaN,NaN,NaN,NaN
1.92860219026464,4.26061790844675,NaN,NaN,NaN,NaN
1.53225808330384,10.4976742064941,NaN,NaN,NaN,NaN
2.4501135307543,3.62509935233665,NaN,NaN,NaN,NaN
1.06018148063209,11.9999997374401,NaN,NaN,NaN,NaN
2.32825438329065,3.63937576709642,NaN,NaN,NaN,NaN
2.12215110431037,2.06948103485074,NaN,NaN,NaN,NaN
1.67779495342105,2.20686604082327,NaN,NaN,NaN,NaN
2.65534446096288,3.52899779001303,NaN,NaN,NaN,NaN
0.903616765264907,6.39601082297865,0.703231998913208,NaN,NaN,NaN
1.71061141137365,4.31800860402738,0.500000486166668,NaN,NaN,NaN
1.37281674661683,4.65665046488412,NaN,NaN,NaN,NaN
2.04367057793559,11.9999802039448,0.628305337017553,NaN,NaN,NaN
3.27016969813677,2.45809123544155,NaN,NaN,NaN,NaN
0.832738374776037,9.63847830035831,NaN,NaN,NaN,NaN
1.71586653303498,3.90433069649351,NaN,NaN,NaN,NaN
1.73461528555518,0.500000280375376,5.51686507010617,NaN,NaN,NaN
9.78810887263032,NaN,NaN,NaN,NaN,NaN
1.97502729678119,2.52344856744937,NaN,NaN,NaN,NaN
1.52841930829124,9.76603924364372,NaN,NaN,NaN,NaN
0.847620648402975,4.72960180772679,NaN,NaN,NaN,NaN
0.728955214464137,8.00394609054757,0.500028975093444,NaN,NaN,NaN
1.70971660483258,0.50000004714644,0.640817423171403,1.25636094103583,1.23613802922052,NaN
2.99180971091493,3.25638505200746,NaN,NaN,NaN,NaN
11.9585578283316,NaN,NaN,NaN,NaN,NaN
0.658347346300236,8.83768981147956,NaN,NaN,NaN,NaN
1.73869259232329,3.77799276653665,0.500001720024917,NaN,NaN,NaN
3.42599881902929,2.5552316238413,0.55034359784106,0.99654430638333,NaN,NaN
1.71648322068061,5.7176315363139,NaN,NaN,NaN,NaN
2.21982378922977,3.91901016735131,NaN,NaN,NaN,NaN
2.10739964908489,4.3570357722514,NaN,NaN,NaN,NaN
2.14378509061895,9.012821470041,NaN,NaN,NaN,NaN
2.62351117846794,2.51451046504138,1.14440093266208,2.23909322272011,2.04034839864985,NaN
6.9430520414464,NaN,NaN,NaN,NaN,NaN
2.23225099541583,6.03359658041376,NaN,NaN,NaN,NaN
1.9904006438473,NaN,NaN,NaN,NaN,NaN
1.64905384505598,10.2166561475353,NaN,NaN,NaN,NaN
2.38404341756648,2.96689382785896,NaN,NaN,NaN,NaN
2.49802145941789,2.59851517630479,NaN,NaN,NaN,NaN
2.28004527700042,5.90503358697117,0.547439776346833,0.761558826823643,NaN,NaN
1.70489391098008,2.11070437746355,2.00235919817825,1.18445635939929,NaN,NaN
2.46481877966449,2.5882626134705,NaN,NaN,NaN,NaN
1.59150132077171,7.53016519952186,NaN,NaN,NaN,NaN
1.94306424276583,0.672253015429479,1.33193380842275,NaN,NaN,NaN
2.42960462213579,4.16407088824798,NaN,NaN,NaN,NaN
1.81106565330112,3.59336227316395,NaN,NaN,NaN,NaN
7.01950140625506,NaN,NaN,NaN,NaN,NaN
1.35556415606822,2.12986308815746,0.860981123851529,NaN,NaN,NaN
1.75364593188116,3.52596633942662,NaN,NaN,NaN,NaN
1.61100157674913,7.83202460361023,NaN,NaN,NaN,NaN
1.48346213312181,10.0659117975122,NaN,NaN,NaN,NaN
2.91413973812714,2.54909597054955,NaN,NaN,NaN,NaN
1.98678085510792,3.04879610092115,NaN,NaN,NaN,NaN
2.28116145179294,4.24793604693689,NaN,NaN,NaN,NaN
1.95373928998605,5.48837936481871,NaN,NaN,NaN,NaN
1.12216207375175,11.9999525007547,NaN,NaN,NaN,NaN
2.14138874833838,4.60349071131899,11.9999783155715,NaN,NaN,NaN
1.6521160255544,8.58227222319624,NaN,NaN,NaN,NaN
1.75709959987624,4.6172874754624,NaN,NaN,NaN,NaN
1.4347204920708,3.49136329553645,NaN,NaN,NaN,NaN
2.23813084614168,NaN,NaN,NaN,NaN,NaN
1.04606523660007,11.9999519760843,NaN,NaN,NaN,NaN
3.36111894525223,2.53472804342753,NaN,NaN,NaN,NaN
2.49570166719617,6.15409523967526,NaN,NaN,NaN,NaN
2.11316563257624,4.29456389782951,0.757070355630701,NaN,NaN,NaN
3.78993706507527,11.9999416401902,NaN,NaN,NaN,NaN
1.74491496396221,4.70241647489671,3.05583416264539,NaN,NaN,NaN
4.50959698734331,NaN,NaN,NaN,NaN,NaN
1.43999597386181,NaN,NaN,NaN,NaN,NaN
1.57239370610608,11.3279519324745,NaN,NaN,NaN,NaN
3.38084046448956,0.500000401871772,4.31461813575908,NaN,NaN,NaN
2.16222150739845,3.68791141349373,NaN,NaN,NaN,NaN
2.79190424239968,2.84530359960894,0.500001963337878,0.646012324258785,NaN,NaN
1.66712386324301,6.15218701011891,NaN,NaN,NaN,NaN
9.30399679401692,NaN,NaN,NaN,NaN,NaN
2.16624161885436,4.74111724206121,NaN,NaN,NaN,NaN
1.36748510326893,7.53836725016069,NaN,NaN,NaN,NaN
3.36800671233285,2.93673887968983,NaN,NaN,NaN,NaN
4.16610721551386,1.94988179018776,NaN,NaN,NaN,NaN
1.53939629155769,3.89472369151491,NaN,NaN,NaN,NaN
1.34537855940945,3.30029405932816,NaN,NaN,NaN,NaN
3.56865465729088,1.58733201945852,NaN,NaN,NaN,NaN
2.23524904264314,3.97290424922274,NaN,NaN,NaN,NaN
3.91649577184155,NaN,NaN,NaN,NaN,NaN
1.44100971534052,11.5654755942074,10.1745904975382,NaN,NaN,NaN
2.16443568305399,2.01371649093849,NaN,NaN,NaN,NaN
1.32402214216366,3.05250987708151,NaN,NaN,NaN,NaN
1.48314232882949,6.60578985505416,NaN,NaN,NaN,NaN
3.62268678307451,1.40604113814206,NaN,NaN,NaN,NaN
1.88162489772283,2.22200888068632,NaN,NaN,NaN,NaN
2.62192571163298,2.86548303554944,NaN,NaN,NaN,NaN
1.92642228042436,1.5395537950658,5.03894293504186,NaN,NaN,NaN
11.7861000699336,NaN,NaN,NaN,NaN,NaN
1.51924734724391,11.9997839682391,NaN,NaN,NaN,NaN
8.30662548709277,NaN,NaN,NaN,NaN,NaN
1.50860265098502,7.45156125710216,NaN,NaN,NaN,NaN
1.66705934804285,0.500000466234299,1.96469151977731,NaN,NaN,NaN
11.9999923309413,NaN,NaN,NaN,NaN,NaN
3.06224024345458,0.710960587181035,NaN,NaN,NaN,NaN
1.44943270454757,9.46796965614067,NaN,NaN,NaN,NaN
2.35154454213109,3.60421499515426,NaN,NaN,NaN,NaN
1.50143191734498,3.25993446148475,NaN,NaN,NaN,NaN
1.65736444355652,5.97737782918193,NaN,NaN,NaN,NaN
2.08216205766813,5.16300232220416,NaN,NaN,NaN,NaN
2.0610098527225,4.40263750115203,NaN,NaN,NaN,NaN
1.98333121375885,2.08473220424327,NaN,NaN,NaN,NaN
1.84727109166656,4.23999260401776,NaN,NaN,NaN,NaN
5.35076430735425,1.48433708046181,NaN,NaN,NaN,NaN
1.75329471937805,6.00581865568924,NaN,NaN,NaN,NaN
11.1505485857882,NaN,NaN,NaN,NaN,NaN
2.6071546163174,3.56849458193518,NaN,NaN,NaN,NaN
0.982329256924497,2.43360884267651,NaN,NaN,NaN,NaN
6.52463519557057,1.92462865283351,NaN,NaN,NaN,NaN
1.75847307077906,1.61736561885693,4.08643912795792,NaN,NaN,NaN
2.23702455989005,2.80732249979842,NaN,NaN,NaN,NaN
1.64962476216871,5.35566872452157,NaN,NaN,NaN,NaN
1.57147144505312,3.8062845382136,NaN,NaN,NaN,NaN
1.54931221438325,7.31860962691607,NaN,NaN,NaN,NaN
1.68998893245604,4.18508778731641,3.43828039041115,NaN,NaN,NaN
1.80172753539105,1.00124803783689,5.88257366255107,0.862605225404452,NaN,NaN
1.69757496837311,7.17473068542601,NaN,NaN,NaN,NaN
2.75272727215746,1.03108679213782,NaN,NaN,NaN,NaN
2.31365910219764,2.88478305518585,NaN,NaN,NaN,NaN
1.7867049552275,2.91660733520943,NaN,NaN,NaN,NaN
1.72049435075657,0.90106512764853,NaN,NaN,NaN,NaN
1.98536691932333,8.14083537231752,0.541974365834332,3.01855045992382,NaN,NaN
1.59763620137118,9.13598507664517,NaN,NaN,NaN,NaN
2.19838861846065,3.70124312692583,NaN,NaN,NaN,NaN
7.36517663845104,NaN,NaN,NaN,NaN,NaN
2.38158110037511,3.59723106825177,NaN,NaN,NaN,NaN
1.67297276874539,2.60400670876368,NaN,NaN,NaN,NaN
6.65312075551892,NaN,NaN,NaN,NaN,NaN
2.58004789322382,3.54888980248797,NaN,NaN,NaN,NaN
1.9284358030642,0.750871734124122,4.65193684687836,NaN,NaN,NaN
1.96031660959673,4.90360209591462,NaN,NaN,NaN,NaN
1.07149173726327,4.55158524649527,2.5849619278445,NaN,NaN,NaN
7.69278963519702,NaN,NaN,NaN,NaN,NaN
2.13410807499867,3.10057424907453,NaN,NaN,NaN,NaN
1.60506828826727,5.8726559655304,NaN,NaN,NaN,NaN
0.500000005157022,3.03956657730808,NaN,NaN,NaN,NaN
4.60590388368074,1.47952028286839,NaN,NaN,NaN,NaN
2.44665031921811,3.4649902803224,NaN,NaN,NaN,NaN
1.89633767869737,3.90598294686152,NaN,NaN,NaN,NaN
1.64430538815211,3.85536294971088,NaN,NaN,NaN,NaN
1.78786982143177,6.70653468940679,0.500003343378373,NaN,NaN,NaN
1.37224724209958,7.48279830304703,NaN,NaN,NaN,NaN
11.9999410997876,NaN,NaN,NaN,NaN,NaN
0.918456057340538,6.94013997014999,NaN,NaN,NaN,NaN
1.55518100223153,3.0130981786919,NaN,NaN,NaN,NaN
0.500001141260249,1.7930977338191,1.25044103450487,2.57850151320459,0.728190538115749,1.69002547210169
0.69398333938973,5.55322160218217,0.500002342139258,NaN,NaN,NaN
1.12190446072279,4.11463968600684,NaN,NaN,NaN,NaN
2.25652005770189,2.16517383891236,NaN,NaN,NaN,NaN
1.41173680730327,1.25743006827121,0.669072611563093,NaN,NaN,NaN
2.05526802262962,0.500000278969483,0.666480391623441,NaN,NaN,NaN
1.49501564611286,7.71262942871887,NaN,NaN,NaN,NaN
1.61404762254574,3.70417609706648,NaN,NaN,NaN,NaN
1.56413366304531,4.82616153358433,NaN,NaN,NaN,NaN
2.03688509973488,5.17157341729398,NaN,NaN,NaN,NaN
2.22887006114895,3.28862285000238,NaN,NaN,NaN,NaN
2.10545716549109,2.72232958517037,1.09875112382921,NaN,NaN,NaN
11.9999772968148,NaN,NaN,NaN,NaN,NaN
1.12018148529398,11.9999803185614,NaN,NaN,NaN,NaN
1.58132150866281,3.20407221643544,NaN,NaN,NaN,NaN
1.88168157778935,3.33257422638247,0.537425942990399,NaN,NaN,NaN
2.37163059395361,1.65418561730444,0.580083182080962,NaN,NaN,NaN
2.203996391127,5.25530791468158,0.50000294484686,NaN,NaN,NaN
2.32004390845518,1.89024726628055,NaN,NaN,NaN,NaN
2.07554591583848,1.71744695662828,NaN,NaN,NaN,NaN
2.111742286668,1.25576402005902,5.27793789514098,NaN,NaN,NaN
1.57622237167061,3.64783505982032,NaN,NaN,NaN,NaN
1.75177693261491,3.6402138839085,NaN,NaN,NaN,NaN
2.13184244816416,2.24323034229623,NaN,NaN,NaN,NaN
1.99272821243672,2.97571135531016,0.94643511381329,NaN,NaN,NaN
1.55892602104217,4.2034727748335,NaN,NaN,NaN,NaN
2.62234269070695,1.73381164003074,NaN,NaN,NaN,NaN
1.81844338023124,4.85043589906267,NaN,NaN,NaN,NaN
2.62134926456799,1.56598825337794,2.50747912597164,NaN,NaN,NaN
2.36387703078557,2.62493042599616,NaN,NaN,NaN,NaN
6.92571173111931,NaN,NaN,NaN,NaN,NaN
2.26767460833937,0.500006227936192,7.06315631395385,NaN,NaN,NaN
0.900756268773585,9.25903739649459,1.20913352189054,8.49847142317827,NaN,NaN
1.37024480627024,4.3497571532655,NaN,NaN,NaN,NaN
1.68001673653653,2.22105303931658,NaN,NaN,NaN,NaN
1.02178209433318,0.50000048924307,5.38516114414812,NaN,NaN,NaN
2.26456110285607,2.70955102748833,NaN,NaN,NaN,NaN
1.73610302467692,3.96987402656553,NaN,NaN,NaN,NaN
7.23251045665668,NaN,NaN,NaN,NaN,NaN
1.36042602932323,3.38757519001994,NaN,NaN,NaN,NaN
9.84580689123138,4.18434120269445,NaN,NaN,NaN,NaN
6.8550411411308,1.9043738613161,NaN,NaN,NaN,NaN
1.71610487312912,1.86665679216921,0.5000003609931,0.734350590973036,NaN,NaN
1.96392420033215,NaN,NaN,NaN,NaN,NaN
2.60629829145687,1.77901882045065,1.37409888321354,NaN,NaN,NaN
1.73009713977333,11.9999230694845,NaN,NaN,NaN,NaN
0.942733783919704,7.78017559331334,NaN,NaN,NaN,NaN
0.957178666154122,9.22562475370624,NaN,NaN,NaN,NaN
2.72466802234579,3.42092471825703,NaN,NaN,NaN,NaN
1.07457249433286,4.93185523470105,NaN,NaN,NaN,NaN
2.08482043444479,4.86462932211553,NaN,NaN,NaN,NaN
8.28424726619079,NaN,NaN,NaN,NaN,NaN
1.68216008672658,7.10987569299922,NaN,NaN,NaN,NaN
11.9999997835044,1.46061094061752,NaN,NaN,NaN,NaN
1.9337675764193,NaN,NaN,NaN,NaN,NaN
2.36034277656547,3.20281990982162,1.8018836136525,NaN,NaN,NaN
1.55874568970466,5.43746407756817,NaN,NaN,NaN,NaN
5.28700904849016,2.02559691344454,1.92638868617701,NaN,NaN,NaN
1.79398313849307,10.9767189476184,NaN,NaN,NaN,NaN
2.0673041357782,0.813402495693603,0.54761302672552,NaN,NaN,NaN
1.82152335900404,1.54086592844146,0.647809797519091,0.916875629089294,3.95989616592121,0.538720036324996
1.37051504444399,7.27222209568161,NaN,NaN,NaN,NaN
2.00944778846042,0.63104624104283,1.2723120289316,1.4623711137107,NaN,NaN
1.36212583478008,3.54892386083614,NaN,NaN,NaN,NaN
1.81055757403494,1.22977019971984,NaN,NaN,NaN,NaN
2.01649674146011,5.10721969989489,NaN,NaN,NaN,NaN
2.30071391582752,3.59104970295657,NaN,NaN,NaN,NaN
1.73680043399603,0.67839756530209,1.78535311276862,NaN,NaN,NaN
1.64343466843287,3.16103427304326,6.40507446092409,NaN,NaN,NaN
1.74530961954258,4.35253354673404,NaN,NaN,NaN,NaN
1.71755264448423,3.41458630582753,NaN,NaN,NaN,NaN
1.43874245026966,3.9429594205131,NaN,NaN,NaN,NaN
0.95673392295951,0.565508519496019,6.37047048418623,NaN,NaN,NaN
1.95495651010984,4.81089144900365,NaN,NaN,NaN,NaN
1.91125406974102,3.69865772538175,0.500000006679854,NaN,NaN,NaN
2.57011171266203,2.04187533812332,NaN,NaN,NaN,NaN
10.6700533017869,NaN,NaN,NaN,NaN,NaN
1.73817705717161,5.21949161344323,NaN,NaN,NaN,NaN
3.52889855041267,0.500000330047934,0.500000521866858,NaN,NaN,NaN
1.44436554115739,0.500000007664109,8.5961055754581,NaN,NaN,NaN
11.9999859323905,NaN,NaN,NaN,NaN,NaN
3.84863331765175,2.16731862470155,1.67681637134036,NaN,NaN,NaN
1.60730750355794,5.16464422479372,NaN,NaN,NaN,NaN
2.12062623486907,3.1742940836178,NaN,NaN,NaN,NaN
0.500003157415782,4.37170191522965,1.9285277148367,3.44835879612425,NaN,NaN
1.88987752781704,6.00035505194941,NaN,NaN,NaN,NaN
2.15486441065255,2.71874627515789,NaN,NaN,NaN,NaN
2.1532326331837,5.54809549263497,NaN,NaN,NaN,NaN
2.55671916029842,2.08752119034904,NaN,NaN,NaN,NaN
4.21071892406855,2.21363468982342,1.09003677690302,NaN,NaN,NaN
1.98668173590305,2.53894578790043,NaN,NaN,NaN,NaN
5.28206880043008,NaN,NaN,NaN,NaN,NaN
2.81897283894642,4.52699470926659,1.50454916138232,NaN,NaN,NaN
1.96127063779939,5.19099161790932,NaN,NaN,NaN,NaN
7.87306020948957,NaN,NaN,NaN,NaN,NaN
1.64632412793606,4.76151610719717,NaN,NaN,NaN,NaN
2.46001002130261,0.50000032656318,3.8658690514134,NaN,NaN,NaN
1.3034867031471,2.96723798753554,NaN,NaN,NaN,NaN
1.65827926139917,2.97712127781523,NaN,NaN,NaN,NaN
2.28860965153712,5.34724645436257,NaN,NaN,NaN,NaN
2.42023525694494,3.05259803195291,NaN,NaN,NaN,NaN
0.944605919148117,3.32374618436304,NaN,NaN,NaN,NaN
1.77240218923588,2.93482454019604,NaN,NaN,NaN,NaN
2.22382045136277,4.0457936089524,NaN,NaN,NaN,NaN
2.21080110637379,2.89819167933269,1.02528844674974,0.527964870773263,NaN,NaN
1.50895986009647,1.15629264926911,0.5304048169408,NaN,NaN,NaN
2.13421551144932,5.14082902603059,1.6251554085949,NaN,NaN,NaN
2.02205454369127,3.17245382038525,NaN,NaN,NaN,NaN
1.45337691008087,4.02120993564709,NaN,NaN,NaN,NaN
1.36353422506666,5.77620286513278,NaN,NaN,NaN,NaN
2.29218509715128,3.42688281575945,NaN,NaN,NaN,NaN
0.738596821447087,0.500000285572487,11.5331517528712,NaN,NaN,NaN
2.12601644417877,2.86063627139826,2.60701345622465,NaN,NaN,NaN
2.93634296544401,2.40659196850114,NaN,NaN,NaN,NaN
0.849481211834425,9.59421026967474,NaN,NaN,NaN,NaN
2.10524388988922,3.55247165074218,NaN,NaN,NaN,NaN
1.92908354036822,4.45710844844848,NaN,NaN,NaN,NaN
3.33881349627459,3.12466893204847,NaN,NaN,NaN,NaN
2.41075130063565,3.25861638268123,NaN,NaN,NaN,NaN
2.10723677317473,5.22232792898819,NaN,NaN,NaN,NaN
1.92530240341931,6.8203038918579,NaN,NaN,NaN,NaN
2.43308786040837,2.93072483967161,NaN,NaN,NaN,NaN
9.64113700153455,NaN,NaN,NaN,NaN,NaN
1.9756554507782,11.4131442658538,0.86170131023268,NaN,NaN,NaN
2.92101755749428,NaN,NaN,NaN,NaN,NaN
2.76637720753525,4.14242769900854,NaN,NaN,NaN,NaN
1.76773062884496,4.05223368827164,NaN,NaN,NaN,NaN
1.33404142914128,7.01797112834042,1.03739269458286,NaN,NaN,NaN
1.72632479308047,4.47854448398609,NaN,NaN,NaN,NaN
1.88516616693429,5.24856109778254,NaN,NaN,NaN,NaN
2.17819105591901,3.64201323962458,NaN,NaN,NaN,NaN
0.616856615854409,7.9547078203172,NaN,NaN,NaN,NaN
1.77451680421833,2.77888369202769,NaN,NaN,NaN,NaN
1.95466650523097,4.62680915645777,0.832162264225071,NaN,NaN,NaN
1.58404432341753,2.35980044190964,NaN,NaN,NaN,NaN
4.26961642717223,0.744089423722011,NaN,NaN,NaN,NaN
1.2336778707508,7.87954326726692,NaN,NaN,NaN,NaN
1.35723751116611,5.66064424862927,1.83449904051643,1.59346446692033,2.20309759490054,NaN
11.9999823951858,NaN,NaN,NaN,NaN,NaN
2.13179190591575,3.01093424114771,NaN,NaN,NaN,NaN
1.88430480075384,5.17374136585833,NaN,NaN,NaN,NaN
2.3464092510747,2.62889934412998,2.59468128510954,NaN,NaN,NaN
2.05503030387326,4.05775131068767,NaN,NaN,NaN,NaN
2.55958639474057,2.55788439357714,NaN,NaN,NaN,NaN
1.51444961081316,5.14507489448469,NaN,NaN,NaN,NaN
1.5500027764244,4.90434345779861,NaN,NaN,NaN,NaN
0.666438546061471,0.601480965833378,2.81533727684306,0.833128561530413,NaN,NaN
2.69691240367416,4.99316919428673,NaN,NaN,NaN,NaN
0.965584568174267,10.7355770381864,NaN,NaN,NaN,NaN
1.5152573777301,4.47012415921611,0.980659013170014,NaN,NaN,NaN
1.87585103922706,4.21337052445045,NaN,NaN,NaN,NaN
1.9322692103738,5.24782186437718,NaN,NaN,NaN,NaN
2.63007753320688,2.1134390626768,NaN,NaN,NaN,NaN
0.500000015609872,2.5625740650983,0.586020839441855,2.73985785159932,0.500000041917066,NaN
1.70546546323854,2.45903577515166,NaN,NaN,NaN,NaN
0.827281300263067,7.3494841464207,0.500000922800368,NaN,NaN,NaN
0.940826385828532,4.50386785554102,NaN,NaN,NaN,NaN
3.28031018264036,NaN,NaN,NaN,NaN,NaN
0.808251460053688,0.999470403121733,6.16045410440862,NaN,NaN,NaN
1.65863802124834,7.83411288559103,NaN,NaN,NaN,NaN
0.915170417454375,3.68030225072311,2.08699632867758,NaN,NaN,NaN
1.95266542454104,4.91240789229031,0.50000439376656,NaN,NaN,NaN
1.41338369649808,3.50186234439196,NaN,NaN,NaN,NaN
1.90851026155213,4.69129326618513,1.85731657751829,NaN,NaN,NaN
2.02429557467624,3.12059953335813,NaN,NaN,NaN,NaN
1.41764602245815,11.6555097412719,NaN,NaN,NaN,NaN
3.54699547141427,1.87165347038991,NaN,NaN,NaN,NaN
1.91904245647821,1.61624318408638,0.825832800719519,3.589340154522,11.9999400182034,NaN
7.53953291622763,0.68519518479488,NaN,NaN,NaN,NaN
2.14819939447683,3.158862829283,NaN,NaN,NaN,NaN
4.62480808498749,1.5779777079304,NaN,NaN,NaN,NaN
1.5687753050662,7.59377264370335,NaN,NaN,NaN,NaN
1.17949478504161,10.4897206687619,NaN,NaN,NaN,NaN
2.42901244345743,5.82097217543861,NaN,NaN,NaN,NaN
2.02234514754244,NaN,NaN,NaN,NaN,NaN
2.16509293555583,2.46774382336566,1.29370692928766,NaN,NaN,NaN
1.19125274314371,9.42424000022467,NaN,NaN,NaN,NaN
1.36847437519994,4.84290099595557,NaN,NaN,NaN,NaN
1.56813396514101,3.41436854437029,NaN,NaN,NaN,NaN
2.24938643322157,2.8670038910489,NaN,NaN,NaN,NaN
4.25817521154164,2.11621460847024,4.13924358341691,9.13845764688405,0.844774382465449,3.6057186700617
2.54181248986922,10.3662050762163,8.43355403263372,NaN,NaN,NaN
1.17765658852294,4.06001885456679,NaN,NaN,NaN,NaN
2.04075202448695,2.80079176609789,0.679715319757471,NaN,NaN,NaN
1.38276222555043,0.507870734000465,3.39275174361138,NaN,NaN,NaN
1.22633695060707,11.9999977424875,0.61953170206752,NaN,NaN,NaN
5.45784813318692,0.965654616909885,NaN,NaN,NaN,NaN
4.8698393085537,NaN,NaN,NaN,NaN,NaN
1.15158911988256,9.36843192391098,NaN,NaN,NaN,NaN
1.75401427583127,4.03291751250118,NaN,NaN,NaN,NaN
1.85060390772788,11.4309798460528,NaN,NaN,NaN,NaN
3.8131488117565,NaN,NaN,NaN,NaN,NaN
1.97563743980111,2.94978760254672,0.500000052059909,2.09090554923894,NaN,NaN
1.64590507891628,4.52106593850812,NaN,NaN,NaN,NaN
1.78092581849337,3.77074563223321,NaN,NaN,NaN,NaN
1.32957758139184,9.71331768371124,NaN,NaN,NaN,NaN
1.43621752531597,1.25084129342096,3.89871104754053,NaN,NaN,NaN
1.99359521483302,4.4334274531978,0.846192743420806,NaN,NaN,NaN
2.53925292182312,4.17230900184505,NaN,NaN,NaN,NaN
2.81631980849536,1.87803347965292,NaN,NaN,NaN,NaN
1.93888968295017,5.24142200262948,NaN,NaN,NaN,NaN
0.834785923077413,2.8893110243324,0.556465587858263,NaN,NaN,NaN
2.04242459412871,3.74055718888464,NaN,NaN,NaN,NaN
0.904265659490259,7.55788971264855,NaN,NaN,NaN,NaN
0.500000019951976,2.07228458636725,4.16802555244265,NaN,NaN,NaN
1.60196640818439,4.97456317106893,NaN,NaN,NaN,NaN
1.38003213908525,6.74216139201568,NaN,NaN,NaN,NaN
2.12444145079487,0.50000026678539,NaN,NaN,NaN,NaN
1.06094607550258,0.500000758117187,11.9999899635223,NaN,NaN,NaN
1.44632626331841,7.28361245519779,NaN,NaN,NaN,NaN
2.02421353059997,3.19476358564428,NaN,NaN,NaN,NaN
2.47507491946135,4.60612160687822,NaN,NaN,NaN,NaN
1.86217837824306,3.28847579018939,NaN,NaN,NaN,NaN
7.54706878296353,NaN,NaN,NaN,NaN,NaN
2.29230586078751,4.19075222368459,NaN,NaN,NaN,NaN
9.05067425535941,1.16174157635054,NaN,NaN,NaN,NaN
1.99541905721563,1.01632038176969,5.3439757361238,NaN,NaN,NaN
1.20703369542845,5.27648234560523,NaN,NaN,NaN,NaN
7.73207298093218,NaN,NaN,NaN,NaN,NaN
2.38146375374779,7.14617629815517,NaN,NaN,NaN,NaN
1.61720868110964,3.19559067639468,0.500001291619864,NaN,NaN,NaN
1.13651293415657,5.06346207357297,NaN,NaN,NaN,NaN
2.76198327637329,2.23991446328631,5.72465888902834,NaN,NaN,NaN
1.87168006187287,5.448306666034,NaN,NaN,NaN,NaN
1.76126917509419,8.99396207539817,NaN,NaN,NaN,NaN
1.76097710899474,6.30000001224759,NaN,NaN,NaN,NaN
2.75552719229759,0.772181531939349,NaN,NaN,NaN,NaN
1.57750861102682,3.81941837857866,NaN,NaN,NaN,NaN
2.41772566227684,1.66539683910935,NaN,NaN,NaN,NaN
1.99250768039822,1.85484109837866,NaN,NaN,NaN,NaN
2.20783985042991,NaN,NaN,NaN,NaN,NaN
1.7826650008838,3.52120181755669,NaN,NaN,NaN,NaN
1.64160039108484,3.70893258760315,NaN,NaN,NaN,NaN
1.4811817532758,0.500000009835872,NaN,NaN,NaN,NaN
2.61189564094069,11.9999942511267,NaN,NaN,NaN,NaN
1.07898474209918,5.66576626269367,NaN,NaN,NaN,NaN
1.49329360770507,6.19743327781768,NaN,NaN,NaN,NaN
6.52829383619878,NaN,NaN,NaN,NaN,NaN
0.566044511644673,2.31704084848847,NaN,NaN,NaN,NaN
2.04754413133844,4.90955273355136,NaN,NaN,NaN,NaN
0.658013053978573,2.68593136554203,1.41861351737895,NaN,NaN,NaN
2.439603788996,5.96967187668016,0.965853544157984,NaN,NaN,NaN
1.28010213550737,1.15740366653105,0.610540840556361,0.500003602637669,0.550729826113851,0.500014319632737
3.6955968322634,3.45711527949024,NaN,NaN,NaN,NaN
8.32650839350652,NaN,NaN,NaN,NaN,NaN
2.15722652542901,7.58831515505393,NaN,NaN,NaN,NaN
4.75571248181998,1.48391960970899,NaN,NaN,NaN,NaN
1.59422932751219,NaN,NaN,NaN,NaN,NaN
2.67656325640709,2.81378861825794,NaN,NaN,NaN,NaN
2.99515729497343,1.45433329011604,NaN,NaN,NaN,NaN
1.42263063857584,6.50576638910671,NaN,NaN,NaN,NaN
2.36938399767845,3.08202760548737,NaN,NaN,NaN,NaN
1.36886269099171,6.20448881436662,NaN,NaN,NaN,NaN
1.6350964656058,5.31754327469718,4.09237478860383,NaN,NaN,NaN
0.869215905893193,11.9973637570469,NaN,NaN,NaN,NaN
0.973008940300866,4.61322689851846,NaN,NaN,NaN,NaN
1.97396988349124,0.500000080135063,3.97443625587925,NaN,NaN,NaN
3.20150806734947,2.05587949425787,NaN,NaN,NaN,NaN
2.91889082282933,2.56924365971803,NaN,NaN,NaN,NaN
1.78908503900042,8.45765733747019,NaN,NaN,NaN,NaN
0.614414932410199,2.25136911823806,3.66214691237685,NaN,NaN,NaN
11.9999801628914,NaN,NaN,NaN,NaN,NaN
2.14215287102833,3.93463502713138,NaN,NaN,NaN,NaN
1.63119749855004,4.52469454203929,NaN,NaN,NaN,NaN
1.41763315956448,0.500000230625262,9.04621582281597,NaN,NaN,NaN
0.731507925098971,1.1999451330645,2.07141174604366,1.54945535179143,NaN,NaN
1.60690281450462,0.907361619973142,0.964363260142688,2.08040419648164,0.500000151303383,NaN
1.41326164829993,5.27213204519772,NaN,NaN,NaN,NaN
3.17139076062293,3.96841114276487,NaN,NaN,NaN,NaN
1.7138892862352,1.71619856916432,NaN,NaN,NaN,NaN
2.75426997923963,3.46959593497858,NaN,NaN,NaN,NaN
2.9416961626875,2.29638232716187,NaN,NaN,NaN,NaN
2.15958883115919,3.18708454847306,NaN,NaN,NaN,NaN
2.27786225220132,3.62867004484302,NaN,NaN,NaN,NaN
11.9999781346885,NaN,NaN,NaN,NaN,NaN
1.04159263300756,10.963959676696,NaN,NaN,NaN,NaN
1.004090773525,6.97417262471486,NaN,NaN,NaN,NaN
1.26735795903278,1.17502257748677,2.75132475465489,NaN,NaN,NaN
1.7008599771979,0.607091952085356,5.58547348118713,NaN,NaN,NaN
2.48899099175882,1.39344002865482,NaN,NaN,NaN,NaN
1.68239589900739,NaN,NaN,NaN,NaN,NaN
2.22383800997182,5.09277401827062,NaN,NaN,NaN,NaN
1.74060851852394,1.32598908641906,NaN,NaN,NaN,NaN
2.43385990005821,3.0523182840988,NaN,NaN,NaN,NaN
2.52950818058717,3.60589292371402,NaN,NaN,NaN,NaN
1.4467318539897,4.12282397121314,NaN,NaN,NaN,NaN
1.10810888141045,8.6944789822533,NaN,NaN,NaN,NaN
1.38651545714824,7.11096945080789,NaN,NaN,NaN,NaN
1.51936907906235,4.69578698794946,NaN,NaN,NaN,NaN
1.6850112758414,5.22775455933941,NaN,NaN,NaN,NaN
1.37536796878205,6.46565396622282,NaN,NaN,NaN,NaN
1.68807355686387,6.51192873014455,NaN,NaN,NaN,NaN
2.33807680844661,0.500004043691865,2.84197780043524,NaN,NaN,NaN
1.86997000003676,6.37423889076442,NaN,NaN,NaN,NaN
2.10063902475267,2.61334897285975,NaN,NaN,NaN,NaN
0.738248257715301,0.808809856079903,11.2722296878004,NaN,NaN,NaN
3.82136395125558,0.500000007889405,0.709194520063216,1.11751581378312,NaN,NaN
2.15853261573625,5.92314661443689,NaN,NaN,NaN,NaN
1.07147490636994,0.604803750556803,3.37458548164277,NaN,NaN,NaN
9.52904013123958,NaN,NaN,NaN,NaN,NaN
1.96824830271794,0.999360532494136,1.19031667737971,NaN,NaN,NaN
2.14930845012976,4.49885755805814,NaN,NaN,NaN,NaN
1.67560229685083,4.96444261391587,NaN,NaN,NaN,NaN
1.22417860370369,0.500000068454416,NaN,NaN,NaN,NaN
1.19435026522269,0.500000503502451,4.23499386304282,2.57188903371964,NaN,NaN
0.522105150173881,1.48294546591198,4.52489331836883,NaN,NaN,NaN
2.47635147250437,2.76220294934956,NaN,NaN,NaN,NaN
1.16593453279309,6.19756701442999,NaN,NaN,NaN,NaN
1.59357559862009,5.72283903162347,NaN,NaN,NaN,NaN
1.43035730201891,NaN,NaN,NaN,NaN,NaN
2.63481627660058,1.45030151717674,NaN,NaN,NaN,NaN
1.73345451606696,6.22047418539852,NaN,NaN,NaN,NaN
1.90356830493695,2.75100521134621,NaN,NaN,NaN,NaN
1.96399241711167,0.500003487194603,0.500001128796279,1.43672999493816,NaN,NaN
2.70471049301457,2.06953713546563,NaN,NaN,NaN,NaN
2.49937011388467,9.03323298016387,0.500000017406548,NaN,NaN,NaN
1.02363490349803,11.9998283108542,NaN,NaN,NaN,NaN
1.4429013301285,3.06994140040295,NaN,NaN,NaN,NaN
1.99267174182422,2.32738864199789,0.500000332364668,NaN,NaN,NaN
1.39508838259671,7.72066835038624,NaN,NaN,NaN,NaN
2.14481874572711,2.7867525671446,5.24423544162702,NaN,NaN,NaN
1.89152065715377,5.22829030677295,NaN,NaN,NaN,NaN
2.07057104558711,NaN,NaN,NaN,NaN,NaN
1.84148577192021,2.16391023717031,0.500000496867233,NaN,NaN,NaN
1.42018017973622,2.49009473911463,NaN,NaN,NaN,NaN
0.945386431491227,3.29426834700894,NaN,NaN,NaN,NaN
2.0683978691297,0.873601505823478,NaN,NaN,NaN,NaN
1.28759595504951,3.77118550827035,5.59720368881969,NaN,NaN,NaN
1.07786010318294,7.39514645895519,NaN,NaN,NaN,NaN
2.20218028172428,2.72935569923341,NaN,NaN,NaN,NaN
2.03575232198056,2.84476145403128,NaN,NaN,NaN,NaN
7.04387991284478,NaN,NaN,NaN,NaN,NaN
1.50437096837342,4.60738043055919,NaN,NaN,NaN,NaN
0.847944158099267,7.52286354331015,NaN,NaN,NaN,NaN
1.25544054215612,0.500000010611136,1.82513105955253,NaN,NaN,NaN
2.25179571845581,3.41724674291915,NaN,NaN,NaN,NaN
1.93824789126575,6.8639976005555,NaN,NaN,NaN,NaN
0.893777742361303,7.27537265679334,NaN,NaN,NaN,NaN
2.53843213606253,7.33546303004138,8.87382490779838,NaN,NaN,NaN
9.63925967831638,NaN,NaN,NaN,NaN,NaN
2.93166057195939,3.14793279667057,NaN,NaN,NaN,NaN
2.28856038069828,5.34209843712444,NaN,NaN,NaN,NaN
1.76356829017954,3.42038271947489,NaN,NaN,NaN,NaN
1.41191509060214,5.10958382925304,NaN,NaN,NaN,NaN
1.39309553780995,8.65364228282186,NaN,NaN,NaN,NaN
1.86170082340879,2.62564583177208,NaN,NaN,NaN,NaN
1.96854792210942,11.999984317928,1.63856055741399,3.24555690675715,NaN,NaN
3.15482384583659,4.67285813901554,0.999748838320641,0.621758394039874,0.50000011238219,NaN
0.831409052806822,11.9994131167887,NaN,NaN,NaN,NaN
1.00987684322401,1.2233673771419,NaN,NaN,NaN,NaN
2.14451404773597,3.39786583329207,NaN,NaN,NaN,NaN
1.65802188539997,4.07643050605197,0.874554579539326,0.543473419961164,NaN,NaN
0.706958779947248,6.39287961301448,NaN,NaN,NaN,NaN
1.13969773635342,0.813107873595073,0.500000378082354,0.500000361090651,2.00205838359873,NaN
1.89346394605117,0.507181683229207,3.32112119674901,NaN,NaN,NaN
1.93538097532931,1.59649189750428,NaN,NaN,NaN,NaN
11.9999933957152,NaN,NaN,NaN,NaN,NaN
3.37389266143348,1.50156429102784,NaN,NaN,NaN,NaN
1.68548416030517,5.04611082351633,NaN,NaN,NaN,NaN
2.29498542774241,8.03715364085505,NaN,NaN,NaN,NaN
5.03268581640194,NaN,NaN,NaN,NaN,NaN
0.929509772108216,6.51139275377329,NaN,NaN,NaN,NaN
2.52595778155664,0.500001169930149,NaN,NaN,NaN,NaN
2.60486487336545,1.5014360800312,NaN,NaN,NaN,NaN
2.16415055043143,2.90667340841839,NaN,NaN,NaN,NaN
7.61641997287412,NaN,NaN,NaN,NaN,NaN
2.79413535074779,3.21164403942999,NaN,NaN,NaN,NaN
1.63976483644634,4.72666794619715,NaN,NaN,NaN,NaN
1.68328737746456,8.77807956143459,NaN,NaN,NaN,NaN
1.62300905067948,3.40864632996078,NaN,NaN,NaN,NaN
10.0767330672691,NaN,NaN,NaN,NaN,NaN
0.96138428208728,9.0266610253169,NaN,NaN,NaN,NaN
1.2231068436074,6.25631832391672,NaN,NaN,NaN,NaN
2.19707305898727,1.52563406337451,NaN,NaN,NaN,NaN
1.41397165000932,8.15999644992708,NaN,NaN,NaN,NaN
2.46444567282311,0.938462304158303,NaN,NaN,NaN,NaN
8.2057432510943,NaN,NaN,NaN,NaN,NaN
1.88809983448475,4.13786745733922,NaN,NaN,NaN,NaN
1.08450120459431,9.66401036320179,NaN,NaN,NaN,NaN
1.04464058314675,10.2591609362033,2.08244489834226,NaN,NaN,NaN
1.87704256582945,3.354136879684,NaN,NaN,NaN,NaN
0.542148057992934,2.82296375179569,1.45717127215541,0.587666371773612,NaN,NaN
1.39636855592231,2.31593167302539,NaN,NaN,NaN,NaN
0.67482587679014,8.42029121879251,NaN,NaN,NaN,NaN
1.99645458122485,2.69402246213359,NaN,NaN,NaN,NaN
1.86948182901505,6.49895990963219,NaN,NaN,NaN,NaN
1.59884552047175,6.91609928149243,4.58536577631363,NaN,NaN,NaN
0.911164190482656,10.1113891322932,NaN,NaN,NaN,NaN
1.87008738309378,3.59386706455457,NaN,NaN,NaN,NaN
2.6321506827474,2.80422545531433,NaN,NaN,NaN,NaN
0.837014854806338,7.13204370590948,NaN,NaN,NaN,NaN
1.29206218575676,7.95486042210106,NaN,NaN,NaN,NaN
1.72830506934466,4.07827337116376,NaN,NaN,NaN,NaN
1.64569167010346,1.44464890535584,4.21140038860345,NaN,NaN,NaN
1.56891140097247,5.78505271275446,NaN,NaN,NaN,NaN
1.22257881006377,11.9999844581922,NaN,NaN,NaN,NaN
1.77124092956767,4.51079302641872,NaN,NaN,NaN,NaN
1.49082414372627,NaN,NaN,NaN,NaN,NaN
2.03174991444991,2.68526104126124,NaN,NaN,NaN,NaN
1.77062430010499,5.74048710423506,NaN,NaN,NaN,NaN
1.67366923660322,3.55794408111783,NaN,NaN,NaN,NaN
2.46173378908105,5.21954829852835,NaN,NaN,NaN,NaN
2.43710429912699,2.03734140685248,0.965714260370185,NaN,NaN,NaN
1.48176782778592,3.71366127033856,0.500000334519268,NaN,NaN,NaN
1.40227368886252,2.59729040993049,1.31572909497199,NaN,NaN,NaN
1.74661933358746,4.33266872593844,NaN,NaN,NaN,NaN
1.68268807927798,6.80106176562693,NaN,NaN,NaN,NaN
2.54884508420248,2.04091528849543,NaN,NaN,NaN,NaN
2.24469433305302,1.89939305992184,0.597059355775397,NaN,NaN,NaN
0.931852107635446,7.73529247870528,NaN,NaN,NaN,NaN
1.8529390332039,2.20146462951816,0.500000067682543,NaN,NaN,NaN
1.72983172010176,NaN,NaN,NaN,NaN,NaN
2.6566030983227,7.54941078342663,NaN,NaN,NaN,NaN
6.06815473268547,NaN,NaN,NaN,NaN,NaN
2.44595393929399,1.38161183244469,NaN,NaN,NaN,NaN
2.00692051750284,NaN,NaN,NaN,NaN,NaN
2.91001116319019,2.47536626549075,NaN,NaN,NaN,NaN
1.56900478780727,5.55628876754454,NaN,NaN,NaN,NaN
1.08028695069335,5.6790876889495,NaN,NaN,NaN,NaN
3.70813812393575,0.500001042881278,0.672089350511722,0.500000856438327,2.23338321159766,NaN
2.38416659454407,2.20348517924696,NaN,NaN,NaN,NaN
3.63838242783461,3.00376018433776,0.509945372066323,0.875027052596469,NaN,NaN
11.9999998133678,NaN,NaN,NaN,NaN,NaN
2.05055378079573,0.989988201502361,NaN,NaN,NaN,NaN
1.47269935724957,10.5036380132542,NaN,NaN,NaN,NaN
1.23759763302225,4.289424402422,NaN,NaN,NaN,NaN
1.42976388084275,5.82883277251608,NaN,NaN,NaN,NaN
2.01597561817018,4.10209180776414,NaN,NaN,NaN,NaN
4.91285374797478,2.03639890087033,NaN,NaN,NaN,NaN
2.24235795325034,2.48242834626033,NaN,NaN,NaN,NaN
1.42864441676749,6.10721146724504,NaN,NaN,NaN,NaN
5.47641253111342,NaN,NaN,NaN,NaN,NaN
1.95626358397278,4.50740218151247,NaN,NaN,NaN,NaN
1.48992730434865,4.77728892703458,0.837231094711787,NaN,NaN,NaN
1.52674295584629,8.4511190811174,NaN,NaN,NaN,NaN
2.07189059279151,0.500000301260488,3.38733901281756,NaN,NaN,NaN
3.6704185669904,2.44134020275186,3.31920979219444,NaN,NaN,NaN
1.56727982112062,2.76267274260918,NaN,NaN,NaN,NaN
0.500000044579968,2.35273254163316,1.80707097365511,0.563795276703895,0.886578127283869,NaN
1.19840093240987,3.43725851615714,NaN,NaN,NaN,NaN
2.77514544325703,6.66551204253671,NaN,NaN,NaN,NaN
1.67503620920866,4.00314825203573,NaN,NaN,NaN,NaN
2.45910459353948,1.84300396654428,0.663422123126838,1.51353452233727,NaN,NaN
1.35645960588987,6.50274940619786,NaN,NaN,NaN,NaN
5.64604928921116,NaN,NaN,NaN,NaN,NaN
1.5899395518896,3.06926076362263,1.9489948471449,NaN,NaN,NaN
1.63632968381595,2.3589000734324,NaN,NaN,NaN,NaN
1.84275803116411,2.2773761819323,1.7852510742371,0.999407087204689,0.65630955196486,NaN
2.00750526371357,1.99437366615777,NaN,NaN,NaN,NaN
9.32734234411995,NaN,NaN,NaN,NaN,NaN
2.03284247738257,2.55953481717281,NaN,NaN,NaN,NaN
0.547834889751291,5.812897127415,NaN,NaN,NaN,NaN
2.43647244177068,3.59798188520202,NaN,NaN,NaN,NaN
1.63479883528288,0.534638153528119,3.4009299770478,NaN,NaN,NaN
1.22549662838657,11.9999855591297,NaN,NaN,NaN,NaN
3.30203420534284,3.87909034505287,NaN,NaN,NaN,NaN
1.55580745021873,0.816570943778772,11.9999903057115,NaN,NaN,NaN
1.31470840286095,4.14498789013122,NaN,NaN,NaN,NaN
2.31432679478313,4.63298517671638,NaN,NaN,NaN,NaN
1.83762503152834,0.500001134893418,6.34871044332341,NaN,NaN,NaN
1.9038991928763,0.523899290004918,NaN,NaN,NaN,NaN
1.96054451340005,3.46921142240201,NaN,NaN,NaN,NaN
2.03112519743911,2.9444772259436,NaN,NaN,NaN,NaN
2.04803485175047,1.29088110980289,2.97444894148332,0.727841301011149,NaN,NaN
1.76935194516217,2.49939315917632,NaN,NaN,NaN,NaN
5.37951442600118,1.91727965301273,11.9999141483862,NaN,NaN,NaN
2.20787375097404,4.48425395043352,NaN,NaN,NaN,NaN
2.22109358746469,0.510391784685229,4.27419602460657,NaN,NaN,NaN
2.13070458237861,2.93547367734119,0.503573438696851,NaN,NaN,NaN
1.59370309652571,2.08038126700807,NaN,NaN,NaN,NaN
2.10466862666554,6.27433467899168,NaN,NaN,NaN,NaN
1.84200472491033,5.88021888885298,NaN,NaN,NaN,NaN
10.1675897362156,NaN,NaN,NaN,NaN,NaN
1.98510150330991,3.16102414343779,NaN,NaN,NaN,NaN
1.65439497007952,4.60657349683365,NaN,NaN,NaN,NaN
1.34750562058314,8.62322358778846,NaN,NaN,NaN,NaN
3.78362559316288,2.13154565758449,NaN,NaN,NaN,NaN
1.18424558257122,6.79716822309597,NaN,NaN,NaN,NaN
5.50979728399683,NaN,NaN,NaN,NaN,NaN
2.63801866370574,1.61544290185829,NaN,NaN,NaN,NaN
2.25605957661926,1.91642457776315,NaN,NaN,NaN,NaN
11.3504199185143,NaN,NaN,NaN,NaN,NaN
1.19458886226462,5.16446584330217,NaN,NaN,NaN,NaN
2.20463347803257,2.3102662912559,NaN,NaN,NaN,NaN
1.82843215364474,0.500000033583374,1.01251067534399,NaN,NaN,NaN
1.67096746261452,5.05781052412499,NaN,NaN,NaN,NaN
1.79781431670706,3.47826220472797,NaN,NaN,NaN,NaN
1.56801591119505,4.42296360777453,NaN,NaN,NaN,NaN
2.45904606620445,NaN,NaN,NaN,NaN,NaN
1.6005064089193,3.74472132411234,NaN,NaN,NaN,NaN
3.72465035252045,1.89599508832281,NaN,NaN,NaN,NaN
0.609296761035122,1.4010416532839,2.68830105136623,0.787681953730246,NaN,NaN
1.63438257785933,3.86696115185278,NaN,NaN,NaN,NaN
1.67590777768181,4.73724755874428,2.04832391144458,NaN,NaN,NaN
1.88385575541014,4.64215118626153,NaN,NaN,NaN,NaN
11.9999531076116,NaN,NaN,NaN,NaN,NaN
1.41272453492676,3.93493524044166,NaN,NaN,NaN,NaN
2.08973157602771,3.16336709251473,NaN,NaN,NaN,NaN
1.57690747173337,7.22415553435157,NaN,NaN,NaN,NaN
1.8135555821922,4.51009845508099,NaN,NaN,NaN,NaN
2.34330490682951,3.56449752278866,NaN,NaN,NaN,NaN
1.50485177599638,4.6067895037462,NaN,NaN,NaN,NaN
1.85152585498669,6.64478161929953,NaN,NaN,NaN,NaN
10.1744761249482,NaN,NaN,NaN,NaN,NaN
2.44290658014874,2.47953708265078,NaN,NaN,NaN,NaN
1.61862812081541,6.21842386874934,NaN,NaN,NaN,NaN
2.19175837146615,3.92279514403818,0.500001669328769,0.711755595734515,NaN,NaN
2.66861306373229,2.15866885407875,NaN,NaN,NaN,NaN
2.54992068318056,0.500000455225033,3.09431821992283,NaN,NaN,NaN
1.391758099016,4.0799959242773,NaN,NaN,NaN,NaN
1.83906096048355,NaN,NaN,NaN,NaN,NaN
1.78462076046431,5.43244871715038,NaN,NaN,NaN,NaN
1.458477227021,4.48840125661849,NaN,NaN,NaN,NaN
1.96268272543987,9.20491235738169,9.65652096225114,NaN,NaN,NaN
1.86469911223356,4.89522374242865,NaN,NaN,NaN,NaN
1.22801510513618,4.63145230408279,NaN,NaN,NaN,NaN
2.20616047884464,5.6260325611741,5.90611561199424,NaN,NaN,NaN
1.74944472790026,7.44020067134704,NaN,NaN,NaN,NaN
2.80239928218257,1.69570762434861,NaN,NaN,NaN,NaN
2.26265936753746,2.52261398720644,NaN,NaN,NaN,NaN
1.31256574617134,11.5307356574213,NaN,NaN,NaN,NaN
2.16035097553494,3.48401755346182,NaN,NaN,NaN,NaN
1.74957971086679,6.65319958660596,NaN,NaN,NaN,NaN
1.53747689477762,NaN,NaN,NaN,NaN,NaN
0.850373769669948,4.93623245110792,NaN,NaN,NaN,NaN
10.6842128333924,NaN,NaN,NaN,NaN,NaN
2.62076520591187,3.3900287230132,NaN,NaN,NaN,NaN
1.65583426161476,5.42614419232771,NaN,NaN,NaN,NaN
1.70016450607107,2.40320609010106,0.740977964133967,1.22056239303121,NaN,NaN
3.10238054403679,1.45174639744129,NaN,NaN,NaN,NaN
1.45514684570696,5.11340746557869,0.500000981892161,NaN,NaN,NaN
2.10536248818433,4.86749850642969,NaN,NaN,NaN,NaN
2.83837090396267,NaN,NaN,NaN,NaN,NaN
1.23592374568563,5.58659186554876,NaN,NaN,NaN,NaN
2.1043875653999,4.12793016351941,NaN,NaN,NaN,NaN
5.96718078079571,3.463310533853,NaN,NaN,NaN,NaN
1.80610091281774,3.49884058883311,NaN,NaN,NaN,NaN
1.89727327085429,3.47079217988022,NaN,NaN,NaN,NaN
1.90560680433169,1.57607543957723,NaN,NaN,NaN,NaN
2.12205360242233,6.19490260995907,NaN,NaN,NaN,NaN
1.80456591092085,5.41415393271629,NaN,NaN,NaN,NaN
1.35275715781027,8.79410998052916,NaN,NaN,NaN,NaN
2.32228751620408,6.18753897925435,NaN,NaN,NaN,NaN
7.02856288099967,NaN,NaN,NaN,NaN,NaN
1.81988603028976,0.500000339351227,11.9572204242533,NaN,NaN,NaN
1.60917977233111,11.9999817035949,NaN,NaN,NaN,NaN
2.35713682570792,2.39431631340663,NaN,NaN,NaN,NaN
2.36547423564392,2.307858575173,NaN,NaN,NaN,NaN
1.5511362822764,NaN,NaN,NaN,NaN,NaN
2.7609220025651,3.25966434399864,NaN,NaN,NaN,NaN
1.14319262662468,7.16602726313863,NaN,NaN,NaN,NaN
1.88534917970074,3.21835614171482,NaN,NaN,NaN,NaN
2.41280329000126,2.40492976818527,NaN,NaN,NaN,NaN
2.05802662829675,4.38472874275456,NaN,NaN,NaN,NaN
0.869477896480038,7.17358510552602,NaN,NaN,NaN,NaN
2.11518802017352,4.13680291213376,NaN,NaN,NaN,NaN
7.94325939601254,NaN,NaN,NaN,NaN,NaN
1.6067914151765,5.10789800225447,NaN,NaN,NaN,NaN
2.209248157607,5.8766297796556,NaN,NaN,NaN,NaN
1.51867101308757,2.4787749220859,1.4215830579385,NaN,NaN,NaN
0.878533847136264,2.16253736765626,1.06794886822702,NaN,NaN,NaN
2.21351242554092,2.63031219865637,NaN,NaN,NaN,NaN
2.44424684494835,4.79140952897416,NaN,NaN,NaN,NaN
1.39675730124637,0.500000002663494,2.29613911485282,0.753963889393393,1.01396912886756,NaN
1.93077923120724,5.39210004613705,NaN,NaN,NaN,NaN
1.28811241346635,7.23936007178496,0.540039457749924,NaN,NaN,NaN
2.26775701049159,4.61032750176675,1.02077013930835,NaN,NaN,NaN
1.77992420560759,0.500000774500201,3.68129948374761,0.579085085037774,NaN,NaN
1.61058450290699,4.19588304540255,0.500000012396261,NaN,NaN,NaN
2.24179573617123,2.0497587043562,1.33077965400274,NaN,NaN,NaN
2.56235370365256,4.99346109740368,0.634584244125045,NaN,NaN,NaN
1.58732380360148,4.90979436779219,NaN,NaN,NaN,NaN
2.39954124840154,2.97297900964771,NaN,NaN,NaN,NaN
1.21552589283849,NaN,NaN,NaN,NaN,NaN
1.69601487765552,5.38138391599356,NaN,NaN,NaN,NaN
2.17017508600255,6.88319498484478,NaN,NaN,NaN,NaN
0.721526200693194,0.500000008554736,5.53839377691499,NaN,NaN,NaN
2.66819638059689,0.500000295110785,0.639533496364605,1.28969437213095,NaN,NaN
1.86032091986277,3.74830274006665,NaN,NaN,NaN,NaN
5.4374359438971,1.42453009842027,NaN,NaN,NaN,NaN
1.40818256734102,0.751098234670503,11.9999101414777,NaN,NaN,NaN
2.09052269469487,3.60416678846008,NaN,NaN,NaN,NaN
3.7463065626748,7.96878902312523,9.35362397382813,NaN,NaN,NaN
1.67459684434839,0.637655717925522,10.3132927943957,NaN,NaN,NaN
1.97093649450039,3.64553644193201,0.59095140520503,NaN,NaN,NaN
2.76715816017606,1.93806268174728,NaN,NaN,NaN,NaN
0.964871564321383,9.4859075342858,NaN,NaN,NaN,NaN
0.500000374174103,1.20574073769239,3.60244649053648,NaN,NaN,NaN
1.86457187175873,5.79166997671495,NaN,NaN,NaN,NaN
2.34602787697418,4.44085252746461,1.6437649038407,NaN,NaN,NaN
3.06009871534553,3.39482861330985,1.1481249760426,NaN,NaN,NaN
2.05588454527214,5.53879758459307,NaN,NaN,NaN,NaN
1.451743822851,11.9999320762872,3.12472735388985,NaN,NaN,NaN
2.27334574666584,1.91364278902146,4.04903115483866,0.771611519877238,0.72441401072487,NaN
2.04032041525632,3.19157976169837,NaN,NaN,NaN,NaN
2.95016554853982,0.5000005208352,6.72330663377445,3.20833724392723,NaN,NaN
0.908964772288357,1.39482605228206,5.17081055375346,NaN,NaN,NaN
2.96509671750383,8.76711655808149,NaN,NaN,NaN,NaN
1.49813308900969,6.37244083148283,NaN,NaN,NaN,NaN
2.19648238342706,4.02976551202142,NaN,NaN,NaN,NaN
1.59409745042999,1.99051425372758,0.858922546179408,1.31980945268079,3.63018863033475,NaN
1.44619324730462,1.94613121798903,1.52133007384585,NaN,NaN,NaN
1.43648009886941,3.75117224497457,NaN,NaN,NaN,NaN
2.2481552507158,1.92742543642169,NaN,NaN,NaN,NaN
2.1665916542073,4.79536128841118,0.99273989223405,NaN,NaN,NaN
2.25873324344815,0.910851623083072,0.556982461658825,0.500000711553331,NaN,NaN
1.26056178067568,0.512256340426957,8.23553686925589,NaN,NaN,NaN
1.98782108575935,2.0405827106507,1.87931054714975,NaN,NaN,NaN
1.57416368880759,7.09214808745742,NaN,NaN,NaN,NaN
11.996393969577,NaN,NaN,NaN,NaN,NaN
1.68944382887147,6.42598380463344,0.944595713402258,NaN,NaN,NaN
1.07954181365076,8.67430447232637,NaN,NaN,NaN,NaN
1.41571718985256,5.89965294887298,NaN,NaN,NaN,NaN
2.13997545951381,3.72674210628047,NaN,NaN,NaN,NaN
1.96624232619083,5.24746937430248,NaN,NaN,NaN,NaN
1.48853899156769,6.25103203942928,NaN,NaN,NaN,NaN
1.89907200723119,2.3065464985472,NaN,NaN,NaN,NaN
2.3551308088765,5.49227034390512,NaN,NaN,NaN,NaN
1.01725719161069,6.14683464070779,NaN,NaN,NaN,NaN
2.00806867050578,4.27507848802891,NaN,NaN,NaN,NaN
1.72359288725808,4.827289312822,NaN,NaN,NaN,NaN
0.942426911022032,6.7778058348717,NaN,NaN,NaN,NaN
2.39300552588995,0.668388147865107,1.34619631229156,1.18444247728418,NaN,NaN
2.64127894978476,1.15766591930226,4.95470553226823,NaN,NaN,NaN
2.2746362005321,3.79419650755802,NaN,NaN,NaN,NaN
3.29657709839945,2.57687771183865,NaN,NaN,NaN,NaN
2.23254819296321,5.11053480960533,0.598309237615272,4.41879287608207,NaN,NaN
2.50885994200778,1.20877281004254,NaN,NaN,NaN,NaN
1.33051812511433,6.85616678903853,NaN,NaN,NaN,NaN
2.30287889574793,5.28736593204889,NaN,NaN,NaN,NaN
2.10910427689852,3.05423435877452,NaN,NaN,NaN,NaN
1.95695608202384,4.80675036967394,NaN,NaN,NaN,NaN
2.43643622726981,2.81322286192838,NaN,NaN,NaN,NaN
1.64235092536509,3.68097287372432,NaN,NaN,NaN,NaN
1.68257759693907,3.80713437439382,NaN,NaN,NaN,NaN
2.27844208504379,0.500000520076735,2.3364987430382,NaN,NaN,NaN
1.74322559863183,3.17121560467275,NaN,NaN,NaN,NaN
1.75460304327773,3.5135954344511,0.500833380327088,0.765227031535908,NaN,NaN
10.7023598408112,NaN,NaN,NaN,NaN,NaN
2.19547311771901,3.04946591225131,NaN,NaN,NaN,NaN
1.81771425828383,6.15269454910014,NaN,NaN,NaN,NaN
2.64928041569564,4.20551462969144,NaN,NaN,NaN,NaN
1.6473009483269,3.13790367814141,NaN,NaN,NaN,NaN
2.77632245127772,1.23577580697763,NaN,NaN,NaN,NaN
1.66881940532013,11.9999347189105,NaN,NaN,NaN,NaN
2.47544260465816,5.15016104191164,NaN,NaN,NaN,NaN
1.7661386918425,4.83872639352236,NaN,NaN,NaN,NaN
2.46867289709714,3.54984832390383,NaN,NaN,NaN,NaN
7.60116494772723,NaN,NaN,NaN,NaN,NaN
2.47758231976394,5.36689598359229,NaN,NaN,NaN,NaN
1.81448570891641,3.63985072296737,0.760943015830303,NaN,NaN,NaN
1.80597858455532,5.14895891445769,NaN,NaN,NaN,NaN
1.79940423168038,5.75902896472488,NaN,NaN,NaN,NaN
2.77578342526382,0.889466605007999,3.9126536189956,NaN,NaN,NaN
1.46775076945418,0.689699973884472,2.59709817410835,NaN,NaN,NaN
2.88695458640525,3.29726942172843,0.500000050321469,NaN,NaN,NaN
1.19697401792503,11.8784749090337,NaN,NaN,NaN,NaN
1.74794142891012,4.08676528733238,3.24978795468805,0.50000181501324,NaN,NaN
1.98449791650577,7.59592329941669,NaN,NaN,NaN,NaN
1.37950244328166,3.81974812774974,NaN,NaN,NaN,NaN
1.63376253645192,3.67912170735899,NaN,NaN,NaN,NaN
0.878444434261463,8.28968913305158,NaN,NaN,NaN,NaN
1.86438228241217,3.82974912004201,NaN,NaN,NaN,NaN
1.77978800361207,1.8044436166644,1.06182794927564,NaN,NaN,NaN
2.29330798140618,5.95209764096062,NaN,NaN,NaN,NaN
1.43626345874477,4.8789277053295,NaN,NaN,NaN,NaN
2.02686952857822,2.81358398290828,NaN,NaN,NaN,NaN
6.68555837374805,NaN,NaN,NaN,NaN,NaN
0.500000547827548,3.59948267459673,0.595986400339599,NaN,NaN,NaN
0.912590786938684,7.80385775698026,NaN,NaN,NaN,NaN
1.14865030373493,3.41184673790187,NaN,NaN,NaN,NaN
4.4320988414305,0.500000234375803,1.85249277949817,0.500000815084012,NaN,NaN
1.83311698071382,4.94759782283541,NaN,NaN,NaN,NaN
2.16043600044574,4.42850273054625,NaN,NaN,NaN,NaN
1.31156032535167,5.36534040918429,NaN,NaN,NaN,NaN
1.60320949135517,3.42571638644345,NaN,NaN,NaN,NaN
1.74869605775316,11.999999833144,NaN,NaN,NaN,NaN
1.66874526929609,4.20402574822023,NaN,NaN,NaN,NaN
2.43630955307487,4.58709634029972,NaN,NaN,NaN,NaN
0.7447717769965,0.559214966287474,11.4409491712863,NaN,NaN,NaN
2.73190265618519,0.500000599572503,NaN,NaN,NaN,NaN
1.95080875134509,0.500001643913628,5.31427957776187,4.33398297821283,NaN,NaN
2.22275315059172,11.9999655039891,NaN,NaN,NaN,NaN
0.92546024997252,5.02172176394672,NaN,NaN,NaN,NaN
2.24019970613202,0.833844906800719,4.3059062178979,NaN,NaN,NaN
0.959863779944277,7.93631241752355,NaN,NaN,NaN,NaN
2.95002199231646,2.79090033018516,NaN,NaN,NaN,NaN
1.58667353768832,6.76893654020812,11.7343692089523,NaN,NaN,NaN
1.01628923213739,9.78293076647628,NaN,NaN,NaN,NaN
1.22910275013049,11.9999992259725,NaN,NaN,NaN,NaN
1.32428307548881,5.67836680094482,NaN,NaN,NaN,NaN
2.2925362005359,2.09609656433529,3.07962622851872,1.09812468640754,NaN,NaN
1.86579008805505,1.7900602716686,NaN,NaN,NaN,NaN
1.99060767613055,1.32524360811479,NaN,NaN,NaN,NaN
1.5361324931806,4.02894348186253,NaN,NaN,NaN,NaN
2.77648468168898,1.04114061356555,NaN,NaN,NaN,NaN
1.46122027666755,4.86738589247211,NaN,NaN,NaN,NaN
1.98828156619997,2.88431147082099,NaN,NaN,NaN,NaN
1.45253358840642,8.81042360560175,NaN,NaN,NaN,NaN
1.61006705937695,0.512380571737045,3.89182265797854,NaN,NaN,NaN
2.0414312306153,6.39640368572701,1.03426167258056,NaN,NaN,NaN
1.21320637813946,0.758361477834998,0.500002874515968,2.70791073120781,NaN,NaN
2.10115496203218,0.500007292854823,2.02273801900235,NaN,NaN,NaN
1.74004331339401,4.10633061864845,NaN,NaN,NaN,NaN
1.73114153221047,4.43682400179074,NaN,NaN,NaN,NaN
4.88973926775259,1.45493237755794,NaN,NaN,NaN,NaN
2.12724581493437,2.98219978179392,1.59786525240979,NaN,NaN,NaN
1.91006555894256,4.78158664363412,1.00911063712261,NaN,NaN,NaN
1.51097497467039,6.67536588185341,NaN,NaN,NaN,NaN
2.53103770213464,0.86955890423734,1.16343805168191,NaN,NaN,NaN
4.76590492572719,1.96639751608212,NaN,NaN,NaN,NaN
1.45896662982828,9.5881787940437,NaN,NaN,NaN,NaN
2.5723186121133,4.32421767876727,0.635992978014578,NaN,NaN,NaN
2.09911867114169,3.48526930771134,NaN,NaN,NaN,NaN
2.55303125669126,0.964777209378661,1.88602435484515,0.688271965829866,NaN,NaN
2.45064039220204,0.639654482602551,11.9987532460672,NaN,NaN,NaN
1.74819351791322,0.500000222924759,0.587941787837566,6.26005812046415,NaN,NaN
5.20405247427359,NaN,NaN,NaN,NaN,NaN
1.25410492736542,5.82445214983179,NaN,NaN,NaN,NaN
1.85941340950959,1.68547400169266,NaN,NaN,NaN,NaN
1.94896823433394,4.04831438135468,NaN,NaN,NaN,NaN
1.54094431807396,3.19413471942684,NaN,NaN,NaN,NaN
1.81378183114581,3.78541706912763,NaN,NaN,NaN,NaN
2.1640949218547,3.39876267758837,NaN,NaN,NaN,NaN
6.4007335916007,0.598161353617575,NaN,NaN,NaN,NaN
2.20539651628251,3.112155806365,NaN,NaN,NaN,NaN
1.01104014097645,5.01855138421108,NaN,NaN,NaN,NaN
3.00291937088937,3.58257963260476,NaN,NaN,NaN,NaN
1.69001421421873,1.29298844742374,0.500001497997563,2.52379506189973,4.33792482484319,NaN
1.8541891999104,3.17230255144928,NaN,NaN,NaN,NaN
1.45549721124829,8.08267031304869,NaN,NaN,NaN,NaN
1.09069101974863,10.5078061265585,NaN,NaN,NaN,NaN
3.06234792902327,2.34148594438634,NaN,NaN,NaN,NaN
2.83139421120651,NaN,NaN,NaN,NaN,NaN
1.29356424122961,5.97748562684369,1.42356804617662,NaN,NaN,NaN
1.05923614879953,NaN,NaN,NaN,NaN,NaN
1.57602155258945,8.87364035179113,NaN,NaN,NaN,NaN
1.67719256822138,8.86644804378861,NaN,NaN,NaN,NaN
4.49464165407154,NaN,NaN,NaN,NaN,NaN
1.88520581807046,4.38779700616811,NaN,NaN,NaN,NaN
1.12575436506068,6.38244264205392,NaN,NaN,NaN,NaN
1.48870221059139,5.54183388487,NaN,NaN,NaN,NaN
1.84282336528976,5.52966030134249,NaN,NaN,NaN,NaN
2.11154484663859,2.70980155958591,NaN,NaN,NaN,NaN
1.07114129752128,NaN,NaN,NaN,NaN,NaN
2.14346478535267,3.19107024525704,NaN,NaN,NaN,NaN
1.7974204841855,0.544393900042162,6.98162287797931,NaN,NaN,NaN
1.81862809333856,11.9999087855997,NaN,NaN,NaN,NaN
1.46104586686818,5.54639568271861,NaN,NaN,NaN,NaN
2.09341135656455,0.500000964684707,4.88861464915586,NaN,NaN,NaN
3.10233915808393,4.10354030161099,NaN,NaN,NaN,NaN
1.79732446744407,4.59444809263052,NaN,NaN,NaN,NaN
1.84479447426138,3.80765485348175,NaN,NaN,NaN,NaN
1.70538611495062,3.62510241605971,NaN,NaN,NaN,NaN
1.97465968618173,5.42657273571094,NaN,NaN,NaN,NaN
1.83532374581968,1.04565246415203,2.05479976054478,NaN,NaN,NaN
8.72553301914743,NaN,NaN,NaN,NaN,NaN
1.09090015537766,2.90782821605535,NaN,NaN,NaN,NaN
4.93455664570209,NaN,NaN,NaN,NaN,NaN
1.68273054305162,NaN,NaN,NaN,NaN,NaN
6.50657558048826,NaN,NaN,NaN,NaN,NaN
2.17244737783653,3.44633045159141,NaN,NaN,NaN,NaN
1.60706548325951,4.47777173179096,NaN,NaN,NaN,NaN
1.94661517392116,1.86430210332189,3.07132559649753,0.891378114683622,NaN,NaN
1.34130276272706,3.44213261362084,NaN,NaN,NaN,NaN
1.92772180374817,5.36335788910085,NaN,NaN,NaN,NaN
7.35977193531224,NaN,NaN,NaN,NaN,NaN
11.9999662560865,NaN,NaN,NaN,NaN,NaN
1.38792371050651,0.500000022783455,4.97992005692693,NaN,NaN,NaN
2.43352835692794,1.63442961167875,0.500000389302387,0.998678481380727,0.866241635873137,NaN
4.84112482743837,1.73941736960934,NaN,NaN,NaN,NaN
2.36786130818603,1.80173751000353,NaN,NaN,NaN,NaN
2.64509821126624,2.43597794288828,NaN,NaN,NaN,NaN
2.05257157105235,3.25201435609863,NaN,NaN,NaN,NaN
3.01882933661799,1.65431031286382,NaN,NaN,NaN,NaN
1.84914897302549,2.17667843696285,NaN,NaN,NaN,NaN
0.994503386809757,6.67955605760675,NaN,NaN,NaN,NaN
1.88725667048277,1.98763793968734,NaN,NaN,NaN,NaN
1.86393543379221,11.9999799211003,NaN,NaN,NaN,NaN
1.72767059533908,6.82204694652208,NaN,NaN,NaN,NaN
1.86702012633649,4.40577049663779,2.33080349412363,NaN,NaN,NaN
11.9987627666643,NaN,NaN,NaN,NaN,NaN
1.76439453835406,4.07995754625772,NaN,NaN,NaN,NaN
1.7438616149906,3.54965640007822,NaN,NaN,NaN,NaN
2.19828938682218,7.61540677372498,NaN,NaN,NaN,NaN
1.50994992084124,4.30439347045032,NaN,NaN,NaN,NaN
11.9999872381738,NaN,NaN,NaN,NaN,NaN
1.66364502178719,3.81605144580038,NaN,NaN,NaN,NaN
1.92924875966804,2.98816244566877,NaN,NaN,NaN,NaN
1.19386888561504,10.8897294544211,NaN,NaN,NaN,NaN
1.96351312830485,11.9996554908925,5.28840884799201,NaN,NaN,NaN
1.68837116197716,9.91407361556338,NaN,NaN,NaN,NaN
2.2694582619364,3.9963897280371,NaN,NaN,NaN,NaN
1.70946003094181,6.59644934130353,NaN,NaN,NaN,NaN
11.2848652306154,0.897430799797309,NaN,NaN,NaN,NaN
2.01669584764765,3.68073324555125,NaN,NaN,NaN,NaN
1.14229373135768,2.48709232104802,0.742975140296175,NaN,NaN,NaN
2.54193724390657,8.06272219252986,11.9999745657506,NaN,NaN,NaN
2.23803210114642,3.13582390251077,NaN,NaN,NaN,NaN
1.86812658169089,2.03377222847656,NaN,NaN,NaN,NaN
1.94436506798721,5.28090006690581,0.971804523888998,NaN,NaN,NaN
1.67306895245295,2.87676395068546,NaN,NaN,NaN,NaN
3.66102124634193,1.29520666482175,NaN,NaN,NaN,NaN
1.65069548131031,2.26730578055312,0.805801933198324,0.500000379168406,NaN,NaN
3.19557644875353,2.26491782688499,NaN,NaN,NaN,NaN
1.16290603763827,8.58981539039364,NaN,NaN,NaN,NaN
8.22071357119432,NaN,NaN,NaN,NaN,NaN
1.7897252423887,9.05159927430086,NaN,NaN,NaN,NaN
2.18850849358239,5.59457536451341,NaN,NaN,NaN,NaN
1.5342697704165,0.500000181688249,1.37840599445434,1.63994764973987,NaN,NaN
2.10307982200165,2.19008932201607,NaN,NaN,NaN,NaN
4.44924146712135,1.84917329153267,NaN,NaN,NaN,NaN
6.85830133292763,NaN,NaN,NaN,NaN,NaN
1.64249896830711,4.9040115762041,NaN,NaN,NaN,NaN
1.40684254492423,7.15983243862188,NaN,NaN,NaN,NaN
1.38519260908742,6.15542800862379,NaN,NaN,NaN,NaN
0.952058502420587,8.9537870505653,NaN,NaN,NaN,NaN
1.26317102999724,0.500000078226873,7.36567791706032,0.533567831849487,NaN,NaN
1.63808981685055,3.59218766234766,NaN,NaN,NaN,NaN
1.516354986337,9.72596820930949,NaN,NaN,NaN,NaN
1.51422644008705,6.32740144155455,NaN,NaN,NaN,NaN
2.24751205214981,2.29928825319988,NaN,NaN,NaN,NaN
2.44263947378393,2.85153273869298,NaN,NaN,NaN,NaN
1.84357974716579,5.71978830725323,NaN,NaN,NaN,NaN
2.62094262002417,3.23401076822034,NaN,NaN,NaN,NaN
1.15114202154031,8.47171159934674,NaN,NaN,NaN,NaN
1.08483333615627,5.58462231124059,NaN,NaN,NaN,NaN
1.80643354736915,3.97882544516333,NaN,NaN,NaN,NaN
1.64452979758508,4.957570041662,NaN,NaN,NaN,NaN
2.54687352221808,1.23600623320446,1.02854341630014,11.9998926875738,NaN,NaN
1.62829423622085,3.01225551113183,NaN,NaN,NaN,NaN
0.500000307742708,2.06207504726475,0.978705709712028,11.7347195907214,NaN,NaN
1.94011770548709,4.8632831406118,NaN,NaN,NaN,NaN
1.41804586205008,5.54164669337039,NaN,NaN,NaN,NaN
1.35331549310405,7.17987349590596,NaN,NaN,NaN,NaN
1.57044499774371,6.33859875338094,NaN,NaN,NaN,NaN
1.53198178049676,0.775054473715587,0.633146683687714,0.549282128144332,NaN,NaN
1.49749403036292,4.93732334812701,0.859751744674754,NaN,NaN,NaN
2.03565606185476,4.95171130739679,NaN,NaN,NaN,NaN
8.77354019671399,0.500002896070237,NaN,NaN,NaN,NaN
2.00969967029486,2.38954458548769,NaN,NaN,NaN,NaN
1.40382679998737,3.58616297096721,NaN,NaN,NaN,NaN
0.686032973772026,1.65091310688461,3.03391062165361,NaN,NaN,NaN
4.11951310523883,3.83531259087558,0.97984456160775,NaN,NaN,NaN
2.89209646928483,1.85299338054797,NaN,NaN,NaN,NaN
2.38215374004956,2.14929033978038,0.554333780475442,NaN,NaN,NaN
1.65197877332489,6.00930178402093,NaN,NaN,NaN,NaN
1.31237904633958,0.735659773925019,4.72324813996591,NaN,NaN,NaN
8.2392328201437,NaN,NaN,NaN,NaN,NaN
1.67730738263579,0.50000008687157,3.95202588299193,NaN,NaN,NaN
1.55435723822611,5.74511582699053,0.500000957990543,NaN,NaN,NaN
2.19104848416427,4.45266951126815,1.60467718653971,NaN,NaN,NaN
2.83985612616197,NaN,NaN,NaN,NaN,NaN
1.44677918807687,9.77002455267859,NaN,NaN,NaN,NaN
2.22292203126769,NaN,NaN,NaN,NaN,NaN
2.10449342246387,11.9999726475737,NaN,NaN,NaN,NaN
2.08645951967438,3.85233606247605,NaN,NaN,NaN,NaN
2.30095799092521,1.27421937517103,NaN,NaN,NaN,NaN
4.06954849538692,NaN,NaN,NaN,NaN,NaN
1.57447265727688,4.00687573747491,NaN,NaN,NaN,NaN
2.0757845801499,4.40068584753583,NaN,NaN,NaN,NaN
2.48896554486164,2.27471783638089,1.0939450106992,0.910790053002842,1.57766328066499,NaN
2.47180479194816,2.3095249547218,NaN,NaN,NaN,NaN
2.06907250646606,4.07500165936652,NaN,NaN,NaN,NaN
4.75026498952377,NaN,NaN,NaN,NaN,NaN
2.50561549837438,4.10228115549605,NaN,NaN,NaN,NaN
1.25872394715946,4.52876883385908,NaN,NaN,NaN,NaN
3.14177103345903,1.12678457693875,0.675730013035107,NaN,NaN,NaN
2.24436431802187,4.86175289386064,NaN,NaN,NaN,NaN
4.65967860313897,2.37129524626089,NaN,NaN,NaN,NaN
2.00524701465679,1.56310058965337,NaN,NaN,NaN,NaN
0.50000075867159,2.17637676735103,2.31147697345918,0.9542277659244,0.860474017855536,NaN
1.54417597204606,4.6567865732538,NaN,NaN,NaN,NaN
1.21850600508809,5.9460592796115,NaN,NaN,NaN,NaN
1.60025613726571,4.54400007109601,NaN,NaN,NaN,NaN
1.46258820371213,3.51316481578375,1.01985596807283,0.582836151787997,NaN,NaN
2.50428661640192,1.48697946596252,NaN,NaN,NaN,NaN
1.94845432200655,2.81942388087477,11.999969058986,NaN,NaN,NaN
1.7777312085834,4.11297167237466,1.27894933589094,NaN,NaN,NaN
1.54712923643797,6.56210178097606,NaN,NaN,NaN,NaN
2.03413295873876,7.36056786533027,NaN,NaN,NaN,NaN
2.35656313302024,3.56808997827892,NaN,NaN,NaN,NaN
2.88057203584499,3.30158193954792,NaN,NaN,NaN,NaN
1.280533595154,4.74038835968309,1.9307778959447,0.500001862327566,NaN,NaN
2.00241453511497,1.0398855392445,2.41706198815207,NaN,NaN,NaN
2.13264581123879,8.32293645098726,0.500000458182643,NaN,NaN,NaN
2.21395479798712,1.28856288223692,0.500000438549924,2.16166712194359,NaN,NaN
1.22336941155674,6.82475064699976,NaN,NaN,NaN,NaN
2.37625181942776,1.58960123693166,NaN,NaN,NaN,NaN
1.14612680793719,6.37911416839189,NaN,NaN,NaN,NaN
0.890477780598319,0.500005780102986,6.59758609351848,NaN,NaN,NaN
1.3233360114878,5.86707845524647,NaN,NaN,NaN,NaN
2.25114850280689,6.61860485313994,NaN,NaN,NaN,NaN
2.10297968907716,5.06244430990334,NaN,NaN,NaN,NaN
0.500000304759493,2.02205415550229,11.9999643350567,NaN,NaN,NaN
1.08674655626682,7.05528067790734,NaN,NaN,NaN,NaN
1.75867476649675,6.54143449778337,NaN,NaN,NaN,NaN
1.89449957696454,3.29630577056792,3.04616415094717,NaN,NaN,NaN
11.9999312845337,NaN,NaN,NaN,NaN,NaN
3.29768738834281,1.59989995949438,NaN,NaN,NaN,NaN
3.10586279346144,3.39845895331174,NaN,NaN,NaN,NaN
4.25864821016943,NaN,NaN,NaN,NaN,NaN
2.75970755792716,0.500000021881442,3.7643676053206,NaN,NaN,NaN
2.37161272006291,2.44299247069291,NaN,NaN,NaN,NaN
2.23540783842407,2.21025175560363,1.89686157967469,NaN,NaN,NaN
0.923164435782704,7.67474416813635,NaN,NaN,NaN,NaN
2.30557254342493,7.97562422928947,NaN,NaN,NaN,NaN
0.951968776851451,11.2638412780992,NaN,NaN,NaN,NaN
3.12836456571365,2.96831113287061,NaN,NaN,NaN,NaN
1.68397271471381,1.24056512218857,NaN,NaN,NaN,NaN
2.70222064313594,1.51052435704103,NaN,NaN,NaN,NaN
1.74718315223847,0.500000044915796,0.539152692496309,5.70422270418474,NaN,NaN
0.953521365077851,7.49206733711806,NaN,NaN,NaN,NaN
0.645064047773962,1.88928975289942,0.84772055194262,NaN,NaN,NaN
1.24988270591834,5.79010056522196,NaN,NaN,NaN,NaN
3.1908538513671,1.14904914482377,NaN,NaN,NaN,NaN
2.29536487117742,4.07490873315087,NaN,NaN,NaN,NaN
1.92273141904151,NaN,NaN,NaN,NaN,NaN
1.53857513625676,4.1332122857084,NaN,NaN,NaN,NaN
5.51065465909462,NaN,NaN,NaN,NaN,NaN
1.8412584524015,3.65214208189747,1.2046474729952,NaN,NaN,NaN
2.4685608198744,1.21581369376491,2.39907268243187,1.5339544147222,1.33885166995337,NaN
1.64274076003365,1.85656378384064,1.72658981574784,NaN,NaN,NaN
1.75021211069169,4.74408553760792,NaN,NaN,NaN,NaN
1.91820391253801,6.63431607222911,NaN,NaN,NaN,NaN
1.97963716632503,4.68250890443228,0.648556273006109,NaN,NaN,NaN
1.75446500357656,4.81990161696087,NaN,NaN,NaN,NaN
1.65724199999184,0.500001469393397,3.39357644047982,NaN,NaN,NaN
1.70321931186246,4.88730819507588,NaN,NaN,NaN,NaN
2.18964455380316,10.6363543448637,0.658076315366788,1.92434784490871,NaN,NaN
1.44364965320641,11.9987529747418,NaN,NaN,NaN,NaN
2.29920623316158,3.8306433627425,NaN,NaN,NaN,NaN
3.99977229645671,2.12646719375178,NaN,NaN,NaN,NaN
1.51025102674721,6.62283643291404,NaN,NaN,NaN,NaN
1.86325432751033,2.87963043560643,NaN,NaN,NaN,NaN
1.5302322862989,5.44499487753384,NaN,NaN,NaN,NaN
1.86422304199775,2.76116518364223,0.635478665339,2.27359972597909,NaN,NaN
6.34756156536474,NaN,NaN,NaN,NaN,NaN
2.20585001140583,3.39739273317931,NaN,NaN,NaN,NaN
2.60057707357473,3.12519287953275,NaN,NaN,NaN,NaN
1.81783177323071,5.59493329384229,NaN,NaN,NaN,NaN
2.52687510003736,4.07649816421358,NaN,NaN,NaN,NaN
1.72730366862654,2.77768153786645,NaN,NaN,NaN,NaN
1.10675753677218,10.6207221417069,NaN,NaN,NaN,NaN
3.33000867950724,5.45354606475594,NaN,NaN,NaN,NaN
8.92150951130927,1.16833122514941,NaN,NaN,NaN,NaN
1.13607155577711,1.36409035969585,3.83690892335051,NaN,NaN,NaN
1.32371893251123,0.520347218643029,NaN,NaN,NaN,NaN
1.85530924128118,2.98874590355668,0.640593257815653,NaN,NaN,NaN
1.53213578130662,NaN,NaN,NaN,NaN,NaN
1.45044274921812,10.8547812759013,NaN,NaN,NaN,NaN
1.48455219192422,6.10250121244073,NaN,NaN,NaN,NaN
1.86108729664958,NaN,NaN,NaN,NaN,NaN
2.18784247145368,2.93091207069877,NaN,NaN,NaN,NaN
2.26090992885332,NaN,NaN,NaN,NaN,NaN
1.16970825272915,4.22724930108665,NaN,NaN,NaN,NaN
1.53136797757608,5.05323600908586,0.500000051487364,NaN,NaN,NaN
0.913237938290892,5.78363570942803,1.11969776830729,0.500000237873064,NaN,NaN
1.89476309796216,2.11624971110363,NaN,NaN,NaN,NaN
0.797372453927742,1.52274287316915,2.69262447070576,NaN,NaN,NaN
1.525713232718,4.43079287528323,NaN,NaN,NaN,NaN
2.18547926548617,4.33782015851925,NaN,NaN,NaN,NaN
1.45599023494082,6.03466070587722,NaN,NaN,NaN,NaN
2.64202368288496,1.6526846384141,1.61907066652098,NaN,NaN,NaN
3.51730220769679,0.500000393060475,1.15357375112568,0.680712359240223,NaN,NaN
1.90245438033957,3.57765670719096,NaN,NaN,NaN,NaN
1.74738416209994,1.28076899368727,NaN,NaN,NaN,NaN
3.39636551110372,6.66639992350276,0.666838055353987,1.35574054105884,NaN,NaN
5.18014634381939,3.11543965074422,11.9999828324684,NaN,NaN,NaN
2.10873352593693,5.98141560877958,NaN,NaN,NaN,NaN
1.90628287256999,3.70747838206093,5.13780751347699,NaN,NaN,NaN
2.10046217877775,8.03629024036751,NaN,NaN,NaN,NaN
1.46991524156026,1.97751395231608,2.11004707709205,NaN,NaN,NaN
1.96927439291264,4.84520268781597,NaN,NaN,NaN,NaN
1.62291564829347,5.10911965423795,NaN,NaN,NaN,NaN
1.60099565607309,0.666827157772552,4.28880679003751,NaN,NaN,NaN
1.69921429978414,7.79686891342332,NaN,NaN,NaN,NaN
1.82778710586915,0.778692289287472,4.56561289910166,NaN,NaN,NaN
1.81836412285793,3.12278743793845,NaN,NaN,NaN,NaN
1.77479647644217,6.84488354031245,NaN,NaN,NaN,NaN
1.77970068687266,2.54334354104903,NaN,NaN,NaN,NaN
1.75336331663063,4.78030251900686,NaN,NaN,NaN,NaN
2.12225745910197,3.28116533948898,0.574999510212685,NaN,NaN,NaN
1.84555085797151,2.13599940092331,NaN,NaN,NaN,NaN
2.72228402090805,0.500000018111991,0.500000223572578,0.636261868458665,2.31389220527989,NaN
9.19384267052807,NaN,NaN,NaN,NaN,NaN
2.3947789547252,NaN,NaN,NaN,NaN,NaN
1.90094912349415,4.3123910043972,NaN,NaN,NaN,NaN
2.63865012766404,5.70652440990352,NaN,NaN,NaN,NaN
1.96374611510195,3.39812100938228,NaN,NaN,NaN,NaN
1.67777396958395,4.96776556379925,NaN,NaN,NaN,NaN
2.19895620355598,2.53876769475014,1.56985286508201,NaN,NaN,NaN
10.8313160842696,NaN,NaN,NaN,NaN,NaN
1.74110121894125,5.94232594480473,NaN,NaN,NaN,NaN
1.51800381281219,4.56947097329464,0.500000100795865,NaN,NaN,NaN
1.87123081292324,4.43489746152133,NaN,NaN,NaN,NaN
0.753759346240069,11.1712895270123,NaN,NaN,NaN,NaN
1.50566227969796,4.5243586213953,NaN,NaN,NaN,NaN
1.74956918334782,10.9926506438685,8.69969020098085,NaN,NaN,NaN
1.7331495368856,3.04867275041856,NaN,NaN,NaN,NaN
1.62554653743176,3.92625694257767,NaN,NaN,NaN,NaN
1.70011490347613,2.7879441545569,6.37771140116405,0.738379678303396,NaN,NaN
0.884534819528501,4.48540679330527,NaN,NaN,NaN,NaN
2.69060233338059,4.16860436623145,NaN,NaN,NaN,NaN
1.8608243423481,0.578495693438988,2.21695748163544,11.999440719335,NaN,NaN
1.15883628591287,5.04999959313858,NaN,NaN,NaN,NaN
1.68777056892777,5.49206535616223,NaN,NaN,NaN,NaN
1.39001711878793,4.00344982641071,NaN,NaN,NaN,NaN
2.23740051205191,3.46375536458723,NaN,NaN,NaN,NaN
2.01494237077749,0.50000073462307,1.51139303610803,NaN,NaN,NaN
2.21374460689957,NaN,NaN,NaN,NaN,NaN
2.10055601710662,0.500034295033781,0.500005637348637,2.49863156909605,NaN,NaN
1.64678279691235,2.65024499633754,NaN,NaN,NaN,NaN
2.16671610081248,5.07970514011732,0.933261553586787,NaN,NaN,NaN
1.44794807153014,4.38599017071852,NaN,NaN,NaN,NaN
1.86173059925439,1.23065266914072,NaN,NaN,NaN,NaN
0.639800079220318,6.05753309328294,NaN,NaN,NaN,NaN
2.16789361823203,2.90488236503217,NaN,NaN,NaN,NaN
1.70608783026754,2.50189700732847,NaN,NaN,NaN,NaN
1.70773620134269,4.33369390562647,NaN,NaN,NaN,NaN
0.771824236313111,5.27401329176601,NaN,NaN,NaN,NaN
1.13249571350552,4.23853990962236,NaN,NaN,NaN,NaN
1.98653102935007,0.751800415710568,11.7513599035811,3.28168788608352,NaN,NaN
6.3402303780475,NaN,NaN,NaN,NaN,NaN
0.92726651251685,0.500002530046724,4.41446693213253,0.500000611898734,NaN,NaN
2.05896714729361,6.92260260326025,NaN,NaN,NaN,NaN
1.72906450099374,1.32767551503606,0.500000049798859,NaN,NaN,NaN
0.520964595178977,7.46935688655893,NaN,NaN,NaN,NaN
1.50868206482887,6.42406400532438,NaN,NaN,NaN,NaN
1.46193055841643,2.0965947822615,1.57877051431807,4.23363729388834,NaN,NaN
2.32312251742517,2.41136779779742,NaN,NaN,NaN,NaN
1.65165045580284,6.64023640139743,NaN,NaN,NaN,NaN
2.90304993784534,1.68289713148664,NaN,NaN,NaN,NaN
2.06415419196067,3.74297488417196,NaN,NaN,NaN,NaN
1.24572745790884,4.54634732572389,NaN,NaN,NaN,NaN
1.75902275353113,2.47725295188418,NaN,NaN,NaN,NaN
1.79647796809557,NaN,NaN,NaN,NaN,NaN
1.7345197076216,5.30855355932682,NaN,NaN,NaN,NaN
1.94794013977871,2.89192775144732,NaN,NaN,NaN,NaN
1.02522715845887,11.9999293935951,0.78760828788359,NaN,NaN,NaN
2.57283948010543,2.09185263523914,NaN,NaN,NaN,NaN
1.43586550613897,9.59529299556156,0.51874913527777,0.500000459526233,1.14711358255034,0.982227471501834
1.7446849258902,3.40401530243169,NaN,NaN,NaN,NaN
1.19714145691438,7.67829728074099,NaN,NaN,NaN,NaN
1.39471721805611,3.8739537559204,NaN,NaN,NaN,NaN
1.82828913462035,0.500030408828593,3.06387400370464,NaN,NaN,NaN
2.27801690323401,NaN,NaN,NaN,NaN,NaN
2.0260036330204,5.30930934482811,NaN,NaN,NaN,NaN
1.92267296617866,3.61611698346038,NaN,NaN,NaN,NaN
1.46724707668847,2.2770981320866,0.90543003672196,NaN,NaN,NaN
1.53378658276594,6.26807876343597,NaN,NaN,NaN,NaN
1.40098301942247,6.35395525341937,NaN,NaN,NaN,NaN
3.82901159929895,NaN,NaN,NaN,NaN,NaN
2.03896940780688,4.7177077003302,NaN,NaN,NaN,NaN
1.24349053192875,0.896334611699068,2.89838891631406,0.70084659825323,1.33129303899911,1.01978198550196
1.86714164654528,2.92176110780956,NaN,NaN,NaN,NaN
1.16188864601632,6.86336894870427,NaN,NaN,NaN,NaN
0.500005238197308,7.16297593376137,NaN,NaN,NaN,NaN
1.59728245839065,1.71567064833909,2.26507438187894,NaN,NaN,NaN
1.57616007758195,2.84003695679432,NaN,NaN,NaN,NaN
1.11984083868623,8.35231419095484,0.865949032553731,NaN,NaN,NaN
1.6625158796267,5.28167228724084,NaN,NaN,NaN,NaN
1.45129837983111,8.38143425267528,NaN,NaN,NaN,NaN
11.6126906724071,NaN,NaN,NaN,NaN,NaN
1.54385941572745,8.80784297829037,0.500000368707294,NaN,NaN,NaN
2.26243321755579,4.80930077945722,NaN,NaN,NaN,NaN
8.82829585964014,NaN,NaN,NaN,NaN,NaN
1.82461432432624,8.95089745436844,NaN,NaN,NaN,NaN
1.99913717987887,3.54398705587291,NaN,NaN,NaN,NaN
2.09033996852524,0.943582712399334,NaN,NaN,NaN,NaN
2.29527557240424,3.85148707422074,NaN,NaN,NaN,NaN
1.6842647767601,0.500036216663202,NaN,NaN,NaN,NaN
1.53809992355464,3.15970287629227,NaN,NaN,NaN,NaN
2.36787121952115,4.68156151374363,NaN,NaN,NaN,NaN
1.44882762939141,4.04307682249947,NaN,NaN,NaN,NaN
1.65504343247037,5.78792652718019,NaN,NaN,NaN,NaN
2.85590067306362,3.65661153763089,NaN,NaN,NaN,NaN
2.11161363840277,2.91195147165278,NaN,NaN,NaN,NaN
3.16593862639204,0.673944642566215,0.76480190754323,0.500000502649706,NaN,NaN
3.37399967066856,2.32317523419235,NaN,NaN,NaN,NaN
0.706661662871812,1.87594482509079,NaN,NaN,NaN,NaN
1.5669537885188,8.85259099044642,1.1853972591786,NaN,NaN,NaN
2.03960701443091,NaN,NaN,NaN,NaN,NaN
0.814025935749918,6.29818447680495,1.8074538924127,NaN,NaN,NaN
2.22307506172798,5.14867232119957,NaN,NaN,NaN,NaN
1.1344324227472,4.25057707819269,NaN,NaN,NaN,NaN
1.72839415187196,2.53134868432065,NaN,NaN,NaN,NaN
3.27266401680919,NaN,NaN,NaN,NaN,NaN
1.96914804643088,2.26239758601114,0.614994344653872,NaN,NaN,NaN
1.85914811604259,3.72096122694861,NaN,NaN,NaN,NaN
3.27556274108772,1.88103480086507,3.12679938914704,2.66503997491339,0.859220202426766,NaN
1.62102398347189,5.41497800835164,NaN,NaN,NaN,NaN
1.98554925841524,4.91048275468299,NaN,NaN,NaN,NaN
1.45914149201482,5.49648290472461,NaN,NaN,NaN,NaN
1.55147283071024,2.70427462966214,NaN,NaN,NaN,NaN
9.79057838957734,NaN,NaN,NaN,NaN,NaN
2.03613754077263,3.47604468943022,NaN,NaN,NaN,NaN
3.05772047041931,2.67202940728528,NaN,NaN,NaN,NaN
1.77942547469768,0.500000051270419,5.93700029327445,NaN,NaN,NaN
2.81795224286319,3.83142138907631,11.9999727200797,NaN,NaN,NaN
2.06414276197602,3.70047946681408,0.973786352243361,NaN,NaN,NaN
6.04714443856079,2.11794617077161,NaN,NaN,NaN,NaN
1.8058701116251,NaN,NaN,NaN,NaN,NaN
0.830447463823465,7.59917564697651,NaN,NaN,NaN,NaN
1.88530647197603,3.55560587869295,NaN,NaN,NaN,NaN
2.00956534636768,NaN,NaN,NaN,NaN,NaN
1.7891972019698,6.87678721342202,NaN,NaN,NaN,NaN
1.45244394834712,1.96932026614583,4.2220794390819,NaN,NaN,NaN
1.53302591779985,4.10284448869441,NaN,NaN,NaN,NaN
0.724735525358001,1.24737568298426,6.04246717902479,1.89489951485585,NaN,NaN
7.4473405213828,NaN,NaN,NaN,NaN,NaN
2.33977377422828,7.40526699833463,3.04047435233192,NaN,NaN,NaN
1.74240715001488,11.2171500162723,NaN,NaN,NaN,NaN
1.49108069886038,2.48769678073735,NaN,NaN,NaN,NaN
0.601093632169119,11.9998998742671,NaN,NaN,NaN,NaN
2.15898735385772,2.80560792617485,NaN,NaN,NaN,NaN
5.18135254814399,NaN,NaN,NaN,NaN,NaN
3.70613733681829,2.0158410332378,3.94579722766001,NaN,NaN,NaN
2.07097207165399,4.13213964270363,NaN,NaN,NaN,NaN
1.48434609863434,7.88870195153798,NaN,NaN,NaN,NaN
0.65980122969563,3.00901621564808,8.6358303826801,NaN,NaN,NaN
1.62644317148038,8.74255906166157,NaN,NaN,NaN,NaN
1.50178617149435,2.84514527145106,NaN,NaN,NaN,NaN
6.30141355531187,NaN,NaN,NaN,NaN,NaN
2.07012582086148,3.11871634610399,NaN,NaN,NaN,NaN
2.08245571354633,NaN,NaN,NaN,NaN,NaN
2.50037617151937,4.64487478857544,0.500000031002177,NaN,NaN,NaN
2.60670212095753,3.02774369112367,NaN,NaN,NaN,NaN
2.41226657961401,2.9329567925616,NaN,NaN,NaN,NaN
1.0986109014519,1.50903871178672,4.62652720377584,NaN,NaN,NaN
2.46483223870693,4.40280709361124,NaN,NaN,NaN,NaN
1.37951799426513,5.53417431728499,NaN,NaN,NaN,NaN
1.92102625664226,3.20735568347532,NaN,NaN,NaN,NaN
1.71144191761854,1.12450455091788,1.7533886117715,0.500000010959088,NaN,NaN
1.65127142783391,8.22639470992858,NaN,NaN,NaN,NaN
7.1101590467394,NaN,NaN,NaN,NaN,NaN
1.60910983265801,3.59255377996191,NaN,NaN,NaN,NaN
1.74106898574543,1.3956229383987,NaN,NaN,NaN,NaN
1.89260191511738,8.1353641582492,NaN,NaN,NaN,NaN
2.19657867822974,2.6957773361691,NaN,NaN,NaN,NaN
2.00699962909692,4.00743535741524,0.500002885038479,NaN,NaN,NaN
1.78380398614342,3.61229549863407,NaN,NaN,NaN,NaN
5.93744355982857,NaN,NaN,NaN,NaN,NaN
0.761356454585601,5.41874338185892,NaN,NaN,NaN,NaN
6.58381156804456,NaN,NaN,NaN,NaN,NaN
0.741329470615002,8.54361835125397,NaN,NaN,NaN,NaN
2.5010612104061,3.03461961204094,0.745238477946804,NaN,NaN,NaN
2.1068476230496,3.01601106836387,NaN,NaN,NaN,NaN
1.90145750473731,2.90091512841079,NaN,NaN,NaN,NaN
1.48360491932964,0.500000009884346,7.35910011881178,NaN,NaN,NaN
1.60761310034853,3.7193295664481,NaN,NaN,NaN,NaN
1.43409321315458,2.59934501287299,NaN,NaN,NaN,NaN
1.47805458197205,8.41233600539461,NaN,NaN,NaN,NaN
1.27838613436664,11.179400320827,5.76071905697465,NaN,NaN,NaN
3.38247293935693,NaN,NaN,NaN,NaN,NaN
2.73144063061287,2.55952594002791,NaN,NaN,NaN,NaN
2.34604818537332,1.90029509123911,NaN,NaN,NaN,NaN
2.94521372507199,NaN,NaN,NaN,NaN,NaN
1.03882111112901,1.437379193212,NaN,NaN,NaN,NaN
2.80594753306271,4.36179006008447,NaN,NaN,NaN,NaN
0.810756975134052,8.02161333033886,0.510047823217278,NaN,NaN,NaN
1.6627880955899,4.17257597727689,NaN,NaN,NaN,NaN
2.71666874409402,1.80467888718835,NaN,NaN,NaN,NaN
1.8379978918245,0.500002339801575,NaN,NaN,NaN,NaN
1.70829413159764,2.51381222150865,NaN,NaN,NaN,NaN
1.91703546704372,2.50556655466278,NaN,NaN,NaN,NaN
2.57953901954833,2.63966493985809,NaN,NaN,NaN,NaN
11.1551698534282,NaN,NaN,NaN,NaN,NaN
2.94600857483944,1.18109416468561,NaN,NaN,NaN,NaN
2.25136834805312,2.35711902312705,NaN,NaN,NaN,NaN
1.76472684850973,6.80018044419161,NaN,NaN,NaN,NaN
1.25145580809579,11.9999996581518,NaN,NaN,NaN,NaN
1.37342570346278,3.28911501596039,NaN,NaN,NaN,NaN
3.52643657762448,1.27811391480764,NaN,NaN,NaN,NaN
0.953930857797663,5.88683472299162,NaN,NaN,NaN,NaN
2.4968107443377,5.45175150306287,NaN,NaN,NaN,NaN
2.37231822876626,2.50392470662605,NaN,NaN,NaN,NaN
2.28333170609516,2.04721968220162,1.00777636565843,NaN,NaN,NaN
2.8786364306372,NaN,NaN,NaN,NaN,NaN
1.36658467799896,3.561021999586,NaN,NaN,NaN,NaN
1.55380503652753,5.8124572068777,NaN,NaN,NaN,NaN
1.85886782663844,0.500000036057622,3.8223748033563,NaN,NaN,NaN
2.13417972209044,3.51969242533323,NaN,NaN,NaN,NaN
5.66247430337846,NaN,NaN,NaN,NaN,NaN
1.74032513115544,2.16577757853522,2.81807339961064,NaN,NaN,NaN
1.60526401077267,6.03801826740435,NaN,NaN,NaN,NaN
2.33651651837351,0.89195676771123,1.94155487539402,NaN,NaN,NaN
1.38104797919872,4.14224610411032,NaN,NaN,NaN,NaN
1.50649825161145,4.90394421682608,NaN,NaN,NaN,NaN
1.20196871430675,6.21180155288354,0.627433703070454,NaN,NaN,NaN
2.37725468335584,5.00585742893323,0.722667983130967,11.880280361148,NaN,NaN
1.26832426246134,3.14359050975737,NaN,NaN,NaN,NaN
2.11099216577153,NaN,NaN,NaN,NaN,NaN
2.83428762731291,2.73998741234386,NaN,NaN,NaN,NaN
2.44189766870274,5.99103504731439,NaN,NaN,NaN,NaN
1.63518342803955,5.56459058957386,NaN,NaN,NaN,NaN
2.76020044621809,5.45932411847789,11.2626517047638,NaN,NaN,NaN
1.14102564373522,3.54798077218914,NaN,NaN,NaN,NaN
4.20939862194121,0.500000843125171,2.03155332187794,NaN,NaN,NaN
2.74618650183073,1.75258594375371,NaN,NaN,NaN,NaN
1.41940052528456,2.33055383893082,1.59603105119614,NaN,NaN,NaN
0.889827512433037,6.99032516903356,1.69843860598956,NaN,NaN,NaN
5.02174205296302,1.79406501577339,NaN,NaN,NaN,NaN
1.71102705961118,8.71968434370718,2.14068252548722,NaN,NaN,NaN
1.63189874245426,4.25434794557774,NaN,NaN,NaN,NaN
1.47977010861741,3.60247110111994,NaN,NaN,NaN,NaN
1.62513662111086,0.500000410403616,5.82939395333771,NaN,NaN,NaN
2.6036770991603,5.15258184588218,NaN,NaN,NaN,NaN
0.938566207587878,0.500000617259571,2.81253983805464,NaN,NaN,NaN
1.20253112301576,6.04671121452314,NaN,NaN,NaN,NaN
1.54946266513859,5.34408313714378,NaN,NaN,NaN,NaN
1.49420176021229,6.89051641790726,NaN,NaN,NaN,NaN
0.871224879753221,4.6538084815556,0.637192402594578,NaN,NaN,NaN
2.25927927049949,1.88103736975086,0.626625423437548,0.500003531428249,NaN,NaN
1.75814075567703,3.62700590293392,NaN,NaN,NaN,NaN
1.94547914103785,4.97808329386638,0.500000701903208,NaN,NaN,NaN
2.00838270363976,3.80695826740865,NaN,NaN,NaN,NaN
1.16805772492124,5.18664748326064,NaN,NaN,NaN,NaN
2.27555508060693,5.2281455834314,NaN,NaN,NaN,NaN
2.70473347580556,6.22281745184681,NaN,NaN,NaN,NaN
0.911744184654994,11.4767704357532,NaN,NaN,NaN,NaN
1.06058526705933,0.729961872132538,3.86115830029027,NaN,NaN,NaN
2.32733267875786,4.38231234021693,5.31534455476142,NaN,NaN,NaN
1.80304660080152,3.28221815868731,NaN,NaN,NaN,NaN
3.08095453002894,5.04202748757128,8.05524861342989,NaN,NaN,NaN
2.00724762953504,3.83376092110628,NaN,NaN,NaN,NaN
1.70905577795372,2.5460152489196,0.680583048885532,NaN,NaN,NaN
1.83911200983876,0.591424718669586,0.821342181135374,4.56260842729304,NaN,NaN
1.81036840952742,2.77849488665393,NaN,NaN,NaN,NaN
1.79401876268075,4.19341530453312,NaN,NaN,NaN,NaN
2.21752203878831,2.02686483981063,NaN,NaN,NaN,NaN
1.35028848538722,7.50857831990289,0.629210390548324,NaN,NaN,NaN
1.9664766634518,5.98342347112367,1.5155617710179,NaN,NaN,NaN
1.44189284726659,6.35350199498398,NaN,NaN,NaN,NaN
1.29973895493749,0.851958804311885,0.500000735298199,0.617206538713335,NaN,NaN
1.69986167667686,7.10943292320596,NaN,NaN,NaN,NaN
3.19244544596564,2.75215289015802,NaN,NaN,NaN,NaN
6.58079380708256,NaN,NaN,NaN,NaN,NaN
0.82047046228399,3.38783647229636,NaN,NaN,NaN,NaN
0.936957745253255,7.19817420089427,NaN,NaN,NaN,NaN
1.69070070860905,4.3050540774456,NaN,NaN,NaN,NaN
1.6378165194009,2.46387377762646,NaN,NaN,NaN,NaN
8.22429995166611,NaN,NaN,NaN,NaN,NaN
0.898595298250625,11.999953212219,NaN,NaN,NaN,NaN
1.24558734297893,8.41362451549386,NaN,NaN,NaN,NaN
2.49510812144138,0.674382918073074,NaN,NaN,NaN,NaN
1.77777193690841,3.38765064938161,NaN,NaN,NaN,NaN
2.50752500481375,1.23916186466962,NaN,NaN,NaN,NaN
1.85925702036495,4.37233911487395,NaN,NaN,NaN,NaN
2.71936947852745,2.50088054897309,NaN,NaN,NaN,NaN
1.68916480232874,4.14363731369867,NaN,NaN,NaN,NaN
2.0901658538199,2.78656915140897,NaN,NaN,NaN,NaN
1.7610395943491,4.82743270207956,NaN,NaN,NaN,NaN
1.84010238321025,3.29593853252476,NaN,NaN,NaN,NaN
1.87341859322726,4.06857683550351,NaN,NaN,NaN,NaN
2.16074761572665,3.78976491772795,NaN,NaN,NaN,NaN
1.33955308542096,5.08545425918702,NaN,NaN,NaN,NaN
1.67976912087767,0.622289488588132,5.92859636736668,NaN,NaN,NaN
2.03633658837706,2.33868069316348,NaN,NaN,NaN,NaN
1.77133819368255,5.71642666896769,NaN,NaN,NaN,NaN
1.66007273573173,3.02940106550991,NaN,NaN,NaN,NaN
1.74286969731054,4.09288582833492,NaN,NaN,NaN,NaN
1.20981503261882,8.63737353041197,NaN,NaN,NaN,NaN
0.982949721419399,8.50175232579633,NaN,NaN,NaN,NaN
0.73357250248882,6.0179704935277,NaN,NaN,NaN,NaN
0.805802564977878,11.8398982571143,NaN,NaN,NaN,NaN
1.42433318219739,4.76253189718672,NaN,NaN,NaN,NaN
2.47996604628183,3.53571140876709,0.84225457354539,3.38395419094905,NaN,NaN
0.659685044787002,7.71878393348527,NaN,NaN,NaN,NaN
1.64235126179684,6.84854261117738,NaN,NaN,NaN,NaN
8.87470579544089,NaN,NaN,NaN,NaN,NaN
2.36930410073392,3.99240122872483,NaN,NaN,NaN,NaN
1.97017660896092,3.86295974706016,NaN,NaN,NaN,NaN
1.91819492546006,3.34479890011471,NaN,NaN,NaN,NaN
0.763941234952532,11.9999780756875,0.699654565362385,NaN,NaN,NaN
1.68230167900832,3.81576633135425,NaN,NaN,NaN,NaN
2.65240845423716,4.31332489650318,NaN,NaN,NaN,NaN
2.12472107419756,0.964612066496023,9.30076478272449,1.49304500724088,NaN,NaN
0.648611668748197,6.59885653445238,NaN,NaN,NaN,NaN
1.2599830709456,7.29665944780749,NaN,NaN,NaN,NaN
1.84749125922202,5.19313648688137,NaN,NaN,NaN,NaN
1.41901922672538,6.60698422909638,NaN,NaN,NaN,NaN
1.80199814532131,9.24286945294027,1.09730270023411,NaN,NaN,NaN
1.63793851508344,3.43324725846651,NaN,NaN,NaN,NaN
2.41065380819536,2.18077191227999,NaN,NaN,NaN,NaN
1.40149718365396,11.9999707756667,0.99122854222305,NaN,NaN,NaN
1.60089139227675,4.32912261357288,0.584729092599116,0.51291233581056,NaN,NaN
1.54807192422339,9.70955341405306,NaN,NaN,NaN,NaN
2.388574189738,7.67204328691853,NaN,NaN,NaN,NaN
1.92987235321111,7.2520543202515,NaN,NaN,NaN,NaN
1.86100044316464,7.23199040261379,NaN,NaN,NaN,NaN
1.76221109883119,0.702711709059895,4.46703921757756,NaN,NaN,NaN
0.602942538669326,1.75754222914135,4.55202984452006,NaN,NaN,NaN
1.96737898037096,1.49254235577781,0.500001456294865,1.29396891109652,NaN,NaN
1.9016995836608,2.68010588851714,NaN,NaN,NaN,NaN
1.67593946275318,1.92128838215078,0.799776025216967,2.71136375830649,NaN,NaN
1.86389203748108,3.15478372201626,NaN,NaN,NaN,NaN
1.34208803984986,11.389828511181,NaN,NaN,NaN,NaN
1.66434703925644,10.3186048145739,NaN,NaN,NaN,NaN
1.94639984360813,2.58009138780514,NaN,NaN,NaN,NaN
0.967140286006997,0.500002292134404,6.84170661621927,NaN,NaN,NaN
9.55516541652016,NaN,NaN,NaN,NaN,NaN
1.8614928446458,2.07498991557121,NaN,NaN,NaN,NaN
1.32854732176839,3.27466413026962,7.96339156211753,0.877785602318351,NaN,NaN
0.500000588911139,2.41457641417154,4.82369409933494,NaN,NaN,NaN
2.04871097762264,NaN,NaN,NaN,NaN,NaN
2.11013355040859,1.63345209383384,1.30014482314926,0.500000425299661,0.614155570841016,NaN
1.64204630446491,NaN,NaN,NaN,NaN,NaN
2.73458341921874,3.27522776433771,NaN,NaN,NaN,NaN
3.59419482189866,3.24386820461513,NaN,NaN,NaN,NaN
1.73356913349016,3.57509861608558,NaN,NaN,NaN,NaN
1.22866413403516,8.3636994172998,NaN,NaN,NaN,NaN
1.45514886404652,6.12292847253227,NaN,NaN,NaN,NaN
7.99284628847073,NaN,NaN,NaN,NaN,NaN
2.05390359190741,4.11752913493051,2.65171854666905,NaN,NaN,NaN
1.26476556195968,5.90633279644224,NaN,NaN,NaN,NaN
2.72431250853916,0.500000019462746,0.772138615071617,3.49848431065818,NaN,NaN
5.93349468201191,NaN,NaN,NaN,NaN,NaN
2.46894005204124,4.36213552652993,NaN,NaN,NaN,NaN
2.25553204996896,4.7852702558525,NaN,NaN,NaN,NaN
1.32421835072431,7.7971306904931,NaN,NaN,NaN,NaN
1.72038190213888,3.29570294759874,NaN,NaN,NaN,NaN
1.71392570664867,6.7846699212725,NaN,NaN,NaN,NaN
1.7795590646594,6.11795921271332,NaN,NaN,NaN,NaN
2.01570779369423,7.92532923378843,0.589068319277694,NaN,NaN,NaN
1.89066939215735,5.8076609404085,NaN,NaN,NaN,NaN
1.36399970312219,8.63564082198986,NaN,NaN,NaN,NaN
2.26030923413233,2.90497943455683,NaN,NaN,NaN,NaN
3.03934916915342,3.94649652096891,NaN,NaN,NaN,NaN
2.10734294641865,NaN,NaN,NaN,NaN,NaN
2.20610279340424,10.0299049661586,NaN,NaN,NaN,NaN
3.17106417685566,1.14954165254176,NaN,NaN,NaN,NaN
2.57695503786507,0.500000400680351,2.77802214343513,NaN,NaN,NaN
0.621218554415608,6.82289467539655,NaN,NaN,NaN,NaN
1.52735890511355,11.0262280658382,NaN,NaN,NaN,NaN
1.97535598301874,6.35328319181348,NaN,NaN,NaN,NaN
1.83383262347878,2.91605169355874,NaN,NaN,NaN,NaN
2.66501668610464,2.80718295694466,NaN,NaN,NaN,NaN
2.03649599136738,3.91671500990171,1.97639486820245,NaN,NaN,NaN
1.89716207962857,2.68322913192222,NaN,NaN,NaN,NaN
1.0993245183336,6.63095515875011,NaN,NaN,NaN,NaN
2.6345714995812,1.32895975059384,1.73728186347798,NaN,NaN,NaN
2.25310159011977,2.3229227502259,NaN,NaN,NaN,NaN
2.21310189701169,2.00785468535352,NaN,NaN,NaN,NaN
1.11390966466259,6.21642301009076,NaN,NaN,NaN,NaN
3.10631364785049,1.43128959226797,6.09602095513691,NaN,NaN,NaN
2.49126631778502,0.50000006707353,3.70602387227403,2.16159692922729,NaN,NaN
2.15157788773217,3.11172247329587,NaN,NaN,NaN,NaN
1.14363954248613,6.34036225059653,0.500002583910842,NaN,NaN,NaN
1.67206303061139,2.6920805922781,NaN,NaN,NaN,NaN
3.84013435983716,NaN,NaN,NaN,NaN,NaN
2.31110636124917,3.4427495471439,0.548287701584062,1.56553145949521,0.611545022235696,NaN
7.58815765630933,NaN,NaN,NaN,NaN,NaN
1.77342394665573,8.05595624675508,NaN,NaN,NaN,NaN
1.98261659863481,3.9504642102786,NaN,NaN,NaN,NaN
1.4855036080133,3.89755174950962,NaN,NaN,NaN,NaN
1.56783250905306,5.24770883334337,0.755779517853211,NaN,NaN,NaN
2.1846070084705,0.500000169889039,3.29468227320317,NaN,NaN,NaN
1.55200325999138,7.04871936882332,NaN,NaN,NaN,NaN
1.5369657653629,6.06303887969799,NaN,NaN,NaN,NaN
1.6336802481835,0.500000013823813,2.93357942884053,NaN,NaN,NaN
4.64923462018844,NaN,NaN,NaN,NaN,NaN
1.64444948468869,4.49110253922824,0.701703551150198,NaN,NaN,NaN
2.00928743605765,4.76470607246805,NaN,NaN,NaN,NaN
1.68720306385463,6.0224306353832,NaN,NaN,NaN,NaN
1.53249535009501,3.644291359361,NaN,NaN,NaN,NaN
2.22853544381798,NaN,NaN,NaN,NaN,NaN
6.41909968334958,NaN,NaN,NaN,NaN,NaN
1.79105684668701,0.500000039658643,9.66170739968627,NaN,NaN,NaN
1.83532810232978,3.61566951653342,NaN,NaN,NaN,NaN
1.66847223475231,7.21049572291228,NaN,NaN,NaN,NaN
2.24685350767366,4.05538240386056,NaN,NaN,NaN,NaN
1.21645752259613,6.54554836468869,NaN,NaN,NaN,NaN
2.0495985458001,2.08894011757127,5.20483578188913,NaN,NaN,NaN
1.59241891340145,8.53276656259461,NaN,NaN,NaN,NaN
2.65426999492153,5.5603224714409,NaN,NaN,NaN,NaN
6.43229755303748,NaN,NaN,NaN,NaN,NaN
1.66673104692584,9.12754195638905,NaN,NaN,NaN,NaN
2.32022361413882,2.91494445922771,0.500084289492983,NaN,NaN,NaN
2.73846483476415,0.964034429588704,NaN,NaN,NaN,NaN
1.77831961218116,5.01718709775433,NaN,NaN,NaN,NaN
2.27004411567956,2.6099179585295,NaN,NaN,NaN,NaN
1.98577252572958,3.56687608659624,NaN,NaN,NaN,NaN
0.796605617786028,11.9999543286421,NaN,NaN,NaN,NaN
1.76026290871315,7.3787013997684,NaN,NaN,NaN,NaN
0.849919004599356,7.75459721944441,NaN,NaN,NaN,NaN
1.74294309529718,2.9343559037224,NaN,NaN,NaN,NaN
1.88205901627564,1.87548620284285,NaN,NaN,NaN,NaN
2.34017486044158,NaN,NaN,NaN,NaN,NaN
6.49167405710028,NaN,NaN,NaN,NaN,NaN
1.52474540472763,3.54515402607303,NaN,NaN,NaN,NaN
1.85695424768333,1.12071347310785,NaN,NaN,NaN,NaN
1.91168053051616,4.0825399223227,NaN,NaN,NaN,NaN
1.55356629824634,3.01542540813238,NaN,NaN,NaN,NaN
2.52547167761656,4.49360281971544,NaN,NaN,NaN,NaN
0.93157522764375,2.8436346984973,3.18635638652545,NaN,NaN,NaN
2.11509455305713,4.31432865826245,NaN,NaN,NaN,NaN
3.18737982206078,NaN,NaN,NaN,NaN,NaN
2.42760467022385,0.500000033164153,2.43664006600612,NaN,NaN,NaN
2.77456420097566,0.50000027343498,0.500000116893099,2.68668891448785,NaN,NaN
3.97146142615241,2.11884383487319,NaN,NaN,NaN,NaN
1.44700074973855,2.97155316037272,0.615882905493875,NaN,NaN,NaN
1.73513074266184,3.86996318992092,NaN,NaN,NaN,NaN
4.02020092072493,NaN,NaN,NaN,NaN,NaN
2.2330539599287,5.75107245035738,NaN,NaN,NaN,NaN
1.86768521148985,4.09675074729363,NaN,NaN,NaN,NaN
1.63773852255476,4.02309509822178,9.39531799113701,3.96898906286897,NaN,NaN
6.88225833258585,NaN,NaN,NaN,NaN,NaN
2.49773353565124,0.904988078213932,10.690407454764,NaN,NaN,NaN
2.00267183276313,3.80220605875223,NaN,NaN,NaN,NaN
1.53893549957678,7.30842797924675,NaN,NaN,NaN,NaN
1.52512694239503,5.4189952785216,NaN,NaN,NaN,NaN
11.9999951000613,1.12396173420623,2.19333974600822,NaN,NaN,NaN
1.80377089629273,6.63861993619412,6.01180715912066,NaN,NaN,NaN
1.95366615233198,3.43116457594975,NaN,NaN,NaN,NaN
1.59605061565831,3.73934371053048,NaN,NaN,NaN,NaN
3.03120562877782,3.54147886286061,NaN,NaN,NaN,NaN
2.42861272516217,2.67127051890291,NaN,NaN,NaN,NaN
2.2988514932615,3.18016073580273,NaN,NaN,NaN,NaN
1.40946841672718,5.61508592671752,NaN,NaN,NaN,NaN
4.43462920616343,0.500004916415551,NaN,NaN,NaN,NaN
1.88843661807753,3.60612702321128,NaN,NaN,NaN,NaN
7.84752268948192,NaN,NaN,NaN,NaN,NaN
0.851884285657782,8.11325599660634,NaN,NaN,NaN,NaN
5.75085898299346,1.9687836623301,NaN,NaN,NaN,NaN
2.6496307255069,2.28948711582204,NaN,NaN,NaN,NaN
1.36938253633147,0.940414529289614,3.01099741412953,NaN,NaN,NaN
2.69000212857131,2.58184382464069,NaN,NaN,NaN,NaN
1.88301866961794,4.27188471138044,NaN,NaN,NaN,NaN
2.18576322661183,3.23946925182431,NaN,NaN,NaN,NaN
1.03151653950993,11.9999898190943,2.39033422247913,NaN,NaN,NaN
5.58696540020004,NaN,NaN,NaN,NaN,NaN
3.07007870857984,0.53482371365572,NaN,NaN,NaN,NaN
2.0153417946343,4.53401603763782,NaN,NaN,NaN,NaN
2.24889554109425,5.77326619515573,NaN,NaN,NaN,NaN
1.46795831557304,NaN,NaN,NaN,NaN,NaN
2.16724389887219,2.07134614601093,NaN,NaN,NaN,NaN
0.692582835669346,0.878627187381773,0.500051461247908,2.22791329439992,0.604529654467563,2.1774431326059
2.53370531329888,0.520654779428939,1.8180876085395,NaN,NaN,NaN
2.04957891710627,0.530917237033307,3.44640870183457,NaN,NaN,NaN
8.54360208136838,NaN,NaN,NaN,NaN,NaN
1.40739640856588,4.19258406518691,NaN,NaN,NaN,NaN
1.63443111325929,11.9999722382927,NaN,NaN,NaN,NaN
1.5923271516959,2.31458338113226,NaN,NaN,NaN,NaN
1.45793256345377,3.53031426162461,NaN,NaN,NaN,NaN
1.45118124673513,8.60634233097188,NaN,NaN,NaN,NaN
1.6600911344734,3.20125342936729,NaN,NaN,NaN,NaN
1.58981543324198,2.88934701398835,NaN,NaN,NaN,NaN
2.2919918727426,3.51702557848557,NaN,NaN,NaN,NaN
1.40865145071235,5.7233908115034,NaN,NaN,NaN,NaN
1.59967729054759,2.23625192292763,NaN,NaN,NaN,NaN
1.30238107021514,5.6951606523046,0.701123044266187,3.6971986820213,5.64061212876441,NaN
1.76494158149421,4.05790890367588,NaN,NaN,NaN,NaN
1.09569173113354,5.0854652267296,NaN,NaN,NaN,NaN
1.74889669593653,3.50130518195756,NaN,NaN,NaN,NaN
1.68152388439989,0.883707060046562,4.35202279786415,NaN,NaN,NaN
0.754601637834339,7.15443526289521,NaN,NaN,NaN,NaN
7.93373093243392,NaN,NaN,NaN,NaN,NaN
1.52066760930456,11.2882265428325,NaN,NaN,NaN,NaN
2.21368778944545,2.36988922150094,1.02845058568686,NaN,NaN,NaN
1.39845903460829,11.6655058464926,NaN,NaN,NaN,NaN
1.77765294671573,5.52372380056047,NaN,NaN,NaN,NaN
2.18280455337418,NaN,NaN,NaN,NaN,NaN
1.8824657047939,2.78371079689488,NaN,NaN,NaN,NaN
1.98296159469843,4.20912223205744,NaN,NaN,NaN,NaN
2.42365273762706,3.53999064676928,1.21393344702684,4.14147407018676,NaN,NaN
0.645938075833092,6.52023245302642,NaN,NaN,NaN,NaN
1.51096115054395,7.42510482217629,NaN,NaN,NaN,NaN
2.04572366825147,3.13226610140437,NaN,NaN,NaN,NaN
1.42645191893866,0.500000248984473,2.91736708011429,NaN,NaN,NaN
1.44797760281964,5.36382970512997,0.500000014120047,NaN,NaN,NaN
1.51547600302577,11.999975846914,NaN,NaN,NaN,NaN
1.51440801460412,0.500000050267642,10.2618260561812,NaN,NaN,NaN
1.79469259085186,3.66863433390667,NaN,NaN,NaN,NaN
2.10354972565522,1.67355928673496,0.500002409262711,NaN,NaN,NaN
3.50552564097644,4.74577796158884,NaN,NaN,NaN,NaN
2.64866190380474,4.82260672525082,NaN,NaN,NaN,NaN
0.657511476380212,7.48708775682531,3.36323420752354,NaN,NaN,NaN
11.8779682990017,0.870502177907339,NaN,NaN,NaN,NaN
2.15828657466409,3.92609122835773,NaN,NaN,NaN,NaN
2.75750455621571,1.38264715818656,NaN,NaN,NaN,NaN
1.19673059927056,0.50000249489851,1.88306584260076,NaN,NaN,NaN
11.9999097003251,NaN,NaN,NaN,NaN,NaN
11.9999625887494,NaN,NaN,NaN,NaN,NaN
5.10405353911329,0.757278277759621,NaN,NaN,NaN,NaN
1.28286534162298,6.88836807257061,NaN,NaN,NaN,NaN
2.39909266416295,2.57651497954006,NaN,NaN,NaN,NaN
2.10810713329051,3.36549552192937,NaN,NaN,NaN,NaN
2.64198241857105,4.32891753173236,NaN,NaN,NaN,NaN
1.49894152254688,4.31430641222034,NaN,NaN,NaN,NaN
1.18334772384832,3.91465883473098,NaN,NaN,NaN,NaN
2.1051682521848,1.80774127286569,0.500000261621871,1.51713656418439,NaN,NaN
2.24359987282326,1.96785438329407,0.921820453863799,NaN,NaN,NaN
1.83931949956343,5.55911003340479,NaN,NaN,NaN,NaN
1.65569004934431,3.39546836762206,0.500000160973075,NaN,NaN,NaN
1.3484457814748,4.72249643863408,NaN,NaN,NaN,NaN
1.1439977842993,11.9999897628445,0.500000176323928,0.558702036928659,NaN,NaN
5.55243743551362,0.544572202794134,NaN,NaN,NaN,NaN
1.82663694310551,2.32509080562285,NaN,NaN,NaN,NaN
1.96550206235897,2.78038318346945,NaN,NaN,NaN,NaN
0.578220798899982,8.30989359459807,NaN,NaN,NaN,NaN
1.58207903127337,7.21405915763776,0.500000144463098,NaN,NaN,NaN
1.45918358035369,4.8155435921214,NaN,NaN,NaN,NaN
2.04210690043015,3.61660482243607,0.749032420108349,0.794860821977895,NaN,NaN
0.989301280365202,4.24696352569683,NaN,NaN,NaN,NaN
2.10443119765567,2.28832128739856,0.638141445771499,0.68903060163383,NaN,NaN
1.88355853815036,3.98875600269766,0.702227721641099,NaN,NaN,NaN
2.13934424101838,4.82982474482496,NaN,NaN,NaN,NaN
1.63016882920312,4.22537737908808,3.19773820712926,NaN,NaN,NaN
1.22186292167084,6.41349087361217,NaN,NaN,NaN,NaN
1.10080980340435,7.73414209735309,NaN,NaN,NaN,NaN
2.87897028641869,2.12718773820668,NaN,NaN,NaN,NaN
0.542963293869514,2.28952994304559,0.617373060133397,0.916791866595818,2.18776710271237,NaN
2.05094000818533,4.99684574964126,NaN,NaN,NaN,NaN
1.40652717234654,3.7146535277929,NaN,NaN,NaN,NaN
7.59849650756904,NaN,NaN,NaN,NaN,NaN
6.08536481612823,NaN,NaN,NaN,NaN,NaN
0.572680948514705,6.45395833311553,NaN,NaN,NaN,NaN
6.41213318130742,NaN,NaN,NaN,NaN,NaN
2.96695137529554,0.781954581513583,0.500000565879936,3.06420004840973,NaN,NaN
1.37183000374966,5.17117183143479,NaN,NaN,NaN,NaN
1.34569680518518,NaN,NaN,NaN,NaN,NaN
1.20765183221707,2.19214189318125,NaN,NaN,NaN,NaN
1.37625148261049,1.73228330901343,NaN,NaN,NaN,NaN
3.84688469116594,2.71618449811622,NaN,NaN,NaN,NaN
1.88832835787464,2.94883529457246,NaN,NaN,NaN,NaN
1.25938041384197,4.34011069799407,NaN,NaN,NaN,NaN
1.59666688291286,0.500000012881064,2.08760493767961,NaN,NaN,NaN
2.72059833558112,2.21355448898834,NaN,NaN,NaN,NaN
1.38576657695564,4.44613014124239,NaN,NaN,NaN,NaN
2.36231094050414,2.76299336495918,NaN,NaN,NaN,NaN
2.55949291781347,2.42179973345107,NaN,NaN,NaN,NaN
1.71244670568573,4.26980107855663,NaN,NaN,NaN,NaN
3.24353320227862,1.03525262321916,0.555171496344521,4.00254167190302,NaN,NaN
2.99756776819312,2.27464097648628,NaN,NaN,NaN,NaN
3.19699486633072,6.87317385412689,NaN,NaN,NaN,NaN
1.19674363505912,11.9999011846879,NaN,NaN,NaN,NaN
2.0222902871738,4.89626499452973,NaN,NaN,NaN,NaN
1.93626645448329,2.44720819922319,NaN,NaN,NaN,NaN
1.94890161117407,4.71638579217935,NaN,NaN,NaN,NaN
6.71205257847593,1.92846483681786,2.59113134860541,NaN,NaN,NaN
0.538348655355337,0.53923842687883,5.50106923394178,0.636782183190757,NaN,NaN
1.84801909280479,5.08370780513066,1.50032839125196,0.659851759129776,NaN,NaN
1.5839997584815,3.59519339582529,NaN,NaN,NaN,NaN
1.445609430883,10.9536223072122,NaN,NaN,NaN,NaN
5.38889288352571,NaN,NaN,NaN,NaN,NaN
2.16423624744313,3.96448645345678,NaN,NaN,NaN,NaN
0.500000821272997,1.3386399036946,0.638748660878359,4.63175205841581,0.500000102363238,NaN
1.76683160209383,4.21003760955112,0.957174848886002,NaN,NaN,NaN
1.46335543432111,3.38211274596654,1.33131864067344,NaN,NaN,NaN
1.40369796305137,2.55043395425586,NaN,NaN,NaN,NaN
2.36236914284556,NaN,NaN,NaN,NaN,NaN
1.57241029932576,3.55269395930172,NaN,NaN,NaN,NaN
1.08676216836158,6.47038984279003,NaN,NaN,NaN,NaN
0.868375602034148,6.94327854820639,NaN,NaN,NaN,NaN
2.03192558146105,6.03178705381224,NaN,NaN,NaN,NaN
1.5038421393209,5.28994742139377,NaN,NaN,NaN,NaN
0.9454334533574,11.9999796827656,NaN,NaN,NaN,NaN
1.48594611829033,9.02836624364603,NaN,NaN,NaN,NaN
0.910008570160275,5.36737728448778,0.904356626405161,NaN,NaN,NaN
0.697365358159895,1.43519075370407,5.53649132077675,NaN,NaN,NaN
2.59467109194819,2.14242056781344,NaN,NaN,NaN,NaN
7.38622007570866,NaN,NaN,NaN,NaN,NaN
6.73312768400013,NaN,NaN,NaN,NaN,NaN
1.97773550988207,0.500001544466332,5.23564264712715,0.505026279160924,NaN,NaN
1.71284005186599,5.82513409089804,NaN,NaN,NaN,NaN
9.20896705950437,1.80554520543335,NaN,NaN,NaN,NaN
2.21380751268218,0.500002207506218,7.49129435930318,NaN,NaN,NaN
2.97014082188689,2.4091295157396,NaN,NaN,NaN,NaN
1.78220621761369,1.08043328142408,NaN,NaN,NaN,NaN
1.77092943816582,11.9999998302304,NaN,NaN,NaN,NaN
2.00708792984471,2.2592732560047,NaN,NaN,NaN,NaN
0.694415699978044,6.17702353939639,NaN,NaN,NaN,NaN
1.65887172215835,7.46126231336911,NaN,NaN,NaN,NaN
4.52542145198955,1.64880438735506,NaN,NaN,NaN,NaN
8.90896442869997,NaN,NaN,NaN,NaN,NaN
1.90720412888104,3.45018782022131,NaN,NaN,NaN,NaN
2.21080769203672,3.38328803959895,0.516327176678189,NaN,NaN,NaN
1.7063289505354,5.64074865838135,NaN,NaN,NaN,NaN
1.59367527363916,1.45548766575402,NaN,NaN,NaN,NaN
0.645479869375555,1.74997029166647,4.15338729342592,NaN,NaN,NaN
2.22370751472308,1.12226001244281,NaN,NaN,NaN,NaN
0.708573826263671,11.226589803209,NaN,NaN,NaN,NaN
1.68228099980327,6.07451039350275,NaN,NaN,NaN,NaN
2.60083846011559,3.18065472391721,NaN,NaN,NaN,NaN
1.59299586242165,1.32961420044308,NaN,NaN,NaN,NaN
2.40318220836252,3.72241025414337,NaN,NaN,NaN,NaN
2.30558431233186,1.40202185490566,NaN,NaN,NaN,NaN
2.60615198987171,11.999315019627,NaN,NaN,NaN,NaN
1.09455375479252,5.10218860623731,NaN,NaN,NaN,NaN
1.40308794328584,7.5952685496999,NaN,NaN,NaN,NaN
1.75864177732135,7.42571077595416,NaN,NaN,NaN,NaN
2.27455038558258,2.55152602057161,NaN,NaN,NaN,NaN
0.500001506880711,0.976117216125941,0.631434265571284,2.71019728419248,NaN,NaN
1.80388752131456,2.76707786471456,3.34642269078139,NaN,NaN,NaN
1.95017448384278,3.86239409325337,4.61106864837144,NaN,NaN,NaN
1.98284230357299,4.60543517604526,NaN,NaN,NaN,NaN
2.80847523586477,1.74545270742052,NaN,NaN,NaN,NaN
2.08582582706676,3.567525770494,NaN,NaN,NaN,NaN
1.3656988093305,1.73722197217581,1.98515573234458,NaN,NaN,NaN
7.10248202822005,NaN,NaN,NaN,NaN,NaN
2.60910892346048,2.82933536307862,NaN,NaN,NaN,NaN
1.13943632669857,11.6057207678566,NaN,NaN,NaN,NaN
1.28545742800252,10.4038873575903,NaN,NaN,NaN,NaN
1.07964427766955,1.27387861988727,4.00704086657285,0.767003473408703,NaN,NaN
3.22465105341175,1.60698608683565,NaN,NaN,NaN,NaN
6.73988032220348,NaN,NaN,NaN,NaN,NaN
1.98683389018964,3.09293333919473,NaN,NaN,NaN,NaN
2.11787910203423,4.73896317900798,NaN,NaN,NaN,NaN
2.05529016056125,3.73437592848996,NaN,NaN,NaN,NaN
10.1614486289841,NaN,NaN,NaN,NaN,NaN
2.08860561413362,3.69904772786308,NaN,NaN,NaN,NaN
2.14406405447888,4.02749463644656,NaN,NaN,NaN,NaN
1.15317753650111,0.5844766331649,0.93120062016847,NaN,NaN,NaN
1.24452533830685,8.55892162851185,NaN,NaN,NaN,NaN
2.56286635161902,0.500001114459817,NaN,NaN,NaN,NaN
2.70018928507731,3.6443863876498,0.500001881309345,NaN,NaN,NaN
1.50496280455384,3.79091543389355,NaN,NaN,NaN,NaN
1.16738139960197,1.37376275287475,2.25386076728247,NaN,NaN,NaN
2.25944874770512,3.34664034882466,NaN,NaN,NaN,NaN
1.25269846645814,9.17137329373439,NaN,NaN,NaN,NaN
2.24615803711211,1.01238666543363,1.98595550963618,2.39741988782551,NaN,NaN
1.68854110419012,4.88100685481415,NaN,NaN,NaN,NaN
1.2639285333324,0.942599519075138,0.500005086548621,6.79408464660772,NaN,NaN
1.72995455878702,3.33317997926187,NaN,NaN,NaN,NaN
2.07508077605697,0.500051833626439,NaN,NaN,NaN,NaN
0.768265997691724,11.6270877188067,NaN,NaN,NaN,NaN
1.91641608783148,6.7395511784347,NaN,NaN,NaN,NaN
1.90803630992088,3.33837504343373,7.14147965815884,NaN,NaN,NaN
1.27587742869086,4.62219262742623,NaN,NaN,NaN,NaN
2.28763261270824,2.41848556390564,NaN,NaN,NaN,NaN
1.08634776679132,7.68823896381,NaN,NaN,NaN,NaN
1.39732677480127,0.895354812328519,2.99036109123639,NaN,NaN,NaN
2.35797070194002,7.30270725047672,NaN,NaN,NaN,NaN
1.88905021900018,2.7275137373401,NaN,NaN,NaN,NaN
0.956786171313063,8.84657125121242,NaN,NaN,NaN,NaN
0.889471719211906,3.82943337560917,NaN,NaN,NaN,NaN
1.56591644582054,6.92562783239931,NaN,NaN,NaN,NaN
2.81395850276993,3.27566309047329,NaN,NaN,NaN,NaN
1.96213716421715,NaN,NaN,NaN,NaN,NaN
1.30723468436406,9.04681923471702,NaN,NaN,NaN,NaN
1.85485502620701,4.78629346078394,NaN,NaN,NaN,NaN
0.8321757982214,0.674231638811134,3.03681134587478,NaN,NaN,NaN
3.86891209254588,2.9092349157189,NaN,NaN,NaN,NaN
2.04534788153869,4.38210774868331,NaN,NaN,NaN,NaN
2.09728632576214,3.12152951829971,NaN,NaN,NaN,NaN
11.8011312418922,NaN,NaN,NaN,NaN,NaN
2.61404190395878,7.71386557033699,NaN,NaN,NaN,NaN
1.4233482867106,5.30208463773941,NaN,NaN,NaN,NaN
1.82454974449384,6.20110706581326,11.9998632912583,NaN,NaN,NaN
1.6850683022493,3.18952452454087,1.25444581648977,NaN,NaN,NaN
2.20711502396239,0.539323388877279,0.500003863224504,3.7617742242492,NaN,NaN
1.67224579303586,3.51031183764714,NaN,NaN,NaN,NaN
1.68475482010844,5.11922830572669,NaN,NaN,NaN,NaN
2.16247990570166,3.42002434221075,0.500000693754905,NaN,NaN,NaN
1.24279309685712,3.81345134038361,NaN,NaN,NaN,NaN
2.42679248912266,NaN,NaN,NaN,NaN,NaN
8.40864356751249,NaN,NaN,NaN,NaN,NaN
3.09128454815504,2.24297383381864,NaN,NaN,NaN,NaN
1.81896546219052,2.46129257123256,NaN,NaN,NaN,NaN
1.49230660911542,0.91808333160507,2.45727782778704,NaN,NaN,NaN
1.80788882518322,3.46017427295651,NaN,NaN,NaN,NaN
1.77759500724711,0.500004535904834,NaN,NaN,NaN,NaN
0.619506471357768,1.24095376053458,9.29844152849823,NaN,NaN,NaN
0.526086133519702,5.44769193351862,NaN,NaN,NaN,NaN
2.15333880346934,4.09264033578931,NaN,NaN,NaN,NaN
0.500000763743708,1.89278905474231,4.78091525214893,NaN,NaN,NaN
1.47675949864074,10.6535484456745,NaN,NaN,NaN,NaN
2.38321976613894,2.02552664984196,NaN,NaN,NaN,NaN
4.26280187954808,0.872050176175948,NaN,NaN,NaN,NaN
1.60635835465967,4.29655203573419,NaN,NaN,NaN,NaN
1.67859973123122,4.77360185870533,0.50000029617114,1.14822227707418,NaN,NaN
1.88195099513536,2.06367054684023,NaN,NaN,NaN,NaN
1.84855075010487,4.06688275823804,NaN,NaN,NaN,NaN
2.206515573733,3.50663886062694,NaN,NaN,NaN,NaN
2.35521346201667,4.81607653565558,2.27746992732645,NaN,NaN,NaN
2.04275135404129,1.0391435646345,0.542353594988528,0.633058434486195,NaN,NaN
2.01959105486301,5.01124157131616,NaN,NaN,NaN,NaN
2.71736558851737,2.49192731283602,NaN,NaN,NaN,NaN
1.71697402257714,2.97697692643305,NaN,NaN,NaN,NaN
1.45103879205575,3.94402203313362,0.585340023647246,1.42456514989905,NaN,NaN
1.98632430333443,2.72674858604572,NaN,NaN,NaN,NaN
1.93295259034371,3.79474911335799,1.22403937813318,NaN,NaN,NaN
2.26049034589503,6.12706002526065,11.999997428252,NaN,NaN,NaN
1.72882616743726,0.500002537104625,3.94342561269813,0.901557946999049,1.77273493637556,NaN
1.20917834920352,3.045421743209,NaN,NaN,NaN,NaN
2.38823515551156,6.23160589877305,NaN,NaN,NaN,NaN
1.95682821510564,4.06522241633683,NaN,NaN,NaN,NaN
2.78373272632059,6.6575485906254,NaN,NaN,NaN,NaN
1.65691618891163,4.01748209166538,NaN,NaN,NaN,NaN
1.9434473662722,4.07114253728616,NaN,NaN,NaN,NaN
1.51868104338946,NaN,NaN,NaN,NaN,NaN
1.36816228391012,8.55101406432689,NaN,NaN,NaN,NaN
2.18495520658136,5.75380229618857,NaN,NaN,NaN,NaN
1.55254922827013,2.73507837780365,NaN,NaN,NaN,NaN
1.44728599949457,3.14017041104098,0.53620001052192,NaN,NaN,NaN
2.66659834744595,1.59078012172079,NaN,NaN,NaN,NaN
1.42318953647494,2.90804234338029,4.88319398556677,NaN,NaN,NaN
1.23694742921649,5.31737768153319,NaN,NaN,NaN,NaN
1.18194456412415,10.2298793054262,NaN,NaN,NaN,NaN
2.02324656618757,6.98638761262243,NaN,NaN,NaN,NaN
2.15875608445163,6.464218228382,NaN,NaN,NaN,NaN
0.500000784182642,0.500000829210361,5.11297863740064,NaN,NaN,NaN
1.28939434191529,6.10961307356088,NaN,NaN,NaN,NaN
2.25433155742245,4.28579332661083,NaN,NaN,NaN,NaN
1.67285910950128,4.25190541517956,NaN,NaN,NaN,NaN
2.38409314076509,3.67122653266147,NaN,NaN,NaN,NaN
1.96010935306448,0.598190876973576,2.46689637708071,6.17009753991204,NaN,NaN
2.81650340944047,2.34171602505896,NaN,NaN,NaN,NaN
1.12359801489864,NaN,NaN,NaN,NaN,NaN
2.55505978225988,NaN,NaN,NaN,NaN,NaN
2.57334541170519,0.902144615252101,1.74974063183948,0.723074121255564,NaN,NaN
1.64528136207876,4.54588805190292,NaN,NaN,NaN,NaN
1.69173689557083,11.6153749050292,NaN,NaN,NaN,NaN
2.24638666290837,0.979508818266255,2.04436843134447,NaN,NaN,NaN
1.83324112690422,4.13664787170857,0.514545632893277,NaN,NaN,NaN
3.89618290866385,1.65575347950883,0.817999295401039,NaN,NaN,NaN
1.54808422520686,4.12651408215099,NaN,NaN,NaN,NaN
1.1714543420378,7.90352791961277,NaN,NaN,NaN,NaN
0.765708379090175,7.26990921568074,NaN,NaN,NaN,NaN
2.97590824402116,2.72921608409614,NaN,NaN,NaN,NaN
1.51492123993052,5.39894270947552,NaN,NaN,NaN,NaN
2.28509616329477,2.18665143435535,NaN,NaN,NaN,NaN
1.04401440158165,5.17544783058294,NaN,NaN,NaN,NaN
1.52828983470351,0.508498727455565,3.24476089961482,NaN,NaN,NaN
1.71465021536918,8.59340830725998,0.695948427431084,NaN,NaN,NaN
8.32067138394545,NaN,NaN,NaN,NaN,NaN
1.19974211649625,0.78163132445311,4.09853974933877,NaN,NaN,NaN
7.71736893228882,NaN,NaN,NaN,NaN,NaN
2.53305084469904,NaN,NaN,NaN,NaN,NaN
7.25511392727331,NaN,NaN,NaN,NaN,NaN
1.06736344978751,11.9999905181003,NaN,NaN,NaN,NaN
0.801133000789409,2.94320301022712,2.0125394238151,NaN,NaN,NaN
1.20254757816235,7.16414529755299,NaN,NaN,NaN,NaN
6.56202045943344,NaN,NaN,NaN,NaN,NaN
1.99020758276493,0.951556619088696,NaN,NaN,NaN,NaN
1.75056446882767,1.26817846654694,1.22859695999061,NaN,NaN,NaN
1.0604090217734,3.78047862229413,NaN,NaN,NaN,NaN
1.24276086921649,5.99331414887764,NaN,NaN,NaN,NaN
3.35274018245217,1.1359768187305,NaN,NaN,NaN,NaN
2.43137369234658,3.41499542627882,NaN,NaN,NaN,NaN
1.69658070873908,3.14990412225154,NaN,NaN,NaN,NaN
1.60822519993136,6.33194225294512,NaN,NaN,NaN,NaN
2.71386625947186,1.22268102210069,2.62951716625967,NaN,NaN,NaN
2.62677557906711,4.22139167625025,NaN,NaN,NaN,NaN
8.39939389842409,NaN,NaN,NaN,NaN,NaN
1.87564856278429,3.16255380533319,NaN,NaN,NaN,NaN
2.20958281475438,5.98696012112294,1.24644847446484,NaN,NaN,NaN
2.96400038324259,2.4764795500221,0.500000013872443,2.12110293202179,NaN,NaN
2.01969518047442,2.32910159411089,NaN,NaN,NaN,NaN
1.35668480373873,5.24777663399929,NaN,NaN,NaN,NaN
2.07109133687923,2.25037985645057,0.535906494550165,NaN,NaN,NaN
1.70336200563198,4.66121349698482,NaN,NaN,NaN,NaN
2.47761767433588,0.546417087080497,1.79653391965007,NaN,NaN,NaN
2.32600633521896,3.23285834377317,NaN,NaN,NaN,NaN
3.67104848594711,2.7037727442387,NaN,NaN,NaN,NaN
2.92194153621936,3.72550675371134,0.801219617670989,0.571426944191736,NaN,NaN
1.3455567113136,10.3848288822436,0.590352035739072,NaN,NaN,NaN
1.16166236427831,5.51073000915069,NaN,NaN,NaN,NaN
1.71358976667,2.2442745784176,NaN,NaN,NaN,NaN
2.23905078347589,3.67248533568432,NaN,NaN,NaN,NaN
1.74031538582862,NaN,NaN,NaN,NaN,NaN
0.603159428771243,1.7783556804376,3.54018996152003,NaN,NaN,NaN
1.66365163632086,3.47162986403136,0.536038914126106,NaN,NaN,NaN
1.75394094389666,3.26210626920623,NaN,NaN,NaN,NaN
2.68088397040596,2.69173489745219,NaN,NaN,NaN,NaN
1.70182322475288,6.29412302914504,NaN,NaN,NaN,NaN
1.57071832808576,2.50555559143746,NaN,NaN,NaN,NaN
1.02052458580535,1.40512454981495,4.03709429346059,NaN,NaN,NaN
2.52725638421433,6.47005573980075,NaN,NaN,NaN,NaN
1.07746041483498,4.63424044075858,NaN,NaN,NaN,NaN
1.39071360208078,4.49830630530979,NaN,NaN,NaN,NaN
1.76413296266996,5.9683511303801,NaN,NaN,NaN,NaN
2.07519982741414,3.9662435000385,NaN,NaN,NaN,NaN
2.31707049420389,3.26128171209093,NaN,NaN,NaN,NaN
8.96935488618191,NaN,NaN,NaN,NaN,NaN
2.14457048521935,5.12524040921916,NaN,NaN,NaN,NaN
1.42050612403278,1.22713159967398,0.88479521553045,NaN,NaN,NaN
0.977823079346844,4.81490996304909,NaN,NaN,NaN,NaN
11.319673831821,NaN,NaN,NaN,NaN,NaN
1.48065225097924,4.43836267992274,NaN,NaN,NaN,NaN
2.13714868101857,3.69723452972667,NaN,NaN,NaN,NaN
4.0425815031594,NaN,NaN,NaN,NaN,NaN
1.34582488772064,3.33273559023241,NaN,NaN,NaN,NaN
1.68636425621365,0.878612261036199,5.48444617412356,NaN,NaN,NaN
2.3205343087408,3.81628193653683,NaN,NaN,NaN,NaN
1.61979147931424,0.500000135235781,6.28506100920895,NaN,NaN,NaN
1.65157647233202,3.77749348081664,NaN,NaN,NaN,NaN
1.35618350516842,3.85933698132869,NaN,NaN,NaN,NaN
1.84390600263727,0.643607533685457,5.1898102690914,NaN,NaN,NaN
1.49653051794993,3.05251005070791,NaN,NaN,NaN,NaN
1.11037980876143,5.82943503129424,2.65974984542247,NaN,NaN,NaN
7.39352655693173,NaN,NaN,NaN,NaN,NaN
2.3852651484618,7.0339641180174,0.500000184023659,NaN,NaN,NaN
2.20566872917356,5.5790574756388,NaN,NaN,NaN,NaN
1.9371391606853,2.76011721523245,NaN,NaN,NaN,NaN
0.582527958567685,5.00867847965355,0.525150607618115,NaN,NaN,NaN
2.32936795448644,3.39113188173294,NaN,NaN,NaN,NaN
1.61759090138348,1.81046663898212,NaN,NaN,NaN,NaN
1.94985614642013,5.05133077761282,0.50000072131803,0.500000261305465,NaN,NaN
1.92041629797258,NaN,NaN,NaN,NaN,NaN
2.81078366772311,3.5772553643971,NaN,NaN,NaN,NaN
1.78208071847945,7.49373041318453,NaN,NaN,NaN,NaN
1.70762308881537,2.2274327113774,NaN,NaN,NaN,NaN
1.66915754989746,5.36883986536147,10.1817867334695,NaN,NaN,NaN
1.45700200539207,1.81238790063472,NaN,NaN,NaN,NaN
1.3620665426358,4.06463072753101,NaN,NaN,NaN,NaN
1.8298968089242,3.95402714243024,NaN,NaN,NaN,NaN
1.60909678972452,4.62928685537342,NaN,NaN,NaN,NaN
1.74132356664213,8.17842954847219,NaN,NaN,NaN,NaN
1.24580465783522,5.20620464848453,NaN,NaN,NaN,NaN
3.17373609540317,1.72067712695683,1.42395717059521,1.12592233117375,NaN,NaN
2.00066529115057,2.68654376969666,NaN,NaN,NaN,NaN
6.9785398565058,NaN,NaN,NaN,NaN,NaN
2.33455916146965,9.76740386676954,5.0811713136952,NaN,NaN,NaN
1.60705679231141,6.99367544222362,NaN,NaN,NaN,NaN
1.0777622096947,2.86667714123975,11.999883145946,NaN,NaN,NaN
2.90877699397649,3.19202134146673,0.500003038873674,2.62168944965969,9.83041819549446,NaN
1.43904188532255,5.15972589185247,NaN,NaN,NaN,NaN
1.73370543775516,5.16139234372051,NaN,NaN,NaN,NaN
2.76536174843922,2.45646060720573,NaN,NaN,NaN,NaN
1.0222776692062,4.18716907703322,NaN,NaN,NaN,NaN
2.24584671732626,4.31155634880604,NaN,NaN,NaN,NaN
2.49427797743036,1.94490039790882,1.93979723806383,11.9998437326024,NaN,NaN
7.27144591804904,1.83008433802369,NaN,NaN,NaN,NaN
2.30429664613081,3.8708381202868,NaN,NaN,NaN,NaN
7.42056759952283,NaN,NaN,NaN,NaN,NaN
1.271099110875,4.44380960195986,NaN,NaN,NaN,NaN
1.70845632398775,11.9999876740472,9.68043335521914,NaN,NaN,NaN
1.37540536693267,5.34167918053579,NaN,NaN,NaN,NaN
1.877582676601,4.61993137524772,NaN,NaN,NaN,NaN
2.67488757141458,3.86861142362605,NaN,NaN,NaN,NaN
1.62864329534366,3.38474991070854,NaN,NaN,NaN,NaN
2.06498724180979,4.28439015124697,0.594464461270181,NaN,NaN,NaN
1.3611755459797,5.74693671671244,NaN,NaN,NaN,NaN
2.90351363962333,2.3836016891017,NaN,NaN,NaN,NaN
1.13434050352912,8.79001425695624,0.894350707126419,NaN,NaN,NaN
1.13265726410832,11.9999891602589,NaN,NaN,NaN,NaN
2.10522464458024,2.80100462731756,NaN,NaN,NaN,NaN
4.99803874951975,NaN,NaN,NaN,NaN,NaN
1.79948540790548,11.9999586776943,NaN,NaN,NaN,NaN
3.11899719966371,NaN,NaN,NaN,NaN,NaN
1.54621863939941,3.12574858400674,NaN,NaN,NaN,NaN
4.96231137863792,NaN,NaN,NaN,NaN,NaN
1.91923088044884,3.37401157528534,NaN,NaN,NaN,NaN
2.5188706345299,5.2062197363662,NaN,NaN,NaN,NaN
0.500000061038872,7.68504004981408,1.71769773321176,NaN,NaN,NaN
7.18010429662158,NaN,NaN,NaN,NaN,NaN
2.3035779820316,4.70712306887964,11.9997230089833,NaN,NaN,NaN
1.49667179967043,6.01333547854499,NaN,NaN,NaN,NaN
1.35606459540239,4.44267759564399,NaN,NaN,NaN,NaN
1.97350010051138,3.43737339636696,NaN,NaN,NaN,NaN
1.68965460206761,9.16517067610465,NaN,NaN,NaN,NaN
2.39327451201851,3.86229589530747,0.853293685358137,0.819871830806752,NaN,NaN
0.500000456374358,5.63272100480159,0.99312680671247,NaN,NaN,NaN
1.62621966839321,5.2411965486524,NaN,NaN,NaN,NaN
2.56566076402048,4.52355646760996,NaN,NaN,NaN,NaN
1.53658088234785,2.1791956311112,NaN,NaN,NaN,NaN
2.05141530772325,5.6419433824479,0.8587456482943,NaN,NaN,NaN
1.71843266685363,1.79537103210024,NaN,NaN,NaN,NaN
1.90941334361065,3.96664632692816,NaN,NaN,NaN,NaN
1.78554652429219,0.50001615820317,2.79272306861654,NaN,NaN,NaN
1.92077891450072,2.17542567274514,NaN,NaN,NaN,NaN
2.12823592418728,5.99020721678222,NaN,NaN,NaN,NaN
3.0501721609768,4.02996093622501,NaN,NaN,NaN,NaN
1.62049649951566,4.06788326694001,NaN,NaN,NaN,NaN
1.56780718230292,5.47690386516393,1.36406520138315,NaN,NaN,NaN
2.40406878395263,4.70453938402095,NaN,NaN,NaN,NaN
3.46450980866126,1.67325173057345,NaN,NaN,NaN,NaN
2.31229233133635,3.97511268154338,NaN,NaN,NaN,NaN
2.14240440069318,3.71334789852494,NaN,NaN,NaN,NaN
1.69543584982847,4.439527337353,NaN,NaN,NaN,NaN
0.500000742429598,1.21063827693948,0.500000583894312,NaN,NaN,NaN
2.18495036528662,4.46977467377849,1.69425491128062,NaN,NaN,NaN
1.71283216773875,3.39958176345466,0.863353762196408,NaN,NaN,NaN
1.43587798327477,11.9999852268401,0.500000043966713,NaN,NaN,NaN
1.77739712503164,2.27784554930732,NaN,NaN,NaN,NaN
2.33366665655504,11.654527773832,7.21981036035491,3.87261040450813,NaN,NaN
1.82810122591165,3.87355980158738,NaN,NaN,NaN,NaN
7.17778599247911,NaN,NaN,NaN,NaN,NaN
2.19888069027554,4.58004293530826,NaN,NaN,NaN,NaN
1.67915407623519,11.9999975914396,8.66130236523793,NaN,NaN,NaN
1.8948312805591,4.17482151643127,NaN,NaN,NaN,NaN
1.03003248612264,5.8084454843496,NaN,NaN,NaN,NaN
1.73125120113575,5.45667130920033,NaN,NaN,NaN,NaN
2.4219836573929,1.83786035391946,NaN,NaN,NaN,NaN
1.78557613796857,4.03446734436486,1.16294140129453,NaN,NaN,NaN
2.10742112345048,3.49072626347714,NaN,NaN,NaN,NaN
1.6186027771376,5.61838028736826,4.28655861426446,0.878351935466969,NaN,NaN
11.1365159173469,11.9999393495935,NaN,NaN,NaN,NaN
2.25943965727625,4.10300071283818,1.40724854788124,NaN,NaN,NaN
1.45682923731312,3.50022321371025,NaN,NaN,NaN,NaN
2.06456027993565,2.72557687014797,5.82285880242568,NaN,NaN,NaN
2.38359411740036,0.892114337105668,0.920389250012786,NaN,NaN,NaN
2.66700583438258,4.04694006661289,NaN,NaN,NaN,NaN
2.0032244964137,2.87055658972141,NaN,NaN,NaN,NaN
1.82258506181947,4.41349446522775,1.72140108257968,NaN,NaN,NaN
9.22104687496801,NaN,NaN,NaN,NaN,NaN
1.42590522164238,5.6502906791594,0.500001606626325,1.2751196827823,NaN,NaN
1.23624158134847,4.96401379611271,NaN,NaN,NaN,NaN
1.73335137616809,11.9998811028667,NaN,NaN,NaN,NaN
1.21801031364326,5.57671145028875,NaN,NaN,NaN,NaN
2.40609777313248,11.9999571893044,NaN,NaN,NaN,NaN
1.62713208479782,2.50058003105314,NaN,NaN,NaN,NaN
1.78727694073056,4.25360047371347,NaN,NaN,NaN,NaN
2.21880854417864,4.36656402930647,3.59143343375164,3.91099526170693,0.931585112122715,NaN
1.50211344423991,2.82369808095169,NaN,NaN,NaN,NaN
1.9342506748734,0.880487391517286,2.09205005819693,NaN,NaN,NaN
1.41164234666651,7.62483307382871,NaN,NaN,NaN,NaN
1.95720307733575,2.92102195735712,0.766484986658355,3.765287569969,NaN,NaN
0.827338436423133,10.3868352483963,NaN,NaN,NaN,NaN
1.57837520887491,6.75581012610865,NaN,NaN,NaN,NaN
2.38689015180265,11.9999889217767,NaN,NaN,NaN,NaN
1.79223891196982,2.28697923848741,NaN,NaN,NaN,NaN
1.39064151916621,4.26904422597186,3.537006895843,11.9999817483574,1.34110747804271,NaN
6.44469270372123,NaN,NaN,NaN,NaN,NaN
3.24776721004898,3.21702932531251,0.500000058320706,0.693412805046078,NaN,NaN
8.2907318613462,1.06729974029612,NaN,NaN,NaN,NaN
2.0105277281328,2.21669970836402,NaN,NaN,NaN,NaN
2.01558447923806,2.54879873664756,NaN,NaN,NaN,NaN
1.66307485148779,NaN,NaN,NaN,NaN,NaN
1.48049282530456,3.39184495471276,NaN,NaN,NaN,NaN
1.94604557680654,4.07720688420726,NaN,NaN,NaN,NaN
1.7158731026552,3.47644104589067,NaN,NaN,NaN,NaN
1.6736636055817,3.73260976567655,NaN,NaN,NaN,NaN
2.33264284031512,2.91559892517588,NaN,NaN,NaN,NaN
1.85469800010522,4.68952143374759,NaN,NaN,NaN,NaN
1.93659677210366,4.87867540682626,NaN,NaN,NaN,NaN
2.07856111702574,0.804607914265769,0.625050911439708,1.4125229064515,NaN,NaN
9.17953622113006,NaN,NaN,NaN,NaN,NaN
5.35092089239729,NaN,NaN,NaN,NaN,NaN
2.44926308724081,3.26970468333269,0.786076428545601,5.14801691652162,2.6278104704032,NaN
2.69583575633657,0.500000407887631,2.01661240419762,NaN,NaN,NaN
1.56040920495069,4.41704940754464,NaN,NaN,NaN,NaN
1.07157004178077,11.9969180607888,NaN,NaN,NaN,NaN
1.06396223831151,7.91506206429486,NaN,NaN,NaN,NaN
1.57777119381385,1.28138158204925,0.612414063513236,1.97879098266786,NaN,NaN
2.19323803706401,3.87567183657986,NaN,NaN,NaN,NaN
2.09930032501156,7.85390536968128,NaN,NaN,NaN,NaN
3.1207555148367,1.68837851246671,NaN,NaN,NaN,NaN
3.3321935121679,1.32025247415837,0.792869289670171,NaN,NaN,NaN
2.0679836074254,2.39401022358968,1.55656681207508,NaN,NaN,NaN
3.93685814689777,2.58666300860359,NaN,NaN,NaN,NaN
2.12197088457326,2.18558900847473,0.609414319483443,0.91793452782379,0.500005270381913,NaN
7.59757229813585,NaN,NaN,NaN,NaN,NaN
3.6729552405923,7.43294738892152,NaN,NaN,NaN,NaN
1.5652417132581,5.09143295054859,NaN,NaN,NaN,NaN
1.58839328254951,11.9999839018384,NaN,NaN,NaN,NaN
2.74593819962352,NaN,NaN,NaN,NaN,NaN
1.70578897602561,5.89938411114885,NaN,NaN,NaN,NaN
1.72218457022264,5.18930187909474,2.80229225076425,NaN,NaN,NaN
1.50125317015475,3.57898176422252,NaN,NaN,NaN,NaN
1.7572806101069,4.18808796537898,NaN,NaN,NaN,NaN
8.15848580359203,NaN,NaN,NaN,NaN,NaN
1.84351535421893,NaN,NaN,NaN,NaN,NaN
1.65501022543718,4.27516365845885,NaN,NaN,NaN,NaN
2.08148798309075,0.690372624948861,NaN,NaN,NaN,NaN
1.85944130851273,6.57562958114345,NaN,NaN,NaN,NaN
4.90944556892519,3.62587602975424,1.91686132974734,4.93304490349818,NaN,NaN
1.82167541697486,5.28020081866608,NaN,NaN,NaN,NaN
1.25089409067079,4.75481909338155,0.943628684686803,0.555902093154785,NaN,NaN
3.01081241531527,2.32935403913458,NaN,NaN,NaN,NaN
1.06959040816694,5.48364248152861,NaN,NaN,NaN,NaN
2.0228574543365,4.54450714561886,NaN,NaN,NaN,NaN
1.04858050174603,6.36171705314305,NaN,NaN,NaN,NaN
2.29320318144295,2.2132597969926,3.5075784491955,NaN,NaN,NaN
4.37365153106041,0.564445426139694,NaN,NaN,NaN,NaN
2.11431204871319,4.72612940787777,3.80918524392792,NaN,NaN,NaN
2.07406614379657,1.79571246048437,NaN,NaN,NaN,NaN
2.0001102886822,0.964407445065167,2.33152573356862,0.500004776760493,NaN,NaN
1.15332128739426,11.999965901093,NaN,NaN,NaN,NaN
2.81327601199376,1.99935607467305,0.50000169320863,0.604234372373065,NaN,NaN
2.1127140170522,4.45608055979419,NaN,NaN,NaN,NaN
2.61363268423264,3.33303256281155,NaN,NaN,NaN,NaN
1.45644055054355,4.13094734552058,NaN,NaN,NaN,NaN
1.33751309995977,4.36134874279087,NaN,NaN,NaN,NaN
2.42318029091836,1.53908575680631,1.31147451670249,NaN,NaN,NaN
2.87713427865793,3.16890565762681,NaN,NaN,NaN,NaN
2.17884384976666,NaN,NaN,NaN,NaN,NaN
1.70657843056416,3.38096999760605,NaN,NaN,NaN,NaN
1.57044359141921,5.74217493633839,NaN,NaN,NaN,NaN
1.91229255935364,0.770897466047565,0.50000007623867,0.500000063264921,NaN,NaN
2.6304538090445,3.53815826807037,NaN,NaN,NaN,NaN
1.45041206349432,0.500000371054112,8.88363108144672,NaN,NaN,NaN
2.15107172709236,2.26897763323106,5.56914826107337,NaN,NaN,NaN
4.56500058945968,2.66495213526377,NaN,NaN,NaN,NaN
1.75534554399171,4.15192514243835,NaN,NaN,NaN,NaN
1.58326972757859,3.96396979205445,NaN,NaN,NaN,NaN
1.93846319606724,3.05867502242936,NaN,NaN,NaN,NaN
1.44621661256913,4.58207251597113,NaN,NaN,NaN,NaN
2.016520411046,3.9521643843268,NaN,NaN,NaN,NaN
3.53499294996873,2.5143981316281,NaN,NaN,NaN,NaN
2.21626277993508,4.49275317349669,NaN,NaN,NaN,NaN
1.88519561910589,3.02092860383178,NaN,NaN,NaN,NaN
3.36272568154301,1.10795008146834,2.6599519221749,NaN,NaN,NaN
1.44304608517526,5.87419483867576,NaN,NaN,NaN,NaN
2.30158589703958,3.36439201085949,NaN,NaN,NaN,NaN
2.00378351106614,3.15530799915302,NaN,NaN,NaN,NaN
1.51823465942394,0.71032291145475,8.06066841004132,NaN,NaN,NaN
6.68716671278599,1.51411232553378,1.00044690169768,2.4666341818074,2.88805209455875,1.78220992599672
3.95425527691469,1.77282524258383,NaN,NaN,NaN,NaN
1.92853566557569,1.12819102331539,4.44503943347293,NaN,NaN,NaN
1.02856839085783,5.88105936082841,NaN,NaN,NaN,NaN
1.90718428255591,4.47595372092194,NaN,NaN,NaN,NaN
1.69065261967038,2.93562578943852,NaN,NaN,NaN,NaN
1.6814316529215,2.96409294955815,0.530511986942167,NaN,NaN,NaN
1.85183507183001,3.46597206582151,NaN,NaN,NaN,NaN
1.86666400259282,0.83135811185531,0.500008409209508,0.724185663707085,NaN,NaN
1.54781479099734,1.99195820872519,1.41598831770956,NaN,NaN,NaN
2.19916482723229,1.71259561309565,NaN,NaN,NaN,NaN
6.37309702576046,NaN,NaN,NaN,NaN,NaN
0.810615468255155,6.76380397251938,NaN,NaN,NaN,NaN
2.02639513920899,5.82281527119516,NaN,NaN,NaN,NaN
2.24322639557566,0.500000007838493,3.61721012752926,NaN,NaN,NaN
3.67280304984403,3.24753204245882,0.550449377201405,NaN,NaN,NaN
0.868939899633612,1.38321067732775,NaN,NaN,NaN,NaN
1.16462213299575,11.9990192932808,NaN,NaN,NaN,NaN
1.24462576190758,11.9999528183487,NaN,NaN,NaN,NaN
1.51939796492019,0.500002056480697,1.8961255310883,NaN,NaN,NaN
1.61670971644546,1.33387145992159,6.2814313217094,NaN,NaN,NaN
1.04076931098565,5.98298044213863,0.880605002947965,NaN,NaN,NaN
2.68398004741663,2.12795381716776,NaN,NaN,NaN,NaN
1.9478350566184,4.44070627913333,NaN,NaN,NaN,NaN
2.1437139076259,3.49926107553903,NaN,NaN,NaN,NaN
4.87919567575388,1.29398997812845,NaN,NaN,NaN,NaN
2.0097859214124,3.23255360043422,NaN,NaN,NaN,NaN
1.22108330816454,6.60530075414972,NaN,NaN,NaN,NaN
2.83009883145336,2.30151211040999,0.63782777776631,NaN,NaN,NaN
2.80183941232323,2.98430425170375,0.500000014336285,NaN,NaN,NaN
2.14426422996977,2.1727039770864,NaN,NaN,NaN,NaN
1.43602619920563,4.71969416597386,NaN,NaN,NaN,NaN
1.48700191785943,4.17051203766001,NaN,NaN,NaN,NaN
1.7483601831194,0.500000027609149,4.00794295807217,NaN,NaN,NaN
1.43633661657652,0.500009113761484,0.500001167197302,NaN,NaN,NaN
0.754797060170719,2.35751809597858,NaN,NaN,NaN,NaN
1.95653522548069,1.44314963832405,1.10444740508792,NaN,NaN,NaN
2.00675322167561,3.58784450398472,NaN,NaN,NaN,NaN
2.04094235071475,5.92862870025775,2.79540568447465,NaN,NaN,NaN
1.56439214792073,4.32604628634101,0.693292166738093,NaN,NaN,NaN
1.4702924545789,10.3396076390821,NaN,NaN,NaN,NaN
1.83534386209453,8.57849171307804,NaN,NaN,NaN,NaN
1.5966972453221,1.84125019210851,0.500000286090028,1.31094346206622,NaN,NaN
1.75160097318837,9.21936337402138,NaN,NaN,NaN,NaN
1.55789083388867,3.92340806156153,0.500001783476162,NaN,NaN,NaN
2.40404778148773,2.52961381752914,NaN,NaN,NaN,NaN
4.30647249600348,1.9116004801731,NaN,NaN,NaN,NaN
1.50588890193283,9.11105293383943,NaN,NaN,NaN,NaN
1.99518784752807,6.65822966237678,NaN,NaN,NaN,NaN
2.2843098563986,4.24299647652521,NaN,NaN,NaN,NaN
2.16211822517554,0.772003726049045,0.500001602084998,2.54106580080255,NaN,NaN
1.91923597122424,0.500000640882701,2.0102529618193,NaN,NaN,NaN
2.15389327671128,4.16148400228284,0.500000235891998,NaN,NaN,NaN
2.18120228429798,8.36345955590973,1.3007761755343,NaN,NaN,NaN
1.48039506849564,0.500000037663527,6.04300879724164,NaN,NaN,NaN
7.1049468483594,NaN,NaN,NaN,NaN,NaN
2.17305038920303,1.11059960086256,NaN,NaN,NaN,NaN
1.44411446116482,2.42518869803679,0.52384449490294,NaN,NaN,NaN
2.07714327310931,2.80190182622588,NaN,NaN,NaN,NaN
3.15397307467614,2.41937322356964,NaN,NaN,NaN,NaN
1.86127616234063,4.88367591215123,0.505101442622828,NaN,NaN,NaN
1.22457851521771,0.500003970501359,6.65138806196335,0.771350667630542,NaN,NaN
2.5049648660426,4.019101747999,0.945635465600705,0.608864901029282,NaN,NaN
0.976772485359732,9.86483599150147,NaN,NaN,NaN,NaN
7.82454064211487,NaN,NaN,NaN,NaN,NaN
2.41246832612667,2.16046457246701,NaN,NaN,NaN,NaN
1.2028858053261,5.89226567054967,NaN,NaN,NaN,NaN
2.0161798546677,8.20993929896512,0.802431867834635,1.45408511981646,NaN,NaN
1.67976930133245,3.90131304120196,NaN,NaN,NaN,NaN
2.03993228465609,0.500000689866828,3.77378882327142,NaN,NaN,NaN
1.57190493820589,3.08566613477108,NaN,NaN,NaN,NaN
3.61120941443418,1.90142527681928,NaN,NaN,NaN,NaN
1.75724857279444,2.6403327993153,NaN,NaN,NaN,NaN
1.62044396966148,3.09698995883705,NaN,NaN,NaN,NaN
2.90261514751696,2.27955001890221,6.10453952944721,7.17522125615214,NaN,NaN
4.74971147259912,NaN,NaN,NaN,NaN,NaN
2.49798975803388,2.16257855256586,NaN,NaN,NaN,NaN
2.2437944628496,2.4387067513432,NaN,NaN,NaN,NaN
2.73047610587731,3.74586940923773,NaN,NaN,NaN,NaN
1.8328364931038,4.10907240632856,NaN,NaN,NaN,NaN
0.722810871762581,0.500000694405906,0.500000156063678,0.500000527320047,5.01847524468952,0.822671401846842
2.22482943257537,2.58666113456772,NaN,NaN,NaN,NaN
1.19427284899788,4.16581258066252,NaN,NaN,NaN,NaN
2.06240455328171,5.42840846485679,NaN,NaN,NaN,NaN
11.5568206942599,NaN,NaN,NaN,NaN,NaN
1.4354395074985,0.500000109330267,4.72387755199191,NaN,NaN,NaN
1.94059850995733,2.79698283030158,NaN,NaN,NaN,NaN
1.78566363372518,4.43343646925823,NaN,NaN,NaN,NaN
1.74062396633196,5.96100267933003,NaN,NaN,NaN,NaN
1.12404611970925,7.37739290778501,NaN,NaN,NaN,NaN
0.858973845835678,10.0350189753165,NaN,NaN,NaN,NaN
2.11552362877124,7.61419589277933,NaN,NaN,NaN,NaN
0.828356995546837,11.5644088937223,NaN,NaN,NaN,NaN
1.57444963976361,2.28742129089894,NaN,NaN,NaN,NaN
1.64973940447631,8.60887268121624,1.21940088704933,NaN,NaN,NaN
1.17650208836504,5.98359044547559,NaN,NaN,NaN,NaN
1.19174696152338,10.0112055760433,NaN,NaN,NaN,NaN
9.66710408828309,NaN,NaN,NaN,NaN,NaN
11.999908883597,NaN,NaN,NaN,NaN,NaN
1.81509981179157,4.92549527660924,0.543421882488988,1.94725009638571,NaN,NaN
2.74087943128513,2.40794592206507,NaN,NaN,NaN,NaN
1.88741506271062,7.59936206181861,NaN,NaN,NaN,NaN
1.38908240177183,3.68062489309243,NaN,NaN,NaN,NaN
1.12240025453522,11.9999854714475,NaN,NaN,NaN,NaN
2.44909717650653,1.64270030977308,NaN,NaN,NaN,NaN
1.06647647567871,2.81452273660955,NaN,NaN,NaN,NaN
1.74776381595806,10.7361700968663,NaN,NaN,NaN,NaN
5.55496622948499,1.89917501770826,NaN,NaN,NaN,NaN
1.56023333892902,3.77463889615271,NaN,NaN,NaN,NaN
1.37824000573861,9.65230185570089,NaN,NaN,NaN,NaN
1.85474847256741,2.29137927269953,NaN,NaN,NaN,NaN
1.23335918538918,0.777110593386218,8.26511807358254,0.601693534565567,0.962833680408435,NaN
11.9999660492188,NaN,NaN,NaN,NaN,NaN
2.25540033432837,3.57441659070454,NaN,NaN,NaN,NaN
1.53870322398667,2.75790935541695,NaN,NaN,NaN,NaN
2.58989237174913,0.500000021892344,3.55143643376804,NaN,NaN,NaN
2.64877822830048,2.79295842706588,0.815287469432737,1.44928248992746,NaN,NaN
2.34834005104712,3.27941830536509,NaN,NaN,NaN,NaN
7.01711832912555,NaN,NaN,NaN,NaN,NaN
2.82196589379435,1.69308449164568,NaN,NaN,NaN,NaN
1.32796757534019,11.7116308859983,NaN,NaN,NaN,NaN
1.03593259062989,9.92685897494167,NaN,NaN,NaN,NaN
1.21778566527204,5.68267306793345,NaN,NaN,NaN,NaN
1.38113121292647,2.01119104203473,1.02442705391806,NaN,NaN,NaN
2.13882550274224,3.25619527797704,0.926706386575557,NaN,NaN,NaN
1.29900232330484,6.2943299769983,NaN,NaN,NaN,NaN
2.69692176607342,3.24090935028367,NaN,NaN,NaN,NaN
3.7330230022917,NaN,NaN,NaN,NaN,NaN
1.96454980227461,2.56728591075735,NaN,NaN,NaN,NaN
2.02942171755767,3.05598028807802,NaN,NaN,NaN,NaN
2.14034184689777,2.33512363381841,NaN,NaN,NaN,NaN
7.73355032797353,NaN,NaN,NaN,NaN,NaN
2.24359188791444,0.500000328051941,2.47603679669915,NaN,NaN,NaN
1.98541373696718,0.829435587368794,2.391836173598,NaN,NaN,NaN
1.65397376071198,2.97011635438614,NaN,NaN,NaN,NaN
11.9999992003408,NaN,NaN,NaN,NaN,NaN
2.25448655807651,3.19956567911344,NaN,NaN,NaN,NaN
1.70897510269649,0.500001420148516,5.86305343674365,NaN,NaN,NaN
1.9633677449519,NaN,NaN,NaN,NaN,NaN
2.92786286721124,2.12929609015412,NaN,NaN,NaN,NaN
2.40204570224335,NaN,NaN,NaN,NaN,NaN
1.72300800090295,9.37074351398507,3.22508524793008,2.18852841342309,1.71757470760465,NaN
1.95693579640555,5.64934329762642,NaN,NaN,NaN,NaN
0.926267961854018,0.517618062354886,4.2369119447792,0.914637023467286,NaN,NaN
11.9999846757254,NaN,NaN,NaN,NaN,NaN
1.04519410204884,8.47703669260155,NaN,NaN,NaN,NaN
2.43324807621405,6.75818082413415,NaN,NaN,NaN,NaN
1.79567176569374,4.59080272915973,NaN,NaN,NaN,NaN
2.13904109326953,6.49584099626743,1.0167975472397,NaN,NaN,NaN
1.22049420192001,3.70239733861456,NaN,NaN,NaN,NaN
2.6203272653322,0.542576791687465,11.7994057197195,11.9994774691095,NaN,NaN
1.49640206272906,6.69219956805582,NaN,NaN,NaN,NaN
1.65531949542999,5.33606153607782,NaN,NaN,NaN,NaN
1.94370007115867,3.32470232470338,NaN,NaN,NaN,NaN
1.82206253555594,1.34417705944789,NaN,NaN,NaN,NaN
1.05460438528628,4.73225881485536,0.500000233105826,NaN,NaN,NaN
1.81083008555002,4.43758555975787,NaN,NaN,NaN,NaN
1.90634145294288,3.93276878142602,NaN,NaN,NaN,NaN
1.80407656440839,4.85471384881788,0.58244959343335,NaN,NaN,NaN
1.8943033379854,0.814077792631695,2.86733070408202,NaN,NaN,NaN
1.50621874510034,4.50422206754428,NaN,NaN,NaN,NaN
1.91291308844944,4.21661109537406,NaN,NaN,NaN,NaN
2.053605678743,0.661436553939464,5.07552696125762,NaN,NaN,NaN
8.58628322133759,NaN,NaN,NaN,NaN,NaN
1.76331106537408,2.65310377573572,NaN,NaN,NaN,NaN
8.34533795317613,NaN,NaN,NaN,NaN,NaN
1.81520227670471,4.06162346002162,NaN,NaN,NaN,NaN
2.43996547370533,2.25912084085214,NaN,NaN,NaN,NaN
1.29704443828971,5.41985360596077,NaN,NaN,NaN,NaN
1.18163355570744,8.17998957448437,NaN,NaN,NaN,NaN
2.16355826565624,6.60482533522143,NaN,NaN,NaN,NaN
2.54741782161495,4.18958618833768,NaN,NaN,NaN,NaN
1.9622519435174,4.09538081912154,NaN,NaN,NaN,NaN
2.08241457178901,1.89680021542272,1.19502001057112,NaN,NaN,NaN
1.95764569538476,4.50146796687689,NaN,NaN,NaN,NaN
1.88896104062213,2.54195284983349,1.72322330503961,NaN,NaN,NaN
2.11624184860122,0.573361018672824,1.15084290033793,4.49911626477979,2.08941635470004,NaN
1.91126806211993,3.32671947197838,NaN,NaN,NaN,NaN
1.64566870293239,6.83253900531391,NaN,NaN,NaN,NaN
2.84707320439267,2.96817830142601,NaN,NaN,NaN,NaN
3.19570874627753,0.558780297211069,2.19700110120821,NaN,NaN,NaN
1.1109010323801,2.61225282274229,NaN,NaN,NaN,NaN
2.5328100880474,4.80112373791463,0.500000022595543,NaN,NaN,NaN
9.36611411200313,NaN,NaN,NaN,NaN,NaN
2.07112700684505,5.86026338417153,NaN,NaN,NaN,NaN
1.79769105808671,NaN,NaN,NaN,NaN,NaN
1.65471891437182,4.77664756858263,NaN,NaN,NaN,NaN
1.68846221813246,4.51601067438077,NaN,NaN,NaN,NaN
0.8879646432058,7.51203860254,NaN,NaN,NaN,NaN
1.73635061781874,1.60981614557483,9.27908633713562,NaN,NaN,NaN
1.5278939835443,0.50000246864459,10.5744638756065,NaN,NaN,NaN
9.58038780275821,NaN,NaN,NaN,NaN,NaN
1.89673785333472,2.95590056089178,NaN,NaN,NaN,NaN
7.55089252591666,NaN,NaN,NaN,NaN,NaN
2.22732141814263,2.96523966763767,NaN,NaN,NaN,NaN
2.17926581354872,4.27115184101275,NaN,NaN,NaN,NaN
2.13461558925834,5.13756552586414,NaN,NaN,NaN,NaN
2.06826947987805,6.13549577200021,0.564621372763282,NaN,NaN,NaN
3.17487766354273,2.15394925829976,NaN,NaN,NaN,NaN
1.64667364567609,5.2322274186637,NaN,NaN,NaN,NaN
11.9999279183329,NaN,NaN,NaN,NaN,NaN
1.65247976801781,6.88627960965456,NaN,NaN,NaN,NaN
2.40728090878249,3.28401642532319,NaN,NaN,NaN,NaN
1.73771517181806,7.18978937605914,NaN,NaN,NaN,NaN
2.14752665892492,3.45943502507319,0.602985947556696,1.74253854093706,NaN,NaN
2.12459859297555,0.935132505088451,3.13599698009271,1.54758155088082,0.69913197580008,NaN
1.80231780083413,5.99837951030795,NaN,NaN,NaN,NaN
1.14347709703436,5.55241428933406,NaN,NaN,NaN,NaN
0.896954426354071,5.4434145215731,NaN,NaN,NaN,NaN
2.06442687724424,6.70687089341929,NaN,NaN,NaN,NaN
3.74628963718413,1.22239647466782,NaN,NaN,NaN,NaN
1.14838310269477,8.92178217197137,NaN,NaN,NaN,NaN
2.33911420873517,0.693345355968509,3.48596918698796,NaN,NaN,NaN
1.60074415930253,4.66584526380568,NaN,NaN,NaN,NaN
2.49544094862175,4.95506136508115,1.00548154379156,0.711958028640773,NaN,NaN
1.2224405205073,0.500011312822593,0.832626179852469,10.678153362302,11.999835705782,NaN
6.6367104735976,NaN,NaN,NaN,NaN,NaN
1.74823196347448,5.18210098185337,NaN,NaN,NaN,NaN
0.62103021496953,5.93072729058529,NaN,NaN,NaN,NaN
1.40356270252152,1.95000748377044,NaN,NaN,NaN,NaN
1.3324618800921,11.9999998773554,NaN,NaN,NaN,NaN
2.58777197306172,0.500000625533705,0.820479769232964,0.570089096322725,2.22747462446632,3.10836196995227
1.20353406484274,11.9999479117671,NaN,NaN,NaN,NaN
1.65341603958228,11.9999591721186,NaN,NaN,NaN,NaN
1.87288391456011,7.84610939431449,NaN,NaN,NaN,NaN
1.40776831371648,3.00150471909275,NaN,NaN,NaN,NaN
2.12511975989494,6.8878948720906,NaN,NaN,NaN,NaN
6.88379473302002,NaN,NaN,NaN,NaN,NaN
8.94705072007715,NaN,NaN,NaN,NaN,NaN
2.10248169629217,1.87796329067828,0.500000709060868,0.500000067027064,NaN,NaN
3.16940865940265,1.56718597217001,2.90434138268074,NaN,NaN,NaN
3.44927536819789,1.29009289298065,0.986696897360907,NaN,NaN,NaN
7.99044121655839,NaN,NaN,NaN,NaN,NaN
1.8403137630921,5.41577998931981,NaN,NaN,NaN,NaN
1.12330098825208,8.67098329683796,NaN,NaN,NaN,NaN
2.51202104564053,2.77126330823356,NaN,NaN,NaN,NaN
2.950225017674,1.67407819655914,NaN,NaN,NaN,NaN
1.9723861883359,3.02943893422307,NaN,NaN,NaN,NaN
3.84283070970933,2.91103738067984,NaN,NaN,NaN,NaN
1.82645601528497,0.500000183128172,0.500000423553481,1.12957905175361,NaN,NaN
0.50000072917714,1.89027032912585,5.85542665490393,NaN,NaN,NaN
2.92906830205745,2.94213083273491,NaN,NaN,NaN,NaN
1.43063702017561,6.97612473878864,NaN,NaN,NaN,NaN
3.05477867769788,1.72094340251779,NaN,NaN,NaN,NaN
1.93298832094519,1.89766940703677,NaN,NaN,NaN,NaN
1.79115076232005,2.70537370756473,NaN,NaN,NaN,NaN
3.10605560852312,1.02789603667788,5.41121662860642,2.50035373595547,NaN,NaN
1.44674006072451,0.55786568944576,4.02670084803279,2.26417874295275,NaN,NaN
1.64929378179237,0.500000415928919,4.00024308553791,NaN,NaN,NaN
3.03285646089248,3.29073365556508,NaN,NaN,NaN,NaN
1.74487017872741,3.7054062479016,NaN,NaN,NaN,NaN
1.41753192449553,8.38517717871665,NaN,NaN,NaN,NaN
2.76287520602105,0.514992282933163,1.70361255700729,0.50000003449572,NaN,NaN
3.73167123777254,1.29889448394259,4.40064041437238,NaN,NaN,NaN
2.18932977795983,7.42993616125898,NaN,NaN,NaN,NaN
1.87878665571364,3.72121396416978,NaN,NaN,NaN,NaN
2.89464314509292,NaN,NaN,NaN,NaN,NaN
1.54135011771566,2.27482547046469,1.42712475526112,NaN,NaN,NaN
0.7985168238419,11.9999996921079,NaN,NaN,NaN,NaN
1.2968003447106,5.86006253115005,NaN,NaN,NaN,NaN
1.62105792132138,7.66982328275542,NaN,NaN,NaN,NaN
1.73639407854746,3.44222077913828,NaN,NaN,NaN,NaN
3.79396915848253,NaN,NaN,NaN,NaN,NaN
2.52391564513878,2.51516196961174,NaN,NaN,NaN,NaN
1.79777315002468,1.04327818703154,1.87512707866806,NaN,NaN,NaN
2.03261875486619,5.30052254936132,NaN,NaN,NaN,NaN
2.17800091612935,1.97401012609152,1.77905377419774,NaN,NaN,NaN
2.29011089120264,3.2464382038006,NaN,NaN,NaN,NaN
1.74459862605573,3.94692193264926,NaN,NaN,NaN,NaN
1.60885453956777,3.84342192934229,NaN,NaN,NaN,NaN
1.61667455072281,3.05022218354515,NaN,NaN,NaN,NaN
11.9999874741352,NaN,NaN,NaN,NaN,NaN
2.46760482360644,3.58597178053693,NaN,NaN,NaN,NaN
1.85486773706139,4.23550463186484,NaN,NaN,NaN,NaN
1.51609114319723,6.08918851822041,NaN,NaN,NaN,NaN
1.46811418596656,5.54619185294229,NaN,NaN,NaN,NaN
3.08997095096084,4.02363761579181,NaN,NaN,NaN,NaN
1.60388829756359,3.76943692613281,0.543412327396075,0.729056745849599,NaN,NaN
1.80903580850795,3.50978592618955,NaN,NaN,NaN,NaN
2.60183943398474,4.30523718400414,0.500000724959309,NaN,NaN,NaN
1.63403045694377,3.58305664966328,NaN,NaN,NaN,NaN
1.54270205493376,4.47988137447769,NaN,NaN,NaN,NaN
1.82053422697758,3.35321623903585,NaN,NaN,NaN,NaN
1.75997438477165,5.88657692739926,NaN,NaN,NaN,NaN
1.8663183816602,4.89085237965525,NaN,NaN,NaN,NaN
1.22158608784871,6.76680092136862,NaN,NaN,NaN,NaN
1.82735549884439,2.79901077377699,NaN,NaN,NaN,NaN
1.60465648930235,9.59590063527951,NaN,NaN,NaN,NaN
2.30689730241407,11.99998637265,4.40699824199871,NaN,NaN,NaN
1.61603601719307,4.78373446312253,11.9999872181184,NaN,NaN,NaN
2.24345782184814,3.21788976926893,NaN,NaN,NaN,NaN
1.62793730321959,10.6728591324022,NaN,NaN,NaN,NaN
1.72706291789051,0.767861888867994,2.23552958809673,NaN,NaN,NaN
1.67295628032065,5.83528383857637,NaN,NaN,NaN,NaN
3.04992672295168,1.86315536214974,NaN,NaN,NaN,NaN
2.10397114746729,6.2441404748645,NaN,NaN,NaN,NaN
1.62073839675207,NaN,NaN,NaN,NaN,NaN
1.86107755339303,1.76121463386608,NaN,NaN,NaN,NaN
1.81808485570964,2.63094858081096,NaN,NaN,NaN,NaN
1.46901349850937,4.44746589227017,1.46949278635134,NaN,NaN,NaN
2.15268939276619,5.39622758935427,NaN,NaN,NaN,NaN
1.42245960353434,0.932200455171811,NaN,NaN,NaN,NaN
1.36277372543883,11.989513038614,4.95807697905527,NaN,NaN,NaN
1.82815896661502,0.628973869708232,1.26574498528262,NaN,NaN,NaN
1.12229038015443,5.84582614584544,NaN,NaN,NaN,NaN
2.62512420027763,2.20717896042091,NaN,NaN,NaN,NaN
2.0052984088365,2.14228594989518,0.500000014762381,NaN,NaN,NaN
2.28255464413594,3.13350582788396,NaN,NaN,NaN,NaN
1.51270332692729,2.6681781583412,NaN,NaN,NaN,NaN
1.36884594172952,9.49412248533874,0.777269140483571,NaN,NaN,NaN
4.58962922232905,NaN,NaN,NaN,NaN,NaN
1.9836873243608,0.500003389908041,0.500000675990589,1.38443496632886,NaN,NaN
2.09218704293527,0.500000213143814,2.34251993823202,0.726896884382907,NaN,NaN
2.08986944107152,11.9997796216027,0.503363350799679,NaN,NaN,NaN
2.15928074110043,3.25969894464123,2.85992747682641,NaN,NaN,NaN
2.10123754915668,1.89623563046363,NaN,NaN,NaN,NaN
2.68938017657609,0.721768664377522,NaN,NaN,NaN,NaN
1.95879497963334,0.548369495775557,6.32201416108673,NaN,NaN,NaN
1.12805777041074,3.47637619240101,NaN,NaN,NaN,NaN
1.57509875953327,11.5472461057712,NaN,NaN,NaN,NaN
2.12197871868506,5.66111413482504,NaN,NaN,NaN,NaN
1.35652334222297,0.500000453080834,11.9999934353367,NaN,NaN,NaN
3.08504627610203,1.34421415370485,5.67393842744794,NaN,NaN,NaN
1.35839107751152,0.517834418645551,5.16332794448268,0.55399103960983,NaN,NaN
1.86943831364716,4.77380153167668,NaN,NaN,NaN,NaN
1.47279096444475,0.500002344595136,4.56089951915548,NaN,NaN,NaN
2.06547726356155,4.24794226058074,NaN,NaN,NaN,NaN
1.70385077168097,1.9225275822564,NaN,NaN,NaN,NaN
1.60750690878832,2.61467360055557,NaN,NaN,NaN,NaN
2.14485795848016,NaN,NaN,NaN,NaN,NaN
1.31522675106477,6.78860624604621,NaN,NaN,NaN,NaN
3.34807694319717,2.04480116103424,NaN,NaN,NaN,NaN
11.9999997545764,NaN,NaN,NaN,NaN,NaN
2.48393116211913,3.30757083445259,NaN,NaN,NaN,NaN
1.47041113255353,6.13713542480293,NaN,NaN,NaN,NaN
2.2430581371998,1.93908831139443,1.27814779074258,NaN,NaN,NaN
2.04488358290442,5.59268592952458,NaN,NaN,NaN,NaN
2.18101422034199,3.24383801708277,NaN,NaN,NaN,NaN
9.9595605484691,NaN,NaN,NaN,NaN,NaN
1.95264155490012,4.36639773443203,NaN,NaN,NaN,NaN
2.88428091099074,4.20125739495002,NaN,NaN,NaN,NaN
3.65424769996384,2.01337023690624,2.98905770333351,1.0891683195917,NaN,NaN
2.35848462537233,3.19101704051297,NaN,NaN,NaN,NaN
2.31912420701173,0.741291655407931,5.49938163169682,1.68377509227738,1.85080884948373,NaN
2.20486616489747,6.00669523339647,NaN,NaN,NaN,NaN
1.81565245203806,3.98422463391604,NaN,NaN,NaN,NaN
1.78809105641457,NaN,NaN,NaN,NaN,NaN
2.3079344682499,1.64832764672742,NaN,NaN,NaN,NaN
1.81162608392861,5.06243417009605,NaN,NaN,NaN,NaN
1.21211496547007,8.15367140792976,NaN,NaN,NaN,NaN
0.795629176677885,1.14006550205835,5.13659193343529,2.93248396200029,NaN,NaN
1.57381517131818,3.1134951425929,NaN,NaN,NaN,NaN
2.60744620918753,4.14913015150195,2.97853152211918,NaN,NaN,NaN
3.07118247189213,0.500003439353452,1.69652892750154,3.76321216470753,2.20366895451296,NaN
5.7549591546802,0.603356907753587,NaN,NaN,NaN,NaN
1.86079449663512,5.07484108328389,NaN,NaN,NaN,NaN
1.57378113067371,2.67972581324171,NaN,NaN,NaN,NaN
3.31111232497866,3.20509999429769,NaN,NaN,NaN,NaN
0.50001225054993,3.01886129672708,2.48883571665624,NaN,NaN,NaN
1.01129121735323,6.81585461090299,NaN,NaN,NaN,NaN
2.00981231470264,5.7471906709587,NaN,NaN,NaN,NaN
2.12497797543405,8.20644045766016,NaN,NaN,NaN,NaN
1.39677773876373,0.606751890932259,3.39298310336399,NaN,NaN,NaN
1.05778932324622,5.16559137256361,NaN,NaN,NaN,NaN
1.00956071656363,7.8338514396179,NaN,NaN,NaN,NaN
2.15196799532876,3.32474527394347,NaN,NaN,NaN,NaN
1.94911754616049,NaN,NaN,NaN,NaN,NaN
5.43704125249886,4.85721764812507,11.9999872701132,NaN,NaN,NaN
1.17408045261278,4.21235040955695,NaN,NaN,NaN,NaN
1.56461699520015,6.60455427880206,NaN,NaN,NaN,NaN
1.76049983883472,5.37696776755826,NaN,NaN,NaN,NaN
1.78731838328876,8.17777166012764,NaN,NaN,NaN,NaN
8.55166008297056,NaN,NaN,NaN,NaN,NaN
1.98521994358613,4.19550104645259,NaN,NaN,NaN,NaN
2.15415886967088,3.59157510637675,NaN,NaN,NaN,NaN
1.389476331981,3.38293373891699,NaN,NaN,NaN,NaN
1.74304961144119,5.15456779430133,NaN,NaN,NaN,NaN
2.29069189474033,4.83190602846045,NaN,NaN,NaN,NaN
2.32029161376207,3.15867138399296,NaN,NaN,NaN,NaN
0.728261608753681,1.4442733413728,3.62993248564551,NaN,NaN,NaN
0.669652124871385,1.86133932349694,1.85129429531244,NaN,NaN,NaN
1.75078400372243,3.50494928793758,NaN,NaN,NaN,NaN
1.92187136781152,2.09375242984403,NaN,NaN,NaN,NaN
2.06251585070297,3.52748615962755,NaN,NaN,NaN,NaN
2.87676251167269,11.9999663198483,NaN,NaN,NaN,NaN
2.21999773096222,3.30065517269089,NaN,NaN,NaN,NaN
2.44085787501533,6.03379250069402,2.80293469458679,NaN,NaN,NaN
1.13757861217176,3.99286993067998,NaN,NaN,NaN,NaN
2.16880404246078,2.88487134795807,NaN,NaN,NaN,NaN
0.711322170596686,7.20867604996234,NaN,NaN,NaN,NaN
4.22539231198208,3.5407243768631,NaN,NaN,NaN,NaN
2.12566229205705,NaN,NaN,NaN,NaN,NaN
1.90628324380655,0.500004193953595,1.34691091032352,1.01457643432682,5.32522726535922,NaN
1.72846324240513,3.5883447841387,0.500000024688715,0.544745859260424,NaN,NaN
1.42402164753996,3.24172339658213,NaN,NaN,NaN,NaN
1.92172983305014,3.75184339399264,NaN,NaN,NaN,NaN
2.2330891872253,6.26178877725961,NaN,NaN,NaN,NaN
0.586549458308414,9.7713335252895,NaN,NaN,NaN,NaN
1.19685609019793,3.53142160510355,NaN,NaN,NaN,NaN
2.45029345733681,3.7128423557317,NaN,NaN,NaN,NaN
1.45366495929177,2.4721723132772,NaN,NaN,NaN,NaN
2.51719257623644,5.02233278914467,0.500003492529384,NaN,NaN,NaN
1.36902610713874,1.10666132575525,NaN,NaN,NaN,NaN
1.2903852621724,3.41139016360761,NaN,NaN,NaN,NaN
2.60131502911018,1.53854028522346,2.05141901715971,NaN,NaN,NaN
1.56500404496047,5.64508865878381,11.9999619042156,NaN,NaN,NaN
1.07761501500406,7.26624916607131,NaN,NaN,NaN,NaN
1.34540358041193,NaN,NaN,NaN,NaN,NaN
1.83907629339789,4.44879011288185,NaN,NaN,NaN,NaN
2.04570741860021,3.44924968068288,NaN,NaN,NaN,NaN
1.47638160853732,11.9998500201977,NaN,NaN,NaN,NaN
1.66165636131534,NaN,NaN,NaN,NaN,NaN
1.51182408817053,6.96560549852917,NaN,NaN,NaN,NaN
2.25865116307065,7.75614865275852,NaN,NaN,NaN,NaN
1.33788109590599,7.08340741112707,NaN,NaN,NaN,NaN
1.72265664398788,0.616107239298979,0.891161593540659,NaN,NaN,NaN
0.500002072338763,2.69942999326669,1.58599965764059,NaN,NaN,NaN
1.71246419943292,2.99140118195763,NaN,NaN,NaN,NaN
1.70752119726365,1.32600783447781,NaN,NaN,NaN,NaN
2.76750092804377,1.78215761573181,NaN,NaN,NaN,NaN
2.05313657082167,3.57862828921623,NaN,NaN,NaN,NaN
1.70971287411759,4.64710580065852,NaN,NaN,NaN,NaN
1.08509824024996,1.6698361592889,1.44818257879287,NaN,NaN,NaN
2.15710579775239,3.09137704150374,NaN,NaN,NaN,NaN
2.83065240907715,4.41514995826169,2.83684815200211,NaN,NaN,NaN
1.41227531466317,0.500000324541078,1.17955410970295,1.10066165182182,0.500000318680566,NaN
4.5751941893122,NaN,NaN,NaN,NaN,NaN
2.46717915834654,2.62882055744716,NaN,NaN,NaN,NaN
2.86624916003489,1.24934856479095,NaN,NaN,NaN,NaN
1.73971743498326,5.99409453872268,NaN,NaN,NaN,NaN
1.59056809836178,2.49234196372601,3.80530974325801,NaN,NaN,NaN
2.49691518433433,11.9999809961688,NaN,NaN,NaN,NaN
2.34378939476137,0.619184226147328,1.55414743669474,0.500000596599232,NaN,NaN
2.62268832471711,2.48242400575692,NaN,NaN,NaN,NaN
2.72369790944311,2.83463920360604,NaN,NaN,NaN,NaN
0.697947629790418,6.05166284924051,NaN,NaN,NaN,NaN
1.68453588966412,7.93012633793241,NaN,NaN,NaN,NaN
2.30302328705063,3.04731014793517,7.20738418527828,NaN,NaN,NaN
1.0137503559376,10.3102192721635,NaN,NaN,NaN,NaN
2.89599569689632,1.03552763321438,NaN,NaN,NaN,NaN
1.16670857421399,11.999985202664,NaN,NaN,NaN,NaN
2.02121865729391,4.42875725752683,NaN,NaN,NaN,NaN
1.51192785728789,4.17986612276853,NaN,NaN,NaN,NaN
1.69613546863826,3.22746340634016,NaN,NaN,NaN,NaN
4.24698369921944,1.44962360285744,3.83540758346607,NaN,NaN,NaN
1.06396727940047,7.13440691941533,NaN,NaN,NaN,NaN
2.18094631300291,3.11293173288367,NaN,NaN,NaN,NaN
2.18137431179058,1.46390748748019,0.500048261737523,NaN,NaN,NaN
2.09450674945002,4.01479751649363,NaN,NaN,NaN,NaN
2.19326509860261,1.87859963015573,0.50000170328217,0.50000055287588,NaN,NaN
1.51019106602178,3.52006850665892,NaN,NaN,NaN,NaN
2.62064426522444,3.73159914184606,NaN,NaN,NaN,NaN
0.835424445373972,3.66556977457234,NaN,NaN,NaN,NaN
1.29620749148412,8.10235948071892,NaN,NaN,NaN,NaN
5.84191741191078,NaN,NaN,NaN,NaN,NaN
2.24892602155159,3.91998947978266,NaN,NaN,NaN,NaN
2.04155936574721,2.0359929128071,NaN,NaN,NaN,NaN
1.72876793322954,4.37172829786197,NaN,NaN,NaN,NaN
1.66077287743061,4.58682728497221,NaN,NaN,NaN,NaN
2.36233687746525,7.23401050095772,NaN,NaN,NaN,NaN
2.00039588822338,2.58968064855302,NaN,NaN,NaN,NaN
1.69118559446044,5.06493556370837,NaN,NaN,NaN,NaN
2.68259800844858,2.95327413371181,NaN,NaN,NaN,NaN
1.03645543118464,2.69428476542579,NaN,NaN,NaN,NaN
1.27902149962864,1.32932790202443,NaN,NaN,NaN,NaN
1.46387766978398,4.68474250477319,0.723407495112728,NaN,NaN,NaN
2.6404953638758,2.26295942728406,NaN,NaN,NaN,NaN
1.88042299551494,4.04118986298243,NaN,NaN,NaN,NaN
3.43732518568729,2.30980563386954,NaN,NaN,NaN,NaN
5.81628988121297,NaN,NaN,NaN,NaN,NaN
2.05584377021668,4.81555269199028,NaN,NaN,NaN,NaN
1.94440063051881,5.42106762546239,NaN,NaN,NaN,NaN
1.6936363448174,7.02346149078842,NaN,NaN,NaN,NaN
1.79996032304901,4.91847683590807,NaN,NaN,NaN,NaN
1.900969493539,NaN,NaN,NaN,NaN,NaN
2.43685673879789,2.64631283441923,NaN,NaN,NaN,NaN
1.0697820632639,5.21007399102275,NaN,NaN,NaN,NaN
2.0694026250336,NaN,NaN,NaN,NaN,NaN
1.86229400301663,0.500000016542981,3.14274418751591,0.855425794395681,NaN,NaN
2.15664952716961,3.19328978988924,NaN,NaN,NaN,NaN
1.38003120022576,4.59065564502937,NaN,NaN,NaN,NaN
3.66386197646518,1.67451349450915,NaN,NaN,NaN,NaN
1.39281661356906,3.52651692766086,NaN,NaN,NaN,NaN
0.500072196578011,3.54612695834751,0.998724718955837,NaN,NaN,NaN
2.42950702887787,3.90331961758018,1.94931550881427,NaN,NaN,NaN
1.83449616465518,1.8913265840193,NaN,NaN,NaN,NaN
1.37800946364358,2.60509177990862,1.35920297129398,2.8269857141253,NaN,NaN
1.89108270022368,2.57596992729496,NaN,NaN,NaN,NaN
1.73796240735335,3.8377929058903,NaN,NaN,NaN,NaN
1.41842255075304,3.27129946217495,NaN,NaN,NaN,NaN
2.24323130767991,3.05055231538292,NaN,NaN,NaN,NaN
2.39829153021452,3.23130103764553,NaN,NaN,NaN,NaN
2.51306635531526,0.500001228337199,0.807700114900317,NaN,NaN,NaN
1.15260019363536,6.4544917696708,NaN,NaN,NaN,NaN
1.12625968457775,NaN,NaN,NaN,NaN,NaN
2.76000215581301,0.500000398844557,0.500002788942846,2.37110407963432,2.16287913886193,NaN
1.72570855591897,3.72837925387665,NaN,NaN,NaN,NaN
1.52027374585093,9.00835950520981,NaN,NaN,NaN,NaN
5.55989149595244,2.20727033276775,2.0216043861222,NaN,NaN,NaN
3.69477132640359,1.46258245511084,NaN,NaN,NaN,NaN
1.9392518404559,3.51520606993001,0.878239270983973,NaN,NaN,NaN
1.26997812106129,0.500000301170028,1.61629499786291,2.9357295189565,0.500000156281834,0.712153210423596
0.670563261800708,5.60118372834559,NaN,NaN,NaN,NaN
2.74548281150053,0.53802580794559,1.2789332775037,NaN,NaN,NaN
2.87212302958156,3.54655715833906,NaN,NaN,NaN,NaN
1.88680677633792,4.57302122419451,NaN,NaN,NaN,NaN
2.17760509045069,1.9075262811142,NaN,NaN,NaN,NaN
1.64321370353359,5.55965962190674,NaN,NaN,NaN,NaN
2.72302683815154,1.52001291493294,NaN,NaN,NaN,NaN
1.35944600179422,3.01228398965442,NaN,NaN,NaN,NaN
2.1753157636572,3.07774031493533,NaN,NaN,NaN,NaN
2.11296942799917,NaN,NaN,NaN,NaN,NaN
3.52179628369409,3.79481001318986,NaN,NaN,NaN,NaN
1.36839799517476,0.500000007891514,6.34608052406919,NaN,NaN,NaN
2.25174848326574,4.69767253239709,0.500003061224571,0.611095804505004,NaN,NaN
1.69203448205726,5.39984644741247,NaN,NaN,NaN,NaN
1.23699957969887,5.88594571669843,NaN,NaN,NaN,NaN
2.39440261677545,1.99289109390489,1.76197102614665,NaN,NaN,NaN
1.52976704495831,4.60771379031603,3.15532829160158,NaN,NaN,NaN
1.47513970343362,2.06819945653793,1.58940719960389,1.14209600257149,NaN,NaN
1.32872369520112,2.06973161807203,NaN,NaN,NaN,NaN
2.10438865856024,3.8499729032437,NaN,NaN,NaN,NaN
1.73426382920426,2.92644449825552,NaN,NaN,NaN,NaN
2.03493370762916,1.46814185467078,0.50000437993441,6.08664694284031,NaN,NaN
2.17419970830388,0.500000151882776,0.500001509696446,4.53993372971475,1.78516481344141,NaN
1.02930435943121,9.54531227465923,NaN,NaN,NaN,NaN
1.55132942653451,2.93946171216351,NaN,NaN,NaN,NaN
2.44569717265431,5.82131120707936,NaN,NaN,NaN,NaN
4.77929205047794,1.53013126295207,NaN,NaN,NaN,NaN
2.68906683733486,2.49117271093213,NaN,NaN,NaN,NaN
1.54015256222501,5.21763739980746,NaN,NaN,NaN,NaN
2.09675941929443,NaN,NaN,NaN,NaN,NaN
1.25666230118529,2.29273088144028,1.69275690028449,NaN,NaN,NaN
2.10875148188356,NaN,NaN,NaN,NaN,NaN
1.59557053314038,3.26278994175066,0.968237433332118,NaN,NaN,NaN
2.02140955662856,3.45570652140257,NaN,NaN,NaN,NaN
1.74768694436686,0.500000439930821,0.918380700924654,1.7115872658594,0.527938098756312,2.04074381815346
0.93586285773519,2.9379183865527,NaN,NaN,NaN,NaN
1.93589304135343,3.91502259093234,NaN,NaN,NaN,NaN
0.751445983798695,5.36237768964941,NaN,NaN,NaN,NaN
1.90459353834611,5.00228965058947,NaN,NaN,NaN,NaN
1.69196606451669,4.49120914986001,0.500000433717021,NaN,NaN,NaN
0.637970484125064,6.08619479373987,NaN,NaN,NaN,NaN
1.55118719006687,2.5314030595054,NaN,NaN,NaN,NaN
1.56932354413439,1.40613975423283,2.48690770339541,NaN,NaN,NaN
1.45581014596939,3.72885485768806,NaN,NaN,NaN,NaN
1.97861274697935,6.50316769737331,NaN,NaN,NaN,NaN
0.951879612745877,3.53819152032739,1.84203891865218,NaN,NaN,NaN
1.96571573745279,4.02539818973169,NaN,NaN,NaN,NaN
2.555306569089,4.1310870304935,NaN,NaN,NaN,NaN
1.27693588584475,4.30470877873799,NaN,NaN,NaN,NaN
1.54063980543786,5.03479160613091,NaN,NaN,NaN,NaN
2.93019300281101,0.500004038103645,3.18674868665045,NaN,NaN,NaN
1.00105091954301,8.56909028395049,0.500000012890639,NaN,NaN,NaN
1.17926174202363,7.47206003659676,NaN,NaN,NaN,NaN
1.28447414954017,4.42803607073762,NaN,NaN,NaN,NaN
1.35705386301551,8.29547417130685,0.500003230787061,NaN,NaN,NaN
2.07834488425381,3.28499935967512,1.01340151711944,NaN,NaN,NaN
1.77698282020017,4.73939259098362,NaN,NaN,NaN,NaN
1.60462547379367,5.37827373598663,NaN,NaN,NaN,NaN
1.3814431306505,0.500000001938481,9.28768765329034,NaN,NaN,NaN
1.71469778215192,3.02720221200655,0.500003170161345,NaN,NaN,NaN
1.25706491300272,7.21360648868579,9.64376593693275,6.66715352709255,NaN,NaN
1.55823102730197,3.33564061960675,NaN,NaN,NaN,NaN
1.7430660747392,5.04831903109164,NaN,NaN,NaN,NaN
1.67445154830914,4.5716343579251,NaN,NaN,NaN,NaN
3.18839794006772,2.55528408983966,NaN,NaN,NaN,NaN
1.89933974085802,2.76501887543497,NaN,NaN,NaN,NaN
1.28815368597317,11.9999969930487,NaN,NaN,NaN,NaN
1.68288886679377,10.6063248910351,2.05771236076973,NaN,NaN,NaN
1.62348850119825,1.75868578626745,2.16195670118523,NaN,NaN,NaN
1.81155348157116,7.8917334511419,0.568067042291591,NaN,NaN,NaN
2.29670449697429,3.67506887083089,NaN,NaN,NaN,NaN
1.72209781009312,4.32417759707584,NaN,NaN,NaN,NaN
2.57198304948066,2.19847325649736,NaN,NaN,NaN,NaN
2.85330559320628,4.72078715604083,2.19523940461984,NaN,NaN,NaN
1.93995389371149,2.98597616328845,NaN,NaN,NaN,NaN
1.9892397533657,5.06149467898435,NaN,NaN,NaN,NaN
1.828066220909,3.37742773649114,NaN,NaN,NaN,NaN
1.92227082567596,0.67675455410249,3.3469424602095,NaN,NaN,NaN
1.77116588898567,7.98406348484047,2.50091242648808,2.29643563796036,2.65110676302406,NaN
1.59299343943855,4.10454783135131,NaN,NaN,NaN,NaN
1.99693732350165,9.39041763081604,NaN,NaN,NaN,NaN
2.14456528060432,0.775807860068006,0.872788569759582,0.504418368451571,NaN,NaN
2.67401976632592,1.19213134049202,4.43377354458779,NaN,NaN,NaN
0.500000792029022,0.935552865022407,4.37114264988374,NaN,NaN,NaN
0.98769630908797,11.9999768135614,NaN,NaN,NaN,NaN
1.59011971453156,7.39855692368039,NaN,NaN,NaN,NaN
2.01255942445198,3.43963405448103,NaN,NaN,NaN,NaN
1.8824275815378,5.77390321425036,NaN,NaN,NaN,NaN
2.17484983846979,0.63135191559812,3.9720044021123,NaN,NaN,NaN
1.68195735026742,3.26451236021082,NaN,NaN,NaN,NaN
1.72768616660901,6.04861077129244,NaN,NaN,NaN,NaN
1.34109802625423,NaN,NaN,NaN,NaN,NaN
1.21466302036026,3.66338067809402,NaN,NaN,NaN,NaN
1.35085835274342,3.15911065334897,NaN,NaN,NaN,NaN
0.627471777389176,11.9997364641845,1.34731794711263,0.766468978195529,NaN,NaN
0.500020440869165,2.88629122377252,11.9994970484634,8.0634173931774,NaN,NaN
1.51985777512182,6.03015777459223,NaN,NaN,NaN,NaN
4.95838824494344,NaN,NaN,NaN,NaN,NaN
1.55000864590638,6.93998407170354,NaN,NaN,NaN,NaN
2.33805444326214,4.09577135476642,NaN,NaN,NaN,NaN
2.14065925009805,3.53963331315456,NaN,NaN,NaN,NaN
1.5665669818474,11.9996789427401,NaN,NaN,NaN,NaN
1.87887766982577,5.64687107212818,NaN,NaN,NaN,NaN
1.40883973533416,5.08501465877087,NaN,NaN,NaN,NaN
1.39375992132684,3.70367665678134,NaN,NaN,NaN,NaN
0.500000019562983,7.26439324159022,NaN,NaN,NaN,NaN
1.86115957510423,NaN,NaN,NaN,NaN,NaN
1.84500438878351,5.68813399383156,NaN,NaN,NaN,NaN
2.01827207988713,4.20989322501276,0.810793398747378,NaN,NaN,NaN
2.28985374095195,2.4299110480737,NaN,NaN,NaN,NaN
1.49435835835406,NaN,NaN,NaN,NaN,NaN
1.78342475495651,4.94389880698229,NaN,NaN,NaN,NaN
1.71337285825771,2.77137214770588,NaN,NaN,NaN,NaN
1.44234047152681,7.45700851479589,NaN,NaN,NaN,NaN
2.12826350368432,4.36310944137595,NaN,NaN,NaN,NaN
1.65915030406074,4.57697507131905,NaN,NaN,NaN,NaN
6.19519883677071,NaN,NaN,NaN,NaN,NaN
2.14596673373043,1.27309421393924,NaN,NaN,NaN,NaN
0.504735977920469,1.20382810362632,3.44050572445909,1.0726286025444,NaN,NaN
1.85737305242352,3.60700911931463,0.583742800860394,0.849187131484815,NaN,NaN
1.39022588928348,5.64627768723295,0.500000578379309,NaN,NaN,NaN
1.75384140691509,4.04994860982603,NaN,NaN,NaN,NaN
2.02594476948063,2.54344412304245,NaN,NaN,NaN,NaN
1.48838055096328,4.45321054921409,NaN,NaN,NaN,NaN
1.34848542219121,1.36811366814917,4.17893945098552,NaN,NaN,NaN
1.96745374777794,3.52987483066077,NaN,NaN,NaN,NaN
2.51730053465913,2.90468317317288,NaN,NaN,NaN,NaN
1.81087402691668,2.57654122904022,NaN,NaN,NaN,NaN
1.98080657901584,2.51524095359084,NaN,NaN,NaN,NaN
1.31202600266098,3.35010128322706,0.582784926966533,0.500000004214628,NaN,NaN
0.800277114321836,3.68208730177162,NaN,NaN,NaN,NaN
1.40416260686779,2.23674846575986,NaN,NaN,NaN,NaN
2.54770945404942,1.8696772433071,11.9999957150808,3.526870407546,0.500000075673381,NaN
2.48389065250249,5.4163918850571,NaN,NaN,NaN,NaN
2.3932261366052,3.70650241424378,NaN,NaN,NaN,NaN
0.655934333001304,0.804940481033163,7.17310734802499,1.09554100706677,NaN,NaN
1.36479393630355,3.06573019715136,1.85398508316243,NaN,NaN,NaN
3.20012770564429,1.97889719342876,NaN,NaN,NaN,NaN
2.63309723624315,4.27924708274724,NaN,NaN,NaN,NaN
1.6273597433434,3.35685781608763,NaN,NaN,NaN,NaN
0.747874903177104,11.9999797513872,NaN,NaN,NaN,NaN
1.46018924039327,6.32257221737838,NaN,NaN,NaN,NaN
1.34161859203994,5.17366787061664,NaN,NaN,NaN,NaN
2.11857983979627,4.52862787450442,0.602741535684355,NaN,NaN,NaN
1.90134041597303,3.02671014844579,3.63732273642287,NaN,NaN,NaN
1.58790351834749,1.76342892758306,NaN,NaN,NaN,NaN
1.85136416145559,3.40416977077829,NaN,NaN,NaN,NaN
1.89323352510658,6.27586412756289,NaN,NaN,NaN,NaN
1.81805859776364,5.44339949650175,NaN,NaN,NaN,NaN
1.41030938803161,NaN,NaN,NaN,NaN,NaN
2.82230138033953,3.15477076634652,NaN,NaN,NaN,NaN
2.32435633963854,0.582469169842555,1.00709117958143,1.34964500156501,NaN,NaN
1.65685985599885,3.32491511606841,NaN,NaN,NaN,NaN
4.2181215297642,NaN,NaN,NaN,NaN,NaN
1.72423157207834,4.93441611385182,NaN,NaN,NaN,NaN
1.50930798843094,4.17986800490687,NaN,NaN,NaN,NaN
2.59357504612787,6.13223573823175,NaN,NaN,NaN,NaN
1.90473572410914,6.58614403562676,NaN,NaN,NaN,NaN
1.90598230610119,3.82900691953173,NaN,NaN,NaN,NaN
1.03706334088862,5.91634379202178,NaN,NaN,NaN,NaN
1.28745764423648,2.34336060131905,NaN,NaN,NaN,NaN
6.55705224685216,1.86640437536807,NaN,NaN,NaN,NaN
2.5902326252037,5.11434447845014,NaN,NaN,NaN,NaN
1.89530035515317,5.46287528455053,NaN,NaN,NaN,NaN
0.500002646717227,1.93418797150431,11.9996518103825,7.10620879648446,1.53142030179574,NaN
2.05277083911172,4.74151823198509,NaN,NaN,NaN,NaN
0.76963762981368,6.80206822101442,NaN,NaN,NaN,NaN
1.12199370862597,5.61029112160366,NaN,NaN,NaN,NaN
3.39925962460449,2.6175318057821,NaN,NaN,NaN,NaN
1.18348053685913,4.71074827221318,NaN,NaN,NaN,NaN
3.01782489735834,0.72835953376289,0.780145860811889,NaN,NaN,NaN
1.95834884338391,3.39573683093488,NaN,NaN,NaN,NaN
1.46768577601135,0.88897496346789,NaN,NaN,NaN,NaN
6.55791593537648,NaN,NaN,NaN,NaN,NaN
1.26943264413659,3.91430305300091,NaN,NaN,NaN,NaN
2.22615757944617,3.79722592694887,2.69866987046911,NaN,NaN,NaN
1.1417241772789,11.9999625225411,NaN,NaN,NaN,NaN
1.95979546047403,0.500004271650405,3.57776815232534,NaN,NaN,NaN
1.93521740068767,3.31932098370351,NaN,NaN,NaN,NaN
2.08991471211315,2.77855768980162,NaN,NaN,NaN,NaN
2.06585264097154,1.4503386175668,1.73639942291972,NaN,NaN,NaN
1.32446310304047,0.677858888584549,1.70052547081558,1.46039569108908,NaN,NaN
2.15186056574819,5.15639453305909,NaN,NaN,NaN,NaN
0.541811628319409,7.79478918634547,0.500002477369492,NaN,NaN,NaN
3.14316042600145,1.05912961058465,7.06382951004981,NaN,NaN,NaN
1.92247927321074,11.9999979729243,NaN,NaN,NaN,NaN
2.65878477487196,2.16034864750494,1.35859503237715,NaN,NaN,NaN
1.7188457742421,1.77522875698216,NaN,NaN,NaN,NaN
2.17265379733872,1.9035691400761,NaN,NaN,NaN,NaN
1.52008847376106,10.1644801678466,NaN,NaN,NaN,NaN
1.81206894268937,8.18367032314773,NaN,NaN,NaN,NaN
1.45201239824224,2.8232993264631,NaN,NaN,NaN,NaN
2.16303373209654,2.07308898858241,NaN,NaN,NaN,NaN
2.87305506243983,0.639660693838984,1.01178582578922,NaN,NaN,NaN
1.69604158786467,NaN,NaN,NaN,NaN,NaN
2.71388474582806,1.24353067212341,NaN,NaN,NaN,NaN
1.18389020109594,4.4364496236157,NaN,NaN,NaN,NaN
1.38959418084622,4.00717118824345,NaN,NaN,NaN,NaN
2.04132866736376,2.39962093829101,5.18844588673125,NaN,NaN,NaN
1.03043757142289,2.40702954676331,11.9999352334918,10.0060460671748,NaN,NaN
3.23170101508358,1.80461043415432,NaN,NaN,NaN,NaN
2.0565289862484,3.44272122688601,NaN,NaN,NaN,NaN
2.27748744504266,2.64679833299433,NaN,NaN,NaN,NaN
3.6768975065835,1.2866943130728,NaN,NaN,NaN,NaN
3.01584331979999,6.27698683298725,NaN,NaN,NaN,NaN
1.42048876248769,4.57821019085767,NaN,NaN,NaN,NaN
1.11794761601125,6.0182074879258,NaN,NaN,NaN,NaN
1.27744444397645,5.77852423652599,NaN,NaN,NaN,NaN
2.31824643972755,5.92268249359773,1.60945099639843,NaN,NaN,NaN
1.487940923772,11.9999658146688,NaN,NaN,NaN,NaN
1.6954855077424,4.15905200321012,0.599528728400851,NaN,NaN,NaN
1.63415385599117,6.98377164776037,NaN,NaN,NaN,NaN
1.9683846221942,5.67050902939668,NaN,NaN,NaN,NaN
1.36819112363044,2.76692602472702,0.863563279786907,NaN,NaN,NaN
2.11405154008592,3.4160382529478,NaN,NaN,NaN,NaN
1.50182148047219,4.52397402798991,0.500000012040344,NaN,NaN,NaN
1.49016481506349,0.50000018894522,7.06599751753263,NaN,NaN,NaN
4.72007333468228,NaN,NaN,NaN,NaN,NaN
1.4902218161701,1.21393099410202,NaN,NaN,NaN,NaN
2.2224133586083,3.98762511539272,NaN,NaN,NaN,NaN
1.81563347713997,4.31644082807551,NaN,NaN,NaN,NaN
1.71337787034809,0.500000007258222,4.75167214822092,NaN,NaN,NaN
2.0555761331245,6.15715823686373,NaN,NaN,NaN,NaN
1.78274280015414,2.54945878557646,NaN,NaN,NaN,NaN
2.33364508756964,2.12851802701655,NaN,NaN,NaN,NaN
3.51484768211873,11.9999977797223,NaN,NaN,NaN,NaN
2.04754899039504,4.52004746696021,NaN,NaN,NaN,NaN
1.51208016149871,3.93068101867661,NaN,NaN,NaN,NaN
1.56701187467161,5.75707460709099,NaN,NaN,NaN,NaN
1.69384772296535,6.50215098131312,NaN,NaN,NaN,NaN
2.67943084432047,2.38893554360135,NaN,NaN,NaN,NaN
2.37346732502627,0.5000000481015,0.50000007613842,1.93440130145569,0.98906243898507,NaN
2.52714714120976,4.01939897913376,NaN,NaN,NaN,NaN
1.84295518633765,1.83796334707828,2.90221685575819,4.40591700227946,NaN,NaN
0.961250905254596,9.51423982797901,6.11785027587949,NaN,NaN,NaN
1.72989640452134,3.75171968343931,NaN,NaN,NaN,NaN
3.38963917661467,NaN,NaN,NaN,NaN,NaN
3.35896572429452,4.20040431520047,2.16950300590396,NaN,NaN,NaN
2.27916451215517,3.86844129191011,0.809298236380585,2.62826240171837,NaN,NaN
1.91947542186747,3.4398757298892,NaN,NaN,NaN,NaN
2.11194711512639,3.66089131137662,NaN,NaN,NaN,NaN
1.58333125454073,4.48668979721818,NaN,NaN,NaN,NaN
2.14798122415371,4.25121457738646,NaN,NaN,NaN,NaN
1.82517438840458,4.63936303050059,0.500000004539837,NaN,NaN,NaN
1.05677568376929,6.0937531421116,NaN,NaN,NaN,NaN
3.51616309124328,NaN,NaN,NaN,NaN,NaN
1.98880357235976,6.25919517372052,NaN,NaN,NaN,NaN
2.71919436558736,0.500003208993446,3.77855607917111,NaN,NaN,NaN
1.99409554758129,0.673918067469261,0.8014327155132,2.61497587894072,NaN,NaN
2.45665513169461,5.03174299660696,NaN,NaN,NaN,NaN
1.6619144394057,4.27600128315297,NaN,NaN,NaN,NaN
2.28235560057546,1.2848598305906,NaN,NaN,NaN,NaN
3.33960737751872,2.41929723770252,NaN,NaN,NaN,NaN
6.10463423766006,NaN,NaN,NaN,NaN,NaN
1.5984122964937,2.59721895118353,NaN,NaN,NaN,NaN
2.44785326264546,NaN,NaN,NaN,NaN,NaN
2.89508365629931,2.36440780354507,NaN,NaN,NaN,NaN
2.24098012999939,3.93904363709039,NaN,NaN,NaN,NaN
1.19976575111722,7.27243095018242,NaN,NaN,NaN,NaN
1.54823690420545,5.60970181729199,NaN,NaN,NaN,NaN
1.51567591855535,4.36301001531031,NaN,NaN,NaN,NaN
1.77093657301378,7.99605017014831,NaN,NaN,NaN,NaN
1.89460747419197,5.60064706375703,1.75918466338398,NaN,NaN,NaN
2.23320035275599,1.15455629873896,5.55002910233322,2.06274733115246,NaN,NaN
1.82687895427457,2.51819694649576,NaN,NaN,NaN,NaN
2.38379761046493,2.49486331472558,NaN,NaN,NaN,NaN
2.4922781031404,4.3889949697356,NaN,NaN,NaN,NaN
1.18728974566785,4.69710599246353,NaN,NaN,NaN,NaN
1.91533081866662,4.13570443478697,NaN,NaN,NaN,NaN
1.56832395716441,3.71230228647995,NaN,NaN,NaN,NaN
1.64284001993076,9.1544240111182,0.843589205783151,NaN,NaN,NaN
1.80725148379603,6.18672818315318,NaN,NaN,NaN,NaN
1.58690552031131,3.67445589721157,NaN,NaN,NaN,NaN
1.54960428426167,4.56342446125101,NaN,NaN,NaN,NaN
11.9999883582082,NaN,NaN,NaN,NaN,NaN
2.55182769188573,0.500000056437581,1.08003466606169,1.47352897239704,2.87665498901177,NaN
0.660695837685369,3.55959300857301,2.99619139588432,11.9999845588496,NaN,NaN
3.04565726407479,5.85547584879937,NaN,NaN,NaN,NaN
0.829785891493481,7.80225834945336,NaN,NaN,NaN,NaN
1.7980313057826,3.60911833375122,NaN,NaN,NaN,NaN
2.42521272004115,1.10115299363129,1.28589856341599,NaN,NaN,NaN
1.48186095302825,0.500003057857508,3.64619066520778,0.789712879478815,NaN,NaN
1.91849454379968,4.16318358558567,NaN,NaN,NaN,NaN
1.60742851442112,2.15521062001295,0.673358406090033,NaN,NaN,NaN
2.70128753994777,1.02966606484833,1.58751686048793,NaN,NaN,NaN
2.09420255085288,3.85388773960932,NaN,NaN,NaN,NaN
0.747816759068204,6.95825398161967,NaN,NaN,NaN,NaN
1.67619249530601,2.73508860684943,NaN,NaN,NaN,NaN
3.16650271993444,1.46322762460227,0.500000000863421,NaN,NaN,NaN
3.73386077014113,3.55825267555093,NaN,NaN,NaN,NaN
1.28213269157036,4.26861140232361,2.74774621383661,NaN,NaN,NaN
3.03155727688765,2.20825781693942,NaN,NaN,NaN,NaN
1.43117193693716,0.500000353187378,11.9999993414065,3.79280022817254,NaN,NaN
1.57587638806316,5.59129800856386,NaN,NaN,NaN,NaN
1.93065990846039,0.697612349191209,5.13803665755638,NaN,NaN,NaN
1.44261986842417,6.45116568922763,NaN,NaN,NaN,NaN
2.20878924380634,4.48724796238374,NaN,NaN,NaN,NaN
1.44022624959684,3.76740552412977,NaN,NaN,NaN,NaN
1.6279089064906,4.48852606212307,NaN,NaN,NaN,NaN
10.0741830253605,NaN,NaN,NaN,NaN,NaN
2.11503733988175,3.41965059608939,NaN,NaN,NaN,NaN
2.42548904378599,3.00836063590153,NaN,NaN,NaN,NaN
1.74872041470681,5.53939979951865,NaN,NaN,NaN,NaN
2.1574203638529,NaN,NaN,NaN,NaN,NaN
2.15496438055275,0.859795829280067,0.50000004184276,0.500000031477067,0.51957769836409,0.776953368988754
2.67474939482537,1.01087744922858,0.601300320143664,NaN,NaN,NaN
2.3909850854613,5.41446448469369,0.557939760708226,0.746572533234609,NaN,NaN
2.10890630825929,4.32378292687745,NaN,NaN,NaN,NaN
0.618068446751489,11.7655803996422,NaN,NaN,NaN,NaN
2.73353028047701,1.81437312971185,NaN,NaN,NaN,NaN
1.99771785401988,0.500000016133555,1.61210880856129,NaN,NaN,NaN
1.68817879001555,4.86719525441219,NaN,NaN,NaN,NaN
1.79644124011297,0.767882617053764,NaN,NaN,NaN,NaN
2.21315389618437,0.500000714706438,NaN,NaN,NaN,NaN
0.837197840279634,5.49934516434311,NaN,NaN,NaN,NaN
2.21921139605731,3.06306515258959,NaN,NaN,NaN,NaN
1.98042163580923,2.12196452778685,0.500000003415217,0.500000002119892,NaN,NaN
1.76322782361922,7.56602048392519,NaN,NaN,NaN,NaN
1.88768012390858,4.77777872878298,NaN,NaN,NaN,NaN
1.63978949079374,NaN,NaN,NaN,NaN,NaN
0.500000037307066,3.25096892731449,1.95366101786798,NaN,NaN,NaN
7.15025455738267,NaN,NaN,NaN,NaN,NaN
2.07684785866001,5.43243234294017,NaN,NaN,NaN,NaN
0.787379480145535,8.6909606620527,NaN,NaN,NaN,NaN
2.42024438596152,4.14852718819008,1.42154843641086,NaN,NaN,NaN
1.3086527135485,7.42555636537761,NaN,NaN,NaN,NaN
1.10429462619158,8.49265978441011,NaN,NaN,NaN,NaN
1.97219549079543,4.64523165198308,NaN,NaN,NaN,NaN
1.44721905906481,1.65604446656858,NaN,NaN,NaN,NaN
4.13733048434128,2.61200881516563,NaN,NaN,NaN,NaN
1.68101469735663,2.52398998762868,NaN,NaN,NaN,NaN
2.15652363628026,2.65635920909379,NaN,NaN,NaN,NaN
2.30632650398198,3.31221144949013,NaN,NaN,NaN,NaN
1.70073820269661,3.28971449670675,NaN,NaN,NaN,NaN
1.48195815006259,8.91667316288991,NaN,NaN,NaN,NaN
1.94548379747298,5.50873788675039,NaN,NaN,NaN,NaN
2.21860333622648,0.500005302812328,7.07606757147496,NaN,NaN,NaN
1.19979205911422,4.68468485707637,NaN,NaN,NaN,NaN
1.56170031778851,1.99629249116663,NaN,NaN,NaN,NaN
1.49990334122097,1.09861048044739,NaN,NaN,NaN,NaN
1.55199417264066,9.54941971455551,NaN,NaN,NaN,NaN
2.93404837697125,0.660750053494835,3.72200993197161,NaN,NaN,NaN
2.24374109370997,NaN,NaN,NaN,NaN,NaN
1.82280029917858,NaN,NaN,NaN,NaN,NaN
2.57035469885419,NaN,NaN,NaN,NaN,NaN
1.30050246774105,8.6378387610966,NaN,NaN,NaN,NaN
0.801444619041371,4.14165496525418,NaN,NaN,NaN,NaN
1.44407041818227,3.56998540247257,NaN,NaN,NaN,NaN
2.04051421517392,6.22570196877116,NaN,NaN,NaN,NaN
1.41465399811866,1.02198067018203,0.661680125748965,0.535757239168846,NaN,NaN
5.32981885842109,1.8134295711014,NaN,NaN,NaN,NaN
2.28788197135453,0.7843456701353,1.87103418644461,0.577060545366402,NaN,NaN
2.1733056633806,6.7298487960227,NaN,NaN,NaN,NaN
1.04639645182343,6.25766599842875,NaN,NaN,NaN,NaN
4.6069967900341,2.12730702383469,0.500001692184833,NaN,NaN,NaN
3.19954690238134,2.84829559377575,NaN,NaN,NaN,NaN
2.10146562754725,4.57575925432509,NaN,NaN,NaN,NaN
2.18113491058231,1.33470586381205,NaN,NaN,NaN,NaN
2.22729864102536,2.13641291518217,0.548832547916719,NaN,NaN,NaN
1.51095755434839,6.33569810822249,1.31649230157918,NaN,NaN,NaN
5.93571934452882,NaN,NaN,NaN,NaN,NaN
1.75326708576393,3.80483392548867,NaN,NaN,NaN,NaN
2.48391634232071,3.27732988492197,NaN,NaN,NaN,NaN
2.34514833699227,3.30923162351485,NaN,NaN,NaN,NaN
1.63850874681303,3.86976201975113,NaN,NaN,NaN,NaN
2.32495282528583,3.29781332600847,NaN,NaN,NaN,NaN
1.86190862323006,2.1405929277573,NaN,NaN,NaN,NaN
2.19489075868708,3.7274839369396,NaN,NaN,NaN,NaN
2.93565045057661,2.60167999508695,NaN,NaN,NaN,NaN
1.28575767582785,4.51646492510685,NaN,NaN,NaN,NaN
2.25173739050118,1.01164718278732,NaN,NaN,NaN,NaN
2.19286080892165,3.2117582064336,0.56448117342612,NaN,NaN,NaN
1.46275711510604,4.12912065712382,2.4051151904471,NaN,NaN,NaN
1.03691837329828,4.37875099202833,NaN,NaN,NaN,NaN
1.90917419079283,3.07020581126672,NaN,NaN,NaN,NaN
1.8290790959094,3.55355692747424,NaN,NaN,NaN,NaN
1.70222964480428,2.67157813545914,NaN,NaN,NaN,NaN
1.50089726108305,1.40180871862078,5.69187799280163,NaN,NaN,NaN
1.46632515338688,5.08083820481257,NaN,NaN,NaN,NaN
1.8015215346792,9.04344999299519,NaN,NaN,NaN,NaN
0.897734322592499,10.2256245601463,NaN,NaN,NaN,NaN
1.56927545158743,6.49764478877749,NaN,NaN,NaN,NaN
1.96649365140058,1.39027511793874,2.26061316193354,NaN,NaN,NaN
1.53748312485433,8.98602540702583,NaN,NaN,NaN,NaN
0.890973735133352,5.90005819228609,NaN,NaN,NaN,NaN
1.01554696898109,11.9999939605781,NaN,NaN,NaN,NaN
8.43953407546249,NaN,NaN,NaN,NaN,NaN
2.06452995739049,2.86788115636758,5.1814442651091,NaN,NaN,NaN
2.00991118589751,3.88606749903188,NaN,NaN,NaN,NaN
2.0409515451562,4.05296884596809,NaN,NaN,NaN,NaN
2.25116856873704,3.55939371869076,NaN,NaN,NaN,NaN
1.14630475366986,4.25459095308835,NaN,NaN,NaN,NaN
1.73620945731384,7.0185600956241,NaN,NaN,NaN,NaN
5.19684156146311,NaN,NaN,NaN,NaN,NaN
1.49535686648944,5.2466934037271,NaN,NaN,NaN,NaN
1.58162951951218,5.32535304646671,NaN,NaN,NaN,NaN
1.95052909273513,8.32720372311516,NaN,NaN,NaN,NaN
1.86746869042367,5.97811975008877,NaN,NaN,NaN,NaN
1.61422009034426,3.24142529398463,NaN,NaN,NaN,NaN
1.58876622562201,2.71922304532899,NaN,NaN,NaN,NaN
2.1248194024391,0.500001122338461,1.66886281550754,0.813432948072507,NaN,NaN
1.10641553429793,1.17157121968449,5.21093970967893,1.00807531529904,NaN,NaN
1.82198787480294,0.762793444285718,2.85999052261793,NaN,NaN,NaN
2.09640576667757,1.88462332659631,NaN,NaN,NaN,NaN
1.80800508014292,5.88865060811112,NaN,NaN,NaN,NaN
1.8842842443061,7.75162659610288,NaN,NaN,NaN,NaN
1.54856190648304,9.10446019176848,NaN,NaN,NaN,NaN
2.17276339851953,8.00587367416953,NaN,NaN,NaN,NaN
1.90198725557247,0.916315749433262,0.500000081599046,0.602397005800964,2.32499603535243,NaN
2.18200572338773,3.51101461961011,NaN,NaN,NaN,NaN
1.53162570785417,3.70744920485962,1.33645850964341,0.619767543205207,NaN,NaN
1.49973812391596,0.500000003236295,2.67230395828279,3.78356840025864,NaN,NaN
2.32096183709157,2.61534951033106,0.814999772918209,NaN,NaN,NaN
0.834426327054899,1.53681391900648,3.68727089305639,NaN,NaN,NaN
1.49414472670215,5.11363966115011,NaN,NaN,NaN,NaN
2.15215879943987,3.49851376832047,NaN,NaN,NaN,NaN
2.46646510085747,9.61783186875386,NaN,NaN,NaN,NaN
2.17055603044085,2.19050381773775,5.74649021355027,NaN,NaN,NaN
2.54729218144967,2.5458453155252,0.500000665544073,NaN,NaN,NaN
2.03254222357094,4.11161632353346,NaN,NaN,NaN,NaN
6.40539183625214,1.21296457243534,NaN,NaN,NaN,NaN
1.7394784340959,5.034492795141,NaN,NaN,NaN,NaN
2.17833174612629,7.03664818944265,NaN,NaN,NaN,NaN
2.27523545682804,2.22919420422244,NaN,NaN,NaN,NaN
1.80416117281526,6.2854475528559,NaN,NaN,NaN,NaN
0.651866688375414,1.65815464176761,1.80670096462445,NaN,NaN,NaN
4.06236515628973,1.68291241288527,NaN,NaN,NaN,NaN
1.49142313103992,11.9999997160448,NaN,NaN,NaN,NaN
1.00297674317355,0.517625218935144,3.51529091192055,NaN,NaN,NaN
2.44958926316537,2.32347430233314,NaN,NaN,NaN,NaN
1.48916786195593,6.07536767070677,NaN,NaN,NaN,NaN
1.82627604272522,3.17451713330404,NaN,NaN,NaN,NaN
3.54985386928207,3.0003374228285,NaN,NaN,NaN,NaN
2.46278725882349,0.500000365810853,3.72309450151293,NaN,NaN,NaN
1.89133497277331,5.33864459455521,NaN,NaN,NaN,NaN
2.67390231936144,2.45905500131137,NaN,NaN,NaN,NaN
1.48726298320976,4.5562176727971,NaN,NaN,NaN,NaN
1.77320431527623,4.62251035571447,NaN,NaN,NaN,NaN
2.58021695570556,2.54167635046767,0.689654184608847,NaN,NaN,NaN
2.057007889325,0.875221527611937,NaN,NaN,NaN,NaN
1.43106988893053,5.3134955525895,NaN,NaN,NaN,NaN
1.14777234804961,11.9999803886313,NaN,NaN,NaN,NaN
1.76530854695893,3.66403817232106,0.510213303481815,NaN,NaN,NaN
1.60764060226272,1.97321643347926,1.1125524114643,NaN,NaN,NaN
2.27762533132511,2.6495492429285,2.37199451956924,NaN,NaN,NaN
4.86109864643073,1.5741235920169,NaN,NaN,NaN,NaN
6.29313471668433,NaN,NaN,NaN,NaN,NaN
0.731749655726249,2.50680157693156,NaN,NaN,NaN,NaN
1.7600825626383,1.56718464525158,NaN,NaN,NaN,NaN
1.77931191446969,3.69174918871963,NaN,NaN,NaN,NaN
1.33119612503201,1.00836358394227,NaN,NaN,NaN,NaN
1.82978362532577,3.57296470337829,NaN,NaN,NaN,NaN
1.74064368153965,6.2342680269411,NaN,NaN,NaN,NaN
2.14088697149953,0.628914890815513,2.12979662005035,NaN,NaN,NaN
1.80351126892961,4.18121990005778,NaN,NaN,NaN,NaN
2.0310070432194,1.63286477166961,NaN,NaN,NaN,NaN
5.03167958710197,NaN,NaN,NaN,NaN,NaN
2.01842090737915,1.06312970018171,2.62783980842945,NaN,NaN,NaN
2.50414039670181,4.65839142079603,NaN,NaN,NaN,NaN
2.69830194173637,3.37323857253936,NaN,NaN,NaN,NaN
1.90183150008752,3.45846644546353,NaN,NaN,NaN,NaN
1.96536143318111,6.02762097897489,NaN,NaN,NaN,NaN
2.10282162789882,5.02610077888495,NaN,NaN,NaN,NaN
1.96336186213768,1.56919817741587,NaN,NaN,NaN,NaN
2.37789620113416,2.16932990084064,NaN,NaN,NaN,NaN
1.56342542708484,6.22584830962288,NaN,NaN,NaN,NaN
1.62397875333059,2.03148500379928,NaN,NaN,NaN,NaN
0.765061237770907,11.4143928372086,NaN,NaN,NaN,NaN
2.11987270173187,3.37294620796157,NaN,NaN,NaN,NaN
1.682375076927,3.04245859188877,NaN,NaN,NaN,NaN
7.35680939429935,1.10560146294314,0.500114677426149,NaN,NaN,NaN
1.90001699059168,4.51068368171198,NaN,NaN,NaN,NaN
5.45699814981867,1.77136268910438,NaN,NaN,NaN,NaN
2.44694528262407,1.66704494739341,NaN,NaN,NaN,NaN
1.92049059626993,4.99720215890408,NaN,NaN,NaN,NaN
2.20235065379635,3.23647273549891,NaN,NaN,NaN,NaN
1.72527932634358,4.38833719268578,NaN,NaN,NaN,NaN
2.69271415433073,4.67716942005463,NaN,NaN,NaN,NaN
1.85475493967818,2.61883552336182,NaN,NaN,NaN,NaN
1.58690728402905,3.81165472606226,NaN,NaN,NaN,NaN
5.40581404422525,NaN,NaN,NaN,NaN,NaN
0.601979079138285,5.5077769574104,NaN,NaN,NaN,NaN
1.77979470145675,3.75837527770764,2.41064430187251,NaN,NaN,NaN
1.33621168264966,7.84471130441523,NaN,NaN,NaN,NaN
1.51447982444474,3.44976478731108,NaN,NaN,NaN,NaN
2.76611737270184,11.9999897865246,8.88867561398411,NaN,NaN,NaN
1.85309138095412,1.71961463316911,NaN,NaN,NaN,NaN
1.36795784938598,6.10720142533502,0.500000910652594,NaN,NaN,NaN
2.30242620852224,3.2062457190616,NaN,NaN,NaN,NaN
1.89125570011254,0.500001750788077,7.13899516359063,NaN,NaN,NaN
2.54173640262684,3.00393990659719,NaN,NaN,NaN,NaN
2.84113610802488,3.35093187819668,NaN,NaN,NaN,NaN
1.24270657122013,6.83752280680889,NaN,NaN,NaN,NaN
3.21199302268547,NaN,NaN,NaN,NaN,NaN
1.87077322370093,1.58323903800976,NaN,NaN,NaN,NaN
0.683292299716346,5.74915540311076,NaN,NaN,NaN,NaN
1.19181761087123,11.9847028367375,NaN,NaN,NaN,NaN
1.77350866554406,4.23583948129617,NaN,NaN,NaN,NaN
2.41883906215272,0.961824131126996,1.10596975906842,0.804233061132193,4.95390509989233,NaN
2.29434683339821,3.69664401192605,NaN,NaN,NaN,NaN
2.16266646136888,2.91631546681995,2.60419614874521,NaN,NaN,NaN
1.47710260364828,3.63085803764994,NaN,NaN,NaN,NaN
0.966248326272613,4.22604160148809,2.79476880106403,NaN,NaN,NaN
2.75775034324947,11.9999893124833,NaN,NaN,NaN,NaN
2.59712100618911,1.69328834467083,0.753200416572039,NaN,NaN,NaN
1.14206348467727,6.31904671008114,NaN,NaN,NaN,NaN
1.61825659860473,3.62991017137301,NaN,NaN,NaN,NaN
1.75667406464832,5.95794279861587,NaN,NaN,NaN,NaN
1.60857471233977,7.82836379828838,NaN,NaN,NaN,NaN
1.82174837487352,8.77648949642104,NaN,NaN,NaN,NaN
1.8665483018107,0.682085677655557,3.96883112478795,NaN,NaN,NaN
1.28099443670216,3.87631574393042,NaN,NaN,NaN,NaN
2.8901178226231,2.52152088505022,NaN,NaN,NaN,NaN
2.18662177644734,2.28733864747642,NaN,NaN,NaN,NaN
1.99512717929938,4.4312369601627,NaN,NaN,NaN,NaN
8.14324569210205,9.75743431556026,1.35541123474164,NaN,NaN,NaN
1.47344849256285,4.26729763226616,NaN,NaN,NaN,NaN
1.49889658457976,5.4844402142735,NaN,NaN,NaN,NaN
7.22184657059672,NaN,NaN,NaN,NaN,NaN
2.1292786946699,3.71014993570802,0.967089744016614,0.517353827137125,NaN,NaN
1.57751889549303,2.95508410375067,NaN,NaN,NaN,NaN
2.82216088387088,1.47623405505935,0.705942797009339,NaN,NaN,NaN
1.54741910061559,4.78254716035922,2.52560068867052,NaN,NaN,NaN
2.11945854032787,2.68932045461721,NaN,NaN,NaN,NaN
2.70175317158719,2.66597035137129,NaN,NaN,NaN,NaN
2.31329326558359,5.87374352638918,NaN,NaN,NaN,NaN
1.37481886194202,7.76614989225866,NaN,NaN,NaN,NaN
1.86494305501815,4.86235272059844,0.50000093107216,NaN,NaN,NaN
1.14749883634013,8.89923754777558,NaN,NaN,NaN,NaN
1.83622821333624,3.12205542960502,NaN,NaN,NaN,NaN
8.48612397565969,NaN,NaN,NaN,NaN,NaN
1.85768375350902,3.6011660292551,NaN,NaN,NaN,NaN
2.10238246824952,2.68071653229778,NaN,NaN,NaN,NaN
2.18299127761528,2.40375491573264,NaN,NaN,NaN,NaN
3.54665328274843,2.42007891311456,NaN,NaN,NaN,NaN
2.22412884334274,3.32897287754066,NaN,NaN,NaN,NaN
2.48086945416374,3.85437645035176,NaN,NaN,NaN,NaN
0.805963029075917,6.80022221091653,NaN,NaN,NaN,NaN
1.80252227520606,7.78139686353617,NaN,NaN,NaN,NaN
1.31132054293556,0.992686259366134,3.68043845711771,NaN,NaN,NaN
1.48093004410983,6.62381126530669,NaN,NaN,NaN,NaN
1.86531603931738,0.50000126744005,3.37447060007589,NaN,NaN,NaN
2.27414361551704,4.75685353939443,NaN,NaN,NaN,NaN
1.75418297529794,4.72556665698745,NaN,NaN,NaN,NaN
1.57245740535207,6.63841891318191,NaN,NaN,NaN,NaN
1.03357152978984,6.12285220859165,NaN,NaN,NaN,NaN
2.13371744953702,5.22816412436622,NaN,NaN,NaN,NaN
1.21881526302396,6.90206577975972,0.977139856950649,0.750972999406617,NaN,NaN
2.56242306735203,0.500000286004633,7.40095212032184,0.684746337945523,NaN,NaN
5.11008126436811,0.500001784703892,NaN,NaN,NaN,NaN
2.78316744252737,0.705451781899448,0.695662785296862,NaN,NaN,NaN
0.795901502363659,9.1853864945352,NaN,NaN,NaN,NaN
2.11809147569543,5.18540143747094,NaN,NaN,NaN,NaN
1.35402685078575,5.68624476974296,NaN,NaN,NaN,NaN
1.46414274603448,0.5000016397442,9.19963504001103,0.627641186563888,NaN,NaN
2.06367833548953,4.40292635008616,NaN,NaN,NaN,NaN
0.904605984875233,9.44366761587002,NaN,NaN,NaN,NaN
0.844974865404832,11.9998863338504,NaN,NaN,NaN,NaN
1.40990440772963,11.9999944590247,NaN,NaN,NaN,NaN
1.27783437048861,11.5461251156618,NaN,NaN,NaN,NaN
1.7248279169221,4.76081057330153,NaN,NaN,NaN,NaN
7.25608887816948,NaN,NaN,NaN,NaN,NaN
2.50492429325481,3.7177532076221,NaN,NaN,NaN,NaN
1.92251627681159,0.500000007575561,3.02777726936973,NaN,NaN,NaN
5.80101030848966,NaN,NaN,NaN,NaN,NaN
2.32051305857015,4.18424201044663,NaN,NaN,NaN,NaN
2.14864068384437,3.94986532495831,1.14140338256024,0.84360397499835,NaN,NaN
1.75870074309303,3.6640449108982,NaN,NaN,NaN,NaN
0.902287003480666,2.38278664633004,2.08377096488871,0.500000003958795,NaN,NaN
1.60614939459804,5.80399912366566,NaN,NaN,NaN,NaN
1.27831462236475,8.47284965793954,NaN,NaN,NaN,NaN
1.5398963128746,0.552489613418923,3.07947198619988,NaN,NaN,NaN
1.47611011156253,1.82818046080782,NaN,NaN,NaN,NaN
2.61383183007654,2.5485255248025,NaN,NaN,NaN,NaN
2.44113581782577,2.32810903292179,NaN,NaN,NaN,NaN
2.14652573059146,3.43193119614234,NaN,NaN,NaN,NaN
2.4210867100713,4.57852153847302,NaN,NaN,NaN,NaN
2.41843620350307,1.89250648115001,NaN,NaN,NaN,NaN
1.330776892584,4.11461885417302,NaN,NaN,NaN,NaN
2.22030684721696,9.2933797895531,NaN,NaN,NaN,NaN
1.81776184736459,3.13745555526625,2.57261134424882,NaN,NaN,NaN
2.14695596003368,3.68616658173363,NaN,NaN,NaN,NaN
1.99744002973629,4.06049230729499,0.500001883644807,NaN,NaN,NaN
1.79453313254867,4.63419218991165,NaN,NaN,NaN,NaN
3.01834797240283,2.28055415159753,NaN,NaN,NaN,NaN
2.17455268414316,NaN,NaN,NaN,NaN,NaN
1.6802715940292,4.14485994449161,2.25838096684529,NaN,NaN,NaN
1.82379817829596,NaN,NaN,NaN,NaN,NaN
1.71707138105536,1.624765658783,0.61038457437434,NaN,NaN,NaN
0.939274274752966,2.29852567523721,2.8349988304837,1.44576874155875,1.74033160242273,NaN
2.20356722453027,4.01183573104278,NaN,NaN,NaN,NaN
2.00901606357766,1.25336601878655,NaN,NaN,NaN,NaN
1.63124988557078,3.25241066044833,0.543977854315135,NaN,NaN,NaN
1.43900117183336,5.98275511059142,NaN,NaN,NaN,NaN
2.99544440980906,2.0123119180466,NaN,NaN,NaN,NaN
1.59422083408757,0.917941613110148,1.34005378089392,NaN,NaN,NaN
0.837725091818838,2.49199391650483,NaN,NaN,NaN,NaN
1.35892421303524,6.69057822437891,NaN,NaN,NaN,NaN
1.67087625197231,5.09586222085122,NaN,NaN,NaN,NaN
1.80650604861034,5.09580430470017,NaN,NaN,NaN,NaN
1.16059782160944,6.17647266811454,NaN,NaN,NaN,NaN
1.71459291613644,1.03607148014636,3.28227851413109,2.90686398337817,2.73825022187765,NaN
2.10506558062089,6.22120579685561,NaN,NaN,NaN,NaN
1.97114009871868,6.54966584722418,NaN,NaN,NaN,NaN
1.78679491863484,5.0402352110398,NaN,NaN,NaN,NaN
5.53739332297409,NaN,NaN,NaN,NaN,NaN
1.61335606030826,1.1824949658876,4.32304589345173,0.814538509869531,NaN,NaN
4.81252637106338,NaN,NaN,NaN,NaN,NaN
1.31050512798169,8.22096089212997,NaN,NaN,NaN,NaN
1.79987950401019,5.03509375205558,NaN,NaN,NaN,NaN
1.67646883719661,6.13729110379606,NaN,NaN,NaN,NaN
1.99409920725157,3.17493889230659,NaN,NaN,NaN,NaN
2.21572144051773,0.701762813810742,6.44095597860195,NaN,NaN,NaN
7.74651259862822,NaN,NaN,NaN,NaN,NaN
2.33327281471119,4.41489982670049,NaN,NaN,NaN,NaN
1.91792345818056,0.50000150907967,1.1252145386549,NaN,NaN,NaN
2.90217803201344,NaN,NaN,NaN,NaN,NaN
2.3708936151177,0.522467181597917,NaN,NaN,NaN,NaN
2.6897374837011,NaN,NaN,NaN,NaN,NaN
1.92939777050933,4.38468183299235,NaN,NaN,NaN,NaN
2.11083709322561,11.9999996322142,NaN,NaN,NaN,NaN
2.20054798423487,2.29734362548038,NaN,NaN,NaN,NaN
1.5537727998322,4.81162295206091,NaN,NaN,NaN,NaN
1.96165891965988,0.868838231062487,0.500000489092346,4.30641437259187,NaN,NaN
1.58555323791611,NaN,NaN,NaN,NaN,NaN
1.5374476251858,3.31436707511357,NaN,NaN,NaN,NaN
2.71811010553005,3.64006041018972,NaN,NaN,NaN,NaN
1.89309286030968,2.06534125307577,1.99236077030111,NaN,NaN,NaN
1.69504591993492,3.57398406133841,NaN,NaN,NaN,NaN
1.35976603889507,3.28455197034543,0.961281958263681,1.88634482510189,NaN,NaN
1.84342621996907,2.09644440696932,NaN,NaN,NaN,NaN
2.0933255012045,2.50373288681035,1.15688865102847,NaN,NaN,NaN
2.81168180427355,1.56817166991305,0.50000002225355,NaN,NaN,NaN
1.64562459315571,5.87426384370134,NaN,NaN,NaN,NaN
2.7014173808912,1.52641438112901,NaN,NaN,NaN,NaN
1.92568964693351,3.20570266452477,2.1554105061643,1.30477483482751,NaN,NaN
0.956279047614327,7.24918698246151,NaN,NaN,NaN,NaN
3.22956341064329,2.94164874036291,0.500001750848629,NaN,NaN,NaN
1.5817337369523,2.39508728444828,NaN,NaN,NaN,NaN
1.71398208470158,5.04457662318811,NaN,NaN,NaN,NaN
2.0686586558794,4.94367638948102,NaN,NaN,NaN,NaN
1.10609165116233,6.32746366786454,NaN,NaN,NaN,NaN
1.64013460347135,5.21924833220466,NaN,NaN,NaN,NaN
4.03682796292606,NaN,NaN,NaN,NaN,NaN
4.214520510174,NaN,NaN,NaN,NaN,NaN
1.76950183575126,3.27461141617304,NaN,NaN,NaN,NaN
8.48927852558606,NaN,NaN,NaN,NaN,NaN
1.21207236466305,7.06364553516997,NaN,NaN,NaN,NaN
1.72898878719056,4.90331323102917,6.48694980222263,NaN,NaN,NaN
2.51055157835451,6.24298813138073,0.509008633176002,NaN,NaN,NaN
1.04770556259626,3.81308917482832,NaN,NaN,NaN,NaN
1.65462050083773,5.64332638278234,NaN,NaN,NaN,NaN
2.08738142134845,4.53669514522212,NaN,NaN,NaN,NaN
0.593426085737784,0.500000586145295,5.71581608628169,NaN,NaN,NaN
1.86631185176114,4.64420125969123,NaN,NaN,NaN,NaN
1.64581666286622,6.98687184144103,NaN,NaN,NaN,NaN
1.58043626142416,8.97321976303386,NaN,NaN,NaN,NaN
1.04548170857905,7.80984975469015,NaN,NaN,NaN,NaN
6.5412087950985,NaN,NaN,NaN,NaN,NaN
2.733304909031,4.22497391589881,NaN,NaN,NaN,NaN
1.97004651033081,5.69921155642437,0.546422199440317,NaN,NaN,NaN
1.85337965063261,3.38921512507624,0.500000020820888,NaN,NaN,NaN
1.91253916373171,2.3782839363531,NaN,NaN,NaN,NaN
5.96488081139053,NaN,NaN,NaN,NaN,NaN
1.44149325851243,7.20302766411121,NaN,NaN,NaN,NaN
2.25832712792535,1.73579141748723,NaN,NaN,NaN,NaN
1.59919937754348,3.77662500267191,NaN,NaN,NaN,NaN
1.34843393864915,6.13317246661509,0.500000028667975,NaN,NaN,NaN
2.89845963459681,1.94955518618229,NaN,NaN,NaN,NaN
2.56287877921949,NaN,NaN,NaN,NaN,NaN
1.74608254309978,6.15264433641167,NaN,NaN,NaN,NaN
1.81332817483224,7.78803038119371,NaN,NaN,NaN,NaN
2.53996730096266,7.54539713884776,11.9999704049727,NaN,NaN,NaN
1.66466153874012,5.97962021388947,NaN,NaN,NaN,NaN
2.77284719406884,6.56480171850262,NaN,NaN,NaN,NaN
1.94736025784674,1.49003920492848,2.58261355296016,NaN,NaN,NaN
0.745623953044435,1.80902563162338,0.500000551536766,2.10339463428936,NaN,NaN
1.14433117898563,9.10947318808177,NaN,NaN,NaN,NaN
1.47866697345161,3.24660138352947,NaN,NaN,NaN,NaN
0.895124545487165,5.65890060630182,NaN,NaN,NaN,NaN
1.58624791070647,0.710376204391139,4.42485188085934,NaN,NaN,NaN
1.66761654776977,2.11647335676454,NaN,NaN,NaN,NaN
3.95845929163234,2.78865898168821,NaN,NaN,NaN,NaN
1.70732008027536,1.55220673055814,0.888819430586132,NaN,NaN,NaN
2.9221712652082,5.57710985686934,NaN,NaN,NaN,NaN
2.63209191495987,4.99530068904507,NaN,NaN,NaN,NaN
2.01534279388799,7.05285231944443,NaN,NaN,NaN,NaN
1.96674233185349,5.27911749013182,NaN,NaN,NaN,NaN
2.11304820181186,0.500001594136562,4.94958035978308,NaN,NaN,NaN
1.47199664534011,11.9999561021065,NaN,NaN,NaN,NaN
2.21360943857686,NaN,NaN,NaN,NaN,NaN
1.71849278100342,4.55711949453017,NaN,NaN,NaN,NaN
2.46999067240089,3.45137762348117,0.681405839033737,3.16747107567696,NaN,NaN
1.41901760017741,0.500001093477051,4.30284638427022,NaN,NaN,NaN
1.95719345313041,8.89890742344247,NaN,NaN,NaN,NaN
1.94548405182839,3.46615639851402,5.20114578454893,NaN,NaN,NaN
2.25407726917713,3.44326492142395,NaN,NaN,NaN,NaN
2.87488218391743,3.00966380195879,0.570147629428364,NaN,NaN,NaN
2.57257053279979,0.566994768004559,2.57824545411214,NaN,NaN,NaN
2.00276379730376,3.74292844278612,NaN,NaN,NaN,NaN
1.15298694698835,3.44365438142439,NaN,NaN,NaN,NaN
1.92193682782262,2.30011524631359,NaN,NaN,NaN,NaN
6.88020924468706,NaN,NaN,NaN,NaN,NaN
1.50517646649992,2.25408817367901,NaN,NaN,NaN,NaN
3.08588232540957,2.38305509751083,NaN,NaN,NaN,NaN
1.82051899663268,0.599585135781502,0.852343945950138,0.612615061808592,NaN,NaN
2.0005650044285,1.42856871598987,NaN,NaN,NaN,NaN
0.514451414948177,3.80165222695752,0.672616080057981,NaN,NaN,NaN
2.0592504589965,NaN,NaN,NaN,NaN,NaN
1.14890288811522,5.78185947173938,NaN,NaN,NaN,NaN
1.36529515432187,5.94428735865891,NaN,NaN,NaN,NaN
2.73881960414082,NaN,NaN,NaN,NaN,NaN
2.44650847343192,0.50687234187354,1.08582927259391,0.500000252616117,NaN,NaN
1.57974649691207,3.40494226147013,0.631265096310228,NaN,NaN,NaN
1.90822625323291,4.8721037777248,1.41066236551267,0.500000267755506,NaN,NaN
2.22537380847124,6.10140864865263,2.49337871839799,NaN,NaN,NaN
1.6119854836137,2.0807741378091,NaN,NaN,NaN,NaN
2.18272776095273,5.14127187618253,0.500003936239598,0.500000205747922,NaN,NaN
1.37347802186341,0.555581029656079,2.79477544731968,NaN,NaN,NaN
1.99723652868674,4.69137040408754,NaN,NaN,NaN,NaN
1.47449437197514,3.8497928700693,NaN,NaN,NaN,NaN
1.84440978870009,1.92844385881553,NaN,NaN,NaN,NaN
1.58730491473754,8.23113352169729,NaN,NaN,NaN,NaN
1.82847257294651,4.43484674275992,NaN,NaN,NaN,NaN
1.77731168557148,3.18551849110999,NaN,NaN,NaN,NaN
1.52895504948801,0.500001441354541,6.50414923396701,NaN,NaN,NaN
2.95805141617442,2.75708890210314,NaN,NaN,NaN,NaN
2.81171883671148,1.52389979851575,NaN,NaN,NaN,NaN
1.7777052146028,8.85667690525249,1.09373773925455,NaN,NaN,NaN
1.97053199161596,3.312881229142,NaN,NaN,NaN,NaN
1.38732711476168,11.9999975886155,NaN,NaN,NaN,NaN
2.5239470909041,5.40806223953313,NaN,NaN,NaN,NaN
3.27128619117599,1.72128200496672,NaN,NaN,NaN,NaN
3.01382913160324,1.06855264513456,NaN,NaN,NaN,NaN
1.59196542917942,6.32858459438365,NaN,NaN,NaN,NaN
1.66805528155162,5.94495900931945,NaN,NaN,NaN,NaN
1.60510784216086,3.51286049719511,0.500000359767125,0.500000633041037,NaN,NaN
2.26512250448541,3.71394673349266,NaN,NaN,NaN,NaN
1.96750318327626,6.56110120109038,NaN,NaN,NaN,NaN
2.12921167542329,0.500000032577456,2.54961201067404,NaN,NaN,NaN
2.22082042933564,3.92118989966947,NaN,NaN,NaN,NaN
1.89000560100464,3.4459749149087,NaN,NaN,NaN,NaN
0.50000152877717,10.0333438217353,NaN,NaN,NaN,NaN
2.43133636249758,7.09248479320453,NaN,NaN,NaN,NaN
1.5969255260983,2.40134294331225,NaN,NaN,NaN,NaN
2.01054495942744,4.02759748505069,NaN,NaN,NaN,NaN
2.49759439290321,1.49498682169707,3.66813614191126,NaN,NaN,NaN
1.7898874718005,1.20227493905848,3.74182760897964,NaN,NaN,NaN
2.57070033062972,9.12992952100814,1.37776992087369,NaN,NaN,NaN
2.82788094322598,4.61218353140785,NaN,NaN,NaN,NaN
1.58607013987105,3.66461984635857,0.500001488832015,NaN,NaN,NaN
1.89825082821351,2.7150353901015,2.16330112926171,1.45922521556117,0.500000420725029,NaN
1.98352344420822,2.43623021979336,NaN,NaN,NaN,NaN
2.27520084573442,6.33093896399035,NaN,NaN,NaN,NaN
1.99823645366721,9.34947719943466,0.500007401202632,NaN,NaN,NaN
1.5689274872176,4.28593693599112,NaN,NaN,NaN,NaN
1.46276154086406,5.62325357013191,NaN,NaN,NaN,NaN
1.979206159496,4.4396759953186,1.17677344974827,NaN,NaN,NaN
1.4259041572288,3.42943141176991,NaN,NaN,NaN,NaN
1.46713719788142,3.74423192168441,0.500000299280572,1.49847032443315,NaN,NaN
2.23482503714881,2.47912256136477,NaN,NaN,NaN,NaN
9.32270267250122,NaN,NaN,NaN,NaN,NaN
1.48479849653862,1.56072997213598,NaN,NaN,NaN,NaN
4.45709894506796,NaN,NaN,NaN,NaN,NaN
2.81751274256196,1.37124211791028,6.04898884927936,1.21440337940552,0.500000076015559,NaN
3.69719119772115,2.09299643415196,NaN,NaN,NaN,NaN
1.56281851700094,7.18084632194161,NaN,NaN,NaN,NaN
2.04444604307141,3.25949336301709,7.92510811053505,NaN,NaN,NaN
1.9069452493582,0.538053439715083,3.93593929393989,NaN,NaN,NaN
1.68741407753403,7.70199510036218,NaN,NaN,NaN,NaN
2.06103147927524,1.02566816526061,NaN,NaN,NaN,NaN
1.48373758119671,11.9989414575409,NaN,NaN,NaN,NaN
1.79981329504531,5.54104788061787,NaN,NaN,NaN,NaN
2.19601339471844,4.36499902136412,NaN,NaN,NaN,NaN
2.40590449661544,4.8094853575149,6.08627529007989,NaN,NaN,NaN
3.13859874148379,2.26058555014473,NaN,NaN,NaN,NaN
1.95880624742853,3.85884359981107,NaN,NaN,NaN,NaN
1.22199180108167,11.9999933632302,0.500001847414861,NaN,NaN,NaN
6.61829568596095,NaN,NaN,NaN,NaN,NaN
2.4114501250897,1.18906724096046,1.12586390022062,NaN,NaN,NaN
1.54301181494253,4.19959508170097,NaN,NaN,NaN,NaN
0.754661466880926,3.49770201139065,2.69766027498129,2.13375725802993,NaN,NaN
1.98175441857062,2.85435736844895,NaN,NaN,NaN,NaN
1.73448026032516,4.49524227031759,NaN,NaN,NaN,NaN
1.68036334419161,2.92197118648325,NaN,NaN,NaN,NaN
1.47932446366741,8.74600817635168,NaN,NaN,NaN,NaN
1.72448894043802,2.81434610008336,0.559418127203765,NaN,NaN,NaN
1.24003471681442,0.541066703365054,1.64512828775747,NaN,NaN,NaN
1.92380941842999,2.55804953309202,NaN,NaN,NaN,NaN
1.77403608882664,6.50283594035802,NaN,NaN,NaN,NaN
1.75764445615379,3.18037946318959,NaN,NaN,NaN,NaN
2.34199382054966,2.16265792188788,0.500000210942731,NaN,NaN,NaN
1.90635746320993,0.50000079982736,3.57855507246858,NaN,NaN,NaN
1.82612561317782,2.15897460352737,NaN,NaN,NaN,NaN
2.07553673200608,1.88026367138922,NaN,NaN,NaN,NaN
2.09191251245195,NaN,NaN,NaN,NaN,NaN
2.10366035467572,2.74048259889445,NaN,NaN,NaN,NaN
1.88923785018862,NaN,NaN,NaN,NaN,NaN
2.24317680112504,3.68994862613599,NaN,NaN,NaN,NaN
2.235852513839,6.1171228354185,NaN,NaN,NaN,NaN
1.80530949998656,2.986972666312,0.500000237690183,0.773447592095935,NaN,NaN
1.80348128615454,0.764098481331956,1.96471105313906,NaN,NaN,NaN
1.4536983684218,6.07503614515545,0.500000170052094,NaN,NaN,NaN
1.96781896250677,11.9521539502112,11.9996577498032,NaN,NaN,NaN
2.7060508001218,11.999968350102,NaN,NaN,NaN,NaN
1.43675072334915,3.91967693574658,NaN,NaN,NaN,NaN
1.35654048080822,0.726221307454788,6.37157536472276,1.79086095234206,NaN,NaN
2.61462449484205,3.1880594955398,NaN,NaN,NaN,NaN
2.19796791202598,2.97753112584311,0.500000015354596,0.650129765650091,NaN,NaN
2.20645475653073,0.540966882730558,1.73043933657716,NaN,NaN,NaN
1.76719552168506,5.35773735040072,NaN,NaN,NaN,NaN
1.32588573445122,3.26710644585718,NaN,NaN,NaN,NaN
1.53354062577286,NaN,NaN,NaN,NaN,NaN
2.9295988269584,1.55892935331451,NaN,NaN,NaN,NaN
1.82098444631322,2.9081910386202,NaN,NaN,NaN,NaN
1.91271534743238,3.17462850873082,1.60798462607213,NaN,NaN,NaN
1.64908521794603,4.67734126977127,NaN,NaN,NaN,NaN
2.19276102122192,3.28002103429095,NaN,NaN,NaN,NaN
2.03232802877913,3.43908719887393,NaN,NaN,NaN,NaN
1.79116295173107,1.94250411282823,2.68115305107498,NaN,NaN,NaN
2.68500298797227,4.1279183922284,3.30603463867476,NaN,NaN,NaN
1.31059056919134,6.11508156766995,NaN,NaN,NaN,NaN
1.42862123441184,3.94814929302189,2.048644756861,NaN,NaN,NaN
2.36692827364178,3.76874910793521,0.500000355790092,NaN,NaN,NaN
1.2422398320841,6.2896346043732,0.500000446585071,NaN,NaN,NaN
0.500000120148759,1.67386950044336,4.64860019965571,NaN,NaN,NaN
2.36221450912895,6.87313837377496,1.62780421013464,NaN,NaN,NaN
0.754821274370463,3.47820269425359,NaN,NaN,NaN,NaN
2.22254387342428,2.34711762107892,NaN,NaN,NaN,NaN
2.05183102717386,2.90444821906933,NaN,NaN,NaN,NaN
1.84576032717549,7.05811746316005,11.9982921950044,NaN,NaN,NaN
1.99626717200969,0.872521450117227,2.1186962327354,NaN,NaN,NaN
1.69654545693007,5.34450495457062,NaN,NaN,NaN,NaN
3.19369289679773,3.11801746709014,NaN,NaN,NaN,NaN
1.92983894985067,2.65438075221784,NaN,NaN,NaN,NaN
2.02028148539977,6.3180644721605,NaN,NaN,NaN,NaN
8.97653045416747,NaN,NaN,NaN,NaN,NaN
2.05973584641584,7.0631364026571,0.581081670111686,3.09381117438435,NaN,NaN
1.39555912265074,NaN,NaN,NaN,NaN,NaN
1.83874863388695,2.96172783537399,NaN,NaN,NaN,NaN
0.905400413736837,5.40158816295236,0.500008079342081,NaN,NaN,NaN
1.50270648185775,4.97341847301752,NaN,NaN,NaN,NaN
1.75909505617508,8.8865683167209,NaN,NaN,NaN,NaN
0.500000118390636,1.24943895229785,1.68149790207142,1.27098475138252,NaN,NaN
2.01801486716447,4.22253879522922,NaN,NaN,NaN,NaN
1.70194295962888,0.852658360416305,NaN,NaN,NaN,NaN
2.47866070781053,3.69999761965446,NaN,NaN,NaN,NaN
1.51472881313388,6.26764444952872,NaN,NaN,NaN,NaN
2.56973715033013,3.40431554161801,NaN,NaN,NaN,NaN
0.500000072248444,1.66126098930981,2.39260401688343,NaN,NaN,NaN
2.32225483593097,5.0185500256189,NaN,NaN,NaN,NaN
1.64314707687349,2.33708322545293,NaN,NaN,NaN,NaN
2.14320993728011,11.9999928836148,NaN,NaN,NaN,NaN
1.66561530055095,4.71543399858679,NaN,NaN,NaN,NaN
1.87371012323301,4.87674782904642,NaN,NaN,NaN,NaN
0.999237961704957,0.834816715020518,3.62663993253455,0.66970987636128,NaN,NaN
2.18568418157821,1.0337433746158,1.85662746875148,NaN,NaN,NaN
1.39438177910792,2.00422653230547,NaN,NaN,NaN,NaN
2.07871057680694,2.43321398648801,NaN,NaN,NaN,NaN
1.77149185009902,5.13142235363191,0.774959692731717,NaN,NaN,NaN
1.75879838220552,3.20079473789661,NaN,NaN,NaN,NaN
2.41503792500816,1.48077015370972,0.943079232228733,1.59915735441411,NaN,NaN
1.64430349959078,2.71988105767425,0.500000008032638,NaN,NaN,NaN
2.93146219174168,4.94976902694728,NaN,NaN,NaN,NaN
5.70530330091604,NaN,NaN,NaN,NaN,NaN
1.83806632076762,4.33432755009895,NaN,NaN,NaN,NaN
1.75948041172581,1.84493700817103,0.500000456599489,0.891762863485651,0.500000498593563,NaN
1.76756133767057,2.09985313876466,NaN,NaN,NaN,NaN
1.77935204403051,5.46206786493984,1.83385055382414,NaN,NaN,NaN
1.72196216751945,5.14201570943309,NaN,NaN,NaN,NaN
1.51483350211835,6.68590916180086,NaN,NaN,NaN,NaN
2.09905395668559,NaN,NaN,NaN,NaN,NaN
1.38721467463404,9.0179123952693,NaN,NaN,NaN,NaN
1.81485617141006,5.49040090719124,NaN,NaN,NaN,NaN
2.18532210147931,3.12311701260463,11.9999973971992,0.908614224842994,NaN,NaN
2.58249564817885,3.59726315871174,NaN,NaN,NaN,NaN
6.94522883383299,1.13385320444888,NaN,NaN,NaN,NaN
1.83762996466453,6.72469655550795,NaN,NaN,NaN,NaN
2.35079506342377,2.86317953399821,NaN,NaN,NaN,NaN
1.6122313006252,3.82141504602447,NaN,NaN,NaN,NaN
1.41882742469959,0.500000102401027,NaN,NaN,NaN,NaN
1.58269740877293,4.34211348455584,NaN,NaN,NaN,NaN
1.57678591017158,NaN,NaN,NaN,NaN,NaN
1.10032769533207,9.30438222275607,NaN,NaN,NaN,NaN
6.51355344631304,NaN,NaN,NaN,NaN,NaN
2.10289878779699,4.85236972928292,NaN,NaN,NaN,NaN
1.33894736370424,6.21991914216289,NaN,NaN,NaN,NaN
1.9318189749072,11.9997724349913,NaN,NaN,NaN,NaN
1.88242236702409,7.46973206115964,NaN,NaN,NaN,NaN
1.89466882508962,2.1725465115955,3.54450650420339,0.500000230264269,NaN,NaN
1.91268267922093,6.70883963941237,NaN,NaN,NaN,NaN
2.28521105895783,2.90220683884151,NaN,NaN,NaN,NaN
1.14717765403363,8.13004577995283,NaN,NaN,NaN,NaN
1.47967059771526,5.05596030803484,NaN,NaN,NaN,NaN
1.73724193784816,NaN,NaN,NaN,NaN,NaN
2.20702365979127,1.0421899495535,0.677073886153441,NaN,NaN,NaN
1.936426453472,6.81497338290152,NaN,NaN,NaN,NaN
1.92117491520188,3.43850564273269,NaN,NaN,NaN,NaN
2.10424757538742,5.42696598211202,NaN,NaN,NaN,NaN
1.18406864889612,6.6963730647964,NaN,NaN,NaN,NaN
2.56747187411362,2.75541170878417,0.697388864329951,NaN,NaN,NaN
1.78216806508245,5.72310936463567,NaN,NaN,NaN,NaN
0.512976085382364,7.63329628422384,NaN,NaN,NaN,NaN
4.38627686521261,1.29302809813906,NaN,NaN,NaN,NaN
1.5118803723925,5.66407455779098,11.9999675584157,NaN,NaN,NaN
1.50474256693205,7.10100156204631,2.38200470823259,NaN,NaN,NaN
2.91058682249841,3.75176656262845,0.503452201802442,0.500001322345317,NaN,NaN
1.88944594827512,5.67589089121189,NaN,NaN,NaN,NaN
1.63405840774324,3.44469629392516,NaN,NaN,NaN,NaN
2.38070260975509,3.13454047248296,NaN,NaN,NaN,NaN
2.29980171403925,7.90196048974487,NaN,NaN,NaN,NaN
1.28301434236318,NaN,NaN,NaN,NaN,NaN
1.43545513870299,5.52187069755362,0.708764382209352,NaN,NaN,NaN
0.916102058215135,6.43897011935546,NaN,NaN,NaN,NaN
1.41289930389379,NaN,NaN,NaN,NaN,NaN
1.29428107116334,8.41715843338468,NaN,NaN,NaN,NaN
1.68268707179788,4.47951967565305,NaN,NaN,NaN,NaN
2.36182802809292,2.34434507410565,NaN,NaN,NaN,NaN
1.7617351185925,3.08635843365214,NaN,NaN,NaN,NaN
2.12462847911438,0.673365067235177,7.28071718819538,NaN,NaN,NaN
1.73731376627101,3.19711551836201,NaN,NaN,NaN,NaN
1.55702414766482,0.559226066105945,9.35730512474797,NaN,NaN,NaN
1.96031857593858,3.25045380949338,NaN,NaN,NaN,NaN
1.44144007872313,4.89798598818082,NaN,NaN,NaN,NaN
1.727923780256,3.4774323074385,NaN,NaN,NaN,NaN
1.98023306863894,3.04653058622842,NaN,NaN,NaN,NaN
1.78496030301383,0.50000040344771,3.91424981085712,NaN,NaN,NaN
1.94796018191736,4.4100175053673,NaN,NaN,NaN,NaN
1.737996108053,2.25490424655178,NaN,NaN,NaN,NaN
3.27818997271789,3.08875303357678,0.641780123872173,NaN,NaN,NaN
1.25849281012989,1.71300621969614,5.92421668695335,NaN,NaN,NaN
1.83093937892098,4.41393316486831,NaN,NaN,NaN,NaN
1.4325667171171,6.57081749719453,NaN,NaN,NaN,NaN
2.33156769975833,3.24639721496236,NaN,NaN,NaN,NaN
1.8104656327675,NaN,NaN,NaN,NaN,NaN
1.94378111786444,5.46355619344627,NaN,NaN,NaN,NaN
11.9999997420897,0.500000010102082,NaN,NaN,NaN,NaN
1.48192758244404,4.10919224329106,NaN,NaN,NaN,NaN
1.7415021440497,4.91891413988303,NaN,NaN,NaN,NaN
2.403706226488,0.820925793850052,5.61363449535879,5.32880685250492,NaN,NaN
1.11147388522212,6.69575196761635,NaN,NaN,NaN,NaN
0.552829111352808,1.71004374830138,4.7784044251197,NaN,NaN,NaN
1.80687757562739,4.52709225201441,NaN,NaN,NaN,NaN
0.945898055605263,5.54286957389258,NaN,NaN,NaN,NaN
1.88989916946271,NaN,NaN,NaN,NaN,NaN
1.81528267207347,5.466815858764,0.705994081413471,1.12326329725294,NaN,NaN
1.50506125090643,3.44846554998888,3.29400350511195,NaN,NaN,NaN
1.90882396659539,4.30271539645606,NaN,NaN,NaN,NaN
1.97226258767901,7.03066605071288,NaN,NaN,NaN,NaN
1.48596538613884,1.70125265181607,2.55871886793472,NaN,NaN,NaN
1.93680112623873,4.01502198382839,NaN,NaN,NaN,NaN
1.94911925175014,0.514624369289975,7.02655484314128,NaN,NaN,NaN
7.47575637063657,NaN,NaN,NaN,NaN,NaN
2.20487687322574,0.500000268736972,7.50062284138844,NaN,NaN,NaN
1.58943015460206,5.51675897437927,0.846961515335503,0.504513490491318,0.557406361157482,NaN
1.68119375752439,3.77871910817248,NaN,NaN,NaN,NaN
3.41703932220819,2.47676389859934,NaN,NaN,NaN,NaN
2.05458812754477,9.8363294534383,0.500000288742122,10.1938879294659,NaN,NaN
0.929341289827984,1.99828753140967,0.612778894115021,NaN,NaN,NaN
2.52668488665733,2.53215693313732,0.500000286057317,0.500002806822896,NaN,NaN
1.51103240123045,2.18928811982978,NaN,NaN,NaN,NaN
2.30919697557695,3.73247543353016,NaN,NaN,NaN,NaN
2.41610270580305,4.47972635712784,NaN,NaN,NaN,NaN
1.34343010030671,4.13323452079474,NaN,NaN,NaN,NaN
1.2402229523065,4.71866418735763,NaN,NaN,NaN,NaN
1.40736291937284,5.63397663515476,NaN,NaN,NaN,NaN
2.678732417454,1.02245143409064,0.730151752572503,NaN,NaN,NaN
2.14769089468357,2.78343752700129,0.647277792626353,0.597415956892047,NaN,NaN
1.54426378451486,NaN,NaN,NaN,NaN,NaN
1.85133238190865,3.29721415335324,NaN,NaN,NaN,NaN
2.1317831861953,2.82150407563921,NaN,NaN,NaN,NaN
1.49799253699457,1.39544573556186,2.64309823706422,NaN,NaN,NaN
1.22514408653895,0.612499700991196,1.56453590314263,7.51381825400328,NaN,NaN
2.84943174275623,1.30625043167756,NaN,NaN,NaN,NaN
1.07789788575116,4.84217358822552,NaN,NaN,NaN,NaN
1.96798838699762,2.43351274060382,NaN,NaN,NaN,NaN
1.66575865789648,2.50880644775792,NaN,NaN,NaN,NaN
2.04822403814061,1.95985167186491,NaN,NaN,NaN,NaN
1.81965418075742,2.45065143459444,1.09774747446116,1.12029692856709,NaN,NaN
1.68197084781736,3.91698951171317,NaN,NaN,NaN,NaN
1.69530285041842,2.21896720757248,2.92965196953729,NaN,NaN,NaN
1.80171516793868,10.4286443422923,7.36650720419892,8.66525346951592,NaN,NaN
1.89707388718605,3.80241277987376,NaN,NaN,NaN,NaN
1.97888144094059,1.09476485057931,1.53002728104058,NaN,NaN,NaN
0.618940438050469,7.4308492818895,NaN,NaN,NaN,NaN
1.92328018987955,5.55013204404282,0.500000032289824,NaN,NaN,NaN
1.58911406224456,11.9999996617151,NaN,NaN,NaN,NaN
1.58552396118924,4.08650110452769,NaN,NaN,NaN,NaN
2.18397937465367,5.4806816382156,NaN,NaN,NaN,NaN
1.69500457640441,1.17090523465254,6.02114176878696,NaN,NaN,NaN
2.23775443149285,7.04373800800433,NaN,NaN,NaN,NaN
11.9999735093784,NaN,NaN,NaN,NaN,NaN
1.87595338182484,4.28459583018445,NaN,NaN,NaN,NaN
1.21362989862667,5.8664607253058,NaN,NaN,NaN,NaN
1.41119762018098,1.31004047417712,0.996531719112813,NaN,NaN,NaN
1.22700434176414,3.97516081327036,NaN,NaN,NaN,NaN
1.68291672741435,6.52155246023018,NaN,NaN,NaN,NaN
1.73828438131,4.11540523987196,1.34035274838749,NaN,NaN,NaN
1.6824432241588,4.53352832086184,NaN,NaN,NaN,NaN
2.81229844114373,3.48783770258127,NaN,NaN,NaN,NaN
2.50772691668673,2.40752861635178,1.39492882131556,0.915516256389068,NaN,NaN
1.27339238227919,11.181941276111,NaN,NaN,NaN,NaN
2.04663375022585,4.22026709427317,NaN,NaN,NaN,NaN
7.82526467657772,NaN,NaN,NaN,NaN,NaN
5.63110041048371,NaN,NaN,NaN,NaN,NaN
1.550092317309,6.3075226353011,NaN,NaN,NaN,NaN
2.22961452322607,2.94915196228094,NaN,NaN,NaN,NaN
6.55311198414999,0.907520595840499,NaN,NaN,NaN,NaN
1.31948576797917,3.30105359832986,NaN,NaN,NaN,NaN
0.68178994916472,1.83641790645047,3.57875252208533,NaN,NaN,NaN
1.46552207790308,4.25075750111671,NaN,NaN,NaN,NaN
1.73145174043245,4.30267724833139,0.5783874219261,1.45710893895431,NaN,NaN
2.4595254213375,2.45820849327704,NaN,NaN,NaN,NaN
2.44607884783505,5.25319042015401,1.98646750650355,11.9999999194484,NaN,NaN
2.50253265680827,3.04642064941679,NaN,NaN,NaN,NaN
1.42263496770412,1.21884226334395,NaN,NaN,NaN,NaN
3.18391891839659,4.13594848293953,NaN,NaN,NaN,NaN
1.46777996850948,1.68733007104657,NaN,NaN,NaN,NaN
0.958614322670335,8.37203051242422,NaN,NaN,NaN,NaN
3.34482741470454,1.95901440536713,NaN,NaN,NaN,NaN
4.0325498440825,1.8305538976422,NaN,NaN,NaN,NaN
6.85239909643393,NaN,NaN,NaN,NaN,NaN
2.09496027851047,0.500000239847886,0.500001652501503,3.7192494035048,0.537117377900704,NaN
0.82564465339854,11.9999876173141,NaN,NaN,NaN,NaN
0.540509002461366,5.84039220486447,NaN,NaN,NaN,NaN
1.39862220610572,2.88466888093091,NaN,NaN,NaN,NaN
1.68090799824777,3.27007281643852,NaN,NaN,NaN,NaN
1.61137698475544,NaN,NaN,NaN,NaN,NaN
1.86485836741225,0.500001880100675,2.88098183601407,0.591304723742309,NaN,NaN
2.25933671777918,3.13528464055078,NaN,NaN,NaN,NaN
1.76127726228062,4.62325665478136,NaN,NaN,NaN,NaN
2.18680017840308,2.6427661747576,NaN,NaN,NaN,NaN
1.65285820869401,2.74084474524597,NaN,NaN,NaN,NaN
1.85874640325565,2.27259211828034,NaN,NaN,NaN,NaN
0.77496963150764,5.33390852996075,NaN,NaN,NaN,NaN
0.500001337888821,2.17759462061988,2.48263638171415,NaN,NaN,NaN
1.41058113931351,2.30359908463999,0.968988682034271,NaN,NaN,NaN
1.56457585717611,3.36472596052205,0.500004504336708,NaN,NaN,NaN
8.06411779682206,NaN,NaN,NaN,NaN,NaN
1.89167943018824,3.70459065994889,NaN,NaN,NaN,NaN
1.77325415647716,3.20967195619362,0.630229344492155,NaN,NaN,NaN
1.66133076067489,5.85459674912824,NaN,NaN,NaN,NaN
3.31580698562496,4.09259304853507,1.85414707887775,NaN,NaN,NaN
1.49408007617324,3.91585476381125,NaN,NaN,NaN,NaN
4.37847354483208,1.8817745038263,NaN,NaN,NaN,NaN
1.75476390272942,4.07297277956288,1.12714283665992,NaN,NaN,NaN
1.53733509982525,1.8729654707324,NaN,NaN,NaN,NaN
2.32183073256905,4.10318072477876,NaN,NaN,NaN,NaN
2.69545689332598,1.98206266997246,NaN,NaN,NaN,NaN
11.9999997325413,NaN,NaN,NaN,NaN,NaN
1.75839093325019,3.61169856593833,NaN,NaN,NaN,NaN
1.75985391481201,4.36212451635239,NaN,NaN,NaN,NaN
1.23590414790536,NaN,NaN,NaN,NaN,NaN
2.03819996910042,1.95880938743943,0.500000015859106,NaN,NaN,NaN
1.83667943408434,8.81460135815087,NaN,NaN,NaN,NaN
8.83146344099956,NaN,NaN,NaN,NaN,NaN
1.4413737044619,5.67802590429841,NaN,NaN,NaN,NaN
3.18934476102013,1.86828181795975,NaN,NaN,NaN,NaN
1.44079569204893,3.91951302379037,NaN,NaN,NaN,NaN
1.04255497751584,7.04454867416778,NaN,NaN,NaN,NaN
1.95844947677929,3.56495983001759,1.96155027192357,NaN,NaN,NaN
2.16338821456586,4.81773039603962,NaN,NaN,NaN,NaN
1.27600330784761,4.32693751541943,NaN,NaN,NaN,NaN
1.72448521304809,6.0124743601316,NaN,NaN,NaN,NaN
2.38764636290732,2.58670921894693,NaN,NaN,NaN,NaN
1.86106702270723,5.1025020881707,NaN,NaN,NaN,NaN
2.07928120774033,7.21923970684362,NaN,NaN,NaN,NaN
2.44318454693089,3.49138120623277,NaN,NaN,NaN,NaN
1.86718371736688,5.04283011602054,NaN,NaN,NaN,NaN
2.30827717431758,3.27752896593354,NaN,NaN,NaN,NaN
2.13397439871658,7.95798003099448,NaN,NaN,NaN,NaN
2.05819276235675,0.500000296736753,2.11716001431624,NaN,NaN,NaN
1.38631115330585,7.76059919582634,NaN,NaN,NaN,NaN
1.56385603808713,5.49263919958709,0.689958471215197,NaN,NaN,NaN
1.30251769003648,3.62110393991111,NaN,NaN,NaN,NaN
1.721827101498,2.2854056220049,NaN,NaN,NaN,NaN
2.98508541493597,NaN,NaN,NaN,NaN,NaN
2.76114425144777,4.71091414356916,NaN,NaN,NaN,NaN
2.14302484518937,0.500005106769945,0.500005393535346,NaN,NaN,NaN
2.0601757091113,4.89267629077094,NaN,NaN,NaN,NaN
2.07812006232539,3.34127891334747,NaN,NaN,NaN,NaN
1.89844715231624,2.63419617761218,NaN,NaN,NaN,NaN
1.84058799569322,6.02888008485511,NaN,NaN,NaN,NaN
1.60118035942772,3.54159730567482,NaN,NaN,NaN,NaN
2.16378734236855,5.15919074289045,NaN,NaN,NaN,NaN
2.4469074121405,3.85642909038513,1.66819800058293,NaN,NaN,NaN
1.03305224192658,1.01453570711927,2.23134423843924,0.598082558675735,5.90830879503608,1.14270349925807
8.81471556869762,NaN,NaN,NaN,NaN,NaN
2.60335687309083,4.35688417276859,NaN,NaN,NaN,NaN
1.29313411327245,6.24770562688117,NaN,NaN,NaN,NaN
7.35600797501012,NaN,NaN,NaN,NaN,NaN
6.19194363584686,0.500000695510524,NaN,NaN,NaN,NaN
2.19397239906292,2.50865959506688,NaN,NaN,NaN,NaN
1.39485434589627,1.62327378466374,NaN,NaN,NaN,NaN
1.89520400238353,3.39943193926016,NaN,NaN,NaN,NaN
1.75881334264289,4.72662105699823,NaN,NaN,NaN,NaN
1.34818081178237,4.63009046624201,NaN,NaN,NaN,NaN
2.19663770111334,3.89819997196522,NaN,NaN,NaN,NaN
1.9577869356002,2.10533819232497,NaN,NaN,NaN,NaN
2.8748213733777,1.01544931650579,1.38978140763585,NaN,NaN,NaN
2.7359937804737,4.21257362977277,NaN,NaN,NaN,NaN
1.5641933852983,5.24970696288551,NaN,NaN,NaN,NaN
1.68374313613453,2.51194180140787,NaN,NaN,NaN,NaN
1.93138875000498,3.03119329690224,NaN,NaN,NaN,NaN
2.12103552427162,1.44274776415979,0.666170682149604,0.500000510600183,NaN,NaN
0.854669599323942,7.3962050244637,NaN,NaN,NaN,NaN
0.891120658344771,7.45457669629465,NaN,NaN,NaN,NaN
2.11195992980752,6.73637428520552,NaN,NaN,NaN,NaN
0.964627286109143,1.05573117503887,2.37502495826932,0.798009291241916,1.72465483205698,NaN
7.3344968348783,NaN,NaN,NaN,NaN,NaN
1.29208741509619,5.39783916736087,NaN,NaN,NaN,NaN
1.1649205793996,6.39853086069064,0.500000015905914,NaN,NaN,NaN
1.59561670884381,5.57826214197884,NaN,NaN,NaN,NaN
0.967426798079681,4.29107307144291,NaN,NaN,NaN,NaN
2.05505206818802,4.44929137801556,NaN,NaN,NaN,NaN
1.26544521862741,5.52233937769167,0.500000903603334,NaN,NaN,NaN
3.80585092358078,NaN,NaN,NaN,NaN,NaN
2.05074216536139,3.75719004598362,NaN,NaN,NaN,NaN
1.51579571284794,11.9995214665391,NaN,NaN,NaN,NaN
2.81739279188429,1.59837684460417,NaN,NaN,NaN,NaN
1.87075883946307,1.39344971195968,3.85130612563221,NaN,NaN,NaN
1.56619996650577,4.46667467733647,NaN,NaN,NaN,NaN
2.16989355509793,3.49253516683906,0.706893240734259,NaN,NaN,NaN
1.46894387446769,9.28683433921746,4.64142059294869,NaN,NaN,NaN
1.52274760884277,6.54336901989494,0.657344837323734,NaN,NaN,NaN
1.16734105488498,8.84143078141406,2.50931674027829,NaN,NaN,NaN
1.45011762511395,2.97623122994193,NaN,NaN,NaN,NaN
2.72184362317522,5.5699841469038,NaN,NaN,NaN,NaN
2.37592912914147,0.541099041078416,4.75395022504755,NaN,NaN,NaN
1.8472522403376,0.746707668190636,NaN,NaN,NaN,NaN
2.68388479198095,2.9894139373734,NaN,NaN,NaN,NaN
1.46917322896646,5.45763890773195,NaN,NaN,NaN,NaN
1.41043501095054,5.01603874334461,NaN,NaN,NaN,NaN
2.23019586609937,6.21246094132864,0.500000035348014,0.500000248324873,NaN,NaN
2.05272617642331,1.01029487045716,NaN,NaN,NaN,NaN
2.06486205862408,3.5748513529995,NaN,NaN,NaN,NaN
1.6155383733605,3.98343916086337,NaN,NaN,NaN,NaN
2.23239789855513,7.25550500883666,NaN,NaN,NaN,NaN
2.04236593916687,0.566982534920971,3.68605027657724,NaN,NaN,NaN
1.79976349873812,4.99299968933129,NaN,NaN,NaN,NaN
1.70996151621487,3.82256576688144,NaN,NaN,NaN,NaN
1.950367559678,3.92448368109295,1.29533977672697,1.08554725646202,NaN,NaN
6.46770893210449,NaN,NaN,NaN,NaN,NaN
1.10099476895804,3.67528069368548,NaN,NaN,NaN,NaN
0.610966835773456,6.1650662619927,0.500005721631201,NaN,NaN,NaN
1.58876879961328,0.782034629903567,2.39211325054575,NaN,NaN,NaN
2.45130449890787,4.43621304038451,NaN,NaN,NaN,NaN
2.12697437997142,11.9999557831243,0.784815804869192,NaN,NaN,NaN
1.78518976851411,11.9999891868264,NaN,NaN,NaN,NaN
2.17242458624697,3.65517145016951,NaN,NaN,NaN,NaN
1.96890459513846,3.72823670351807,NaN,NaN,NaN,NaN
1.94608960163437,4.2248935353702,NaN,NaN,NaN,NaN
1.81469159937449,5.74275904750388,NaN,NaN,NaN,NaN
2.16991051936714,5.13836134627395,NaN,NaN,NaN,NaN
1.58618711891404,11.0058640909366,NaN,NaN,NaN,NaN
1.04818218281053,6.51357325972266,NaN,NaN,NaN,NaN
0.566804583433159,9.3935921840522,NaN,NaN,NaN,NaN
1.54529676886067,6.779343242748,NaN,NaN,NaN,NaN
2.1555990868033,3.98642362046584,0.771468649178752,NaN,NaN,NaN
2.66952491894912,1.85474834889208,1.86423292673854,NaN,NaN,NaN
0.582847166276977,9.10216507701505,NaN,NaN,NaN,NaN
2.0549692133848,NaN,NaN,NaN,NaN,NaN
2.04502255597369,2.73893646157455,NaN,NaN,NaN,NaN
1.89160368399144,4.62343426275543,NaN,NaN,NaN,NaN
1.08559782082469,6.97657828998313,NaN,NaN,NaN,NaN
1.82664402961789,2.36946316532051,NaN,NaN,NaN,NaN
2.59088429890139,3.61896183970206,NaN,NaN,NaN,NaN
1.75019003090817,7.02117541376439,NaN,NaN,NaN,NaN
2.16095315448269,0.500003686809514,2.68302287103689,NaN,NaN,NaN
2.08326333661765,2.65242047577132,NaN,NaN,NaN,NaN
1.03807970246316,4.60804655815555,NaN,NaN,NaN,NaN
1.32230693341037,10.9719231144579,0.50000082979865,NaN,NaN,NaN
1.81884158278031,4.24100411857494,NaN,NaN,NaN,NaN
0.812827590047575,1.19803434903357,5.82431455504993,2.61094956698172,0.500002877036822,NaN
1.63280959987844,4.23965758249234,NaN,NaN,NaN,NaN
1.88180325116059,0.732308151920306,2.05667295151324,NaN,NaN,NaN
1.97246763649025,5.75413074379404,NaN,NaN,NaN,NaN
1.0185575387002,1.30750377660386,5.08298088947326,NaN,NaN,NaN
1.33155168054553,4.42717106434457,NaN,NaN,NaN,NaN
0.50000001406283,1.51196405303689,5.05072323677111,NaN,NaN,NaN
2.19623271073477,3.64591103642132,0.51260415431829,0.634698135687711,NaN,NaN
2.08171698928839,2.78408592351114,NaN,NaN,NaN,NaN
2.07232755694271,3.37468251678176,NaN,NaN,NaN,NaN
3.23967973865486,1.89471921476523,NaN,NaN,NaN,NaN
2.32951622835158,2.26903361951584,0.86824974007729,NaN,NaN,NaN
1.63090398147327,4.30523700802425,NaN,NaN,NaN,NaN
2.10276306665779,4.71269778353525,NaN,NaN,NaN,NaN
2.33473146532335,3.94809189912842,NaN,NaN,NaN,NaN
2.13774382873006,0.500000109289571,2.19575032152712,NaN,NaN,NaN
1.71185266037541,7.15385798957893,0.50000153590531,NaN,NaN,NaN
2.10287196599311,3.79262845683963,NaN,NaN,NaN,NaN
1.74318657443741,5.22813094349044,NaN,NaN,NaN,NaN
7.4808277384066,NaN,NaN,NaN,NaN,NaN
1.68005825679959,2.43663223033189,NaN,NaN,NaN,NaN
1.6892173812775,2.02519136126978,NaN,NaN,NaN,NaN
3.88884263119651,2.98267192875185,0.593272307644749,1.87869187892968,0.799010011932568,NaN
1.58247932478546,4.76084930196227,NaN,NaN,NaN,NaN
1.13173125542019,0.698700714426507,2.84499398654997,NaN,NaN,NaN
5.14457166490866,NaN,NaN,NaN,NaN,NaN
3.34420462172322,1.57273393122567,NaN,NaN,NaN,NaN
1.20453052431001,8.8052617641665,NaN,NaN,NaN,NaN
2.05149751928381,3.91379282195668,NaN,NaN,NaN,NaN
1.7485169704827,3.83018758528313,NaN,NaN,NaN,NaN
2.18456875813226,2.90972864850143,1.12340978483779,NaN,NaN,NaN
1.33997043034513,6.16303140932999,NaN,NaN,NaN,NaN
2.9554304076526,1.83605958993007,NaN,NaN,NaN,NaN
0.500000431675404,2.36648454065804,1.4151466222306,1.22319477311406,NaN,NaN
4.49944903618764,NaN,NaN,NaN,NaN,NaN
2.67428488222069,1.83595272569836,NaN,NaN,NaN,NaN
2.20965534677113,7.21414572419389,NaN,NaN,NaN,NaN
8.37669183086122,NaN,NaN,NaN,NaN,NaN
1.22991784934915,2.29381582665196,NaN,NaN,NaN,NaN
1.90457639110541,1.96453508915386,NaN,NaN,NaN,NaN
1.60131090747349,4.72487714203095,NaN,NaN,NaN,NaN
1.39645392516354,1.07274422794276,2.16352251832964,NaN,NaN,NaN
0.932486239830361,9.21178244799622,NaN,NaN,NaN,NaN
2.28777610261255,3.66276752875845,NaN,NaN,NaN,NaN
1.73152704880302,3.12486660829115,NaN,NaN,NaN,NaN
1.01386182172262,9.53379687813175,NaN,NaN,NaN,NaN
2.11182384889381,0.730588373422249,3.75909280805828,NaN,NaN,NaN
1.17318537333758,10.0047257809249,NaN,NaN,NaN,NaN
2.35950913093829,11.9999993129855,2.51716445554477,2.20121777605966,NaN,NaN
4.72365706448171,NaN,NaN,NaN,NaN,NaN
1.96803960096466,4.29561835609933,NaN,NaN,NaN,NaN
2.14606789460839,3.49493798694814,NaN,NaN,NaN,NaN
1.31675266938236,4.73669876642878,NaN,NaN,NaN,NaN
1.37352616060445,11.9999994738191,NaN,NaN,NaN,NaN
0.500002826222677,1.46271096648518,3.04599127245686,NaN,NaN,NaN
1.69772273739078,5.03016152092693,NaN,NaN,NaN,NaN
2.17647674433149,3.3382596161046,NaN,NaN,NaN,NaN
1.40683163878551,6.66288278733078,NaN,NaN,NaN,NaN
3.01942935835246,4.706871731314,NaN,NaN,NaN,NaN
2.62813630048749,6.56578056439958,0.626063504856803,NaN,NaN,NaN
2.16638259879647,3.12191652518921,NaN,NaN,NaN,NaN
1.57134002563731,5.27812072344043,NaN,NaN,NaN,NaN
2.17085906732488,10.1201697728036,NaN,NaN,NaN,NaN
1.7432342730529,7.02531515757911,NaN,NaN,NaN,NaN
3.34050293837738,NaN,NaN,NaN,NaN,NaN
8.60907181256061,1.56016179745877,0.540666282395465,NaN,NaN,NaN
4.54589177900461,1.52244898890097,NaN,NaN,NaN,NaN
2.37286577983412,8.82476714074095,NaN,NaN,NaN,NaN
1.42405349082139,5.66287540108975,0.50000068104245,1.18596971319374,NaN,NaN
1.74072697639144,3.13460608859542,NaN,NaN,NaN,NaN
1.85219537424994,6.01805139303708,NaN,NaN,NaN,NaN
0.917800932382068,0.50000008469689,0.517725840527179,3.51996551133534,NaN,NaN
2.11975213696295,3.93734936252434,NaN,NaN,NaN,NaN
1.09307881912852,3.70210290239543,NaN,NaN,NaN,NaN
1.99208846256995,4.80140901456587,NaN,NaN,NaN,NaN
2.07737730772426,3.35027403539998,1.03946558576768,3.55508751436687,1.19558786254391,NaN
7.56369527954688,NaN,NaN,NaN,NaN,NaN
1.97351776892688,7.33782111564866,NaN,NaN,NaN,NaN
1.27712093370112,4.57351878934638,NaN,NaN,NaN,NaN
1.62518482386896,8.00856814871648,NaN,NaN,NaN,NaN
1.77958593315545,4.28432506674304,NaN,NaN,NaN,NaN
7.59186192159343,NaN,NaN,NaN,NaN,NaN
3.87891221790833,1.27165368972779,NaN,NaN,NaN,NaN
2.46865856449668,2.60425095406035,NaN,NaN,NaN,NaN
2.06352993882795,2.33692860713255,NaN,NaN,NaN,NaN
2.17092662229561,11.999916530687,3.69593347347554,NaN,NaN,NaN
1.0351247088332,5.01850177757157,NaN,NaN,NaN,NaN
0.715883514925798,6.22681918199976,NaN,NaN,NaN,NaN
3.06154453670381,2.72941018320034,NaN,NaN,NaN,NaN
1.27208233592696,0.573719718068205,4.31592419681652,0.74711229765892,0.630264301667709,NaN
1.93382712698508,3.08641953857867,0.500000931674509,NaN,NaN,NaN
1.4613265486076,8.66331926781216,NaN,NaN,NaN,NaN
1.981280883091,3.0684371253245,1.33279327140399,NaN,NaN,NaN
2.63610470778798,1.43595237784047,NaN,NaN,NaN,NaN
1.88667148335807,0.500000004863754,4.41277944864262,NaN,NaN,NaN
1.4769798440485,7.1615281674574,NaN,NaN,NaN,NaN
2.26186252261734,3.30084890870303,NaN,NaN,NaN,NaN
2.23853159226105,2.3287773551215,NaN,NaN,NaN,NaN
1.57594614939865,2.33960215015024,NaN,NaN,NaN,NaN
2.82147804318081,NaN,NaN,NaN,NaN,NaN
2.41152968680077,4.23887713149915,1.01398261899306,NaN,NaN,NaN
2.5979856277828,2.00446260110323,NaN,NaN,NaN,NaN
1.62096138418729,1.82384879985408,NaN,NaN,NaN,NaN
1.94985538457476,3.67771341362065,NaN,NaN,NaN,NaN
2.01607950519222,0.56961594426537,0.773532415448885,0.500000917320018,11.9999584411876,NaN
1.42530427616694,9.09428399406212,NaN,NaN,NaN,NaN
11.9999993783616,NaN,NaN,NaN,NaN,NaN
1.46583692214286,5.43043485888237,0.500000026542329,NaN,NaN,NaN
2.37079096666088,0.556310513207847,3.59070989231035,NaN,NaN,NaN
1.9374451326533,2.65494902796223,NaN,NaN,NaN,NaN
1.01484686052974,5.43773457208757,NaN,NaN,NaN,NaN
2.25097834765063,5.77582163591754,NaN,NaN,NaN,NaN
2.49269049442953,4.78947117167475,NaN,NaN,NaN,NaN
1.76149122649297,1.14990551388584,0.774171432931498,NaN,NaN,NaN
1.55721614364812,3.90805002082594,NaN,NaN,NaN,NaN
3.22859466054062,0.668463626542935,3.97628152895517,2.15828466653699,NaN,NaN
1.5853036692037,3.01406554771942,NaN,NaN,NaN,NaN
2.30861047934276,3.74953112078948,NaN,NaN,NaN,NaN
2.01248653327704,2.31246478696641,NaN,NaN,NaN,NaN
0.981116247556557,5.11802744262568,NaN,NaN,NaN,NaN
1.50079823474627,3.30696097962625,NaN,NaN,NaN,NaN
1.70818030079373,0.500003018630407,3.10414658251697,NaN,NaN,NaN
2.54382424273833,2.81733853955925,NaN,NaN,NaN,NaN
1.98536501611019,4.18306627047936,NaN,NaN,NaN,NaN
1.61796689649795,4.83013973969132,NaN,NaN,NaN,NaN
3.51842755141207,2.21347610876913,NaN,NaN,NaN,NaN
2.21642138043553,3.29624080738016,NaN,NaN,NaN,NaN
1.48821840021742,2.81503545608744,NaN,NaN,NaN,NaN
1.89984438942158,1.89759330123599,7.35560449646213,0.500000084398313,0.987077427508691,NaN
1.61756648548427,1.14359643567607,11.9999916858367,NaN,NaN,NaN
2.13763739572791,3.14927852138155,0.500003287387169,NaN,NaN,NaN
8.86590643088028,NaN,NaN,NaN,NaN,NaN
2.31790376296066,2.1656349188522,NaN,NaN,NaN,NaN
1.6578350105176,1.25576874149026,2.9533267818432,NaN,NaN,NaN
1.87135920705193,4.95296944660648,NaN,NaN,NaN,NaN
1.44381545678846,5.57555270824135,NaN,NaN,NaN,NaN
2.51431593613407,3.31593723911356,NaN,NaN,NaN,NaN
6.74404637355982,0.500000019187628,NaN,NaN,NaN,NaN
1.59420225837351,NaN,NaN,NaN,NaN,NaN
1.78450851185652,7.98272375347639,0.500000951076485,NaN,NaN,NaN
1.16238388786834,4.33824313131897,NaN,NaN,NaN,NaN
2.16025588210797,2.33350588539595,NaN,NaN,NaN,NaN
2.51209703640427,4.5923668016429,NaN,NaN,NaN,NaN
1.86090602736516,3.36756897826385,NaN,NaN,NaN,NaN
2.16526558662026,1.66097599076556,NaN,NaN,NaN,NaN
1.50676794908338,1.04218760892172,0.500002270055588,0.500006925292042,1.31036933824893,NaN
2.46270794472106,5.70492355277009,NaN,NaN,NaN,NaN
2.0802722838043,2.17301686505373,NaN,NaN,NaN,NaN
2.24654257420035,1.15030562906086,5.31057108698168,NaN,NaN,NaN
2.07225127957902,2.06573578673159,NaN,NaN,NaN,NaN
1.35592811532769,5.8510740333035,NaN,NaN,NaN,NaN
1.88262888433737,5.94845003099482,NaN,NaN,NaN,NaN
1.7954711621764,4.22606789798114,NaN,NaN,NaN,NaN
1.98225581783805,6.66153337129371,NaN,NaN,NaN,NaN
1.43006721582521,1.1314226597254,2.04288648987587,NaN,NaN,NaN
2.71491054901709,1.20021515968693,2.0877066285526,0.90444463428954,NaN,NaN
1.53227000682657,2.6307614254071,NaN,NaN,NaN,NaN
1.35854453251459,5.00485705893117,NaN,NaN,NaN,NaN
3.51804019996907,0.500001258062064,5.1108505298665,0.879015561962271,NaN,NaN
1.98491716829423,3.90097172882428,NaN,NaN,NaN,NaN
1.50777815148411,5.14848390721012,NaN,NaN,NaN,NaN
2.81069231865251,3.30184232939252,NaN,NaN,NaN,NaN
1.0871593788774,10.4443175315844,NaN,NaN,NaN,NaN
2.03559345225488,7.13288926654692,NaN,NaN,NaN,NaN
2.4083539076212,4.81584587046311,NaN,NaN,NaN,NaN
1.42674268589922,7.22508537431937,2.80521811408061,NaN,NaN,NaN
0.681085869007783,11.9999696177204,NaN,NaN,NaN,NaN
0.879762367549077,4.50573140789128,NaN,NaN,NaN,NaN
1.73804731727537,4.2637076352939,NaN,NaN,NaN,NaN
1.78610409981503,3.17742187851748,NaN,NaN,NaN,NaN
1.06752027542158,8.69332034794906,NaN,NaN,NaN,NaN
1.69151317283564,2.78845220350366,NaN,NaN,NaN,NaN
1.65255737372885,NaN,NaN,NaN,NaN,NaN
2.37881106756202,1.30576956501116,NaN,NaN,NaN,NaN
5.11617784634068,3.46818961960363,NaN,NaN,NaN,NaN
2.37829579047317,4.70203839285686,NaN,NaN,NaN,NaN
1.45411031044203,3.97986669780651,NaN,NaN,NaN,NaN
1.03980696625577,11.9999891373746,NaN,NaN,NaN,NaN
1.25493312110889,4.60694491867142,1.86762283936403,NaN,NaN,NaN
1.32965608897745,3.12237872890093,NaN,NaN,NaN,NaN
2.11110073860204,2.35632237860023,NaN,NaN,NaN,NaN
11.9999916097196,NaN,NaN,NaN,NaN,NaN
1.4916440795105,2.4181092096621,NaN,NaN,NaN,NaN
1.63061162432482,3.82718113237902,NaN,NaN,NaN,NaN
1.70744253325437,5.43550531477564,0.500000089765737,1.74271575600547,NaN,NaN
2.56605297338014,2.53295972136741,NaN,NaN,NaN,NaN
7.39307768458943,NaN,NaN,NaN,NaN,NaN
2.17376853133013,1.28628721559513,4.39607236358501,NaN,NaN,NaN
0.735790501142314,0.717046619558751,2.46599996697325,NaN,NaN,NaN
1.60637949123367,7.38059567501633,NaN,NaN,NaN,NaN
1.73295580813873,3.40918054208803,0.500000218735319,NaN,NaN,NaN
1.41211648063245,NaN,NaN,NaN,NaN,NaN
1.46644849486252,5.21010303500431,NaN,NaN,NaN,NaN
1.80962646809198,NaN,NaN,NaN,NaN,NaN
5.18098816921041,NaN,NaN,NaN,NaN,NaN
0.90521738704752,7.36797099030293,NaN,NaN,NaN,NaN
2.10979109076071,4.87200016176345,NaN,NaN,NaN,NaN
2.7368991177184,1.80934675917234,NaN,NaN,NaN,NaN
1.79552795621243,2.84986950467278,0.56331302144924,NaN,NaN,NaN
1.55815401854452,1.14373103689789,NaN,NaN,NaN,NaN
1.91966236210845,4.18535904824998,NaN,NaN,NaN,NaN
1.96317700287094,4.16606184919876,NaN,NaN,NaN,NaN
1.63650540074551,0.641948681686064,7.07395008648101,4.76953923948326,NaN,NaN
1.6011955231719,11.9999910527479,1.03412230807728,NaN,NaN,NaN
2.13542519708554,6.76794414279522,NaN,NaN,NaN,NaN
0.95589684674578,1.31568160585358,2.69342682592185,0.539137647034614,0.746856887063994,NaN
1.57739539790492,4.10864138370237,NaN,NaN,NaN,NaN
2.54812919571012,0.500000020916701,1.10479106739607,0.942928460744546,NaN,NaN
1.2546220628985,6.33247385335577,NaN,NaN,NaN,NaN
3.07182610562544,0.752126577864628,NaN,NaN,NaN,NaN
2.03481085965984,2.0703090495879,NaN,NaN,NaN,NaN
1.95305682990623,3.50150569403404,NaN,NaN,NaN,NaN
1.77829364588985,4.39386535537292,NaN,NaN,NaN,NaN
1.49139296404247,0.500005321994524,4.54638298154949,NaN,NaN,NaN
2.26062127675323,11.9994523114599,4.32890253798594,NaN,NaN,NaN
2.77404098235851,1.80418351436295,1.45070264517006,NaN,NaN,NaN
1.99204087260519,NaN,NaN,NaN,NaN,NaN
2.35608019664481,0.500000444383875,3.82760245068439,NaN,NaN,NaN
2.69230836964088,3.81724705302714,NaN,NaN,NaN,NaN
0.972245009329557,0.593035710569253,NaN,NaN,NaN,NaN
0.500002326453445,2.1375256698264,7.4193371697549,NaN,NaN,NaN
2.01760439180317,9.07594423076523,NaN,NaN,NaN,NaN
3.26119665752572,1.88910342462333,NaN,NaN,NaN,NaN
6.79506454342761,NaN,NaN,NaN,NaN,NaN
1.67114844261964,0.517682385212785,0.500000050663739,5.618372191845,NaN,NaN
0.814853218952228,0.881238861937643,4.49793478825656,NaN,NaN,NaN
1.72202617450988,11.924766640793,0.500000354200157,NaN,NaN,NaN
1.83558613075493,4.0401254831771,NaN,NaN,NaN,NaN
1.82525800980533,0.788794658555654,1.8456528626899,NaN,NaN,NaN
2.46202261287105,4.37359168520097,NaN,NaN,NaN,NaN
2.20000624400013,2.1949626778777,NaN,NaN,NaN,NaN
11.999973049368,NaN,NaN,NaN,NaN,NaN
1.14640156806927,0.500000137133405,3.33735840145346,0.532989324780015,NaN,NaN
1.9288949716132,2.57042946810505,1.12411543267114,NaN,NaN,NaN
1.88737248888305,7.46622357122095,NaN,NaN,NaN,NaN
2.2042473517793,2.2883722232066,NaN,NaN,NaN,NaN
6.18970377868788,0.622894283607078,2.65012310123432,NaN,NaN,NaN
1.72168954424143,0.500003099948887,4.16844793173732,NaN,NaN,NaN
2.68362328749929,5.98777302473788,NaN,NaN,NaN,NaN
4.01548504767067,4.82410817505556,1.05902340073366,8.7703470580389,NaN,NaN
1.20561122190685,8.03644572519841,NaN,NaN,NaN,NaN
2.00313030997952,3.65078038109306,NaN,NaN,NaN,NaN
2.23972684007642,3.26286301415295,NaN,NaN,NaN,NaN
1.77618972961238,6.19917129446763,NaN,NaN,NaN,NaN
1.80031957540368,3.60000306853212,0.809842670039664,NaN,NaN,NaN
1.0300264580436,5.02102067757145,NaN,NaN,NaN,NaN
2.0387004253441,6.21290807908982,NaN,NaN,NaN,NaN
1.38774669523295,3.30662885313974,NaN,NaN,NaN,NaN
0.612705874119059,1.00659463646612,5.4023777112271,NaN,NaN,NaN
2.16773401231095,4.01551889356645,NaN,NaN,NaN,NaN
0.500000005305297,1.56059976132027,2.39276656005072,NaN,NaN,NaN
1.84558869811628,0.500002995022099,2.50805463146256,NaN,NaN,NaN
2.23048860678243,9.94552448345161,3.70018880908177,NaN,NaN,NaN
2.00709490398549,1.85293705028238,NaN,NaN,NaN,NaN
0.961313239208375,5.82961916849987,NaN,NaN,NaN,NaN
1.84191183204719,5.68934797719101,NaN,NaN,NaN,NaN
0.833814361858566,6.37482585361427,NaN,NaN,NaN,NaN
1.46706428299369,5.0739099255341,NaN,NaN,NaN,NaN
2.90513682356324,2.74977298305371,NaN,NaN,NaN,NaN
2.57135673991446,1.9868237852886,NaN,NaN,NaN,NaN
1.94533066004861,4.30480553226103,NaN,NaN,NaN,NaN
1.78336207868715,4.57520311697167,NaN,NaN,NaN,NaN
1.64136379086507,7.34094968519471,NaN,NaN,NaN,NaN
6.13684177571432,NaN,NaN,NaN,NaN,NaN
1.74241231002889,4.76965255865154,NaN,NaN,NaN,NaN
1.89857055906443,6.24700885996664,NaN,NaN,NaN,NaN
1.45009974685335,4.09554980282307,0.70785085981247,NaN,NaN,NaN
1.74800905660434,3.29150230700355,NaN,NaN,NaN,NaN
1.91706130901814,3.33357656103592,NaN,NaN,NaN,NaN
1.66629631151221,3.52853939390663,NaN,NaN,NaN,NaN
1.76887830908871,2.7986378342355,NaN,NaN,NaN,NaN
1.01654970910956,1.27285003945605,4.30677806023111,2.6570573785118,NaN,NaN
1.46033068960532,4.84042633269992,NaN,NaN,NaN,NaN
1.12285768576713,6.90449127838711,NaN,NaN,NaN,NaN
1.09434945829306,7.13920248007421,NaN,NaN,NaN,NaN
2.00735177875419,NaN,NaN,NaN,NaN,NaN
2.70400794211309,4.20753762894721,NaN,NaN,NaN,NaN
2.09094396255304,0.79229975929492,4.74131683467167,NaN,NaN,NaN
2.47643003851428,5.41021358351848,NaN,NaN,NaN,NaN
3.29991352756222,2.25994995472111,0.576026129969209,0.545611207320301,1.05324023142114,0.600440147426211
2.14097039958839,0.648289979422523,4.06195127278322,NaN,NaN,NaN
1.71181659492999,5.66213323010522,NaN,NaN,NaN,NaN
1.99765009177616,2.46241072528166,NaN,NaN,NaN,NaN
2.20881183682375,3.03865761523826,NaN,NaN,NaN,NaN
2.24824432418725,3.76582501507874,NaN,NaN,NaN,NaN
1.33570852599179,11.9998946128247,NaN,NaN,NaN,NaN
1.99247319143535,0.995864467963436,NaN,NaN,NaN,NaN
1.42585284779061,7.67755172715748,NaN,NaN,NaN,NaN
2.46953871592288,4.54557728078954,NaN,NaN,NaN,NaN
1.73908445357998,4.16414157897954,NaN,NaN,NaN,NaN
2.52542186287221,3.23007483122583,NaN,NaN,NaN,NaN
1.89179993858778,5.34977785816451,NaN,NaN,NaN,NaN
3.16019171639039,3.80386153706957,NaN,NaN,NaN,NaN
1.20790854496106,2.89918063412507,NaN,NaN,NaN,NaN
2.25007585970835,2.03858570154443,NaN,NaN,NaN,NaN
2.29446562725891,2.90731077045144,NaN,NaN,NaN,NaN
0.703274404298797,6.24581694059163,NaN,NaN,NaN,NaN
3.06977802809082,NaN,NaN,NaN,NaN,NaN
1.37083984458294,4.20110718916797,0.50000189759878,NaN,NaN,NaN
1.49763028989297,11.9972411800581,NaN,NaN,NaN,NaN
0.566287241980792,2.18764549265139,NaN,NaN,NaN,NaN
1.77926601766576,2.80687402268058,NaN,NaN,NaN,NaN
2.28487841347665,1.70070662318369,NaN,NaN,NaN,NaN
2.30557708004647,3.36532680728245,NaN,NaN,NaN,NaN
4.16675722108513,2.14145319929795,NaN,NaN,NaN,NaN
1.523909696706,10.1169417494721,NaN,NaN,NaN,NaN
2.07055699905999,2.68534337348002,NaN,NaN,NaN,NaN
1.28847435216142,11.9998302122892,1.07718378231571,NaN,NaN,NaN
1.41080921466051,3.6100004485293,NaN,NaN,NaN,NaN
1.53471332466141,8.1999584760599,11.9999791847903,NaN,NaN,NaN
1.70854026380954,3.18934451562811,NaN,NaN,NaN,NaN
0.987317690763247,3.4199275637226,0.659104363078901,1.7938682622678,NaN,NaN
2.23955991061635,4.28367749252277,NaN,NaN,NaN,NaN
1.12485713644438,5.20737299966891,NaN,NaN,NaN,NaN
1.57232954981483,0.613248942905936,11.999984808561,NaN,NaN,NaN
1.99006457747885,3.67477375911109,NaN,NaN,NaN,NaN
1.69915234951256,6.75771213996381,NaN,NaN,NaN,NaN
1.50293335786719,3.77972087022395,NaN,NaN,NaN,NaN
2.0089885998383,3.60317625624624,NaN,NaN,NaN,NaN
1.93183757351544,8.74063240484324,NaN,NaN,NaN,NaN
4.21743769495348,NaN,NaN,NaN,NaN,NaN
1.5391723144415,3.28012967321984,2.21029368011588,NaN,NaN,NaN
2.03442988931396,5.7684647223833,NaN,NaN,NaN,NaN
1.02327029809351,5.37135512347626,NaN,NaN,NaN,NaN
1.81138524073744,2.32904259083761,NaN,NaN,NaN,NaN
1.8333595866872,5.18347578722749,NaN,NaN,NaN,NaN
1.93130091796697,2.16228092840671,NaN,NaN,NaN,NaN
0.500000016478927,1.29357402899955,3.29074304635265,NaN,NaN,NaN
2.80567008292568,5.65139272666359,NaN,NaN,NaN,NaN
1.66593225799808,2.78243573157177,NaN,NaN,NaN,NaN
1.56802891002706,3.72896990805018,NaN,NaN,NaN,NaN
2.50765620421535,1.38224077295105,2.06370003597557,NaN,NaN,NaN
1.2769881864888,4.76913024985601,NaN,NaN,NaN,NaN
1.3405742842242,4.72457465271886,0.589080887420283,NaN,NaN,NaN
1.29442452578897,7.18260605295814,NaN,NaN,NaN,NaN
1.55896962875385,3.28997547989845,NaN,NaN,NaN,NaN
6.4522371283634,NaN,NaN,NaN,NaN,NaN
2.94529768256898,2.72705375188478,3.36224075192852,0.5000028485364,NaN,NaN
1.64021710787411,3.4012801294166,NaN,NaN,NaN,NaN
1.38365070325875,2.87964792028192,NaN,NaN,NaN,NaN
1.62714677466051,4.26711789311475,0.500006093935012,NaN,NaN,NaN
1.8954672636422,4.16678882113449,0.622414453577052,1.23944958725471,NaN,NaN
2.59876889093777,1.60560901991937,NaN,NaN,NaN,NaN
2.33825360181129,0.704817003912248,NaN,NaN,NaN,NaN
1.28667181351237,NaN,NaN,NaN,NaN,NaN
1.51647801929784,4.21144016021515,NaN,NaN,NaN,NaN
1.73988528897856,5.45193533681431,NaN,NaN,NaN,NaN
7.96095251948134,NaN,NaN,NaN,NaN,NaN
2.61338625600706,4.98910449739949,NaN,NaN,NaN,NaN
1.17888461829288,10.2077358056401,NaN,NaN,NaN,NaN
2.01625150893245,1.81916348674902,NaN,NaN,NaN,NaN
2.1815625790812,0.636587396359177,11.9999752244255,NaN,NaN,NaN
3.2033711304356,3.37532597488991,NaN,NaN,NaN,NaN
1.48701961916326,2.94370539413895,0.865871822027202,NaN,NaN,NaN
1.44748426559222,7.02452717664397,NaN,NaN,NaN,NaN
1.59060744230466,7.57587382357329,0.522569555090981,2.09315548900913,NaN,NaN
3.55246599537179,3.23953224083144,NaN,NaN,NaN,NaN
2.64999312308333,3.25669267701674,NaN,NaN,NaN,NaN
1.18174905992379,0.517001154664974,6.25940530357009,NaN,NaN,NaN
2.6887678980722,0.906565124358719,1.7020676085243,NaN,NaN,NaN
3.86717819933127,NaN,NaN,NaN,NaN,NaN
1.83904145775856,4.34113333748652,NaN,NaN,NaN,NaN
2.11556287254296,1.91862773673177,1.3640834967169,1.43078042137329,NaN,NaN
4.66556942068381,NaN,NaN,NaN,NaN,NaN
1.99297708368759,5.79777199541303,NaN,NaN,NaN,NaN
1.7193648275079,1.75897610279156,2.52541438672532,NaN,NaN,NaN
2.32644912213825,5.3763121636385,NaN,NaN,NaN,NaN
2.0061740807004,2.73238020461687,NaN,NaN,NaN,NaN
1.25216437708766,3.85702891295861,NaN,NaN,NaN,NaN
2.4615225928646,2.92067825707751,NaN,NaN,NaN,NaN
1.70383636158141,7.72973002066042,NaN,NaN,NaN,NaN
5.9118066538271,NaN,NaN,NaN,NaN,NaN
2.09534721005737,3.94806026390131,NaN,NaN,NaN,NaN
1.31306619446883,8.36109098051556,NaN,NaN,NaN,NaN
1.91928630509837,2.65949739531203,NaN,NaN,NaN,NaN
1.83657902970916,2.94276298323221,NaN,NaN,NaN,NaN
1.86074530972939,4.52523280088913,NaN,NaN,NaN,NaN
2.34928635217121,5.21679855103417,NaN,NaN,NaN,NaN
2.36073382874956,2.14364170979035,NaN,NaN,NaN,NaN
1.79221027325674,2.94406103833762,NaN,NaN,NaN,NaN
1.69851952807837,3.03556597754827,NaN,NaN,NaN,NaN
5.03539163588287,1.23324053204414,NaN,NaN,NaN,NaN
2.32974216535653,0.500005817223556,3.89782377224797,NaN,NaN,NaN
1.05512761739576,0.500003129585124,5.36009272974959,2.58850249725616,NaN,NaN
7.80554808289973,NaN,NaN,NaN,NaN,NaN
2.12336637727668,3.95444615250954,NaN,NaN,NaN,NaN
1.49860028446131,4.80300873033714,0.881171189047801,0.500001058754156,NaN,NaN
1.20725178543191,9.30041145521255,NaN,NaN,NaN,NaN
2.38679482445968,1.35625535493715,1.92149774260754,NaN,NaN,NaN
2.54467957269239,NaN,NaN,NaN,NaN,NaN
1.25082180869299,4.83639130530086,NaN,NaN,NaN,NaN
2.07203409115444,3.77775115893384,NaN,NaN,NaN,NaN
0.737055321889947,10.3892471324521,NaN,NaN,NaN,NaN
2.09715738814886,3.55251307663439,NaN,NaN,NaN,NaN
2.08594572203857,5.66961137223989,NaN,NaN,NaN,NaN
0.514386212036145,5.68600157384134,NaN,NaN,NaN,NaN
1.86151152964473,3.18145061684864,NaN,NaN,NaN,NaN
1.57048002966631,2.87357149471837,0.554844301836722,NaN,NaN,NaN
7.48033093805088,NaN,NaN,NaN,NaN,NaN
1.53970891089486,5.11989500018096,0.842911126068508,NaN,NaN,NaN
2.55016614887151,3.53655235931847,1.18847846479529,NaN,NaN,NaN
2.70061136876023,3.43346429503904,NaN,NaN,NaN,NaN
2.46151145071214,2.50023326244141,NaN,NaN,NaN,NaN
2.54129541559165,1.47963934496014,NaN,NaN,NaN,NaN
1.70989092396419,4.28752514903663,6.65503965615503,3.65836011864445,NaN,NaN
1.7334287182961,4.23989841132628,NaN,NaN,NaN,NaN
2.23340133297414,5.89140225432299,NaN,NaN,NaN,NaN
1.9983393473528,3.54016947177625,NaN,NaN,NaN,NaN
2.23193214496521,3.38188702124208,NaN,NaN,NaN,NaN
1.68821956056342,0.502921209902063,9.77943448392103,NaN,NaN,NaN
2.18480692250177,NaN,NaN,NaN,NaN,NaN
1.57039103314307,1.78952896220374,5.15288419134622,NaN,NaN,NaN
2.27249568339983,3.20831483029196,NaN,NaN,NaN,NaN
8.99341303792385,NaN,NaN,NaN,NaN,NaN
1.9320344558438,NaN,NaN,NaN,NaN,NaN
1.73042727355354,5.6482100360711,NaN,NaN,NaN,NaN
2.22159415063561,3.28047233654188,NaN,NaN,NaN,NaN
1.83169320482439,10.3000991583191,0.500000976103392,0.500005195474074,NaN,NaN
1.15237394166868,7.99205133404612,NaN,NaN,NaN,NaN
1.31474972519228,3.3607370326885,0.705028724659945,NaN,NaN,NaN
2.06814832170307,2.76650559746151,3.41859244644913,NaN,NaN,NaN
9.83324808719357,NaN,NaN,NaN,NaN,NaN
2.80866696387382,2.12493347940429,0.89156997812429,NaN,NaN,NaN
1.2275127085467,3.24071958899449,NaN,NaN,NaN,NaN
1.86633259401181,5.30670306967727,NaN,NaN,NaN,NaN
1.96432759822059,1.91527399282525,NaN,NaN,NaN,NaN
