Var1,expon_BIC,offset_BIC,mse_BIC,rsq_BIC,BF_model
0.6,0.546967863890089,-1.11399326534184,0.0146248150063512,0.841724157807829,8.26777004767355e-12
0.6,0.558884354949749,-1.21497931908591,0.0138774950478484,0.866628421092573,8.92248576629705e-14
0.6,0.69165756547899,-0.921985930043936,0.00943068084578986,0.918545472674927,2.67339897244352e-15
0.6,0.566558121880636,-1.13385947526402,0.0164137805632923,0.838147679123402,3.23913087141761e-13
0.6,0.662168207508157,-0.971487881128703,0.0167089808014291,0.861652013888693,3.38188632004046e-11
0.6,0.596573546550812,-1.07698290283074,0.0141064575362861,0.871262834788617,1.67744017081875e-14
0.6,0.681157512069509,-0.966465397518441,0.0144234165896648,0.872408154928203,2.9848298099233e-11
0.6,0.535247309642542,-1.15022451437738,0.0129436175105216,0.868657725525632,3.0619547243966e-17
0.6,0.614028585891557,-1.09530247337258,0.0184616725761043,0.845870506305233,2.1822482195711e-14
0.6,0.593400593376059,-1.098388363548,0.0112601281903171,0.893362057977574,1.56069498734935e-17
0.6,0.491496056219195,-1.27092033981839,0.0140050247764586,0.836024734910068,2.28899286250518e-10
0.6,0.622049593163916,-1.04836932539732,0.0138972337294336,0.876789173527085,3.3455887356069e-16
0.6,0.570104408273999,-1.10118693617292,0.0170547198285031,0.84119902784804,1.72441830418032e-14
0.6,0.544234227754408,-1.18053090401362,0.0114340829671774,0.88099845463412,2.92299839201301e-17
0.6,0.79827873263066,-1.11072501773978,0.0151932471203777,0.848536593444265,3.7122693926423e-11
0.6,0.56847509719621,-1.0911407758722,0.0137343306736127,0.8687563951903,6.75161849957077e-13
0.6,0.65375068679558,-0.979004176512659,0.0163329875902725,0.859820001381468,8.8410814597756e-12
0.6,0.634960850634491,-1.01326506755998,0.0194581408880799,0.847778180075111,2.01330435642086e-13
0.6,0.0449443490287865,-1.97476505935706,0.0171993590738017,0.825832152443489,1.46437816195521e-11
0.6,0.523948431742023,-1.24853299816513,0.0132468676544693,0.866495538680282,1.9005868957448e-17
0.6,0.558086439269885,-1.12326545136509,0.02020571306992,0.829070124354835,3.82926423383274e-10
0.6,0.676300567341433,-1.0149903945894,0.0194191385680353,0.848347975948553,4.49006714067096e-11
0.6,0.566055887025877,-1.12857370228319,0.0183089993207013,0.815989613923987,6.99447504109312e-08
0.6,0.574095270224816,-1.10524861205955,0.0121227783976566,0.870300028359902,8.88264393326527e-13
0.6,0.503758321835487,-1.1866163603017,0.0174744377901915,0.808016347656251,2.01909404402747e-09
0.6,0.602045130161767,-1.03248928864,0.0186617456420078,0.818083954991516,7.45549464075388e-09
0.6,0.665182591518096,-0.967525626664314,0.0146022091634212,0.872589593110441,4.22653858798884e-11
0.6,0.762783630782252,-0.894216784581961,0.0144811305851255,0.890794084297445,2.78752564151967e-10
0.6,0.218786691466223,-1.68432069128821,0.0163028511926464,0.851292789275606,9.63069953599618e-10
0.6,0.615709694883531,-1.07076713314982,0.0151676140604108,0.843451110804802,3.32359164059484e-06
0.6,0.781606128024679,-0.91971749020143,0.0132985933147689,0.878698060849167,4.63813545677581e-10
0.6,0.504605157513635,-1.26298749333187,0.01627671084718,0.863558992663887,7.65034254663016e-17
0.6,0.67918722524048,-0.97667729135342,0.00950517450866926,0.915481624102655,1.82523014875755e-16
0.6,0.71266487625339,-0.931767181798665,0.0160504649504916,0.864320504329126,7.95176660662401e-10
0.6,0.513985590715591,-1.20907512350993,0.0125040036246983,0.887734840915335,1.91941300635427e-14
0.6,0.505448155892826,-1.21073609444834,0.0139566240090538,0.862511382004078,9.2886596617736e-16
0.6,0.774557694723933,-0.868594241197409,0.0134859109815403,0.894592890289486,4.0541924579358e-10
0.6,0.644201736696552,-1.00168413925579,0.0101866027192698,0.915341076782447,2.64555735375076e-20
0.6,0.55415613062299,-1.1209982207836,0.0182383771228558,0.826203893741338,2.28979419198461e-11
0.6,0.747788932096943,-0.874750481877236,0.0173821011471229,0.876559422758509,8.03361893782384e-14
0.6,0.601991312174489,-1.11066508332521,0.014783117623013,0.87435965346698,1.1784741194167e-16
0.6,0.630743134400268,-0.990144815493586,0.015453414844407,0.850763933034649,1.49510736785265e-10
0.6,0.505654510862444,-1.19039460890648,0.014128711394534,0.849160553526273,8.58245097584009e-16
0.6,0.57510071845463,-1.03926675583092,0.0147961744969377,0.857537320756873,3.39113255380184e-15
0.6,0.645502470716407,-0.947949907909776,0.0143732712678019,0.871001688118007,7.11047490627462e-12
0.6,0.62465029503103,-1.10782555778051,0.0144871242961279,0.875963448777046,2.61679959050978e-13
0.6,0.58449841281867,-1.08667385133086,0.0156850326444572,0.848214735249401,3.14523536399135e-11
0.6,0.62894060865654,-1.03218893553967,0.0134210626886153,0.878515039845562,6.20917153290532e-12
0.6,0.522812039855515,-1.23358135491177,0.0136754768194463,0.854075173176597,2.19213123803974e-12
0.6,0.415174471514788,-1.31441106462483,0.0218499384344572,0.77462630459214,4.41529481109027e-10
0.6,0.493800556681048,-1.22985610481399,0.016201066588133,0.844973451605718,6.96937451447948e-09
0.6,0.565770598198329,-1.14880871919753,0.0139144347805218,0.863446751510174,2.1508654555108e-09
0.6,0.627321696842031,-0.98129290073895,0.0190859657586295,0.813135782914764,4.01343090653202e-07
0.6,0.673301769175649,-0.995359519575301,0.0127086083583537,0.891348337723151,1.81564497585046e-14
0.6,0.783585713003434,-0.937432681129547,0.0133252702110814,0.894314830312511,2.22903727986054e-11
0.6,0.646106124571711,-1.03514641329119,0.0167261617173978,0.865341651920874,4.96408086114459e-14
0.6,0.653546579132294,-1.0484840596632,0.0105286696782815,0.903727513959401,1.6468806918304e-18
0.6,0.585607243913805,-1.12649189748635,0.0175827170507681,0.827080117764388,9.43605423669449e-10
0.6,0.496822588623441,-1.21441281478606,0.0131735707683535,0.855831132311815,4.10716967287419e-18
0.6,0.611915479023412,-1.06748435265307,0.0129324140133708,0.877719685731335,6.94191573524986e-14
0.6,0.577841735638668,-1.1476310272952,0.0118435969109192,0.900533815872411,4.65360683577091e-20
0.6,0.664629617801162,-0.990662168530224,0.013049730844893,0.896114865924154,8.33670691980477e-18
0.6,0.486971947680535,-1.21603945889918,0.0157294222745426,0.848745526875949,2.13157651905107e-17
0.6,0.65295333441491,-0.999427088150012,0.0124670423792888,0.89019657115053,8.97707603418375e-14
0.6,0.566689441555869,-1.09932225142826,0.0174377540449061,0.826826054695024,5.61570876938215e-11
0.6,0.681554296469068,-0.998724421014836,0.00839824363367058,0.919277034498506,1.94496942216925e-12
0.6,0.627245229092613,-1.04485953755496,0.0208406696082198,0.817245307688103,6.96429350169468e-10
0.6,0.621741326783734,-1.04796092247192,0.0235956050328695,0.813234748756555,4.59292602370006e-09
0.6,0.672084005000688,-0.964485139616893,0.0143092024306948,0.88644351979147,9.95470659672376e-17
0.6,0.684622110771708,-0.913853699222261,0.0136688027726055,0.87713401002593,1.13080822432841e-11
0.6,0.676139512692264,-0.972640590639039,0.0166735291506255,0.846338307748652,1.5939566110397e-05
0.6,4.78560521352726e-09,-2.06079112970688,0.0255541980410546,0.798581075172907,1.63978002575936e-08
0.6,0.677356040343189,-0.971422681037441,0.0137596595062435,0.892193312712483,6.55191233385555e-16
0.6,0.545514716811017,-1.15191040392558,0.0229720439021304,0.782085188960414,1.48070306034012e-08
0.6,0.725354929796722,-0.899612270558226,0.014396052920546,0.886631994439841,9.55988735695629e-10
0.6,0.629141988569295,-1.08552740471629,0.0139049169031789,0.884115989234833,9.74359196318181e-18
0.6,0.602600482670286,-1.14617856113092,0.0189151945132569,0.844934382701501,8.22198556559063e-14
0.6,0.527064525766973,-1.19935351869736,0.016037659722979,0.845850318194582,3.970018588335e-15
0.6,0.731840467556303,-0.919963748024258,0.0107241418395986,0.913092228667143,2.20948622746959e-17
0.6,0.571069387168779,-1.10840081570078,0.0150310289097588,0.849640790357371,1.70040097672621e-10
0.6,0.607557226641055,-1.02433819893553,0.0214426952393011,0.797952780339124,4.48483938097126e-05
0.6,0.654277891482524,-1.00189423535737,0.0181548932603049,0.842377049317967,2.40659836984235e-10
0.6,0.65074595691556,-1.11300181417917,0.0114018620021822,0.890347309722922,5.92622258139811e-12
0.6,0.568575650433862,-1.16048577258526,0.015599406608226,0.873201761786378,7.79733823101604e-20
0.6,0.669332945825569,-0.972143409590819,0.0113400932103554,0.883410614982277,6.45904392411402e-13
0.6,0.667704977388194,-0.998801937846662,0.0132913048622437,0.885080814243525,5.76811275061234e-12
0.6,0.756013134110038,-1.02263867564991,0.0161469517846015,0.859073725552802,1.06223501052449e-10
0.6,0.527778464613566,-1.17208662032242,0.0181033430227872,0.837388046140536,1.59986379808462e-15
0.6,0.654854439107758,-1.02329026501151,0.0161244118214375,0.871844089196021,7.45972765513335e-15
0.6,0.403021195757846,-1.49307596015701,0.0205694839150668,0.812336515586346,3.13671759277099e-09
0.6,0.732773860713345,-0.892907943941785,0.0151859694513795,0.883799103276728,1.3475189373594e-13
0.6,0.661976757765759,-0.964071821939473,0.0233928838879563,0.801512045055097,1.23685247981391e-05
0.6,0.549169928002472,-1.17141724031296,0.0191034736626696,0.829903299397345,3.20056406938841e-10
0.6,0.590091594433906,-1.09712391862701,0.0218354382056857,0.820263454867349,2.88587181096676e-11
0.6,0.55443545662287,-1.17860365340364,0.0149357477201544,0.867698659688429,4.33769436622873e-14
0.6,0.577461614455889,-1.05363968188535,0.0178815868525756,0.813062169163241,1.21172086533897e-09
0.6,0.768350765198783,-0.882643960598327,0.0138940955572719,0.89838115304774,3.21564277725899e-10
0.6,0.661528617222342,-0.983941612972797,0.00981543300947663,0.912709182420902,7.26961094079374e-11
0.6,0.669910395509669,-0.95740902585199,0.0161488012638673,0.84142217782406,1.13239756445988e-06
0.6,0.536369451145384,-1.16845499158074,0.016392439043735,0.838260395376895,1.49978750658873e-13
0.6,0.538413184322751,-1.23913484398953,0.0100641298921664,0.914445735721081,5.66715465166121e-24
0.6,0.720992449656802,-0.887458761093912,0.0127970050483376,0.882964796558643,4.64785607709112e-09
0.6,0.684892636446143,-0.997965282116925,0.0163684243029812,0.875375671048622,1.22796863934724e-14
0.6,0.588117885110633,-1.08174857444184,0.0143658275395007,0.872434524120384,5.21379829340203e-16
0.6,0.577436529989121,-1.1267397377585,0.0123065560150738,0.895295900008373,3.3883848902399e-19
0.6,0.607618383302089,-1.05428763558887,0.0162033339549232,0.858397372444726,8.73980621540475e-11
0.6,0.494987869579166,-1.21811470600404,0.0153586828873207,0.829399603775755,1.32404388046288e-14
0.6,0.600013347733139,-1.07957189337896,0.0155716594724009,0.854789146744007,4.38705147841226e-14
0.6,0.518747438475059,-1.1387708417291,0.0186949580701591,0.799301794300278,1.81107613714055e-11
0.6,0.345370426670236,-1.47988828838931,0.0227311171676026,0.757926857282222,0.000123846233117388
0.6,0.570278113919885,-1.10152859531905,0.0147899911816408,0.851268426484207,6.01257404267043e-14
0.6,0.482962096302323,-1.28644977473971,0.0133241732873433,0.875545747697741,4.71038526575542e-13
0.6,0.625704511676274,-0.997983576062948,0.0125093316558952,0.884990902073952,3.2814638126364e-11
0.6,0.577271830736035,-1.12822061508922,0.0140592677619221,0.850418179027613,3.72564405037099e-09
0.6,0.682502837504545,-0.958265614675506,0.0175391164597784,0.857465477994607,2.05109960627662e-10
0.6,0.479394518593955,-1.23486448470169,0.0111936562601452,0.888950773118241,6.07703679977346e-19
0.6,0.641252456547016,-1.1087275781917,0.0103288465786939,0.912302231272953,3.27768363039402e-19
0.6,0.638332647644656,-1.18457197949249,0.0145571319351593,0.861202028029312,2.86520247245543e-09
0.6,0.627708933197918,-1.0655476739214,0.0169859196604341,0.841007795910425,3.51365435999202e-06
0.6,0.566910444644701,-1.16404757747201,0.0156086926259072,0.854399113146321,1.21762639003064e-13
0.6,0.59733675360497,-1.1146060840537,0.00901042929498389,0.913388738693622,1.0224872442806e-18
0.6,0.592477197540862,-1.11003366855969,0.0147828801411076,0.880176509309785,3.78771251485271e-17
0.6,0.620847604101579,-1.03620037758587,0.0211568741837446,0.798023985823416,2.59871333802735e-05
0.6,0.598238645199729,-1.10888050370676,0.0210682252856548,0.822470652777288,1.47636075832119e-09
0.6,0.600529369328021,-1.10094275782241,0.0178537967291793,0.846441186915626,5.34518010877122e-12
0.6,0.623551775118769,-1.03174711436475,0.0160500035765832,0.852863417036369,1.9110907120877e-12
0.6,0.606898253340294,-1.08514351335492,0.0143326874020583,0.8713548097689,3.05489882274571e-13
0.6,0.542435254999969,-1.12594726668652,0.0163216586472408,0.820779360947269,7.29856093518226e-10
0.6,0.519252358643876,-1.23331088389085,0.010104110915969,0.90695841950479,1.36802639453125e-13
0.6,0.645929625815989,-0.981092663186737,0.0124946172069967,0.882101724325988,1.19140572347414e-10
0.6,0.763041652219856,-0.824448873962435,0.0178238417321552,0.866534154993174,4.32091397416336e-09
0.6,0.573479794710166,-1.14648992044929,0.0128931719933151,0.883872485975478,5.41365411253097e-19
0.6,0.646337874397853,-0.991896880120699,0.0147769460093159,0.870481769612226,8.16309684846963e-14
0.6,0.643403064678121,-0.951033465109842,0.0155752255649051,0.853531275315709,1.28268136877811e-10
0.6,0.574367233413791,-1.09275573663834,0.016710875080731,0.842428349948736,2.75750198357589e-12
0.6,0.712175422433683,-0.983470198808456,0.0181947566864541,0.857196038549666,1.24741633356089e-09
0.6,0.535758255778393,-1.17534451451834,0.0131711720721251,0.869248307385649,2.41907873636687e-17
0.6,0.609467379083626,-1.03182102222082,0.0132762638922953,0.880068388810641,5.9972532964518e-13
0.6,0.590233676312708,-1.08492836691339,0.0150233533329219,0.856256442322044,9.16138701187933e-13
0.6,0.634594184148929,-1.08711001318637,0.016776045128987,0.854304282272652,1.5228657987074e-15
0.6,0.717058808525378,-0.915704523589782,0.0146514537613506,0.889416572706514,3.49385628045515e-13
0.6,0.587168250736196,-1.09234219802048,0.0163035789518033,0.857869765404832,8.10594650879785e-15
0.6,0.701692003973868,-0.92904948164974,0.0171456362821744,0.850015545567069,5.27784497226127e-07
0.6,0.616284161652783,-1.0925163192864,0.0163549956299488,0.858814174865528,1.70803415244151e-13
0.6,0.657253030132691,-0.982975233965342,0.0110792405929824,0.898808051320243,1.64113492620219e-12
0.6,0.582205912274631,-1.12155649916017,0.0122214491630427,0.901058992478773,6.52172597041722e-21
0.6,0.518362839818263,-1.14435277321508,0.0142738908119374,0.847329700365867,1.17985636759598e-14
0.6,0.65129196340674,-0.989652418530888,0.01092846978626,0.897100701102126,7.75735889053494e-14
0.6,0.636667422014178,-1.14396961236038,0.0166902399821264,0.84860147231662,1.58442214627433e-10
0.6,0.556751037452642,-1.10573991915044,0.0140748389892157,0.861665470952166,2.87563955407312e-15
0.6,0.555478590690904,-1.11053484175099,0.0187273518661526,0.826538796626476,1.28059155541462e-09
0.6,0.500963375722798,-1.30126538685292,0.0146087584448019,0.881265698501108,4.29239345940945e-19
0.6,0.569604114826223,-1.13504090500493,0.0168205330428266,0.839209581147025,3.15456893310996e-11
0.6,0.639460641365746,-1.03866803102888,0.017134225874796,0.841081561329983,1.57277850741116e-10
0.6,0.58323681844254,-1.07565332774308,0.0133405165255923,0.863222898038499,6.08983039662431e-12
0.6,0.576116339599636,-1.22097663826875,0.0151705792716956,0.881381230916093,6.50412718194296e-18
0.6,0.664350821559669,-1.00910910137592,0.0127911512990467,0.887786665131437,8.6329697232147e-16
0.6,0.521171976552106,-1.21082934857575,0.0137900456085686,0.861442079544062,1.26648312456841e-15
0.6,0.566472031364852,-1.0871513136122,0.0155179176459749,0.847271550405533,1.39698649785457e-13
0.6,0.509687067861605,-1.20555974010453,0.0146874709885969,0.835550813888513,6.21381457376591e-14
0.6,0.602959742893751,-1.10609581195651,0.0191491748365714,0.82816492155225,7.59828973144005e-09
0.6,0.420279971337852,-1.33687559045395,0.0295457215625948,0.768217149396784,1.05142571052721e-09
0.6,0.574961005350826,-1.1115938186978,0.0166881421518282,0.844112103937892,2.69872277100792e-09
0.6,0.555286685054359,-1.13611202297006,0.0092203607747141,0.915127314054145,5.77096223590594e-17
0.6,0.675256996933906,-0.956513734227288,0.0146338627986868,0.871203934251449,2.56913588460992e-11
0.6,0.64534377571546,-1.0586389266905,0.0123369827354819,0.893461741926181,6.70481507142512e-16
0.6,0.621346938864427,-1.01174950467274,0.0148679724886808,0.860001025907694,5.00503956755393e-12
0.6,0.248222104452919,-1.63070290533917,0.018842117577291,0.832662242644548,2.00477107865896e-12
0.6,0.544322535050769,-1.09939911000513,0.0177895666262232,0.808747775651065,2.055037572986e-11
0.6,0.57462075098455,-1.10187393620218,0.0120460724569855,0.877546842896368,2.33613059415121e-14
0.6,1.52531669168065,-0.826912764685907,0.0160011458012429,0.851435623526303,6.30924676025245e-10
0.6,0.70992598258218,-0.895624955355269,0.0159194988094147,0.878293534018037,1.85968299955046e-10
0.6,0.610630892863325,-1.06378159249362,0.0203830233432789,0.813510870956013,1.4427397728397e-08
0.6,0.626519378475298,-1.05245610799268,0.0108451773094992,0.886621329195904,7.41731538615308e-12
0.6,0.629622667903409,-1.03792836480723,0.0124259722377061,0.864908487307983,2.49396737870066e-08
0.6,0.637901511159517,-1.03292954561384,0.0140174722879944,0.875504317363999,7.10691134618792e-16
0.6,0.642248177975466,-1.04012256192591,0.0177553024490106,0.838368468329907,1.35455016545244e-08
0.6,0.576017400490439,-1.25753527794003,0.0131118344040833,0.881791934657176,1.86316791723283e-14
0.6,0.717444674906865,-0.878671039004439,0.020322908421458,0.837803618363489,7.77637250048265e-07
0.6,0.766729963358789,-0.902691648322147,0.0204120873085823,0.856904394250252,7.42094929687674e-11
0.6,0.540667514713647,-1.13787793095282,0.0189357429701962,0.843108254288109,7.83653568856267e-16
0.6,0.643384532678166,-1.04557529425367,0.0160533122679345,0.868420315290559,4.65507342942313e-14
0.6,0.562692954047126,-1.11831438599368,0.0129083711312815,0.859671269130307,1.43463169240607e-10
0.6,0.278213204976901,-1.66328944539411,0.0134243039081863,0.866146550861844,9.31203821545513e-15
0.6,0.643117227545844,-1.04972716597073,0.0144011555458234,0.870753315923588,3.48379653859616e-14
0.6,0.547968945378795,-1.19010468085835,0.0179873952459025,0.827552534852354,2.25142703720326e-12
0.6,0.625970388239004,-1.05138173503211,0.0182393645961191,0.834043609182884,2.39050334604666e-10
0.6,0.660345336297774,-0.956955193037567,0.0142935550365633,0.87621151808733,4.43294088676833e-15
0.6,0.542513732946906,-1.15587171819837,0.0127354414286783,0.866487947175968,1.44959395678573e-13
0.6,0.553985839409566,-1.14718803662228,0.0132354812976344,0.849048826616878,1.51482006547342e-12
0.6,0.58276345444696,-1.07845960405748,0.0173729386103509,0.842772832259829,1.52047886560012e-10
0.6,0.560553763138532,-1.14526001952781,0.0161181090234281,0.852938337590559,5.20511459596759e-13
0.6,0.65708471276466,-0.975385671538964,0.0184148716029261,0.852335348342731,3.65114090856005e-11
0.6,0.550154148638734,-1.13459525304481,0.0116704059613198,0.875766753384696,2.17427071613489e-16
0.6,0.725056662339726,-1.0920566866681,0.0120340942710734,0.896461513210228,4.04110107138911e-15
0.6,0.513825932428148,-1.23023435532929,0.0174148875796565,0.8468509512555,3.15325429292715e-16
0.6,0.461770136384321,-1.37704740061841,0.021169729352586,0.83234135596512,3.22403320772456e-11
0.6,0.465243177254285,-1.33282485908847,0.0161287489111032,0.860841356394347,5.15550728475766e-13
0.6,0.658106672752503,-0.984305114947227,0.0181328646872107,0.846928229248678,1.49792729141529e-08
0.6,0.613063730294884,-1.09852295950033,0.0188234663414661,0.858838917912555,8.62960404837632e-15
0.6,0.32855172096751,-1.52814371064126,0.0183724399166412,0.821852193527001,5.0777940714204e-10
0.6,0.683658300620574,-0.984694592520117,0.0144612422571229,0.874205942589345,7.36073305570693e-11
0.6,0.740034937043778,-0.923086234872656,0.0163982736179022,0.86885293666917,6.64715649839987e-08
0.6,0.590175617069667,-1.0812614276904,0.0185735370500894,0.823576068353187,1.28149443395738e-10
0.6,0.628958752311476,-1.06575395843513,0.0173429272328802,0.858545853635066,1.34071299503811e-15
0.6,0.702048165191883,-0.996446787188515,0.0208900092016309,0.855032066197038,2.80052178283408e-11
0.6,0.610143077259054,-1.07337905089745,0.0149324303649165,0.86908926265566,5.44181832648082e-16
0.6,0.646120467790002,-0.997365555891766,0.0135423271652026,0.875181634001265,1.49279951499915e-12
0.6,0.512722017177959,-1.20966219716847,0.0106939425263427,0.893931392048937,2.27330861903457e-22
0.6,0.770630600319372,-0.846070143665905,0.0175678161397965,0.852216606897562,6.73810849292547e-05
0.6,0.655349449043948,-1.0025090394121,0.0123495948071922,0.896249425864988,5.6326619318667e-17
0.6,0.574391400620105,-1.14039067615472,0.0164554282977112,0.860878173845306,2.01737811051396e-17
0.6,0.642421575165965,-0.999063138579629,0.0160502296859608,0.850269699743311,2.29565833240597e-08
0.6,0.582858785025229,-1.10025696038342,0.0133299211199092,0.876040505420375,3.78006788366409e-14
0.6,0.582188216372646,-1.31138987230604,0.011654708993657,0.87993932682103,1.60929162843756e-13
0.6,0.647479632930753,-1.00101338666191,0.014980701427261,0.871839490267508,1.34383193840481e-11
0.6,0.618268376337329,-1.03794232626032,0.0133629704770769,0.881104512994657,1.23560068644005e-11
0.6,0.59295099347177,-1.03868089774862,0.0144514589139762,0.852056517771827,1.06048713629156e-10
0.6,0.779769934174678,-0.877864511210812,0.0167013331378363,0.870660827281355,4.51823036625701e-10
0.6,0.648678406249121,-1.01131746220158,0.0143934399708595,0.872380051525499,1.82074914157965e-12
0.6,0.528670171759748,-1.19810499896225,0.0165152880475917,0.853259482791538,2.55497802940731e-17
0.6,0.515145595695243,-1.1569017686245,0.0164570727369894,0.831081678429638,8.51004872818647e-14
0.6,0.587244682147674,-1.16981841497279,0.0196268796773882,0.810980605370546,1.69869695748292e-07
0.6,0.371995375145068,-1.41390087030205,0.0154721007641985,0.859291609084046,2.45361803513185e-16
0.6,0.581288472694862,-1.14377426897439,0.0104242788241919,0.90081305859718,4.14374065844886e-14
0.6,0.658717831320605,-1.04594975905804,0.0141710575938383,0.881867960533482,1.49824693140887e-15
0.6,0.519370650258394,-1.27604813006203,0.0170024278059351,0.841513109232816,1.52298408272977e-13
0.6,0.604099672265624,-1.08742454921485,0.0164017567417097,0.861144454895949,5.19060068770672e-13
0.6,0.53919592940479,-1.08371755572455,0.0209702582196777,0.767060767719694,4.0687516653405e-07
0.6,0.474269983413571,-1.21960138480243,0.0183454648266979,0.818976408567403,2.88850577244429e-12
0.6,0.645130126641012,-1.00631377358483,0.00744901379330208,0.92253728465759,2.3418051207637e-13
0.6,0.683389747327849,-0.960396297754226,0.011398449816078,0.903895622111439,4.18525206774491e-17
0.6,0.539797033401952,-1.16290026808872,0.0108714140169822,0.884427396592114,2.10250451774558e-12
0.6,0.521274063832771,-1.16634152159954,0.0127201510857458,0.873345192697441,4.22954694215102e-17
0.6,0.465531361143684,-1.29210306575579,0.0159442127224854,0.864848703323026,1.88418734355055e-15
0.6,0.673260527757584,-0.965510900484905,0.0175910799328213,0.856140160198163,1.10331883997312e-08
0.6,0.627143804157469,-1.08743596147892,0.011373694666421,0.908886169351917,7.16481276445879e-19
0.6,0.636098341009247,-0.966644875268776,0.016174558603827,0.85657579484398,1.71047956885282e-12
0.6,0.661274944300801,-1.31230239474655,0.018974353501948,0.796946993850255,4.51979217792895e-06
0.6,0.511305683403984,-1.21878223663253,0.0154465170480521,0.854265512320681,1.75815515891831e-14
0.6,0.586517357587935,-1.11380686365883,0.020639396420288,0.80451873718452,9.81856414107858e-10
0.6,0.510643218958445,-1.19645048513114,0.0182324429297373,0.817305471492639,4.24316813859588e-10
0.6,0.554187805217734,-1.1133602619343,0.0102694300031022,0.908780798690179,2.87799251304542e-22
0.6,0.667944492628139,-0.967505335541468,0.0109894164157428,0.893827560694618,4.26244068626545e-10
0.6,0.442543168694951,-1.33507386493249,0.0127241944219388,0.867615850659682,1.44731745129783e-16
0.6,0.623896060227695,-0.980128466536713,0.0179321448749287,0.81149512928641,0.000693233749330398
0.6,0.454720048484834,-1.32126583153252,0.0154755750384882,0.872031216419104,7.64426690587177e-12
0.6,0.23097566170043,-1.62364805233658,0.0211544869544406,0.758409285363285,2.61007666530809e-05
0.6,0.745586171161201,-0.921593387190757,0.00792758776783572,0.933856023563677,2.17539305611736e-20
0.6,0.621923779532075,-1.05190386282818,0.0139347796346094,0.872953472778113,9.01587611178535e-17
0.6,0.668873194805584,-0.996737277751624,0.0173917366630407,0.861059709772503,2.57804100633458e-12
0.6,0.619146368809088,-1.08561806112634,0.014508649273843,0.862208927696413,7.1061904923389e-10
0.6,0.647072046269196,-1.02545872617105,0.0109916979447168,0.891075974402827,1.44518474143706e-12
0.6,0.548753831631566,-1.14971388790703,0.011275804013978,0.885073088478586,1.01858570118202e-19
0.6,0.767292892171003,-0.838396344646587,0.0188242162895224,0.853151571238669,2.17044197184127e-05
0.6,0.565942465744042,-1.12733379637627,0.0166703567712074,0.852221012406983,1.65519283408828e-09
0.6,0.578025164608534,-1.11599707472078,0.0140520215321656,0.855002695208582,5.827951062035e-13
0.6,0.626165932287974,-1.04069640138772,0.0223627896027679,0.829750519436653,7.97154575011349e-12
0.6,0.547958323551792,-1.26542752555234,0.0187735760039476,0.847998725075297,1.57344433085793e-14
0.6,0.662496225168287,-1.00904568735497,0.0179572233578753,0.846438543302841,3.08142414025981e-12
0.6,0.353413737212843,-1.48083597954227,0.0208990120127908,0.821785732647937,2.96328875493775e-11
0.6,0.602125094114567,-1.07487048440147,0.0140259328160169,0.867703514566695,2.15130681576147e-08
0.6,0.64732309958253,-1.06788224653471,0.0131400783369422,0.887324649055638,6.89703601442043e-16
0.6,0.68107148160303,-0.961238196153702,0.0113038627010808,0.905808157605442,2.86118126065059e-16
0.6,0.586840813940564,-1.1081844941531,0.0166773974671701,0.841034107410779,1.80591847949285e-10
0.6,0.504764849794965,-1.17477085062167,0.017054233302706,0.836221530482438,1.95721628166704e-11
0.6,0.653093467495569,-1.00131782215051,0.0118623151584909,0.906829974878365,3.18276847137331e-21
0.6,0.651846518224623,-0.978303749796344,0.0133479517833701,0.860843206224876,1.43134777470501e-06
0.6,0.599277294788589,-0.997289363418746,0.01787916352885,0.828576833379842,1.06084716568903e-11
0.6,0.447611883181701,-1.22017205506333,0.015209635086079,0.824641358292507,9.24046061233377e-14
0.6,0.498027518841876,-1.16957349651016,0.0183021561269417,0.788023209407543,2.70547778838576e-09
0.6,0.521852774847103,-1.18838952462031,0.0151493532814133,0.835458693442551,6.94554720022378e-13
0.6,0.598492162870263,-1.11528554522599,0.0150904842338476,0.852512462077676,4.4097654818405e-11
0.6,0.612257998485402,-1.06187473081834,0.0125528443994814,0.87141834557731,5.20175203870742e-11
0.6,0.678563693451018,-0.94259772463553,0.018566250839302,0.832858463672451,5.71220376294721e-08
0.6,0.557194838362415,-1.11141570316957,0.0127308417901155,0.87494823034738,3.30727118088463e-18
0.6,0.59248031660878,-1.09473973264822,0.0148144436937556,0.873455708235658,1.03871912382932e-17
0.6,0.561333302604479,-1.09527151331756,0.0180352298388428,0.826910834393127,4.15705778007364e-10
0.6,0.588263602256466,-1.09507512292156,0.0220492470532333,0.803411669898561,5.8733510399556e-09
0.6,0.66907264666845,-0.992780886112223,0.0150049224431817,0.870063335732009,1.05523337783335e-12
0.6,0.717193363976101,-0.905575055225779,0.0119443166729552,0.905562891317921,1.63772860123619e-14
0.6,0.473324166762197,-1.30290949297416,0.0145381286412504,0.882515142834034,4.81022624543167e-18
0.6,0.599971565771264,-1.08863285471243,0.0134327011005606,0.871026169540295,1.1406067739116e-13
0.6,0.544615298884993,-1.13387828322053,0.0160160209867103,0.832267693044389,9.26637830138745e-12
0.6,7.61848360569579e-07,-2.07874069901085,0.0144600538454952,0.865259768274947,8.79682316987416e-12
0.6,0.673750145653531,-1.00956353431014,0.0169434152599975,0.871297362879625,6.42404868075238e-15
0.6,0.541988404692904,-1.11014092560981,0.019612778432566,0.80883983726243,4.27838747092606e-11
0.6,0.544932692182292,-1.1765006820362,0.0156749588685639,0.87309096181299,3.03237974316196e-13
0.6,0.579650870825323,-1.11990561674527,0.0174687170049646,0.847805199237976,3.72726244443889e-15
0.6,0.658398734321521,-1.0107246453928,0.0165568117739638,0.862091379392125,2.54592556516745e-09
0.6,0.587325521290971,-1.04539560581134,0.0206357329357683,0.82086296534113,4.5201843099166e-09
0.6,0.599229432378358,-1.1018794623899,0.0171955542200778,0.853609626128977,4.64411246209541e-15
0.6,0.656980881334032,-1.01031176920232,0.0109306474166524,0.906407596803226,5.86475778973305e-19
0.6,0.357459874593702,-1.47486583926619,0.0118733324652999,0.877874911258413,2.07168521386126e-18
0.6,0.573809451170168,-1.23479777192761,0.0212277564478508,0.841469019875814,2.17234628185778e-12
0.6,0.488353971346027,-1.19164152964135,0.0185575457942486,0.788399149683289,8.40044767248815e-09
0.6,0.587488023929464,-1.07526894425482,0.0176942430084079,0.823889530766331,5.79972701318884e-08
0.6,0.515180020104648,-1.18204846388932,0.0293098175104132,0.731844436047022,9.48572395812821e-06
0.6,0.596376535548065,-1.42636197542008,0.010239713864176,0.906310592887226,6.60908857776944e-17
0.6,0.558740114981637,-1.10564813274895,0.0147748868636478,0.851086552819831,1.31642579386146e-14
0.6,0.665311361322496,-0.965105943233034,0.0174798582472134,0.851024517298546,6.76785914673278e-11
0.6,0.61400826169405,-1.04964848059027,0.0121415092920792,0.887318744731248,1.48777877576656e-16
0.6,0.666765287589962,-0.992691017735545,0.0169573463017805,0.863560317353697,8.53208519294607e-13
0.6,0.492700101257659,-1.25596498381214,0.0149112124194243,0.86501349499485,2.4660085162165e-08
0.6,0.714037194300743,-0.990721230995256,0.0124430280561921,0.898079830132492,4.45997283140153e-12
0.6,0.676378153741577,-0.974607322719806,0.0161450161281733,0.870975764481117,7.27218016633306e-11
0.6,0.724019735666012,-0.927817428629423,0.0177755212751441,0.874115724318954,2.17245032053756e-12
0.6,0.649698085185742,-1.02489137299372,0.0130737907311511,0.881998724336475,2.68663880425068e-08
0.6,0.593041773764036,-1.09504945654502,0.023761637985659,0.801334186344429,1.02463313221811e-08
0.6,0.590012272110188,-1.06019970093236,0.0176292616118384,0.821633598685844,1.04603202470951e-07
0.6,0.589603542171057,-1.06970481411453,0.0097508037517854,0.894064191465605,1.28341717195184e-14
0.6,0.627445521231109,-0.99946931733035,0.0214662365464605,0.816890331723576,6.69947751576811e-09
0.6,0.51149839426954,-1.14491666079513,0.0119096837788841,0.877263500948238,3.34504018858802e-20
0.6,0.630405761388348,-1.04579762267098,0.0171277534775701,0.857843023223888,1.04367096890664e-13
0.6,0.657447621025762,-0.953188066004988,0.0116191923500188,0.891585180887515,1.04945113723547e-13
0.6,0.510375192519771,-1.25020149455454,0.0153518282022144,0.863701688834462,1.64044806348946e-17
0.6,0.689936425171959,-0.997619616493093,0.0127522395196616,0.873092815977979,5.34122470524294e-09
0.6,0.57051624006234,-1.16859655396842,0.0167067268950483,0.854341445871306,1.53169304502131e-15
0.6,0.666489062718366,-0.9692463273228,0.0168787830244717,0.860128729247504,5.08292026569107e-11
0.6,0.718509223095039,-0.839846762110561,0.0139629036481905,0.881342068318321,5.55736786260716e-11
0.6,0.391411189585518,-1.39160260896097,0.0112360975731234,0.878963950144265,3.96297360024147e-12
0.6,0.68157339285083,-0.949246972625156,0.0156839482255044,0.871693098216486,2.00452339093239e-13
0.6,0.658948416665475,-0.96233668631077,0.014048661021921,0.863411423915765,4.23798243143364e-06
0.6,0.629270593793351,-1.13231659170603,0.0152107899142493,0.864978588119445,6.50331425877297e-10
0.6,0.533943624609685,-1.13782644443655,0.0143161987043755,0.83356157385325,5.51343413007776e-12
0.6,0.597991683877992,-1.09267833818545,0.0157180856062381,0.854395938647097,3.77758029346992e-14
0.6,0.434328280734709,-1.31954337189487,0.0190257232010465,0.835851226622427,1.93915584916254e-10
0.6,0.442937965030576,-1.30391398316869,0.0142113922519553,0.851675788558188,6.00893867810411e-19
0.6,0.635498204396374,-1.02235803688476,0.0153045804210983,0.881305361643848,9.99454910370614e-16
0.6,0.641392979494905,-1.14187882306247,0.011703669180314,0.898146382478823,7.4368262687494e-17
0.6,0.630081012649537,-1.03834652386679,0.0174498098015155,0.856389359193422,1.08436923008165e-14
0.6,0.543357442962935,-1.09604255300865,0.0192263551130856,0.816554298807294,7.67052995819003e-12
0.6,0.605943095646358,-1.07613552843246,0.0177466502702363,0.849474700465608,4.91333298998549e-13
0.6,0.67624935357028,-0.95204026091598,0.019816591818891,0.821862829755531,3.01927178863702e-06
0.6,0.51980162120083,-1.21724185729093,0.0158136446895859,0.856231732872361,2.23539781765549e-13
0.6,0.525955502879485,-1.16516920380015,0.0157301472431587,0.83941567618989,1.93146139372331e-14
0.6,0.558028745067439,-1.10124467581766,0.0163476069013132,0.848357506638293,5.0356146495965e-12
0.6,0.661599036585898,-1.11808854450972,0.0108653320149002,0.88421889247877,3.33636324419032e-13
0.6,0.347163773393616,-1.4996382182267,0.0123390488491212,0.889399834743896,1.66630952013134e-17
0.6,0.590187080848669,-1.04076669704817,0.0132349355263575,0.868144049324176,1.18635413266671e-10
0.6,0.601152756024995,-1.06916668957615,0.0149168139015834,0.86344729100175,3.48058969989177e-13
0.6,0.435756318422682,-1.46013779562477,0.014729605274941,0.865157889530583,2.27562016550523e-16
0.6,0.722977667683293,-1.02824630449213,0.0142085198435093,0.848581365471104,1.33323660414499e-06
0.6,0.532910518814543,-1.09472733647437,0.0141166825466737,0.840487218189273,3.57127050631667e-15
0.6,0.679938127048458,-0.950705346884764,0.0154378775579227,0.870841821634393,4.36837748408457e-13
0.6,0.635412334416037,-1.04680496642818,0.021297175826813,0.826771283625719,4.09373234277857e-11
0.6,0.551420260905299,-1.14884674423675,0.0170086874683526,0.856898849128361,4.45267411903275e-14
0.6,0.578448083386559,-1.14050042295001,0.0128144822002071,0.887937959442569,7.16309802829008e-21
0.6,0.723064672454863,-1.03378344155073,0.0126582994765833,0.881336508463078,2.49824280844684e-09
0.6,0.584083381675321,-1.12702749550561,0.0108129174636352,0.890471016817777,2.04661553689751e-17
0.6,0.633188711586188,-0.994638420857281,0.0124242729127998,0.890089165972624,7.29610902260205e-14
0.6,0.679082469034373,-0.965409542667153,0.0124487229393985,0.900135005029239,2.72045804414073e-17
0.6,0.636869085763933,-1.06537275166752,0.0139496881791109,0.890605809106564,1.1322267240009e-19
0.6,0.572897262482186,-1.11581199838702,0.0186942542688275,0.840575386280869,4.01348900910629e-10
0.6,0.448100640602814,-1.35633999703179,0.0145079579615206,0.868713921056156,1.88387435806766e-19
0.6,0.495322258666955,-1.21250351423674,0.0133736275171524,0.861877993447802,1.04195519695094e-16
0.6,0.55293525814999,-1.16282212456454,0.0145169564540658,0.866028143003543,1.23856245576219e-14
0.6,0.506526206498408,-1.17215039108936,0.0110012458010909,0.865182029423662,1.20303912549399e-15
0.6,0.52056056827869,-1.30051096963573,0.013411979144298,0.888200262046793,2.81776890989423e-19
0.6,0.646740953128185,-1.0671276843391,0.0105041740945766,0.922523763944152,4.12155122381495e-24
0.6,0.560568567128205,-1.09588134118387,0.0181299104457215,0.831387352494808,4.75143447636626e-12
0.6,0.607268859208949,-1.04596714386532,0.0195706225355605,0.817869237693593,1.44035283474434e-08
0.6,0.576197516533488,-1.09437744403343,0.0163845383640999,0.843766289641719,3.10843539619205e-14
0.6,0.639703135593681,-1.03800429602664,0.0177270820838183,0.844546526060578,2.16211155221732e-10
0.6,0.487866780157396,-1.2435044836965,0.02283231962162,0.777529149717225,2.99581139198967e-10
0.6,0.689265114046325,-0.95890207348847,0.0163118539081117,0.860778508022326,1.54658676449079e-06
0.6,0.580126889206732,-1.09979848273591,0.022016588344404,0.800000054656893,4.50026960377753e-06
0.6,0.522829872790291,-1.08199218811865,0.0188940751664154,0.776253287348051,7.84496753650548e-09
0.6,0.371320067601464,-1.45760458494811,0.0196891379699368,0.817609224239469,8.61348649231698e-12
0.6,0.589852607805186,-1.07090927083017,0.016897623669049,0.847556353933896,6.42096779431774e-14
0.6,0.678309600287855,-0.978160540065807,0.0125372893388007,0.893146906187283,6.64802676997765e-15
0.6,0.571571674569822,-1.0849500580255,0.0149352845024891,0.855239642406767,9.76972629695037e-10
0.6,1.73942670869752,-0.707199396345551,0.00895491997422712,0.933455286547363,1.98883633295953e-19
0.6,0.608366295713679,-1.05526188449827,0.0180037208808956,0.838419107768205,2.57925409662934e-12
0.6,0.674015254783714,-0.996722326853507,0.0188618928664278,0.836305976178308,8.30482244600106e-10
0.6,0.519044516169456,-1.22125807730741,0.0136316634595088,0.853751823841558,9.40922016875892e-18
0.6,0.55311698881572,-1.09596353102803,0.0159747209832595,0.842576807033692,1.08597773264913e-12
0.6,0.579497322405716,-1.23563314272929,0.0136294565984227,0.882106106292921,9.04177554114283e-17
0.6,0.582028748139794,-1.03705263956677,0.016603389434402,0.843479671435326,7.05529999095e-12
0.6,0.559802668870126,-1.16668786955029,0.0115225461169868,0.884447198580643,6.92043986610491e-18
0.6,0.59254935000708,-1.05826945554813,0.0145154989348761,0.865042978259103,3.00671873306446e-13
0.6,0.783486966610482,-1.13734770598536,0.00847668255883153,0.892546300149379,1.03496385609962e-13
0.6,0.590457411773184,-1.1342785636922,0.015374394437402,0.861490774731767,2.08343275770563e-12
0.6,0.505412486620721,-1.29974147455912,0.0211429648471406,0.830311807094142,1.1423942644893e-11
0.6,0.507650765481899,-1.21570223099602,0.0183846194888275,0.813116191702348,1.27685925670007e-13
0.6,0.672726834770437,-0.953935752108713,0.0193851083725961,0.838654207605634,2.73870543655051e-06
0.6,0.578025049166264,-1.11377996501512,0.0184024345503149,0.83419327882498,2.75221892871767e-13
0.6,0.453884599846072,-1.32703428870244,0.0193059998014543,0.821339277802864,8.4768867250743e-09
0.6,0.610247005550434,-1.04247442480584,0.0142053718075322,0.859121974071186,4.37857015063427e-12
0.6,0.282436179509372,-1.5957931708893,0.0157997456442877,0.847722184304058,1.31593195614836e-16
0.6,0.567736074233477,-1.11158663450605,0.023581344893977,0.783011369442037,4.71181419847896e-07
0.6,0.711535968968019,-0.928928618704795,0.0153470216479215,0.871441239405579,2.07048633334223e-08
0.6,0.618737744705313,-1.06852937021609,0.0173436728008517,0.857342909736171,2.41496424954381e-13
0.6,0.618002452122186,-1.09212024028532,0.0135960843228174,0.876169152317405,2.27654649410779e-15
0.6,0.557198960271259,-1.16434056599107,0.016004390253277,0.869295848955764,1.35196359145422e-14
0.6,0.628209917022083,-1.02565928797452,0.0108748460354578,0.887139534307286,3.56114904392844e-10
0.6,0.636451547566613,-0.925686631906234,0.0142558954833726,0.868503699881928,2.69061755454231e-14
0.6,0.692058161792456,-0.915930322521563,0.0131264639971325,0.87658670094314,3.57927551938211e-05
0.6,0.546970832012446,-1.11894522115658,0.0230572846362682,0.767259571544286,2.2912456072468e-07
0.6,0.703604712141164,-0.939507680427285,0.0133356170260148,0.878503226105882,1.68326278651538e-10
0.6,0.627733496356862,-1.09602096361178,0.011168435973444,0.899639629039193,4.25638435036206e-17
0.6,0.510856512095086,-1.23766062729551,0.0153368346327459,0.857327522197017,1.7134704193542e-12
0.6,0.467826536689024,-1.33863866736459,0.0142074608885073,0.866040413841111,4.25938001597942e-14
0.6,0.653421313993757,-1.00490398878735,0.0153308324213156,0.874352449972051,4.7322629419147e-16
0.6,0.568267884277887,-1.15850995081925,0.0122932326967494,0.905498576422518,2.92171344941847e-21
0.6,0.544763832912401,-1.15040122768413,0.0170572746768031,0.850104562085232,6.09382449148887e-11
0.6,0.707531998113251,-0.93776650537701,0.0203309692297395,0.84285250946369,1.55221939595444e-07
0.6,0.58568795340457,-1.09330639602677,0.0114222596673085,0.894285656796801,2.03117293598365e-17
0.6,0.719684440577142,-0.83845553816849,0.0176432480151249,0.852824568750012,8.35618317906202e-10
0.6,0.773005183088137,-0.840388600784554,0.0181567790084677,0.868383424086704,1.30669354229199e-09
0.6,0.636292473428597,-0.974197710184838,0.0121925471564863,0.874380408823762,2.32328797574217e-09
0.6,0.6285170667139,-1.0451081577918,0.0164979131033395,0.854479950834837,2.43948131243287e-12
0.6,0.562166331084041,-1.04647096928782,0.0221349000764294,0.785845440870438,1.01885200482812e-10
0.6,0.332694798876242,-1.50328691613145,0.0201104013783422,0.812900562990934,3.67492500446691e-11
0.6,0.634278361776177,-1.06380883188193,0.0187947274930691,0.834067703621204,1.21502949658423e-09
0.6,0.556446042563117,-1.24270632523161,0.0137251884409577,0.876352707443661,1.18218717195105e-15
0.6,0.65875957957885,-0.991637946993433,0.0180795554142202,0.850516063257073,2.81725156428153e-10
0.6,0.58117631166469,-1.08307810848004,0.011782919364712,0.877279359366329,7.64737659002233e-16
0.6,0.619810574996121,-0.963901014332707,0.0182582538630139,0.826867273263909,1.52154652748968e-07
0.6,0.62782951673015,-1.05350350344225,0.0168867576586886,0.831511669239034,5.78318261027527e-12
0.6,0.610063795305807,-1.08426256581815,0.0103865569188374,0.908135041962551,1.1571934080775e-18
0.6,0.647251397351679,-0.917590246137391,0.0134288555554454,0.864539848233905,2.10093474587987e-09
0.6,0.660743415897625,-1.14999296334647,0.011532811490005,0.911571524647549,1.85271405738299e-18
0.6,0.681771918068118,-0.966017835738189,0.0175897947619011,0.84771626140646,6.80120279273705e-09
0.6,0.563825218566972,-1.08410954445191,0.0157406766540837,0.837432566077124,2.53161072590347e-12
0.6,0.60397476041541,-1.06524097106744,0.0108782259444023,0.890605742140052,2.9905029839237e-16
0.6,0.559945901392837,-1.16733359901864,0.0136633381551457,0.855815913940959,6.10978244853323e-13
0.6,0.73378677777776,-0.97964759927985,0.0129165509191231,0.893903733947117,1.98951818864276e-09
0.6,0.606313423267203,-1.11546717419457,0.0147523913627934,0.879156929621948,6.30515287264615e-16
0.6,0.595611451178202,-1.08084558844523,0.0162761331881574,0.83585911974355,2.66245754829222e-08
0.6,0.568072395535174,-1.13652017829017,0.0165290916068992,0.853707530671594,9.02572976833329e-15
0.6,0.586655941602971,-1.0769341695672,0.0117163305864098,0.882025379743982,8.6724255712138e-15
0.6,0.594532259181939,-1.15535485829146,0.0150405959191639,0.873830890550289,5.56546741435239e-18
0.6,0.580896636993451,-1.06462326483343,0.0164749561104741,0.850037065255771,1.60698162611078e-14
0.6,0.629005738437058,-1.0497542298623,0.0198868157189968,0.811816053555591,9.52675706348502e-06
0.6,0.543170745624169,-1.20827302324065,0.0202325734588518,0.822342156105317,3.10222529754536e-15
0.6,0.549323757542255,-1.17734375822525,0.0135816879172492,0.865943066958167,6.26608674342544e-14
0.6,0.60921876977972,-1.05251282401073,0.0131158096099587,0.860989047380714,2.94720208661064e-11
0.6,0.631944407325567,-0.999543201454376,0.0154144984116549,0.849429395049113,8.85744386790223e-09
0.6,0.527800236889909,-1.26273625338768,0.0151928277351354,0.85228165245798,3.52200893166755e-14
0.6,0.653084208958055,-1.20131339048099,0.0123070131627724,0.884978070270336,4.43882459831063e-17
0.6,0.535398204005151,-1.19700987481172,0.0115011913365286,0.889433737517744,3.21358114005013e-16
0.6,0.467401777612108,-1.26970679567399,0.0121260518396797,0.865569668643061,3.52139253627687e-18
0.6,0.49681476572448,-1.21839292959534,0.0195507900405773,0.798031737183178,2.69065647941501e-06
0.6,0.422858678961896,-1.37098291343929,0.0129121222787786,0.87896612287261,2.20837827003009e-15
0.6,0.581081692708771,-1.09242231602735,0.0138480860114447,0.854433029753497,5.4453751403911e-10
0.6,0.576577421151185,-1.08993623353107,0.0169700201487141,0.836968390578017,4.02666011971568e-10
0.6,0.530746223479014,-1.14767693566389,0.0177244785800697,0.822199100112733,5.03678857847059e-13
0.6,0.646867864319227,-1.006876561919,0.0200739367429107,0.827394137878645,4.20239315187339e-08
0.6,0.549657232063992,-1.13170019428298,0.0155569272947363,0.85233418898186,2.66493416064089e-16
0.6,0.588028053599245,-1.08545351655858,0.0165239228320137,0.852600450511146,6.41878432891339e-15
0.6,0.666002160277885,-0.989038332908422,0.0134409041960181,0.885001231115926,4.76547127416022e-14
0.6,0.70284475195393,-0.924137941737767,0.0105599927233265,0.906542365730023,2.23646747513784e-14
0.6,0.621914700089938,-0.992773051323539,0.014700725926806,0.865871733342434,1.87640159450148e-12
0.6,0.618254463686435,-1.14103990626369,0.0124357296380032,0.889782721873745,7.38288505990063e-19
0.6,0.512365201183478,-1.17786586090564,0.0200900833325139,0.790101435173507,1.06902613951308e-08
0.6,0.562740630314906,-1.1050703788302,0.013797188274707,0.855198099678152,7.95584730085317e-09
0.6,0.704702769760589,-0.967692004799694,0.0147284569080937,0.888976030836518,4.21251228557683e-13
0.6,0.598286921429069,-1.07718812046505,0.0170921205707172,0.836069937803354,4.5505005548911e-08
0.6,0.640988850614489,-1.01335631478185,0.0126097958447171,0.88511522415432,1.29238541555302e-15
0.6,0.667967806188872,-0.991040597532844,0.0164798206422894,0.870815666149463,4.33482758403467e-09
0.6,0.668614042005179,-1.02717837763769,0.0106501406821642,0.906413187239406,3.60364627587535e-19
0.6,0.492269350673199,-1.16652207300584,0.0146498787691652,0.831700438293369,4.28716891563111e-13
0.6,0.600425444961905,-1.05788676985612,0.0143376881279309,0.855202447712643,1.01014238282079e-12
0.6,0.558761407074881,-1.14173113926775,0.0184080562447145,0.828501816358217,6.48864188432643e-10
0.6,0.597444366891319,-1.04991123958757,0.0123913602182316,0.872232288508631,2.99405712369597e-15
0.6,0.517257306445191,-1.15641230305299,0.0134178551967742,0.852203445631964,9.41251517171845e-15
0.6,0.623004276943558,-1.06790251869435,0.0134317154796591,0.890438458447711,9.60525443023288e-17
0.6,0.616865654379152,-1.00333072923195,0.0131018721194075,0.867833697016564,2.43859224967958e-11
0.6,0.280158629519577,-1.60701036568008,0.018345068049382,0.823746832080635,1.35188876949909e-13
0.6,0.699111424949735,-1.21639661707097,0.0113813530546765,0.906181650190983,4.41053849994614e-12
0.6,0.591543263902276,-1.1304106618473,0.0142841001757417,0.863204565849606,4.50907386985626e-15
0.6,0.645653770837772,-1.01858502114306,0.0148618995539502,0.87939764215178,4.17544779888198e-16
0.6,0.65876397377525,-1.01972069116961,0.0122519426152433,0.888828799505127,2.03558632103112e-17
0.6,0.517711283609301,-1.14369151286711,0.0137378966386261,0.866845878405148,7.84031604433409e-18
0.6,0.994824700882255,-0.855406404417858,0.011279185308903,0.912239745752781,7.57195613418173e-18
0.6,0.634392298924024,-1.05436507375419,0.0217452246580136,0.845189646645421,6.90160385812587e-12
0.6,0.617944984124462,-1.03606673700813,0.0163107351999643,0.852065629511793,2.69605958243872e-11
0.6,0.509415527667846,-1.20252715387867,0.0173224743560949,0.80748181539595,5.63557947094833e-10
0.6,0.428545224754157,-1.43537206411261,0.0174058567078947,0.861427746004776,8.56678201406686e-16
0.6,0.615768656841346,-1.03676263019235,0.0182549350660903,0.836839849973607,3.29123934402751e-11
0.6,0.616979369136009,-1.05785251093719,0.0188016783126316,0.817639456372527,0.000235506328164265
0.6,0.567108373359861,-1.10992706720323,0.0126017791722225,0.865690715793928,4.06159860588029e-13
0.6,0.556789139582172,-1.11687928691823,0.0205127965158129,0.787451827882224,4.77877045882649e-09
0.6,0.702119215088583,-0.956248388936071,0.0154748188558868,0.884327451541707,1.13930319409338e-14
0.6,0.558634419899394,-1.16157756146127,0.0158023223157667,0.848530764358116,6.95983325072642e-13
0.6,0.662780514925563,-0.927743844998691,0.0225507373366438,0.796894055534893,1.43694995351762e-05
0.6,0.620386047529216,-1.07252828387897,0.0122424902194106,0.894099156875248,7.86308119415294e-20
0.6,0.622976643103919,-1.05355002586399,0.0194356171178118,0.840133401200785,2.48815727552038e-11
0.6,0.650693681369041,-1.02635251782252,0.0130258279326269,0.889037078824459,3.54284262541294e-15
0.6,0.639388350861235,-0.981665803974042,0.0138857700642125,0.855226166192207,1.07007831261722e-09
0.6,0.599009827542079,-1.0249103961485,0.0208771216865024,0.785164181622357,3.94402109435955e-05
0.6,0.567324000686829,-1.12592130193983,0.0175905733119112,0.824708689485722,1.60663313209085e-11
0.6,0.647039715808219,-1.04825622545923,0.0104356933861337,0.897573992256168,1.00367793334235e-15
0.6,0.539148907341071,-1.17243274061332,0.0139718195125826,0.865060779463153,8.23182856578708e-17
0.6,0.670473312306208,-1.01507785999274,0.0122480953589019,0.897950036241356,1.73733645844807e-15
0.6,0.533205286328815,-1.1875705003924,0.0186361425255635,0.819581448988442,2.27037802930738e-13
0.6,0.532633602854982,-1.1981130515351,0.0118582557155648,0.893503158289355,2.78641825779329e-17
0.6,0.692223032325374,-0.981909384690696,0.018897840077379,0.860206345892416,2.64561896181181e-07
0.6,0.500158880104196,-1.24075206132081,0.0167074763751904,0.853634021136491,1.34352379683615e-15
0.7,0.59192365281216,-1.09226744473271,0.00792805456304344,0.918592076379317,7.17301368939919e-18
0.7,0.634380043066177,-0.998279208095875,0.0194539207975637,0.83109430041597,2.27990722744113e-09
0.7,0.649370303718104,-1.01753519017163,0.01237192604608,0.888486571171405,2.35566284043356e-13
0.7,0.695655554726818,-0.988111535724094,0.0184099019603847,0.873697920367418,8.1990341019651e-10
0.7,0.662067298861033,-1.03077143779856,0.0152584034424515,0.887801508090815,1.11745190597556e-15
0.7,0.705481322290141,-0.930050931938634,0.0147987582731688,0.881877782563245,2.31184589157344e-12
0.7,0.736243277188418,-0.841754687861405,0.0168435083730118,0.867251671669647,2.17314550769593e-07
0.7,0.668958206820384,-1.01353876044512,0.0120016529640794,0.896420830943618,3.61713278390231e-13
0.7,0.695768359083463,-0.926606016522543,0.0233201254299313,0.826626929068392,1.71988745788366e-09
0.7,0.700499627847393,-0.941385329596098,0.0135260387885021,0.889225829244519,1.24949143998272e-13
0.7,0.698150858771048,-0.932711534193264,0.0163094102618676,0.872175177925227,1.02587520765116e-09
0.7,0.0200608328258055,-2.08830876503609,0.0188863345336755,0.848072113202411,1.08487699066431e-08
0.7,0.686351615258767,-0.905432115577519,0.0198623837207297,0.825232093192658,7.58076528850397e-06
0.7,0.617632822982766,-0.971030433136135,0.012870236629097,0.88881675879531,4.73884341270053e-13
0.7,0.707881279785648,-0.940012334428795,0.0219898831225748,0.837550842511286,2.60926281451286e-10
0.7,0.691019000284558,-0.943765227642337,0.0157645445141111,0.865577592242069,5.84670231026035e-11
0.7,0.737628829376683,-0.914673314125462,0.0159420930610921,0.901880372389261,3.43904514569568e-21
0.7,0.836327951985237,-0.78462654576959,0.0191217401691505,0.872749151395753,1.82535813341695e-07
0.7,0.723815147902963,-0.987493095238772,0.016304889299948,0.871344611225225,4.83026674883969e-11
0.7,0.588047790985703,-1.15917251079534,0.0140039747186282,0.899099378210219,2.02569696978991e-16
0.7,0.605216294153645,-1.06774056372245,0.0144577866676171,0.865770960116539,1.91262538556352e-15
0.7,0.690299016449121,-0.93210213907727,0.0232903262464019,0.830040696036738,1.45824911641447e-11
0.7,0.653418533493768,-0.999142024947494,0.019034750596739,0.838543103919469,8.71491302639596e-10
0.7,0.775458140329884,-0.805018968864645,0.012388538932979,0.901118341244753,3.75995275455334e-11
0.7,0.727927361813524,-0.91951331865381,0.0146300829275228,0.879285110754666,3.83616717459426e-11
0.7,0.648316280213825,-1.0219418121685,0.0172069272563342,0.871050959608966,2.07289908867873e-17
0.7,0.661476796524912,-1.00303660076497,0.0179685448288031,0.867911534816706,3.29532741383177e-11
0.7,0.654880460736957,-1.01483993378414,0.0196707046863852,0.842252124444476,1.65776341973531e-08
0.7,0.714349107020142,-1.01101399442368,0.0152735857595968,0.885599858675898,3.06750855671029e-11
0.7,0.778169950465757,-0.821010108626843,0.0115725160592505,0.91467629765012,8.4109946394584e-14
0.7,0.660547487334214,-0.978586901260165,0.0182022721782713,0.830433095191906,1.45174192994064e-07
0.7,0.592288301302247,-1.17837199353372,0.0193403101156996,0.862270576305925,6.63401540115632e-18
0.7,0.571942934036194,-1.17272576114602,0.0102810764325579,0.918191227636376,3.29246697886255e-16
0.7,0.697799970912614,-0.886206548091793,0.0150230079356866,0.878973054497719,1.48668685350882e-12
0.7,0.442294817364534,-1.39178198186943,0.0191429097584584,0.860705819506561,2.76082066384628e-06
0.7,0.681392051416188,-0.924558237805003,0.0158085556451632,0.86975744710071,1.82745285866241e-10
0.7,0.671158476601225,-1.03472552028855,0.0132255201537869,0.902504182548899,2.88174921559713e-16
0.7,0.74719104146676,-0.915976895626587,0.0155562807016438,0.888810023782792,5.50385330583394e-13
0.7,0.769899203720178,-0.825075151846409,0.01409614851686,0.89076992107865,3.39891158512778e-09
0.7,0.769765601480162,-0.821804367248526,0.0166766159426799,0.876247650853034,4.69546030631445e-10
0.7,0.784013591193951,-0.830726678941915,0.0105326483506871,0.926094249193651,4.41122992907171e-15
0.7,0.784230948174848,-0.807097490183344,0.0132786977930228,0.900622852229286,3.41748854816265e-07
0.7,0.734139245604644,-0.899684457001941,0.0131139286449394,0.898306528860402,2.69551560097016e-15
0.7,0.668157329450219,-0.987380623403714,0.0152764885075317,0.87396887141968,5.33789848926729e-14
0.7,0.761174756465709,-0.879887649836714,0.0145899539952524,0.895513950666277,8.02750649041272e-14
0.7,0.576113195924335,-1.14078590736719,0.0162742606412136,0.862037646814657,3.60864109301574e-11
0.7,0.627021714684441,-1.03751952641725,0.0130193617421424,0.903710844721026,9.90317234703519e-20
0.7,0.73593501061379,-0.884541335382025,0.0170225627116723,0.861645925598063,2.75617359826024e-09
0.7,0.664529549744178,-0.965762055902175,0.0131579609939748,0.896501829311182,5.13407039361875e-17
0.7,0.730533151036194,-0.878682492287816,0.0163009732067587,0.878283053965286,1.34113574937334e-12
0.7,0.730445497579873,-0.928706010683439,0.0192437961554997,0.869050113363843,1.69958598073634e-14
0.7,0.687180923485929,-0.97899858446809,0.00802993446440404,0.930153003984314,2.19122139261427e-15
0.7,0.786222666747013,-0.854942660600365,0.0134231000799312,0.902011616184877,7.52084363690444e-12
0.7,0.562047439135852,-1.12748289363123,0.0237421842679226,0.809688680042675,4.02697454937259e-11
0.7,0.755518389593429,-0.862252376938417,0.0183605113425773,0.87470398151212,1.12890162894212e-12
0.7,0.679898777501369,-0.891703087672866,0.0133932738930985,0.872382916872727,1.54703666032246e-07
0.7,0.696646141397185,-0.989496124903144,0.0134285889451562,0.898920057069072,2.71906586479127e-10
0.7,0.775670665890825,-0.944822370647268,0.00610954937423184,0.957345238376032,1.14189986286359e-24
0.7,0.527349539028765,-1.2347039535212,0.0220201474530724,0.832909347182718,1.25181289277477e-11
0.7,0.79802339485978,-0.859966025799284,0.0125334253439615,0.914822301606428,3.49246404064427e-16
0.7,0.548797527941714,-1.26663393395228,0.013401053455822,0.914238254755442,6.75907540446637e-16
0.7,0.661596757326777,-1.04176842081736,0.0117365383071076,0.919075241844231,5.90472172309833e-17
0.7,0.740756058412268,-0.92419132775079,0.0127779198282105,0.911325029245449,2.56717506649586e-18
0.7,0.730712980973473,-0.950057216491407,0.0132172714171925,0.907146513339819,8.59917739736289e-15
0.7,0.678771733481791,-0.964514325896279,0.0136384263794475,0.887335025711434,2.00949743902338e-13
0.7,0.765335644187771,-0.839289503149999,0.0144283166283101,0.89409866863016,8.01534218666738e-12
0.7,0.605400229238295,-1.08079905422576,0.0142510706759758,0.881336385262444,1.09435085885097e-12
0.7,0.676199697721625,-0.984791331197007,0.0107316235267068,0.915809767715956,3.6541618078934e-19
0.7,0.856277439513661,-0.768302133142462,0.0177047219827454,0.888726979001097,4.649846112971e-11
0.7,0.687399727413405,-0.92511286208403,0.0138914935463824,0.88127861432223,2.95176757347116e-11
0.7,0.72869898315521,-0.912069041480825,0.0129474977560215,0.912418637250715,2.53585688850944e-18
0.7,0.574642560769545,-1.10915659858027,0.0177208728896313,0.865057330058514,2.11887071624665e-14
0.7,0.703944098690353,-0.977099178641666,0.0128800899767124,0.902540569086102,1.38333023681255e-16
0.7,0.674713129216741,-0.945141340429419,0.0199599478283466,0.847434357076664,7.21499402072501e-10
0.7,0.499283942536908,-1.30363830981724,0.0164296464608322,0.895795366975168,7.99918078568981e-18
0.7,0.7259872134739,-0.924815638773915,0.0159604675871413,0.880439327097993,9.50342173204289e-12
0.7,0.738512197844183,-0.912692361118761,0.0139358930458752,0.896890567642027,1.67850552864782e-14
0.7,0.629645089679385,-1.00656848623419,0.0195334940897751,0.852500082646686,4.60425258221992e-13
0.7,0.667040202867629,-0.987210828652907,0.011661161557495,0.906259900995399,1.77793447305646e-14
0.7,0.645153496699933,-1.07351553760357,0.0135479700793334,0.900664490329105,1.35477163075793e-17
0.7,0.872278231883302,-0.702236650414655,0.0175656472876175,0.891811861265778,5.33019295404772e-09
0.7,0.683545415911777,-0.990471418873362,0.0263551162539567,0.808395504499327,5.14457201332356e-06
0.7,0.633693968095032,-1.04806866797483,0.0140177646381489,0.878457631175509,6.24021589887654e-15
0.7,0.624774279990547,-1.02406237551161,0.0119808268114775,0.890527569419421,2.45145091365739e-18
0.7,0.708610737012088,-0.904466419402252,0.015461063694051,0.872566441137481,2.07219714795841e-11
0.7,0.690516610730827,-0.954999500511592,0.0110472449133223,0.903051019932165,5.27789715058864e-16
0.7,0.623460621117357,-1.03144008661141,0.0155980482510951,0.865050905968551,4.62361077960614e-13
0.7,0.813247589071581,-0.821644297242204,0.0201353932926585,0.866750743752737,2.97307840748978e-08
0.7,0.503325525079749,-1.27054502175349,0.0148830576464977,0.877416997595201,2.00774791149482e-08
0.7,1.05723848304653,-1.08656289070072,0.00869898025486559,0.930716192235778,3.03298701827873e-18
0.7,0.792691721120413,-0.841885468230636,0.0129892676170221,0.907553274765361,1.09041015901099e-09
0.7,0.578944436056268,-1.13122074252368,0.0140980046376241,0.881994662107713,5.79856603772982e-16
0.7,0.726131995569478,-0.890034925087892,0.016989736179745,0.866915590632949,2.47524535988637e-10
0.7,0.63951246972855,-1.01599835583259,0.0194474577995702,0.849638119389137,5.18944627513219e-11
0.7,0.736362958364345,-0.877716762803464,0.0144091639291481,0.89240134866846,3.85375487000433e-12
0.7,0.630777935511717,-1.051942864177,0.0149376170820502,0.874549380219815,3.19936852479992e-14
0.7,0.709598540072402,-0.885529106158411,0.0144478722412467,0.879642634903031,5.49515698958102e-09
0.7,0.666446452828682,-0.998657221517651,0.0221599429100707,0.829481835291729,2.76616409283504e-07
0.7,0.816785414459237,-0.78157322639728,0.0186003100382165,0.875331558717935,1.20785273076102e-06
0.7,0.75360463699991,-0.916556997886644,0.0129710902749979,0.918108616784056,1.68868897070255e-18
0.7,0.705610180765577,-0.93653976824461,0.0155930566559034,0.888787408220875,1.03468299326181e-15
0.7,0.67593879835647,-0.902648726438504,0.0185950883879495,0.831676081133854,3.48492958628822e-07
0.7,0.654169645544806,-1.00714931307617,0.0130445317788736,0.89294918662258,7.15277857410939e-13
0.7,0.819568008532362,-0.938256113314838,0.0162605839682378,0.858070766958367,1.50816645759025e-09
0.7,0.733444287522447,-0.873898300077162,0.0131785246433659,0.899311176616148,3.15582223455124e-13
0.7,0.722491179786466,-0.879952361774673,0.014280727061453,0.875185912983581,4.70153268155027e-10
0.7,0.755614500074663,-0.871311516381739,0.0160214184156399,0.889931067389338,4.86904955273078e-10
0.7,0.723759744528033,-0.970673459291401,0.0211057959486232,0.837658448224759,8.60726958497602e-08
0.7,0.397030495667905,-1.44892506544402,0.0227148049081613,0.834235527521361,5.95729175282205e-12
0.7,0.634173408061938,-1.14077128495535,0.0178800815996791,0.852603484818568,4.05562610459487e-10
0.7,0.725584559164389,-0.87345663562653,0.0224486266208088,0.846313740909155,1.3634730480052e-09
0.7,0.397101238640393,-1.4183564694398,0.0189821544581149,0.842165663790333,5.38090945702522e-05
0.7,0.778385777439585,-0.804994045053873,0.0147778864062591,0.889518532856838,2.58857754385659e-09
0.7,0.706086215720829,-0.907282065603108,0.0153139480900693,0.876732559162539,9.82406835691112e-10
0.7,0.818976066535392,-0.9186808949632,0.0124938825464055,0.91590160182023,8.21735108244693e-15
0.7,0.701663020369752,-0.938101763593045,0.0128732727887619,0.911032188640851,1.56394837013533e-17
0.7,0.722242281916127,-0.905153364079052,0.0136213230565051,0.902340162082942,1.10986409196916e-15
0.7,0.763332528406586,-0.841312675312312,0.0161842738450332,0.879761835002662,2.21787422826265e-11
0.7,0.293456150177666,-1.54704986494807,0.0166709945700694,0.835467573667884,6.45374547368364e-15
0.7,0.681823186189366,-0.997360036516049,0.014249742333525,0.889607985172499,1.04915070993855e-14
0.7,0.697126082409799,-0.954454761173864,0.0216819300702534,0.844275209389144,8.85447125002938e-11
0.7,0.701288052010013,-0.914185608350402,0.0134534920435495,0.894184595621001,8.2679457186656e-16
0.7,0.744445647952078,-0.873220549320011,0.0168465495821539,0.882311085526217,3.99638392566142e-13
0.7,0.735050006300931,-0.996852688778553,0.0110053589144736,0.912126020653435,2.03100334243802e-13
0.7,0.652723845055914,-0.993148000449027,0.0190178934342254,0.832550001932185,1.49640021251284e-07
0.7,0.784230972036697,-0.820576444705334,0.0182921237530954,0.883154399009566,5.34886645530895e-15
0.7,0.633174266905339,-1.15629010388171,0.0136235899040294,0.910578198203442,1.41664287550667e-19
0.7,0.704576611744637,-0.949073160456398,0.0167172032056289,0.86863764888394,3.56673260694532e-12
0.7,0.707554961205888,-0.881105854234921,0.0208089654628684,0.840821713346888,2.35226548278527e-12
0.7,0.739642578066825,-0.885004612833629,0.0208821419707204,0.852268564141899,4.08125288314343e-10
0.7,0.778372088721368,-0.818826604081985,0.0154741618650694,0.894309207962291,3.7775732267412e-14
0.7,0.739646171178475,-0.879157043479336,0.0152867242223258,0.88581965666348,3.82272323262784e-13
0.7,0.731252862631406,-0.902339687076853,0.0151113538938878,0.880372176156022,1.00511992671608e-09
0.7,0.68233706375352,-0.950537124141164,0.0118282586439849,0.902437399314386,5.22760084939974e-17
0.7,0.653742502884648,-1.01348562758044,0.014207837316833,0.88773144923645,2.01628729348352e-15
0.7,0.768729727826939,-0.882757303848638,0.0115677657782894,0.912980439930377,1.55474095852062e-12
0.7,0.333636006684082,-1.56186435766581,0.0178958586499909,0.858031420072702,2.40577342606429e-12
0.7,0.409886628704636,-1.39359109502637,0.0223163843395229,0.802306060355837,2.25218787336283e-08
0.7,0.770040188943898,-0.876958976769067,0.0117731879774308,0.916813536646071,2.25030169569471e-17
0.7,0.724005643436426,-0.992535261557968,0.0142266486877456,0.89271208341669,3.32747888252546e-14
0.7,0.728370548687734,-0.906799260635615,0.0134498387370678,0.897464751379554,1.39989174285013e-13
0.7,0.700074152245913,-0.893986125207682,0.0147995845652917,0.888695963329193,3.46869385828872e-13
0.7,0.496065111180852,-1.2352234637436,0.016285526395587,0.868942943961564,7.18421789843105e-14
0.7,0.671488661820302,-0.875662687896875,0.013654499958896,0.882903066589278,2.39111615903887e-12
0.7,0.652605001221621,-1.0210507559042,0.0147920256661571,0.890333052435196,3.22157998513355e-19
0.7,0.637195641208891,-1.01882782782426,0.021958688706687,0.835188503045995,1.10790938392048e-10
0.7,0.780506438759016,-0.929298684301425,0.0175725796174191,0.892730886030562,2.12155478148223e-15
0.7,0.781912918534897,-0.866734087030841,0.00822403848341472,0.936468932360205,3.6941259919374e-20
0.7,0.632457896010092,-0.991362083315138,0.0158604252063638,0.873689184578418,3.48960580374367e-16
0.7,0.646307581163974,-0.988799732653323,0.0144069701579772,0.869847532453672,8.11111049786253e-12
0.7,0.660635452853826,-1.05572684690519,0.0110615990099704,0.900239013871383,4.77548651848755e-17
0.7,0.515106759983305,-1.20109494567738,0.0154135600776785,0.866014817903014,3.98214334290222e-12
0.7,0.68827021323613,-1.00068896585206,0.0138068580050319,0.895561440205021,3.77838501388387e-16
0.7,0.692403474758389,-0.938105700913065,0.0141870938485917,0.892337739869456,2.47097792616653e-17
0.7,0.577910056156783,-1.152593994363,0.0203682937855984,0.840624216416307,1.09103377303614e-09
0.7,0.710463578724272,-0.999751940260978,0.00986703317919042,0.909394105618325,7.24593582597498e-17
0.7,0.677814929968085,-0.951539446195882,0.0120459582618966,0.904570606196981,5.78645834457121e-18
0.7,0.686347358463054,-1.00315408858493,0.0153454876518467,0.898371187109683,6.22400459338669e-19
0.7,0.700787103935117,-0.980187917417822,0.0151843829390213,0.882676570928181,1.24174221854487e-13
0.7,0.568057476071351,-1.08573487055397,0.0128623537273325,0.873747338700109,1.177279067117e-11
0.7,0.792256031096037,-0.817607614335984,0.0155570880557538,0.900268754832476,4.58696791918805e-13
0.7,0.58912416594562,-1.06964879105319,0.016600358542619,0.844037383333397,3.32040847679445e-12
0.7,0.888437959988995,-0.869581606686513,0.0131037872128998,0.90401928024198,7.63546757606146e-13
0.7,0.691720140372358,-0.953910407739793,0.019356531075725,0.842638619146101,1.57593905046234e-08
0.7,0.767089356259551,-0.820182001517573,0.0165138360743178,0.874548760916409,3.72561562950878e-08
0.7,0.603542929678465,-1.08816554678148,0.0133807479583598,0.881338235629154,2.67366249042074e-14
0.7,0.764193884113757,-0.858260038212425,0.0119960020492554,0.911036396047265,4.56440867235424e-13
0.7,0.617318687920861,-0.973410550636008,0.0121176108755922,0.888077082511803,1.86485472426303e-13
0.7,0.723662957524174,-0.836771265411123,0.0177825342120138,0.864378935696569,7.05638790225126e-10
0.7,0.783929654882039,-0.823868054935386,0.0123412921848669,0.908237193860918,4.49302224659416e-12
0.7,0.840725049042256,-1.04162653843184,0.0160109465667507,0.869015235613202,1.32296000692067e-13
0.7,0.740029635785516,-0.852327081650988,0.0107642531270682,0.922918393503613,3.40966240709411e-18
0.7,0.7085493308026,-0.962650821322242,0.015471548036245,0.885649359696604,1.35701394082546e-13
0.7,0.664528089616623,-1.03760418182675,0.00888870107925978,0.925089113052925,9.57362918453646e-19
0.7,0.641605314680318,-1.033983036432,0.0151369097869302,0.876947794211525,2.44241405836476e-14
0.7,0.711213368165603,-0.922704982163035,0.0107665767364051,0.913885614489158,1.39425372763036e-16
0.7,0.557079099551826,-1.12624128539836,0.0162454616992421,0.864492571086457,3.43650972496854e-11
0.7,0.655332127529575,-1.02707256865387,0.0119816831657312,0.897593091205531,1.1813361058176e-14
0.7,0.701393984809262,-0.973773877057085,0.0119888764410554,0.908843368989933,4.96082956166047e-20
0.7,0.631058485134506,-1.01794930988697,0.012645070669055,0.887134686651926,1.80173963207108e-15
0.7,0.731497212756173,-0.895315543837374,0.0153552791760468,0.879249032888727,3.7201722509537e-10
0.7,0.707118655677785,-0.992758365551413,0.0146279842937288,0.891548965584394,4.28565099510943e-13
0.7,0.607812044757145,-1.0526364579399,0.0111983315719382,0.910294404508265,5.24334813287838e-22
0.7,0.752049506141677,-0.852732368320911,0.0174083702918711,0.8663211821288,6.59027991336394e-10
0.7,0.82015110248403,-0.77874887535997,0.0153530775626054,0.903851639197345,1.14520494719593e-17
0.7,0.710657215664182,-0.947849596667874,0.0110626626808558,0.926814567300013,4.2851779241448e-18
0.7,0.724347799688195,-0.942154693326797,0.0142037618538988,0.902126484893795,6.04284595510588e-16
0.7,0.789709889740272,-0.790616672948759,0.0150193333300766,0.888829138896148,6.41296755686609e-10
0.7,0.646618744901779,-1.06634396110003,0.0201188404564714,0.826282315347272,0.00132605456914664
0.7,1.159270115904,-0.991879911008566,0.0104356417460182,0.929814426424089,2.29595496445726e-17
0.7,0.660137273418843,-0.994984412587247,0.015898866001521,0.864040776515044,1.77354116114136e-13
0.7,0.628904763847864,-1.06129373413611,0.0131263797496673,0.899673504827811,4.2873318600641e-20
0.7,0.746215123313185,-0.890008291182272,0.0175297015208538,0.879974722191862,1.87968421209048e-14
0.7,0.760335462668057,-0.840202416853597,0.0125392649156282,0.902857100473743,2.08880008990299e-12
0.7,0.4533183353741,-1.30956566811074,0.0160519133879524,0.856606478577817,3.49272503353698e-14
0.7,0.656191886456987,-1.01356337483915,0.0197833641331905,0.846902077658925,2.51230113321187e-13
0.7,0.801850043965378,-0.821017604562723,0.0129013678947,0.90797620226965,3.04106280179533e-11
0.7,1.11299252470255,-0.799466267915395,0.0118381089826375,0.921034360852134,1.40472354088539e-15
0.7,0.721091527474643,-0.941988008282512,0.0127707997973294,0.907904123328756,8.20121632867754e-18
0.7,0.606137502457962,-1.01242246460291,0.0166318082477788,0.854339358697147,6.55392526492146e-10
0.7,0.705264129897419,-0.917801458073751,0.0135780224172496,0.896735217294669,4.95898426864482e-15
0.7,0.777248381207311,-0.873174200155254,0.0190483471211182,0.865993501229553,5.35271931712131e-10
0.7,0.609756060200512,-1.03402658095047,0.0130061053256773,0.885082860934735,3.46970363782218e-15
0.7,0.665149009794876,-1.01011967260225,0.0126638281175253,0.897101172022049,2.00054151423162e-14
0.7,0.711035369217762,-0.923007260423698,0.0157091508032567,0.876561233406727,1.45716506362212e-12
0.7,0.694257001944566,-0.929418504893083,0.0119832477292944,0.906286210196933,6.99203482658061e-14
0.7,0.815606237046677,-0.779468226251844,0.0155827051073191,0.89085129204343,3.7975580005938e-11
0.7,0.738090078202136,-0.846285203473682,0.0143340635466531,0.882541720059212,6.75218940334209e-08
0.7,0.715059876981963,-0.904612178274664,0.0134077562745705,0.889666057244025,3.15054539772916e-12
0.7,0.692798809382615,-0.942461408119052,0.00886761988793476,0.922546073242619,7.24524379735576e-19
0.7,0.662494880439711,-1.00267230064286,0.0166658386637266,0.874459515453067,1.26440060010188e-16
0.7,0.400909320205978,-1.43606011713815,0.0202180364317791,0.849408926194949,3.11015702030689e-12
0.7,0.72877484872676,-0.897799255156659,0.0171859474339246,0.874192577419595,1.0372513081904e-11
0.7,0.657050949169313,-0.924520170964738,0.0166462345203987,0.852442051121691,1.88574356196095e-11
0.7,0.664949608679551,-0.928898785616828,0.0111702888867347,0.894290576838465,5.1881885122295e-14
0.7,0.649714359335073,-1.02483646067011,0.0126896312586306,0.908407391708376,2.2890458635384e-09
0.7,0.522077233189491,-1.25900926543749,0.0167146817195914,0.877427345812364,5.14601154884145e-17
0.7,0.692204308665714,-0.929173988337436,0.0170010061545442,0.870869119077255,5.40829817275414e-12
0.7,0.785190629112414,-0.794773869986664,0.0129646734157575,0.903270909384831,8.87621430291781e-15
0.7,0.676416637321686,-0.948956611283967,0.0232446848851575,0.830578970789143,5.62005488612347e-09
0.7,0.584423489376045,-1.16001243988087,0.0130577315764556,0.89938235153681,1.05568440767401e-13
0.7,0.720500502255467,-0.932613668422567,0.0149566536837294,0.880267227628371,2.71359002626351e-13
0.7,0.593813230489241,-1.14424387726509,0.0151989855310781,0.888138752552562,4.14056292453947e-08
0.7,0.742665177897172,-0.865218487466071,0.0184130128449992,0.857875934226556,8.36510078350638e-06
0.7,0.687038288733668,-0.98748463913071,0.0107095677221239,0.922867912849803,1.33637753829307e-21
0.7,0.759867001289755,-0.820832337060438,0.0192916754180515,0.865318633048134,2.27411646497196e-09
0.7,0.465301124109613,-1.40839201180169,0.0162971103744929,0.873834646123436,1.65193410039769e-16
0.7,0.729666333770423,-0.876339357915165,0.0132572440715753,0.89502698766371,6.93778289111638e-13
0.7,0.74822651123141,-0.846014961773385,0.0125720077513126,0.908039171546235,7.19830026383704e-12
0.7,0.765206302773766,-0.867985795997799,0.0153170920676773,0.890800729546259,9.59082164001125e-12
0.7,0.74470348485096,-0.862780581028527,0.0112295962087058,0.91540450022905,4.27949496204362e-11
0.7,0.503404345084963,-1.31632259444875,0.0215077954506338,0.853470786607713,3.50087261771026e-11
0.7,0.76489684407295,-0.819323212870154,0.0135081326035572,0.890596573457556,1.46137535044113e-08
0.7,0.510158150417326,-1.26176013471636,0.0135191937053762,0.898546428686492,8.45611764898422e-15
0.7,0.633888533934999,-1.05633134052188,0.0154284764549603,0.883450049472169,2.01705925315008e-18
0.7,0.758118239081443,-0.839444830454114,0.0160191954974273,0.881875486289505,1.1258710535279e-09
0.7,0.631927617789926,-1.06017691717032,0.0154017514206221,0.868173549166835,4.23279642204295e-16
0.7,0.773928568557083,-0.830146925291164,0.0162203243319558,0.874713285982528,3.87121081099935e-10
0.7,0.711829679582791,-0.91775532322285,0.0176018081551185,0.85514355197688,2.88838005706766e-07
0.7,0.582582186326204,-1.16241948936629,0.0163924784056547,0.866049852133255,7.15896200606671e-18
0.7,0.657616102588778,-0.933216877710315,0.0171157624252329,0.848730913864252,1.93497772011983e-07
0.7,0.707434129887048,-0.85725574367631,0.0138646081440804,0.891717034874792,2.82289126031103e-13
0.7,0.696388081884545,-0.943174357064502,0.0175273117401429,0.866742804293223,4.31899624369247e-12
0.7,0.697298175958557,-0.929275565550046,0.0165329636893775,0.880493228231953,2.07517642694906e-14
0.7,0.638089915556616,-1.10244386057411,0.0176875683280682,0.870925364997042,2.90421865661302e-13
0.7,0.599146307774309,-1.1445652587525,0.0163559993611243,0.894389437623886,9.5165122480449e-11
0.7,0.721595071615286,-0.919312637469615,0.0150853661816302,0.884755139959216,6.337929919657e-14
0.7,0.518578919066086,-1.19417128003713,0.0230905967981257,0.795788369985892,9.45448359141134e-07
0.7,0.69032074966404,-0.993949327116921,0.0141875850214387,0.898733535961954,1.11776166354526e-12
0.7,0.742617627455143,-0.807338750517239,0.0178360331244984,0.860256566090136,0.0025348534690725
0.7,0.716343087442056,-0.931081683730071,0.0195407870020516,0.84167512241057,1.4168996429118e-07
0.7,0.702014233261257,-0.948378282651749,0.0106255588441105,0.918706140262255,1.86006936911927e-19
0.7,0.701869913686207,-0.939451649659957,0.0141529306244015,0.887221970769069,2.9423782714496e-12
0.7,0.584669728469251,-1.20292209307556,0.0170971738493341,0.877745065908646,4.57361187837105e-12
0.7,0.654794629485009,-1.04186143357276,0.0152743693511518,0.882278123227332,5.23934937750962e-18
0.7,0.525475016587213,-1.22317123824424,0.0196705481271124,0.844701063653329,1.34392525562575e-10
0.7,0.643272339777547,-1.01003456164181,0.0137661251907565,0.893312191395969,7.62452755961164e-18
0.7,0.602380323804801,-1.09782279323861,0.0167438805879834,0.849643270779105,3.22526646943221e-13
0.7,0.647008547776146,-0.9843953396687,0.0109733322521099,0.898103371345251,5.86780842970434e-16
0.7,0.64612293193628,-1.02496099902846,0.0130873536997195,0.894905545523836,4.24747978185277e-17
0.7,0.790118815502529,-0.806924465099755,0.014839336707297,0.888534226409692,2.79616859144725e-08
0.7,0.730218725531268,-0.935504211928107,0.0135959624082861,0.902274231219444,5.11030320528936e-17
0.7,0.806427870908151,-0.782079866570244,0.0154480512623584,0.893018136227129,9.51438372751868e-10
0.7,0.755640838691928,-1.00143802150035,0.0171303340135065,0.869414663543879,3.8053087012745e-10
0.7,0.58911452225404,-1.11611587687635,0.0113129230706052,0.900602957553201,5.22652984909926e-21
0.7,0.485156794460563,-1.27751296948417,0.0133787828415027,0.891621215161596,5.84106280967735e-10
0.7,0.711919743553415,-0.928084780934646,0.0150676433562423,0.889885772628013,7.60546295755303e-14
0.7,0.780954557164688,-0.881660431621041,0.0124341246511686,0.910421569772225,7.39103694574803e-14
0.7,0.517177500044458,-1.22822662919576,0.0171119956030486,0.854395758312167,3.23468424614174e-09
0.7,0.591262509476184,-1.07504488088187,0.0163986973036956,0.854070939291069,6.61111711500235e-13
0.7,0.682214866249296,-0.994740426993996,0.0144182222920598,0.892129764724636,7.9908539156435e-14
0.7,0.732000693375257,-0.936674072006179,0.0189761178182562,0.849345267822982,2.03723037171607e-09
0.7,0.539676403830761,-1.21844935188968,0.0132824175402942,0.906239394950403,5.35943374779934e-17
0.7,0.729547471485645,-0.925020918129782,0.0120015965896736,0.89481903854871,3.85703055481882e-06
0.7,0.784263744551345,-0.872317726556839,0.0141059691342943,0.910630833096512,1.01461474816517e-14
0.7,0.402068524504086,-1.45240682479034,0.0307647763187791,0.761680811139768,3.06574350589937e-05
0.7,0.583995649224074,-1.10589937404574,0.0152922925101471,0.87555601930302,3.63517492153003e-10
0.7,0.796939418268098,-0.828790225717254,0.016889943272204,0.878673401055925,1.52022537673631e-09
0.7,0.398469012724816,-1.40557636388846,0.011834590557327,0.905099225612176,3.18993369492364e-15
0.7,0.586360609128172,-1.09580049717125,0.0169196224511572,0.851193272892659,7.37643787632934e-15
0.7,0.654950973466518,-0.991124931316018,0.0161315197136716,0.875398799652096,1.82865296133242e-15
0.7,0.732325753247577,-0.871136934555338,0.0132431768568186,0.899855489726086,1.32695270646538e-13
0.7,0.790752721044285,-0.909993163384194,0.0200008861280251,0.865562410273736,2.59736359076215e-10
0.7,0.723307436245239,-0.97824640995267,0.011080541729857,0.898340708747253,1.45327410118283e-09
0.7,0.593737773871274,-1.07125099522056,0.0205550367839778,0.82960251656925,3.4258276214215e-08
0.7,0.670056509944226,-1.00102792164338,0.0198489961535509,0.845198717597393,1.61547210589136e-10
0.7,0.666108169898654,-0.943923523980785,0.0194321109035966,0.822862062670069,1.74363068740061e-08
0.7,0.616685751887523,-1.07773827222638,0.0209789189709419,0.80387684572476,7.18152637428857e-08
0.7,0.713374869792233,-0.897066625261907,0.0175528643082616,0.868169425111113,1.49846638607186e-10
0.7,0.70558163520885,-0.896690515755871,0.0169762404159192,0.877702080987444,1.08892439102016e-13
0.7,0.618167286266647,-1.10792711910057,0.0111384654604693,0.895416332077224,1.39636999881643e-13
0.7,0.756938992069635,-0.879877699317924,0.0112839021365157,0.907851428117408,5.66534187290861e-09
0.7,0.754597133591851,-0.908470427259785,0.0151409592721909,0.893627626691969,2.05763513831805e-12
0.7,0.664006929328588,-1.06135585830393,0.0173698734225181,0.880661315661653,1.20066827196436e-12
0.7,0.69841598678006,-0.965435455319043,0.0122368488548979,0.905054380148594,9.25136841315166e-16
0.7,0.578371429471377,-1.0884524557845,0.0176467969450008,0.848751193401526,1.68463170310531e-13
0.7,0.686832834315501,-0.966875185505055,0.0153597602965497,0.874993966360905,8.25040231283677e-13
0.7,0.726437182390461,-0.877530228371229,0.016135717196356,0.874326961404179,8.14343819832406e-05
0.7,0.678142888790015,-0.936915339071301,0.0111820847429143,0.911735429354393,1.86226218467528e-18
0.7,0.663553458768053,-0.969378885254568,0.0150082455061753,0.890496494924256,8.84601427664068e-20
0.7,0.695420904177403,-1.02627631189817,0.0177234927756216,0.874062794960201,4.35852275124215e-15
0.7,0.621246779296953,-1.08189076094829,0.0177410230378456,0.874689138078306,2.7354198297547e-12
0.7,0.660636254293246,-1.03102038604318,0.0131653850660166,0.895664388955083,2.03088126813259e-17
0.7,0.707079920542671,-0.918068876029749,0.010931646537748,0.906021060106757,2.9332644339855e-15
0.7,0.656236224600249,-1.04623077959979,0.0148645867389988,0.901464233051564,2.30692493516071e-21
0.7,0.770378301079605,-0.8779789463592,0.0143509146687901,0.901243333294856,7.7967324843268e-14
0.7,0.685308612050373,-1.01180901662364,0.0221968738643291,0.832428199094411,3.28913623551166e-07
0.7,1.14280479516449,-0.875362726494135,0.0135463990204969,0.888995283016626,5.59628080065009e-15
0.7,0.662198986970524,-1.04783764105836,0.0131748299057238,0.901488212168888,1.19704365154294e-13
0.7,0.712914392553243,-0.93671775739487,0.0184492131720726,0.861238716168019,5.52160006004719e-11
0.7,0.747299907390414,-0.884755036236979,0.0166256013133232,0.87767843816068,4.40424721591121e-12
0.7,0.631799193896442,-0.992640701137001,0.0211469882782577,0.798598994203511,2.83811452523004e-07
0.7,0.61756253283912,-1.1172033036828,0.018750601525408,0.858549344743453,2.72836340059801e-09
0.7,0.619693185668801,-1.05842915961623,0.0112757983040911,0.89889053356031,6.81023950905553e-15
0.7,0.606958796125997,-1.10216802880027,0.0126904426717136,0.893458225865018,3.29107674473434e-18
0.7,0.721088925887819,-0.926500960382638,0.0122649651098105,0.907636022464823,2.25367370925196e-16
0.7,0.578914667399585,-1.21498813452156,0.0188461158536566,0.869644695469689,5.36314304400484e-13
0.7,0.736998267526005,-0.966127845633046,0.0122814734467379,0.895667124933457,8.84615695384737e-14
0.7,0.633988216713232,-1.00703530914646,0.0214682840579943,0.832211208416658,2.29092475645041e-09
0.7,0.770771090230654,-0.784845645966316,0.0226225359658214,0.83416609728531,1.71847646877529e-07
0.7,0.565569573524449,-1.23249317178479,0.0172719503585453,0.878402650573164,2.60845458871488e-15
0.7,0.612412661844579,-1.08556783748666,0.0122033023150423,0.896294223579092,1.82436853786019e-16
0.7,0.494262928604355,-1.22458398771964,0.021786134562256,0.782959525043836,8.04238854911623e-11
0.7,0.685238327504252,-0.972494404405411,0.00847278237952438,0.927957705274984,2.85638495336204e-18
0.7,0.680687104357205,-0.983282705509214,0.0153517620483941,0.876917658260998,8.62933843534621e-14
0.7,0.266211876579539,-1.64143423432279,0.0211831638903527,0.847999008200727,2.0801433204387e-10
0.7,0.699831989623795,-0.99354864045573,0.0156662251312217,0.881115205431391,2.01959859317984e-14
0.7,0.661478464749464,-1.01782587359016,0.012552543053953,0.900297627619185,2.10876709496005e-16
0.7,0.567578497975176,-1.12006612944709,0.0142630259095934,0.876009992720381,2.88950900353888e-15
0.7,0.788798546313339,-0.799939047539921,0.014457588090201,0.89070309691639,5.11313696519548e-10
0.7,0.754785689914765,-0.928080241335693,0.0207955185431649,0.863452237306218,8.43563440629494e-12
0.7,0.77915487794087,-0.861304636283309,0.0125488268267098,0.909426745356492,1.06344315557755e-15
0.7,0.678029422490327,-0.947427017723027,0.0118955543152983,0.89242043898089,1.39883504758608e-15
0.7,0.659008871072889,-1.03325144899843,0.0170055878991262,0.861435781464778,1.87321084853277e-11
0.7,0.698128986413076,-0.916211301407602,0.0232696297377757,0.825984899955464,4.5561073983658e-09
0.7,1.37418628249322,-1.00264775139274,0.0114628198166991,0.907819187929509,1.90487634028859e-17
0.7,0.617713240245227,-1.05311391399289,0.0158109918751466,0.876011557745918,4.79672914138222e-17
0.7,0.688070969018245,-0.955153667950201,0.0128934866994763,0.896547044202131,1.28637539925961e-17
0.7,0.655614137740914,-1.03140633258045,0.0124985483623245,0.8980677797597,4.63301182811322e-18
0.7,0.6232520229002,-1.07592682719872,0.0193954025012236,0.847255738891366,9.52105792214872e-10
0.7,0.598228040724713,-1.04867076994657,0.0180982410985297,0.846491358025387,1.52262051019108e-13
0.7,0.734924425618559,-0.875574577072635,0.0168772792952564,0.869169851412903,9.82077174943045e-09
0.7,0.845138995577237,-0.775193470199797,0.0108890070909649,0.923199302846062,1.35666950427176e-13
0.7,0.309020037305608,-1.62994990523254,0.0171481935210848,0.863831029555281,4.05510670900531e-15
0.7,0.536724672946137,-1.28107629063703,0.0159351702437512,0.875115860919836,1.08825202849775e-14
0.7,0.660572051029117,-1.00098311626491,0.0228649646660228,0.829967921225036,2.32199302162673e-06
0.7,0.668184225057247,-1.00313867567819,0.0175794676687468,0.866564584304136,4.40815097037186e-11
0.7,0.607090578692183,-1.06023787905024,0.0149337541401273,0.872988576123576,9.43158278000057e-14
0.7,0.202763745395308,-1.78878532632083,0.0178361535994488,0.863227932672374,1.94296212276496e-18
0.7,0.641449068077535,-0.991122831382673,0.0213867895695148,0.857384983528563,3.62211962268283e-13
0.7,0.577188539364252,-1.16791738702882,0.0168771936301307,0.853450208620139,3.77631831362493e-15
0.7,0.664235139221634,-1.0779896771354,0.017476682207348,0.890688297183721,2.89330195318795e-20
0.7,0.720092285906479,-0.912511778293636,0.0140866502183181,0.901146190762533,8.26983471285844e-19
0.7,0.721269646949754,-0.917491490903869,0.0192040148041592,0.859590720284507,1.35295910553614e-10
0.7,0.750053987317478,-0.885596157410707,0.0138313444008109,0.905579733958833,4.46502785260495e-16
0.7,0.67449098943907,-1.07404859657972,0.0183126717214459,0.870395996020385,3.42988120813231e-14
0.7,0.673031258664799,-0.923039992571989,0.0143115502310432,0.878810682179581,3.62643336494223e-12
0.7,0.726166631417428,-0.943762942211882,0.0127474969235615,0.906575367274143,1.04803857005886e-17
0.7,0.770478332843507,-0.845242250535514,0.0146854420466472,0.887461362276936,7.51626057878786e-13
0.7,0.669224731960509,-0.948068453780793,0.0217607095182124,0.821351792994522,4.65622292050015e-07
0.7,0.516217909479378,-1.28619036300077,0.0207436212494652,0.856536205869256,1.28003479432505e-10
0.7,0.70915754951631,-0.977727596564894,0.0141830124855829,0.896044483111109,5.70804280090174e-16
0.7,0.82694610859317,-0.722207305000324,0.0170988926336023,0.884231967503211,6.81884352253499e-08
0.7,0.70533156168128,-0.915953149555099,0.013061213241465,0.900691978398539,4.16733906395631e-15
0.7,0.675652661091546,-0.919012052876608,0.0113534424538361,0.891049355181288,2.57009500646495e-10
0.7,0.653868692485502,-1.00944658004621,0.0171105871887363,0.846280325138504,1.15448086578796e-08
0.7,0.759873488902124,-0.85550153067576,0.0150671383904555,0.885047852780208,1.13606102439627e-11
0.7,0.749250045986315,-0.913367049291352,0.0185820078530637,0.8651544305149,2.8082627127683e-11
0.7,0.683872705045289,-0.968420876492215,0.014564432076462,0.887177639447849,2.45395972118762e-14
0.7,0.745055652276147,-0.959602546364725,0.0143079148704403,0.892499919227978,2.22685941219746e-13
0.7,0.726887345689708,-1.00528697943793,0.0115482265976536,0.916528656773811,1.71519838007546e-17
0.7,0.762140616643006,-0.861663809045965,0.0169051797676851,0.873274247737355,1.33194024231516e-07
0.7,0.73302859689434,-0.872544931228063,0.0144766921026166,0.888919813860832,1.94169441443329e-10
0.7,0.656665525302565,-0.980750892255715,0.01704638809333,0.861791596643286,1.81866539718213e-12
0.7,0.719725420871866,-0.907907066907736,0.0156837285518847,0.881528275567729,2.45160984721586e-13
0.7,0.757185559593761,-0.817941447803905,0.0193250741091702,0.869069183570759,5.47879478530993e-11
0.7,0.754666080481095,-1.01524197172559,0.0102531062378041,0.927883315171635,4.19855122529989e-17
0.7,0.727460154501271,-0.908362535655061,0.0216186358747027,0.838655418807834,2.94308371190243e-08
0.7,0.731884284536145,-0.912026255725157,0.0110247241151683,0.92416311945589,1.17538942135267e-21
0.7,0.568074884210958,-1.1162408082135,0.018721412090573,0.837297546042981,3.58712300360131e-08
0.7,0.640330268070191,-1.03246786041925,0.0146030344729539,0.883964697686529,2.48552882323943e-15
0.7,0.742281487906357,-0.880125365419805,0.0158130715591466,0.884333915096001,2.95662554581686e-12
0.7,0.619520847107512,-0.98506735040895,0.0154976647329873,0.868819867463114,4.72205555261542e-09
0.7,0.73534308605914,-0.920962569491649,0.0214964663054877,0.851143215851903,1.2578166209113e-09
0.7,0.728749046016033,-0.912192187869242,0.0167272379238718,0.867560330135976,1.01601962081584e-09
0.7,0.697555306431401,-0.934766224698516,0.0131653480794135,0.891485656814162,7.62031799264262e-14
0.7,0.814065399203926,-0.839725003365343,0.0165402167152424,0.872520683385799,7.03208913449714e-08
0.7,0.523953212851777,-1.26156973492332,0.0176049734355284,0.870630660696564,1.03000688569811e-14
0.7,0.702639869330433,-0.918962556668994,0.0149869066240892,0.889534690051438,9.40447625441883e-15
0.7,0.656774771379273,-0.970375435703995,0.0159394337519709,0.881454771584684,2.47760085170959e-14
0.7,0.766234987572481,-0.792635301464027,0.0155677918542402,0.886497977714118,1.18441355886242e-09
0.7,0.738638380792642,-0.86470911634961,0.018033185523992,0.858391610876575,1.5137422322089e-07
0.7,0.707706931348118,-0.947437950509445,0.0169859798785806,0.871486640161635,1.28814015812383e-09
0.7,0.811265526764603,-0.764719545213039,0.0178685360395902,0.88214447429208,6.4490117312503e-10
0.7,0.756709316734289,-0.850177433388625,0.0134059414665434,0.898334213358285,9.89028551117795e-13
0.7,0.741967483103612,-0.906537252077953,0.0113473669570444,0.919364192520893,3.98837643207501e-15
0.7,0.713747289162722,-0.959109423293866,0.0121315122794766,0.917682704488639,3.36430029578942e-20
0.7,0.442501678752024,-1.41033271399556,0.0206264647996397,0.818754408179189,3.05384310386347e-09
0.7,0.678619964914045,-0.947644161379261,0.0147667432884082,0.86879922340511,5.78779772718679e-07
0.7,0.743316565288958,-0.87096705289426,0.0193213036487581,0.859279467220286,1.57929315336739e-11
0.7,0.877124104289038,-0.73072142424034,0.00866298714366777,0.942045595786845,1.29432014195132e-13
0.7,0.616934445812425,-1.03798866759522,0.00974714709437716,0.914235038930606,3.94570143416394e-18
0.7,0.707905116428681,-0.849104977833435,0.01734713491819,0.859437759920399,3.51951409895413e-09
0.7,0.683518327648184,-0.915915835326258,0.0116508960354025,0.907875696308048,8.72975619730561e-16
0.7,0.719300291577246,-0.88093141486075,0.0148331190213113,0.890279932244415,1.17039074092717e-13
0.7,0.798219402607794,-0.790471176103033,0.0143239825124565,0.894626923055628,1.19052992250056e-08
0.7,0.638092156741378,-1.0303127259082,0.0159124838784447,0.871765210533316,1.46620440878125e-14
0.7,0.67373387895505,-0.967952997237297,0.0136373635377835,0.889591811158208,1.90757337329147e-16
0.7,0.721347983277925,-0.897379753939514,0.0163547402045741,0.879829241596335,5.27675660834454e-15
0.7,0.631415559555147,-1.03891492650832,0.0161773005945345,0.859992442199851,4.72509486243427e-11
0.7,0.645560196969257,-0.97997319265213,0.0130416395991553,0.899767798758236,4.70910694121504e-20
0.7,0.756730627148132,-0.881575277127458,0.0145266676115046,0.902199286020476,4.33764066223402e-15
0.7,0.0235622022498723,-2.00933316082314,0.028913071357802,0.763153245327223,2.25669746443667e-09
0.7,0.361234111248321,-1.5419749980912,0.016843434032407,0.855544538556523,3.34368280689052e-12
0.7,0.671716035040623,-0.97927274279357,0.0150260309178553,0.872686712081168,5.31125011966457e-12
0.7,0.673091329818953,-0.966030827495208,0.0173201186216223,0.859949977817403,4.29268693729629e-11
0.7,0.682247047052721,-0.959151381450074,0.0132596046054506,0.90043219342192,2.33636894593691e-15
0.7,0.676154991544583,-0.995998987868086,0.0123711268979382,0.894639153829447,1.79773658417493e-12
0.7,0.593382241213188,-1.08236839326748,0.0125450270459053,0.887804070054057,5.64193939880171e-18
0.7,0.74281270949439,-0.861983567325207,0.0164687933993888,0.872813778086319,1.43620318308381e-09
0.7,0.764755548365535,-0.880249044211946,0.0125152701753997,0.893208796972455,3.08301561113832e-09
0.7,0.764045254745523,-0.875339053236489,0.0161295164101771,0.886703078036882,4.05316536085036e-12
0.7,0.782797991896768,-0.878361677218149,0.0151824511192571,0.898170626047631,6.90626516549919e-15
0.7,0.730963911277708,-0.891712201090877,0.0108914354447257,0.911565614253481,2.72789649684227e-14
0.7,0.84739176883326,-0.751194621380657,0.0155783109655602,0.903861600056078,3.8863427482724e-11
0.7,0.758835693600139,-0.921979009603963,0.0138331263161619,0.897713786125981,4.66614880348032e-14
0.7,0.575984640049227,-1.10042787913545,0.0143952355493722,0.870060649105306,2.41734609366632e-16
0.7,0.692374942619617,-0.916455994825215,0.0181657550941203,0.850262221388433,3.35283110931098e-07
0.7,0.771321653912277,-0.866413060834504,0.0134069078446252,0.904664471756057,5.70056013020471e-14
0.7,0.741066332663179,-0.862267560640376,0.0178553423625612,0.870710097821387,4.46214243000151e-10
0.7,0.530979392792521,-1.22033030410247,0.0239638830388088,0.78273469311798,7.54675787890052e-09
0.7,0.70163824975306,-1.00709192641918,0.0132119820391435,0.885694511809425,4.06707310870755e-11
0.7,1.18536378579195,-1.12735920806077,0.0119005451423256,0.900703640288534,2.10552661158701e-12
0.7,0.665835241176468,-0.955454831667536,0.0146553188420372,0.867461860791789,3.56296464197399e-11
0.7,0.605344334282543,-1.0341069544167,0.0176727845772563,0.830163181344627,3.02073744094784e-11
0.7,0.616265570061901,-1.06208902222024,0.0108094459068324,0.918509957514537,2.48116058211265e-19
0.7,0.598339048237236,-1.08552035413382,0.0145248459203018,0.877407881612811,2.91007635562523e-16
0.7,0.592233696890872,-1.05723228716156,0.0207009688027171,0.829043679431054,3.73159957020244e-14
0.7,0.591647096422276,-1.10482381641776,0.021762690537128,0.841456224387017,9.73952070631551e-09
0.7,0.695204804054283,-0.91825463728629,0.0124477278095172,0.899702174107422,1.4577324491354e-17
0.7,0.32277583583479,-1.62354008181277,0.0142251955853952,0.876020913348397,1.01267734913499e-13
0.7,0.717370132791094,-0.904805609526558,0.0186123099163095,0.862230100989478,8.23186474356063e-10
0.7,0.653517799074053,-0.988134527727482,0.0107041488225884,0.905748031200441,3.77252265799527e-14
0.7,0.743958789954652,-0.83761595975218,0.0153456823681602,0.869673374944083,5.60305307819003e-06
0.7,0.705200306539516,-0.960502158870843,0.0142303606533663,0.88035495714277,1.55078002208044e-08
0.7,0.738989927773441,-0.983016622232444,0.0169901875042451,0.865715039080926,1.93343861862882e-10
0.7,0.636613867499907,-1.0481148984641,0.0139685096041303,0.890294923273293,2.71090537633751e-12
0.7,0.607163773507421,-1.1804447989809,0.0151964566635548,0.905114685771393,1.0483375312897e-17
0.7,0.594509763099433,-1.11097409010889,0.0226880292015601,0.815942906866254,6.2728492195388e-08
0.7,0.739802835547652,-0.89289283467084,0.0150929077919281,0.879138110882433,1.79116252919075e-11
0.7,0.590777296404773,-1.04839600353634,0.0138211162632698,0.8709387322214,1.5146546465337e-13
0.7,0.602730695715816,-1.18986053682864,0.0219134128508191,0.849005621823375,2.36155021284578e-12
0.7,0.583895854466129,-1.16419237368738,0.0109863954230527,0.901095075006307,5.13549022698598e-22
0.7,0.26906439312207,-1.72730213996111,0.0229557004454986,0.833561676939451,3.22281075347626e-07
0.7,0.685041220247257,-0.908434584882871,0.0229022846620809,0.803882237017635,3.90276316745847e-06
0.7,0.661248022514831,-1.04995337603483,0.0141361607496923,0.896975449057601,6.96484729795244e-18
0.7,0.771438937680937,-0.839771373759526,0.0247493304980581,0.834767641063246,4.68065515709556e-07
0.7,0.57595630345902,-1.19963663729646,0.0175948414190916,0.884418488986174,4.85923557709855e-12
0.7,0.502809502447091,-1.24313724775914,0.0150274597679681,0.880315910712161,4.31782755685795e-14
0.7,0.628355682514653,-0.96081471870463,0.0149376802287198,0.865962595241891,1.60594878419938e-09
0.7,0.728807972672612,-1.0115345614295,0.0099832373179078,0.921691866117935,6.97518821118662e-13
0.7,0.594944528547984,-1.0817501577117,0.0142441184842253,0.890873620133751,2.60266960250264e-19
0.7,0.819646519197633,-0.79672021308435,0.00944414393934745,0.931375532123892,2.19307750205122e-14
0.7,0.664340738326981,-0.9675518631537,0.0168499739316237,0.855392978528258,8.55307252419126e-11
0.7,0.745993406517536,-0.855357271221615,0.0204720856204624,0.860458313418508,1.02083511774346e-11
0.7,0.671025537507853,-0.983592574738787,0.0220567936026104,0.850801439323848,1.97766050689743e-14
0.7,0.646530117168742,-0.984601556808393,0.0150462297833295,0.872306895972406,6.36656151442054e-13
0.7,0.79181393857495,-0.835475341422465,0.0150987614471271,0.906511288163113,4.19810146239328e-14
0.7,0.846138902193659,-0.853158478596785,0.010128815176539,0.926666638173604,9.13030281691309e-18
0.7,0.662292712689358,-0.996562815355923,0.0188915374913465,0.841417297461865,5.20793624218356e-09
0.7,0.701860560133425,-0.953460948155616,0.0174667663054095,0.864274771807486,7.19294554940397e-12
0.7,0.652783158544005,-1.01222114589478,0.0159122717579951,0.860110460791166,3.48084579595545e-11
0.7,0.75721328103502,-0.891632755972925,0.0146087675845624,0.895122199589028,1.47328174611747e-11
0.7,0.579038213836798,-1.08360374002986,0.0176743465402479,0.845423194097647,2.3780796785797e-11
0.7,0.726784431877855,-0.904555573801567,0.0218441494991803,0.837373941736654,1.00653951377541e-06
0.7,0.633651153092561,-1.03601318759387,0.0158926140883573,0.875420962904619,1.25029430648739e-15
0.7,0.481868430672915,-1.28569745341794,0.023612952095571,0.830559144624622,0.000160306721357489
0.7,0.676042235510249,-0.952890716873362,0.016346388847293,0.867870064421741,1.29165662746136e-12
0.7,0.624347586959569,-1.09349703336377,0.0154382774634066,0.868825347837376,1.04934926548876e-10
0.7,0.702033769364328,-1.01986253765549,0.0205265758473146,0.860612212220828,8.59997790547896e-11
0.7,0.339906770920751,-1.50660664693334,0.0158130091899701,0.826406251333108,3.84585959075548e-11
0.7,0.673621199029099,-0.991612198528903,0.0166160188326036,0.881109214038494,1.13705887137041e-10
0.7,0.714564904448275,-0.899747823239825,0.017106471015721,0.869245832499896,4.75114621236174e-12
0.7,0.677412651313512,-0.970998638230608,0.0145955920179026,0.881489831154378,2.44318856695292e-12
0.7,0.676138466726212,-1.10340677791868,0.0117991407420493,0.91525813380661,7.16913171701226e-15
0.7,0.69261955415145,-0.970075727185979,0.0138069610821251,0.904314313425811,4.28446294203396e-20
0.7,0.69188713561179,-0.968113717751287,0.0172102403862451,0.881472794001118,5.58563984230121e-18
0.7,0.585187851704649,-1.15474440365875,0.0133537091893735,0.883267741965737,1.99463654308739e-16
0.7,0.656473617777672,-0.986497837113242,0.0146283578493179,0.881511601788402,1.54495596379691e-14
0.7,0.658077420653674,-1.03778625676863,0.0134593184346581,0.897797462786811,4.73871004948401e-16
0.7,0.79382101324608,-0.812359403618459,0.0209614556503419,0.857181660405711,2.61876127318894e-07
0.7,0.598185943058354,-1.10891099884045,0.0179950418981128,0.872645552274367,1.36849129640946e-14
0.7,0.101765085616546,-1.87408303766309,0.0110931246857648,0.91419788757873,1.02098847771973e-17
0.7,0.720902574704927,-0.88722798803255,0.0131417730397103,0.897648725059843,4.21128113725329e-13
0.7,0.659417665367562,-1.02428586090506,0.0220105228832618,0.835083174446815,1.44204076471261e-07
0.7,0.737525815260513,-0.888589042567549,0.0162241092415306,0.882553413078108,2.49415885812704e-13
0.7,0.78452933950163,-0.84403980355114,0.0176688837053371,0.890216887294865,1.73200081262192e-11
0.7,0.715941096830707,-0.848247620158087,0.0229726346616587,0.817546820729722,2.70569745976797e-06
0.7,0.768945979624951,-0.812606322385408,0.0131924193640014,0.901649160056381,9.83777253618479e-11
0.7,0.636638436326095,-1.10700885404456,0.0182610175881578,0.858552356657633,5.43926281395172e-16
0.8,0.939783472883006,-0.629846122960924,0.0163363816607132,0.910390164216774,3.22882682774551e-09
0.8,0.849738093012316,-0.749168055293847,0.0153919036636035,0.904021293802463,2.06737773738547e-11
0.8,0.903723111994878,-0.654451185929552,0.0138874044501031,0.920164939952384,4.53145516811353e-15
0.8,0.83072485239528,-0.821647431777385,0.0184862467271813,0.892667936859106,5.14148886478214e-14
0.8,0.744025486192356,-0.950726172816457,0.0146518961068706,0.90377685830889,7.69836793277697e-07
0.8,0.973024972513036,-0.606497478561572,0.0123841779142168,0.934421383735586,1.65298403561614e-12
0.8,0.822333416929485,-0.890343923593623,0.0125627793355361,0.915786094527031,7.45062367342298e-15
0.8,0.81607557776938,-0.777544766206937,0.0177354382958108,0.886249525461751,4.61085513486089e-11
0.8,0.798572752673934,-0.813099282667237,0.0135768742038221,0.909303128583745,2.41578637724405e-16
0.8,0.694394700203529,-0.906810539482143,0.0130723676634326,0.899023258288511,3.99075082651606e-14
0.8,0.856109915756758,-0.802418778492669,0.0178224041997902,0.910463746784589,3.50338898541202e-17
0.8,0.54662595743978,-1.21472578908917,0.0145592232311404,0.890691235928564,2.15999684196055e-08
0.8,0.855444353239562,-0.820923937938201,0.012228292728329,0.929503647431591,1.81778701534541e-21
0.8,0.7501761750764,-0.889578456163163,0.014903454308117,0.903068417885783,4.02747253219085e-15
0.8,0.679113724377327,-1.04328444997832,0.0190701961860991,0.875751994280809,4.07585183807833e-11
0.8,0.724259469661676,-0.973384023001414,0.0159947533666914,0.892241835942516,6.09835657486005e-15
0.8,0.750930932709276,-0.949891795647489,0.0130494262809313,0.921405706858982,6.96424015976031e-22
0.8,0.758730163887544,-0.884145866670139,0.0136022864334181,0.915617941997661,2.77376048291464e-15
0.8,0.869023251699431,-0.733448235463508,0.0153318322783767,0.911059155016807,4.24762182997233e-14
0.8,0.712433266760936,-0.951633704095209,0.0190548646924035,0.869409422060996,4.19255942434153e-13
0.8,0.807933751291144,-0.871444120832458,0.0143778433205733,0.906021329244264,1.20574310805368e-14
0.8,0.803556746057333,-0.839257783179752,0.0192640491072209,0.878169966368217,3.32219176712858e-11
0.8,0.729612665176357,-1.00392565914268,0.0201926333554154,0.871092801595243,1.65851460649608e-10
0.8,0.891361438098685,-0.835883549171981,0.0116089254657416,0.920617978459495,3.01208620287977e-11
0.8,0.702475508876768,-0.964215762492755,0.0164331509032678,0.884207239393903,2.15512269026253e-16
0.8,0.791314588840333,-0.871978329351303,0.0168221810810129,0.893712528812225,4.40622020637349e-12
0.8,0.758604735011739,-0.898360156190214,0.0172173534435434,0.886700174436368,5.67195907841454e-15
0.8,0.92100117147772,-0.664803038973832,0.0190582495893138,0.885216271239376,4.78156272570228e-06
0.8,0.863513128427522,-0.755835202640019,0.0165684111660383,0.901263669692813,2.39379221535469e-11
0.8,0.88625335454525,-0.75051084554296,0.0163130713001268,0.907402519673306,4.9214913138191e-15
0.8,0.785224993720938,-0.885569021571962,0.0202599102962943,0.872454815485373,1.85478906367568e-09
0.8,0.851144110115616,-0.767399207032114,0.0122036322693892,0.923213365144759,5.02416917459944e-15
0.8,0.802307634551801,-0.845697997365585,0.0233111178693174,0.85435930236585,2.1748530469434e-08
0.8,0.846319938203596,-0.853452355871979,0.0148311316900656,0.908094675210532,2.83088397171142e-15
0.8,0.826491993805821,-0.751018510976187,0.0180592955801526,0.879200900863305,3.30740778978556e-08
0.8,0.719376768997129,-0.907848534038722,0.0141594105833421,0.912596249789529,8.19363092269271e-15
0.8,0.847536912860684,-0.869628496382991,0.0119772859003102,0.928145587679884,9.58226947440993e-18
0.8,0.978965297636233,-0.688602721736328,0.00944195297164418,0.941440960941438,8.66774119538395e-10
0.8,0.635219194411417,-1.1180340364115,0.0147991745700159,0.906569044325057,6.10519563427403e-09
0.8,0.785033212175696,-0.827474880390817,0.0190423403339567,0.869056684671915,1.27646725570554e-09
0.8,0.84876341394533,-0.82630799098432,0.0181054651231517,0.899253521308643,4.20765154485665e-16
0.8,0.834761371737786,-0.847089555826303,0.0124587310675503,0.924147152966894,5.84939550157946e-14
0.8,0.739435560737699,-0.91442271650742,0.0155489661834718,0.907639794766456,1.50093228818292e-20
0.8,0.693595910723717,-1.03347722938069,0.0183168547763828,0.866602406337815,5.63737929123752e-11
0.8,0.69463723822932,-0.973722070954891,0.020229580260054,0.8564072004877,6.10281640731866e-13
0.8,0.779054256739714,-0.873597265375824,0.0174666236191483,0.8588504205641,0.000468665905754844
0.8,0.752655032864378,-0.892342060187211,0.0114335693824352,0.923444567710838,6.01564967682605e-15
0.8,0.684657380163285,-1.06351485633635,0.014495075983362,0.90381614724516,1.99916308747527e-20
0.8,0.559980361711124,-1.27122589493667,0.017589342709211,0.899844982404332,9.26648521206011e-14
0.8,0.827805903821493,-0.847923803978001,0.01844208595555,0.893315306686614,2.8090784089043e-12
0.8,0.840524469508407,-0.758602227279623,0.0150597109905921,0.910271885811526,5.66606669809275e-15
0.8,0.770382656028743,-0.899019158044123,0.0147312073775631,0.912021754767876,4.6197222868331e-18
0.8,0.730569251685126,-0.889559543725251,0.0151591774040142,0.897141673556986,7.90553938567819e-15
0.8,0.836811804710591,-0.813926917428288,0.0071539160913576,0.954025476651881,1.54741139031088e-21
0.8,0.860386323972838,-0.744058256817758,0.0139031422497344,0.919644820863585,1.02018047142535e-17
0.8,0.775894811570449,-0.89102547212838,0.0129120698410702,0.921845537153884,3.0419175587857e-10
0.8,0.6997150645493,-0.966293473170503,0.0167773589276877,0.868281537167294,1.98849638703598e-11
0.8,0.924239889331324,-0.629983794748981,0.0172842385137215,0.897480734461124,1.28354522221795e-07
0.8,0.829251825310285,-0.801272953630367,0.0181229096703168,0.897101632940596,7.97938695876647e-09
0.8,0.772998852105972,-0.92760100839756,0.0134800220896216,0.909677097248865,1.33002532851653e-13
0.8,0.8747336074665,-0.734238197347162,0.00786579531961992,0.950125937292056,4.64653497253641e-21
0.8,0.79755460317536,-0.826526593605002,0.0153477415762061,0.898346018345691,8.36313538885985e-11
0.8,0.73790768027553,-0.906755217555024,0.0154676202434506,0.885293953627434,7.59857582060277e-15
0.8,0.905269249951206,-0.764023520088059,0.0143325952344165,0.913492659416994,1.05818504063145e-14
0.8,0.745959033480974,-0.943791294084478,0.014774147467799,0.903517759322733,9.01140686029702e-18
0.8,0.789386593811777,-0.929407424312231,0.0124090899437491,0.911953565693058,5.18335005345626e-17
0.8,0.834227280098779,-0.796574642324501,0.0125527512593081,0.920385882510575,2.53280832407394e-13
0.8,1.27806228271027,-0.63610414023089,0.0102220864031956,0.935157153297847,4.00791601509076e-13
0.8,0.676561020293287,-1.05891098665714,0.0117523519145561,0.92231062951776,7.11741712366163e-07
0.8,0.782908531709267,-0.826413004700092,0.013049837264074,0.917837559100507,1.17689051037094e-17
0.8,0.834269449180898,-0.772474172204543,0.0109591640986551,0.926371542294115,2.01872128574517e-15
0.8,0.682464880453515,-0.948726505319024,0.0198815562416801,0.843208023366159,2.57251160869689e-08
0.8,0.707236017376633,-0.996484032784021,0.0181830598945098,0.878969663681922,2.76036178845472e-09
0.8,0.747980072563361,-0.927034488538334,0.0187893474938512,0.88971157991503,1.06137854927847e-15
0.8,0.754088422128841,-0.812191444110319,0.0218405697736082,0.846038673382111,2.36456868698876e-10
0.8,0.814627734245509,-0.846526874591923,0.0111235891294453,0.925556461170282,3.48522472854935e-15
0.8,0.58752958661518,-1.14816662939642,0.0131582520699686,0.909685449863713,3.14308428578575e-15
0.8,0.721266491270073,-0.91446541930163,0.0164238077318896,0.889244000844085,3.89650818672511e-14
0.8,0.766330592345537,-0.825316207587231,0.017146724443835,0.876510088660108,8.71796984071846e-11
0.8,0.843088637999001,-0.734685666159441,0.0108642027067105,0.924632673759127,1.05339982232184e-09
0.8,1.41954024612998,-0.735294779574153,0.00998771517937739,0.931814220388957,6.90186284409422e-14
0.8,1.59290560786158,-0.652945895203145,0.0137983099280619,0.918572595107728,2.63319473705257e-10
0.8,0.857759927552391,-0.720933567210936,0.0233103933555008,0.85965630548505,4.49383593554298e-08
0.8,0.888887519976216,-0.7449465325368,0.015079317732228,0.907900528349659,2.04794115919321e-07
0.8,0.843398049906486,-0.791082763169356,0.0128199612772403,0.922907932788474,3.4676750912903e-15
0.8,0.685744624840339,-1.03664014999504,0.011820682042354,0.91878524760252,2.8121453571334e-11
0.8,0.846787739956292,-0.756075625702499,0.0179663911080163,0.873329142355461,2.10567493185393e-07
0.8,0.765475329543375,-0.880819671254177,0.0241225007043147,0.845541678108826,1.89361487505794e-08
0.8,0.507204145164163,-1.24175933157955,0.0158833347347695,0.879072451448723,4.48498303471363e-12
0.8,0.849216543505262,-0.773165193642762,0.0153394535728029,0.908384157840492,7.95469846938101e-14
0.8,0.751753521482586,-0.898637750003265,0.0122795024703193,0.911367526099236,2.21608186849842e-14
0.8,0.865175690863131,-0.714175098466053,0.024967834557754,0.862459447013064,7.19552324359849e-07
0.8,0.789340205122336,-0.890992172138088,0.0109384604775795,0.931519482339819,7.37109433417644e-17
0.8,0.800316571251,-0.876454362453023,0.00949413306498286,0.93500293583894,4.28012483361947e-21
0.8,0.80274432035239,-0.79532325876317,0.0188262832979467,0.868464631393859,4.52862435860561e-06
0.8,0.766186044730959,-0.957806001350815,0.0151271741119655,0.890727308340385,7.21411240020674e-17
0.8,0.815185201526186,-0.792402872469854,0.0141356065790845,0.9097130633917,1.03119849536469e-13
0.8,0.888549652027642,-0.750541370123054,0.013230029208877,0.921712084339301,7.06238995426939e-15
0.8,0.860870140399644,-0.818171990979,0.0196852502923493,0.88798204826755,2.82944079546874e-12
0.8,0.752771645518027,-0.902754593030738,0.0132979555688998,0.911049314865295,1.22011351068945e-15
0.8,0.779957267316961,-0.839942325118227,0.0123967413729894,0.902756810123532,1.09744797630813e-08
0.8,0.84593703544261,-0.785604509378283,0.0177537561154944,0.880802852665707,1.48220788453711e-05
0.8,0.806359851300424,-0.870842318732501,0.0186193758738423,0.898475551211355,2.7463905837177e-17
0.8,0.681619021747787,-0.995821123816611,0.0161014563114061,0.905019973933944,1.73691766506431e-15
0.8,0.822695309068298,-0.751242196557548,0.0114515895182567,0.915077284399437,4.77459499142877e-09
0.8,0.892102024166158,-0.725887590155125,0.0173215050635884,0.896455349396313,2.8872411015621e-09
0.8,0.70254716793289,-1.0220112205223,0.0184617748386171,0.870136892950584,8.00469878490834e-14
0.8,0.804618393356368,-0.839020474824224,0.0151281467863494,0.902931696766345,1.89533911631672e-13
0.8,0.626386109973868,-1.15250888855561,0.0113389131695218,0.930028350271469,3.365171046946e-15
0.8,0.722453087211175,-0.983491398838823,0.0135961294861531,0.906440970288456,4.17084796185675e-16
0.8,0.787965754875893,-0.937497771989259,0.0184340205562049,0.892089034737134,9.99946507418721e-15
0.8,0.809977908530147,-0.822060365704302,0.0147863719578692,0.908982115521806,9.71039218562512e-15
0.8,0.789269662945826,-0.830811218143706,0.0132740749278532,0.90676992280714,4.42635260680426e-14
0.8,0.846245902625203,-0.759587741379507,0.0255960293982577,0.850917520585614,6.29968283881781e-05
0.8,0.641245214389651,-1.05400361020541,0.0189126112388728,0.842858561714747,1.00186687819477e-08
0.8,0.739860371653231,-0.967256253769503,0.0157539503492159,0.885715464699561,1.22856457785913e-08
0.8,0.916851699526814,-0.739399307419836,0.0146097401671563,0.91187673398069,3.77181668217308e-08
0.8,0.858617448368513,-0.752303155520808,0.0204963577903985,0.879915134948997,3.66797689171985e-12
0.8,0.677354866492665,-1.00847519017772,0.0196658853227267,0.871138654505071,8.58576398823953e-08
0.8,0.747952634741857,-0.897291271706432,0.0166662236680698,0.880728471536103,5.10456448891953e-10
0.8,0.719020648214476,-0.920278276825771,0.0128617153892576,0.89802300171968,2.706322730466e-11
0.8,0.808240788730955,-0.804317074554072,0.0167701114265021,0.882461861891806,1.13778072445312e-10
0.8,0.846532555793536,-0.830489952746518,0.0124776128847449,0.917191545047454,4.0531275997663e-12
0.8,0.795434212636248,-0.846884579685066,0.0199408379835628,0.87600327130084,5.36994234005679e-11
0.8,0.780091781087525,-0.877069859952212,0.0178648409941271,0.881611410868605,4.01277175013449e-11
0.8,0.785129383632923,-0.869444045490623,0.0115969369602908,0.920725718365743,7.07192876883164e-19
0.8,0.721035635741469,-0.874885880352721,0.0157433214609609,0.876825787945054,1.6422804989802e-09
0.8,0.798957535242288,-0.799447257572491,0.0198883014123051,0.879970612667009,9.29934940890793e-13
0.8,0.804697408504628,-0.852811079139195,0.0147129386915984,0.908237400212746,5.25462290115263e-13
0.8,0.860282585689553,-0.725319741742596,0.0138103802514534,0.91096202300643,3.46683642957063e-11
0.8,0.833373756973752,-0.742196293502693,0.0170890533017784,0.888251137133719,7.21603287744586e-11
0.8,0.806934163262658,-0.831628688319309,0.0147642119162306,0.90587204645905,1.11534198480714e-13
0.8,0.706696150617695,-0.893684274571811,0.0158786588059816,0.887788710933558,2.80035785718972e-15
0.8,0.874893983655385,-0.665170330908522,0.0117214889676553,0.92145103540473,2.26302314487604e-11
0.8,0.808309397837471,-0.851085219668636,0.0138618916795597,0.919990485020989,5.37428965162979e-14
0.8,0.789287097067579,-0.870630010789045,0.0107583805577733,0.921312986887696,9.76413296505592e-18
0.8,0.772066391840091,-0.855514119134084,0.0148695303052369,0.904741691924122,2.48530733765752e-14
0.8,0.819801078029483,-0.787201516018752,0.0164787586750996,0.899167147425129,1.13790616459105e-11
0.8,0.854654204016428,-0.743894643332411,0.0154142126258161,0.898086819682646,5.14195144748266e-08
0.8,0.895725825384058,-0.720136952155354,0.0172290999442606,0.903944675342271,4.95714606751547e-12
0.8,0.763279262119958,-0.880718316591262,0.0136285336081276,0.906653857887212,5.94560601137073e-14
0.8,0.83657893716243,-0.80292585472879,0.0138155302628905,0.908607205784697,4.49677096324016e-12
0.8,0.828277893213786,-0.792830307413501,0.00608614264103124,0.963722449656496,1.35447721175591e-24
0.8,0.741709921107524,-0.938547942175639,0.0166014026133982,0.899236453170356,2.49636425433716e-13
0.8,0.501550573738859,-1.31856556494404,0.0250479643157601,0.846860284141652,3.81524580834157e-09
0.8,0.75408939995514,-0.890714479495889,0.0164001982827513,0.887472617450878,3.00446149457728e-12
0.8,0.920901686243119,-0.648422583575837,0.0189950753750445,0.895177559008376,8.185602176604e-10
0.8,0.9085200466504,-0.637538050770954,0.014555254341921,0.910173579308704,1.52769207536529e-10
0.8,0.801433079895311,-0.850978159817893,0.0157763238603651,0.904707655018215,3.90051261624088e-13
0.8,0.795638937792649,-0.838520722204357,0.0166006617819048,0.895041558939619,4.30658024321342e-13
0.8,0.939601257866197,-0.727787181773651,0.0181044482446241,0.903945009813799,7.72153523582107e-10
0.8,0.780373550331885,-0.904846738832279,0.0176653849117608,0.891361861518135,3.23729010141335e-14
0.8,0.849020887383206,-0.825638740253341,0.0202203391513508,0.877949745314247,1.10274434828879e-08
0.8,0.791680452662337,-0.905692000038171,0.0152565459439836,0.890833211335769,5.59747883677603e-15
0.8,0.7460081095969,-0.969185391786645,0.0132609514176838,0.919814490100342,2.34423484729207e-13
0.8,0.887994312857538,-0.733648012459856,0.0141688851126656,0.91075064693662,1.82482873372855e-10
0.8,0.755407934862043,-0.905001374487311,0.0146753064693114,0.896799571413312,5.83945857088824e-12
0.8,0.844571127694076,-0.790083688283044,0.0194075789159817,0.877033234946116,2.26148172289366e-08
0.8,0.67712136542094,-0.965465088388302,0.0168749219284226,0.875891565713793,6.97574673196312e-11
0.8,0.814384539113088,-0.794109688119863,0.0143636120176397,0.908383534737092,1.08744420179004e-11
0.8,0.869002627209549,-0.716712445922748,0.00972940541521889,0.939287460586808,6.12271203876011e-18
0.8,0.474367645011804,-1.38374424792867,0.0173934549420656,0.879599119295602,2.62155797573338e-10
0.8,0.827462759026463,-0.848744240539039,0.0183683525874322,0.886730569133181,1.23018174377405e-10
0.8,0.702311517442777,-0.982316514570061,0.0170762483663044,0.879913359282267,9.38769008496789e-16
0.8,0.76365543957851,-0.94253640416154,0.014622999784779,0.900885279618365,5.06449717349645e-11
0.8,0.895293755290112,-0.730133029340601,0.0121502964433198,0.925754344401572,1.57604570098561e-10
0.8,0.80739662290705,-0.780954491977807,0.00830504731277591,0.939187414836398,3.58466062427924e-13
0.8,0.762976979380313,-0.903912298415931,0.0196201276904253,0.870556197732034,3.70273691541398e-12
0.8,0.665308567149085,-1.06633056634541,0.0172153348916945,0.891570199300167,7.89862988695974e-16
0.8,0.848952038902466,-0.737290757040278,0.0163739389387838,0.893504488181636,9.06079520549292e-09
0.8,0.732854582810172,-0.936177067325675,0.0153447541775211,0.890040433419794,1.65532401494046e-11
0.8,0.786373406078933,-0.868446729490906,0.0163544499293158,0.889368292297908,4.41209993065273e-11
0.8,0.791504072934174,-0.855520228587686,0.0210581306402775,0.865242343951809,1.92975696021063e-10
0.8,0.775733999174957,-0.912040123860865,0.0155140487289283,0.903025366548552,1.2268512474363e-16
0.8,0.234021120622864,-1.73642986236483,0.0180903290999208,0.876808836171825,2.2135881151781e-12
0.8,0.682642430669817,-1.10893160661869,0.0163918296652673,0.910089813557477,2.45977824736556e-14
0.8,0.644839257300875,-1.07225959246095,0.0121695354726403,0.909952602305205,1.55572678967545e-16
0.8,0.975673158614379,-0.59789065985529,0.0143470273109998,0.916154272381879,4.1621429340821e-11
0.8,0.774425310417508,-0.936898966601324,0.00939511208313935,0.934890816017656,7.0177826227785e-19
0.8,0.868084311482331,-0.664987920069248,0.0161835725654795,0.906929884474478,1.17239839945638e-11
0.8,0.873862827355253,-0.696150839554004,0.0171119468487671,0.882612005316165,5.50809051728022e-06
0.8,0.795107672400282,-0.881336035007204,0.018023107881052,0.892909908941427,8.74161875799994e-16
0.8,0.787256256230387,-0.781551761578075,0.0181692892967091,0.886481156139243,1.08403595423385e-13
0.8,0.71318956125702,-0.93441538516695,0.0175053450516679,0.883706927017547,5.05691226747739e-14
0.8,0.914004452654406,-0.69424026574369,0.0132462706025429,0.925621332300509,1.85304181076816e-12
0.8,0.769340037288799,-0.876184547377763,0.0197867817226877,0.868417328569416,4.5957524084543e-10
0.8,0.665792726320053,-1.11069344187143,0.0139523520556868,0.912883472136267,2.58517303826335e-17
0.8,0.758715028175079,-0.94700945779737,0.0150147187084174,0.900104399037103,4.91972397257719e-17
0.8,0.78646907791861,-0.85091423131827,0.00807201756776304,0.939754695944243,1.56453452667918e-19
0.8,0.807104171047565,-0.867689862776448,0.014986666032401,0.896707126733566,1.28354950065159e-12
0.8,0.719891179282279,-0.90969751271206,0.0240976114066516,0.849878594842326,1.29963410330777e-10
0.8,0.844844749299652,-0.744508555514345,0.019317667978953,0.886094117359191,6.00544771411754e-10
0.8,0.777943588063525,-0.85269806427205,0.0112103217168689,0.92091341475551,2.93265743597338e-15
0.8,0.812930337170693,-0.829583653075762,0.0134561179398788,0.911999766537494,7.7067817176187e-15
0.8,0.828916573338321,-0.758532609830686,0.0178588647513672,0.887782627727851,7.21171634598937e-11
0.8,0.619122065832474,-1.16843564848662,0.0174293119449675,0.88490266189791,8.29844546154411e-12
0.8,0.721851479256332,-1.02850445474381,0.0107379745444342,0.932138088307249,1.6919941472924e-18
0.8,0.818852559062687,-0.789464252744104,0.0139395864989495,0.910795315252437,1.80169529614e-14
0.8,0.840202714160718,-0.793240659913639,0.0160328415607704,0.892134208676016,1.15424468878197e-08
0.8,0.580143235486072,-1.23098794593792,0.017237462772339,0.889113726339256,1.45670975935145e-13
0.8,0.840944391058586,-0.772900272941525,0.0146894694478981,0.917194654107744,2.80733211449231e-15
0.8,0.787887550252863,-0.853325619747339,0.0140752573778188,0.912869596287239,7.29004011627898e-17
0.8,0.798610364628338,-0.811205870329737,0.0145385946922673,0.898408204625179,2.1542115612401e-11
0.8,0.901268550479998,-0.692456647433605,0.0155225828522861,0.905508188100881,3.95266258246582e-10
0.8,0.904079459919436,-0.721026715556015,0.0125355963314481,0.923281517851695,2.86773062229354e-10
0.8,0.872439637500461,-0.698029003199658,0.0196789351988138,0.885609179294169,1.61677601422142e-07
0.8,0.717373468013423,-0.890965673571117,0.015338977614036,0.894593653072427,1.78331888777802e-14
0.8,0.809282865734679,-0.856548299210942,0.0165547071636662,0.90141242028978,6.48450815883011e-19
0.8,0.851664359794964,-0.764487699418516,0.0168567614178885,0.899347346740596,1.33768015610804e-11
0.8,0.819791009856495,-0.711064675419908,0.0263827256975759,0.817174318343604,0.000955456725615509
0.8,0.74191224619475,-0.884804628046917,0.0195610869669768,0.886780191440118,6.42295150933935e-15
0.8,0.77322257205462,-0.876434007501953,0.0181823881002095,0.883323814458191,6.23599452102967e-12
0.8,0.785554036843337,-0.821315112056204,0.0162122614086697,0.891328798695338,3.51046793828651e-13
0.8,0.831197008996186,-0.723234207818162,0.0109964774148849,0.917308885217586,1.83248057047121e-07
0.8,0.818147150443274,-0.8154640162399,0.0157905264965302,0.906239116558005,2.60769939139635e-15
0.8,0.748372114925707,-0.984266394046532,0.0146199146959434,0.910117357926432,3.73312546449494e-14
0.8,0.807451846227654,-0.865027537351324,0.0184931828148893,0.88949008788445,1.20739779908776e-08
0.8,0.797912115831088,-0.805309617111297,0.0144461820349742,0.896967666562451,2.60683361290051e-11
0.8,0.727286085946108,-0.938285734973338,0.01413078416794,0.908228902313859,4.02403851420289e-18
0.8,0.803593108604454,-0.794742883860548,0.0166487789461184,0.887582129847337,2.81827476641804e-09
0.8,0.86012478027686,-0.878023320569252,0.0179102421447021,0.879153438697164,1.6963044587125e-08
0.8,0.756356589809791,-0.888420410186573,0.01503699962914,0.907732886116516,1.90331378135889e-17
0.8,0.801025506812322,-0.719906127238242,0.0218279073615386,0.852549499506353,1.48947629157305e-07
0.8,0.770536035034953,-0.864913699761165,0.0142070125518634,0.907617755582707,2.68552887700154e-14
0.8,0.797979256318887,-0.789038676385474,0.0150842976058142,0.886749639151088,2.13419548367281e-08
0.8,0.796388985607092,-0.829225121500254,0.0191108629542225,0.86348826016587,2.9220763361464e-06
0.8,0.825056238034351,-0.756052124559257,0.011408392930714,0.92397195054699,1.17200262320738e-15
0.8,0.894789063942629,-0.754666322243707,0.015955216965304,0.900394861015337,3.55525469264293e-08
0.8,0.785504070877889,-0.848568544795967,0.0136752474925682,0.896789295901184,3.45581735110942e-10
0.8,0.843020878417592,-0.797588891489372,0.0115373502784204,0.932216343940395,8.68695878587438e-21
0.8,0.708776270506463,-0.949096282510557,0.0160016511502102,0.881049689157674,5.69544511685882e-13
0.8,0.76346656347078,-0.834838799222868,0.0157126249155555,0.898384314373866,2.75247705344043e-09
0.8,0.847870763424924,-0.725061612513199,0.0131051189497471,0.922479724534535,1.44609517214502e-17
0.8,0.813651801050214,-0.815500446843826,0.0148266206516835,0.902033325648926,7.78143423114818e-11
0.8,0.89154972853257,-0.707016144393494,0.011815953672549,0.929035688615513,5.46110747797649e-17
0.8,0.810106790034139,-0.766204172357729,0.0165263026159537,0.886012129921974,2.95728081800526e-07
0.8,0.760762844903333,-0.952110554437509,0.0144271547209089,0.913770774113093,3.83207679087015e-20
0.8,0.785963595837611,-0.876806925984717,0.0177958499804789,0.882288522013787,6.8299360684494e-09
0.8,0.978430450437889,-0.951471296917114,0.0157483383180807,0.903711862486377,1.63241945579037e-15
0.8,0.472820229429575,-1.40323264476934,0.0256707704553511,0.834691370462762,6.86335345728253e-08
0.8,0.820430340368724,-0.873396594008365,0.0138745197300394,0.918996891680696,5.6409135871664e-15
0.8,0.789850788008631,-0.809365891104517,0.019061167807855,0.877020234473997,8.10868377083127e-10
0.8,0.650697330856241,-1.00031295638692,0.0165463275474519,0.870592628323519,1.46501117631061e-15
0.8,0.848271553184868,-0.804173312205918,0.0163122404556206,0.896519655228293,6.99399588957171e-10
0.8,0.520031186393764,-1.21292260789669,0.0146643852364792,0.890034002834314,1.00287108755303e-12
0.8,0.772026549440445,-0.862549863722306,0.0127699271714101,0.90315709180465,5.98592433676424e-13
0.8,0.18301533154415,-2.12443398949828,0.0085849412649315,0.951926587252498,3.06059426647915e-24
0.8,0.715611497694251,-1.06927151605712,0.00857048844292602,0.938017275586344,4.83370971038315e-19
0.8,0.313143331077724,-1.60031834839944,0.0160456195585808,0.8910252770114,1.40467336745734e-14
0.8,0.867882408218273,-0.662000097663494,0.0133910925395945,0.904922954951393,2.8576101990047e-07
0.8,0.717823957665296,-0.961336039481645,0.0162239283665731,0.899395588866541,2.01216668460648e-18
0.8,0.885498700846401,-0.761472760679131,0.0114239604764982,0.932440400630882,6.96651395747742e-15
0.8,0.653819889507045,-1.00098867391794,0.0147052576336367,0.889853575076984,1.39205110198725e-12
0.8,0.908189530871379,-0.672481195107135,0.0104690933555498,0.942643640589491,8.53444373862117e-15
0.8,0.779690531502941,-0.827580343877465,0.0146825919762416,0.891442269955534,9.2271334212016e-08
0.8,0.756695347980229,-0.812189099984892,0.0181473306195588,0.867240003724482,3.75675488279969e-09
0.8,0.167761761069065,-1.84995956980733,0.0162134096635795,0.894819279949697,3.66592612798224e-15
0.8,0.737499976076009,-0.966801018722082,0.0196514846040899,0.872948662770222,1.52976469221868e-08
0.8,0.780167767465991,-0.890704745869204,0.0140973521614129,0.909432348998266,1.10149019341736e-18
0.8,0.716833461184975,-0.991807840914075,0.0208336091015081,0.856309517570354,6.59238648874636e-14
0.8,0.681025570005607,-0.934740004602689,0.0163838695841886,0.875233233184539,6.38782572653858e-10
0.8,0.826609049706957,-0.771509137924752,0.0133052980356871,0.911241397374167,7.2051079987412e-14
0.8,0.852733056734824,-0.737921078753861,0.0172338856292969,0.887865332727974,3.58703639453548e-09
0.8,0.874888882778274,-0.762067110310232,0.0127313311555018,0.924219669672993,1.34808197578203e-14
0.8,0.815657305714427,-0.754475061734216,0.0229446228298738,0.851793307334979,0.000381750836674732
0.8,0.664020167536026,-1.06776360716733,0.0188346417658406,0.878957920694952,3.90202341573641e-10
0.8,0.641123853885699,-1.0783733597662,0.0211395699925384,0.858904914944101,1.03586330403602e-12
0.8,0.798955066645428,-0.861963569271337,0.0166352246964206,0.894113077211864,2.26186384093203e-14
0.8,0.808003750182225,-0.823353502883287,0.015986989049835,0.898404499167453,4.17411139171554e-11
0.8,0.799934318453976,-0.816161963309119,0.0158055172691078,0.898341844039214,2.03915559391568e-16
0.8,0.775115163247587,-0.863267835335989,0.0163247377152163,0.878943258834261,4.02118174154859e-05
0.8,0.736925381038837,-0.961526692865992,0.0119073109990892,0.929591493184946,5.82687607477739e-16
0.8,0.778531951681514,-0.881612134051816,0.0162604872401817,0.896773578366424,4.59031676408188e-12
0.8,0.732725429149084,-0.925321703858766,0.0142843110086964,0.899088170394517,8.27203861975421e-16
0.8,0.646569935074867,-1.02833695951652,0.0203290574726472,0.859745865121638,6.06386047390089e-09
0.8,0.777614724031057,-0.801935646489256,0.0136852118518421,0.90853405055933,1.09818289691327e-13
0.8,0.682100251046002,-1.00440948453864,0.0168693784883644,0.867969163404149,9.74562824519014e-07
0.8,0.768144494036345,-0.865042410639039,0.0184716770714205,0.878279401688889,1.54398456367574e-11
0.8,0.718285549335799,-0.998943895933155,0.0148839647140698,0.910477019986599,1.26686552228358e-11
0.8,0.691152073184368,-1.05596532631602,0.0144680266527569,0.900566795823561,3.8140654763383e-10
0.8,0.800736249818696,-0.841344648181284,0.0169828751733216,0.887082636938972,4.83843544567648e-11
0.8,0.841424807198532,-0.780680300302138,0.0135165673533714,0.925803649513139,1.0211408689561e-14
0.8,0.773636936323012,-0.831579697553477,0.0160542067231458,0.88835553730625,1.0471875774757e-13
0.8,0.675579611395712,-1.04036742368479,0.0123631623129709,0.911133407688559,1.05538543221966e-14
0.8,0.834502833993449,-0.780060474903492,0.0185205661702045,0.887043671893732,2.00854202660488e-10
0.8,0.849741147066841,-0.818984558667263,0.01978745538784,0.894296207049718,2.94038326091e-15
0.8,0.896181093560043,-0.789420052325378,0.013499864184373,0.911195829616201,3.64019937583148e-15
0.8,0.586448040763093,-1.26783745929831,0.0154779373224327,0.899838450955686,4.90682389693225e-15
0.8,0.811028748410522,-0.821601531313096,0.0136349979650273,0.909789686858746,2.4782400279125e-15
0.8,0.770489642444981,-0.847093565662326,0.0146129559795462,0.897322567419948,6.90370881906643e-10
0.8,0.797651575970528,-0.926031116675347,0.0131564973095351,0.916557984303171,9.46583261276594e-15
0.8,0.759694471831082,-0.96249074771999,0.015581827392546,0.913679045397161,5.35183953664952e-13
0.8,0.702757295314964,-0.932614668823578,0.01712850866164,0.869125615650062,2.13306084039895e-10
0.8,0.79829425973571,-0.89330847037005,0.0140761465502974,0.914568223402198,1.74983920642137e-19
0.8,0.789506857690071,-0.874820830708843,0.0205836331547906,0.86886553634392,1.767593733426e-07
0.8,0.620264140573792,-1.1578679792919,0.0154220101592104,0.906145853407096,6.21575929620647e-12
0.8,0.898462785585071,-0.7040491066254,0.0161273376118844,0.901397466114963,1.22721768428523e-08
0.8,0.872303125309898,-0.681443153435631,0.0258129400737532,0.855101779618833,1.47260754999119e-09
0.8,0.797133914659791,-0.870924270963433,0.0195313991096409,0.88072909185166,1.46240945989196e-12
0.8,0.874316848476681,-0.722051964194262,0.0167181634773721,0.897565976626507,6.21535538337227e-12
0.8,0.823229491085145,-0.789962472369934,0.0114149398893165,0.923697944977265,9.91967968175875e-16
0.8,0.803656014157466,-0.836696433219962,0.0156703607579128,0.902155798521382,4.22316731891089e-14
0.8,0.766163710184542,-0.922448516244554,0.0170215841677922,0.889335420336,2.23257283631549e-10
0.8,0.784295960550011,-0.839695849760743,0.0110192744528505,0.921706268019142,2.1856355399689e-16
0.8,0.717707181511302,-0.986437591997515,0.0146805942662839,0.889763395106628,1.34767834194969e-11
0.8,0.737884892673594,-0.90228605821281,0.0159527675341876,0.894314817674793,5.58788205165298e-16
0.8,0.800316871822489,-0.944655153204394,0.0145021188755051,0.914028720052448,4.54908661839524e-18
0.8,0.728536493481091,-0.916120614082986,0.0148509111204401,0.903193674495869,1.27307572128753e-16
0.8,0.752710677946026,-0.936860219196311,0.0144445706084555,0.90484081651614,5.69349426047921e-13
0.8,0.611839295259992,-1.1509387960772,0.0151970446779114,0.896149769523215,4.46470529886096e-15
0.8,0.772160061923669,-0.870038195698326,0.0144104113496213,0.899612984761372,1.30586825344889e-13
0.8,0.816887409077544,-0.745871090712027,0.0194063453581559,0.869280882899002,4.29763670294988e-09
0.8,0.681421590156073,-1.09771029740294,0.0174711176743431,0.873767896083159,3.76898769860415e-15
0.8,0.726524120717122,-0.953330826301394,0.0237088066582422,0.870620812494726,2.67325126199133e-11
0.8,0.73929639066027,-0.903209851512591,0.0153998141088434,0.895528045275016,2.4282100785268e-15
0.8,0.844061870926261,-0.740331931619625,0.0196582106187085,0.875347541534938,7.54737301956349e-09
0.8,0.691303465478529,-0.959307200877846,0.0183900580150294,0.897813239783863,4.60386349098439e-20
0.8,0.775952509967273,-0.858527046073286,0.0179328238892633,0.887897097556312,6.05280427078581e-15
0.8,0.807794605191627,-0.77555146618152,0.0137152392724604,0.907409304589531,8.32121682966215e-12
0.8,0.884120397215471,-0.817143687170347,0.0151799159180058,0.911389151882175,5.9661858187652e-07
0.8,0.758751384028436,-0.874966078891905,0.00942508153546664,0.93480564430116,5.7280365562124e-21
0.8,0.803563856235687,-0.942432435480524,0.0165004022475651,0.902503150463698,2.46904005648069e-09
0.8,0.621068090926592,-1.08219036088737,0.015904606942211,0.875076593842825,6.30457740795155e-05
0.8,0.88753354460205,-0.653706016394571,0.0135226151434286,0.908711617754044,5.02507570116167e-11
0.8,0.793795637995532,-0.866345660871611,0.0181751089888417,0.893074770272258,3.26930217868461e-09
0.8,0.829689015639723,-0.763991725328446,0.0112830016328874,0.922257237623012,5.4096761945452e-15
0.8,0.756487474367478,-0.885509353904434,0.0126521471218077,0.913100770102783,6.20748745321724e-20
0.8,0.794415552441722,-0.864051719731816,0.0135438013323147,0.903852000586111,3.57998982618577e-14
0.8,0.817249970508331,-0.854429529105791,0.0194310497766095,0.883847652457034,1.37973607814137e-12
0.8,0.788563485068064,-0.788684186319732,0.0190973733915889,0.883749547721814,2.12116186245562e-11
0.8,0.742084755842956,-0.898950631144197,0.0149476118174459,0.885244455213048,3.88464643597572e-11
0.8,0.691488851851035,-0.919849700600167,0.0151615145654818,0.879206121247286,8.26121201615185e-07
0.8,0.914317150314366,-0.713017756233375,0.0157820297090619,0.912367572932354,3.27908419629242e-12
0.8,0.899249671357142,-0.753410354741044,0.0182529968943984,0.89656185204248,3.01465869891321e-11
0.8,0.724551655591495,-0.947536799205182,0.0180058104433852,0.878091496969117,9.83893973186881e-12
0.8,0.774976785443358,-0.888357873587919,0.0120740650976086,0.911527100408973,2.53878836606412e-11
0.8,0.862456924160035,-0.824961080274921,0.0152430383677034,0.911937035565424,9.10123808240186e-10
0.8,0.770367931777047,-0.908085882803152,0.0116361384337003,0.917698707304251,4.32034478127001e-18
0.8,0.845599436540196,-0.776344786585312,0.0114201493958979,0.928019153644671,2.33292073284335e-11
0.8,0.888986077301798,-0.719001542180888,0.0172623806209855,0.896561105347822,7.27109590233197e-09
0.8,0.78044354716501,-1.011326256113,0.0185110887500625,0.875798337550704,3.83833142274896e-09
0.8,0.771558776978592,-0.85263114623516,0.0169673898024802,0.870940790930146,4.59558181080856e-07
0.8,0.85019510825555,-0.837310826024705,0.0109442330534773,0.930521874077959,4.99248698601266e-12
0.8,0.730573738557856,-0.917078800810153,0.0150113935803002,0.903543529149582,1.81190189440063e-17
0.8,0.763130884075314,-0.903584553930787,0.0182917668437366,0.879122497872524,1.81699150039126e-12
0.8,0.8743945358274,-0.72610455322228,0.0108399336821895,0.926748407176205,3.69445555268067e-13
0.8,0.843036848590815,-0.740389200009815,0.0203583033158022,0.869431507717011,3.06790974091927e-07
0.8,0.800540902742983,-0.867338019299436,0.00760479761447325,0.94780134665505,3.86854679173935e-16
0.8,0.833145661431631,-0.862654211765153,0.0200054150115934,0.876529671984951,9.92549971284044e-11
0.8,0.522379560751673,-1.31660939487653,0.0201362790222841,0.869561927409423,3.54254951046761e-12
0.8,0.88101648336137,-0.729753240348453,0.0212790646774319,0.875283665403368,6.1469397340445e-08
0.8,0.835541430960081,-0.758944709185634,0.016917276422395,0.892897644299962,1.67727100520992e-08
0.8,0.839324362711652,-0.780429639842605,0.0156150185928478,0.912585950597844,6.68168399635008e-19
0.8,0.836133354156868,-0.733890358153168,0.0133967521141955,0.903914678563116,1.29408476302395e-08
0.8,0.449731340975926,-1.32667202831892,0.0200636357180052,0.869397003071848,7.72630518735862e-09
0.8,0.666234252405191,-1.02115851898843,0.0160468963392417,0.871826877547369,5.78956832235619e-12
0.8,0.715343328592105,-1.07795772016128,0.00795578202251813,0.954125571758307,9.16959550795994e-23
0.8,0.783241793216964,-0.872729397974112,0.0137218691595689,0.907707759238093,1.25289594262833e-16
0.8,0.822134292834412,-0.883152357436994,0.0157052325648511,0.902363291956726,1.93317724991926e-12
0.8,0.796270916250606,-0.932728218568107,0.0160751979791977,0.898246512957157,5.43232991510335e-13
0.8,0.790210629163615,-0.765156985580633,0.0140816083655828,0.886556272836622,0.000443508472637733
0.8,0.763340197019367,-0.841208800388076,0.0107423805751474,0.921223000672297,5.79496530236862e-17
0.8,0.865443674051542,-0.720587541350756,0.0152191558869563,0.901080939686924,9.28594287643288e-08
0.8,0.80180874686728,-0.809222590118704,0.0106383137739571,0.919246620471485,1.48985814627349e-11
0.8,0.801823464041522,-0.819358038466193,0.0144831546581374,0.906718960754171,1.67466356409951e-15
0.8,0.882370893677324,-0.993621045369307,0.014687193740079,0.898938189558695,1.33768396486927e-10
0.8,0.799465409737831,-0.846658971088722,0.0133555227962924,0.916239832619095,6.4775513197043e-18
0.8,0.782434480127431,-0.838157388053733,0.0142577704486604,0.887940438012132,0.000176611569078198
0.8,0.803437579218724,-0.855797676401363,0.0132183075483516,0.915598258192358,8.84372555640235e-17
0.8,0.852399269786366,-0.723260388800594,0.0150484869958599,0.899826818440203,7.69984029434912e-09
0.8,0.859100210064349,-0.760967382032967,0.0127452307894762,0.915684605834485,1.37931350996396e-12
0.8,0.905449010213074,-0.709646811918542,0.0215644509265218,0.886545881770172,1.8769522464157e-09
0.8,0.571002358030269,-1.24435569625197,0.0178213958236144,0.894312313290974,1.59534790252977e-12
0.8,0.802205931319066,-0.776295213017185,0.0222951562251674,0.850089496890875,9.92867336234362e-07
0.8,0.783999236451704,-0.861116606747481,0.0145365404985487,0.89498036333473,4.34210212946094e-13
0.8,0.822407610631286,-0.7966833783644,0.014474023358884,0.911204685641613,6.9250260957945e-09
0.8,0.756474418601499,-0.871257312501297,0.0166252160766812,0.875089210940424,2.9654784803497e-08
0.8,0.631558977498396,-1.13616992849776,0.0131833895627472,0.912695238272213,8.1583660457982e-23
0.8,0.831900501388047,-0.769953584436623,0.0236982093262134,0.865734974035264,6.01623087776011e-11
0.8,0.665999831156708,-0.966630364898873,0.0143055264069203,0.891985206347628,1.47570720603257e-16
0.8,0.907844316097621,-0.665742326397949,0.0165368876494591,0.905606026903627,1.38401080103503e-10
0.8,0.582847515198538,-1.19059758697809,0.0229538094851423,0.844397525928339,1.2655363161625e-05
0.8,0.775754681670325,-0.825363771463768,0.0179710677268387,0.8689567045345,2.58691917364187e-09
0.8,0.786843000319504,-0.869994923828674,0.0128550977442962,0.921465056300322,5.96545506119327e-19
0.8,0.875109143106467,-0.719227431946532,0.0175831445986005,0.890956245314582,1.00345522867189e-06
0.8,0.805743050160829,-0.848907800368935,0.0213643318739487,0.86331485360927,3.75613767156666e-10
0.8,0.83882949091275,-0.827255843471124,0.0162793539761195,0.904152272473221,2.60221786119235e-12
0.8,0.820459414288083,-0.831366110131901,0.0179218171358948,0.888160405012017,2.23448736048755e-13
0.8,0.796039277122468,-0.76958280609868,0.0183756679478936,0.881013218508081,5.03211689856698e-13
0.8,0.824414790053378,-0.808465640915123,0.0202819453584078,0.872367376288778,4.77555033315034e-09
0.8,0.842392854395317,-0.746124505510216,0.0236131982051812,0.853453616798969,7.39177989624392e-06
0.8,0.745553613288284,-0.92395645771376,0.0146314336237515,0.903228350704203,4.60282118914768e-05
0.8,0.818871906554428,-0.773626298347875,0.0158670924718173,0.901547495369196,8.03290703029215e-14
0.8,0.811437534561072,-0.894372591128087,0.0149545211443222,0.907506015308076,2.081461754148e-15
0.8,0.798917653877495,-0.840161781676386,0.0175750425192332,0.890450932597727,3.86269337903914e-12
0.8,0.263357902263428,-1.71774132347694,0.0197930827756608,0.851262770139841,1.34120616821779e-08
0.8,0.801119150259757,-0.819691462420983,0.0139735052181836,0.908254684771236,1.18700533914249e-15
0.8,0.728758624446616,-0.934243808990206,0.0158123460899118,0.878348500425727,3.08382264288357e-11
0.8,0.792617476469595,-0.80748430920431,0.0151635529846911,0.893934230744318,1.15356664084481e-09
0.8,0.835640607004461,-0.749821277430461,0.0156585608680878,0.900782278313653,1.25169157622099e-09
0.8,0.744550313615066,-0.940433610214748,0.0186996517709364,0.888447657896701,4.21823841146797e-17
0.8,0.883549569568575,-0.701094190043168,0.0110100682203861,0.931945324926327,3.37518683367874e-14
0.8,0.776478457237928,-0.915426392814523,0.0140895480362656,0.90525020897366,3.90042567557634e-15
0.8,0.40397901594064,-1.46761956004998,0.0243706982972517,0.846451546724847,3.60390948352038e-09
0.8,0.755192489348592,-0.855665515272764,0.013636670651963,0.906894341512134,3.12045661774912e-16
0.8,0.730324156586838,-0.889068655802048,0.0167482551434152,0.8729479692396,4.60513632467167e-11
0.8,0.786227025987419,-0.853521436109849,0.010252777953932,0.92699432268458,2.83017585019896e-16
0.8,0.766466983126577,-0.908178116687183,0.0210293435768742,0.864216538590343,1.46600976504883e-09
0.8,0.899644949676689,-0.70068214090014,0.0106685395344531,0.940111196224242,1.3040693526699e-16
0.8,0.970875269107098,-0.594807115108629,0.017881146550602,0.908414243117724,3.45667890235702e-11
0.8,0.757053029254749,-0.81471600476024,0.021025997341064,0.857139279369026,6.94337508481547e-12
0.8,0.765265075430795,-0.911046014098206,0.0164023847466903,0.8947983544131,1.91759702099005e-15
0.8,0.857992363660072,-0.701665530218266,0.0131879689996773,0.910964700190326,7.32789558137899e-11
0.8,1.24557210518475,-0.769368759073144,0.0144804198644946,0.915620923542629,2.42821631324065e-16
0.8,0.827684021367281,-0.786154402063456,0.0138765582975026,0.904771155075997,3.90215047197056e-08
0.8,0.764516698439073,-0.871190079878672,0.0141996024910147,0.906303180513247,9.98659751771607e-16
0.8,0.884955979092924,-0.80788178508415,0.0208071974414867,0.865833331620945,1.68670970932973e-07
0.8,0.677992405841168,-1.02959649586556,0.017121153908455,0.889041896425749,7.80440235381519e-20
0.8,0.835084315070034,-0.754858255473064,0.0170120939043533,0.901195238373626,1.47053660668065e-12
0.8,0.703629138500555,-0.936004524028534,0.0166971846672108,0.866600514868592,6.09220758350883e-11
0.8,0.479344622858231,-1.31632733831835,0.014953047630922,0.889511803208387,5.40942933449558e-13
0.8,0.921712385410863,-0.654974414941077,0.0108855930752591,0.938994259674129,5.18662992002271e-17
0.8,0.726235252589541,-0.888276476973888,0.0131318006093677,0.904732528373414,1.36846746221312e-16
0.8,0.907305124417888,-0.651479929586632,0.0158629724454208,0.899417199384168,3.54789196492232e-08
0.8,0.774022060324867,-0.879821051228354,0.0126935449458413,0.914221708990768,2.24449248500805e-15
0.8,0.418580536930381,-1.43195084667609,0.0188261224389834,0.883675487317315,5.67874043429756e-08
0.8,0.835978338133275,-0.797356998240607,0.0156694732197768,0.907039430697802,2.41657436436602e-14
0.8,0.728783170358386,-0.924484080402731,0.0223145057370228,0.83079670727238,1.9077209097014e-07
0.8,0.678058247295838,-0.993334627343097,0.0121759086492996,0.924321071340318,1.40726604603308e-16
0.8,0.87957902578479,-0.748851268856618,0.0119251867206133,0.931803896020507,2.01535874880237e-19
0.8,0.786133818471374,-0.835418759086609,0.0108825645922078,0.922183451374745,3.40285530420476e-15
0.8,0.84522335596364,-0.734941081642365,0.0113552835029403,0.928878168432974,1.32382118566691e-19
0.8,0.871193940270134,-0.690005476153792,0.0207904962460839,0.872102208767687,4.45122691068664e-08
0.8,0.850014379904844,-0.720476774990964,0.0163561771722083,0.898862075531945,1.09143100783268e-12
0.8,0.81820200746086,-0.815295579284254,0.0183727494825133,0.889295666914269,2.36392663877877e-13
0.8,0.662902867437459,-1.07925619042775,0.0152611055574906,0.891918980603852,2.38200628691324e-14
0.8,0.825859813151432,-0.794870264083733,0.0166866698940465,0.89903980085901,8.13319003372558e-12
0.8,0.858085713553905,-0.716934019037596,0.0129157814852104,0.924013634769613,1.90024238135985e-16
0.8,0.870854202581855,-0.728990216528787,0.0157756685325892,0.903051980371717,9.51497790710182e-10
0.8,0.812544962784746,-0.819655865771315,0.0138969441837696,0.909738802597834,2.12482628325146e-13
0.8,0.815092729683849,-0.788773288903725,0.0135543879933791,0.911297017804392,2.6914440306109e-12
0.8,0.70832032559451,-0.963987451935577,0.0148737871870869,0.907486863020342,1.76981264733283e-18
0.8,0.704150819099697,-0.935276436427566,0.013237280869505,0.904169886975191,9.21057162685938e-16
0.8,0.572694780501589,-1.23819491970985,0.0188086167999722,0.871584874898403,8.5815737773942e-13
0.8,0.682042028927187,-1.0430010191377,0.0104307192622985,0.928373436199142,4.63487868443336e-14
0.8,0.690603089302734,-1.10466980609379,0.0135851927844926,0.900771557175952,2.0314928063005e-13
0.8,0.807561837092243,-0.780092114519631,0.0140166629422063,0.901816657175133,6.94699362399676e-08
0.8,0.673609039142834,-0.955663983578289,0.0151933340018157,0.87840784775717,3.20310507614736e-13
0.8,0.94859960868376,-0.597462693260472,0.0170779141873138,0.900939913758256,2.88715248834929e-08
0.8,0.789466540427938,-0.860072114082375,0.0159276353062098,0.909321803385614,1.11899303900181e-14
0.8,0.77558227272465,-0.874172299224288,0.015133638586874,0.908202053894406,1.52680797025977e-13
0.8,0.853601206815888,-0.751944884189164,0.0137429415324501,0.916631683896752,2.50762174719558e-16
0.8,0.661219416090685,-1.02395734039629,0.0161389634100789,0.869184584692702,2.2505742201803e-11
0.8,0.739929333733189,-0.926349242230613,0.0139593650386164,0.901238110187818,5.08507143380417e-15
0.8,0.763859951607915,-0.908212470411937,0.0206749570551492,0.865923898817697,2.55714071084861e-09
0.8,0.857802442738418,-0.765064146648405,0.0111838675923257,0.927965640384973,1.01063135232255e-15
0.8,0.597134757323531,-1.1634996986705,0.0198474768331836,0.853743860404185,7.19254910165529e-12
0.8,0.813581150040713,-0.814046771995067,0.0145825339818132,0.901203701426529,1.05803598745334e-10
0.8,0.847696935031402,-0.738834120688902,0.0184871273212401,0.891795958462389,4.0472163915046e-10
0.8,0.708277267123567,-0.941942834843529,0.0134007801208126,0.894420256044316,2.06762791592726e-13
0.8,0.825944370038307,-0.784703309985925,0.012569869630944,0.918262759024545,3.70722410029859e-14
0.8,0.838273123713621,-0.758490288032429,0.0156564005344712,0.903797356980412,1.54998241101109e-12
0.8,0.689678712031932,-0.967898710195431,0.011615597235783,0.914699271441383,4.69254036018174e-18
0.8,0.722172701686216,-0.950359779522137,0.010399381414864,0.932471025473489,8.8990521129986e-15
0.8,0.74421203803186,-0.892259270549192,0.0175126789303525,0.871119741139725,6.73465508742535e-08
0.8,0.825294745757164,-0.77919690504189,0.0162142501955776,0.895488371023993,4.61853679296367e-09
0.8,0.876433133063353,-0.778087393705697,0.0154984517408231,0.902766106412828,5.46127823725631e-11
0.8,0.784875728732106,-0.872724806536437,0.0143602892650126,0.900814076976137,1.04556229391744e-11
0.8,0.846670387827229,-0.797815467328228,0.0101201298309633,0.938157490082272,3.20818296670508e-20
0.8,0.838779521443642,-0.766978103276603,0.0145104095267532,0.912388515301314,5.01967564426987e-13
0.8,0.774963510325672,-0.880456880120165,0.0112678326927287,0.928486804832028,3.08789110638182e-15
0.8,0.826289763497042,-0.768162834755731,0.01454923051474,0.901901749385556,4.50621670456588e-14
0.8,0.736792233219006,-0.882775903250642,0.0153195123873476,0.893750194464734,2.13328287377145e-14
0.8,0.866268365286718,-0.651045486547455,0.0186312693046945,0.876841414796651,4.61073814024697e-08
0.8,0.83024211416476,-0.787644762725104,0.0139124676485811,0.918159162625714,5.1952007339353e-19
0.8,0.801190634979451,-0.921499704578021,0.0157331350613885,0.910906552912222,9.75577733665114e-19
0.8,0.844032542926224,-0.791444485962077,0.0139701057928361,0.922920018929806,1.80621607185196e-12
0.8,0.78878665559084,-0.897178506401098,0.0118959877959995,0.924238252936038,4.96091210080837e-16
0.8,0.82705923671997,-0.837184786312751,0.0140737805635703,0.909848650039231,1.02726629994693e-13
0.8,0.820734613323251,-0.82820814792724,0.0201478650377571,0.872399173095243,5.88243690454321e-10
0.8,0.697092634338553,-1.01856596891536,0.0164753777956677,0.887672598506153,4.3314668145856e-12
0.8,0.880152361530273,-0.756933822158009,0.014757285653822,0.92410455848422,1.04459484991369e-17
0.8,1.37210356353873,-0.847590728828976,0.0164826262388625,0.90528848788257,1.43581369799712e-14
0.8,0.890064954360348,-0.750943120216454,0.013026451423067,0.911598561504696,7.48195562842662e-10
0.8,0.814549306295441,-0.846396121605014,0.0170345409973478,0.890218688824135,2.12501938775799e-10
0.8,0.825688480929109,-0.809965553272059,0.0126609446421337,0.920882472276456,9.71000925168134e-16
0.8,0.672176784690563,-1.06711121268068,0.0217851536764568,0.869296353335639,6.1260964679947e-11
0.8,0.842010730125887,-0.745959722118384,0.0135721311093463,0.913357314736786,1.04088224412716e-10
0.8,0.808224009428345,-0.794624392889815,0.00870739572666539,0.935965939694526,5.05160047864725e-18
0.8,0.906592644196526,-0.71804815195942,0.0167626441287521,0.900842681562315,9.63027715408168e-10
0.8,0.694350240989493,-1.04056991082762,0.0139564271382242,0.907016588985124,4.57714568070025e-17
0.8,0.73464442465014,-0.939526046231233,0.0116267110828174,0.908804578011727,6.95740347302177e-16
0.8,0.70809501068116,-1.20700349576271,0.0120810593265827,0.913271568017563,3.50683297021628e-20
0.8,0.780233929895306,-0.928842529978103,0.0116797371414533,0.916514658028308,2.39217695058425e-06
0.8,0.786825609088392,-0.826794051762153,0.0182750933554988,0.877477080659905,7.50168501216464e-10
0.8,0.922535970549037,-0.813722786916749,0.00994307726131659,0.940242549745078,2.9540118845913e-17
0.8,0.811887991530596,-0.815825427615638,0.011764870763873,0.916849585465745,8.1357124819932e-13
0.8,0.710765932742587,-1.02929576714697,0.0178692318909594,0.884023694957479,5.45263068601481e-13
0.8,0.919935580579214,-0.665461813258855,0.0124822729834339,0.926003061385648,1.57270199118066e-13
0.8,0.746625001187906,-0.967622678267137,0.0151268393353384,0.892577789249967,4.08145372209134e-12
0.9,0.862010892981271,-0.81654431138263,0.0105449782356144,0.934957865925841,3.34864823388508e-17
0.9,0.926768294714003,-0.710025128343809,0.0128548096862673,0.928853232021907,1.56817408757179e-15
0.9,0.9169210332593,-0.676727434339765,0.0143696049586114,0.921659522653371,5.64299066044394e-14
0.9,0.830643519910822,-0.749041478012831,0.0170974573200243,0.893878946075479,6.40534355530595e-10
0.9,1.00175142596218,-0.672689071660689,0.0141423702548587,0.929983153028244,1.30431284552143e-15
0.9,0.892325611681757,-0.754921933692448,0.00761677523728132,0.955846219331112,2.7031283652884e-18
0.9,0.631257067846891,-1.11678182997147,0.00960566404926013,0.927837553582361,2.09128891128512e-17
0.9,0.9698590163354,-0.725650627182649,0.0129420762931916,0.935784562419425,3.09118560267853e-15
0.9,0.825663778209461,-0.835004952676838,0.0107481742404844,0.924543635018112,1.30667172256805e-14
0.9,0.447730331190121,-1.48698458184338,0.0232209106010156,0.857988972331443,8.67354096363641e-06
0.9,0.919693012836831,-0.812509095684063,0.0125892307952456,0.926861131587204,4.10966786625674e-17
0.9,0.707470445921477,-0.979821682487928,0.011113906200328,0.922326573309171,2.02174121289674e-15
0.9,0.906239693718283,-0.684198742128265,0.0126392986465871,0.926841588633507,2.72945724990097e-13
0.9,0.853338765392999,-0.771521853811573,0.0181843037129593,0.901847146869851,1.56004697939617e-12
0.9,0.898627177932701,-0.729642995593223,0.0123763324990222,0.929318172203481,5.83401490158323e-17
0.9,0.898332744776428,-0.780088099724571,0.0128816386735341,0.923084598352245,1.75465906574067e-14
0.9,0.848418875935656,-0.781380636178377,0.0123213177975342,0.917359450250915,1.15826029813816e-09
0.9,0.818875982756089,-0.798234895148165,0.0149506453137791,0.911187260897256,1.74020506939611e-16
0.9,0.88975617878886,-0.789409734164859,0.0152663495293707,0.917399352432744,2.24911269498372e-14
0.9,0.976383966950743,-0.65593308294722,0.0144453089563853,0.929419884172939,4.81788438481112e-16
0.9,0.982863491677724,-0.592487850552479,0.0161234765838977,0.915969020156896,2.73275418030937e-10
0.9,0.739702834398836,-0.948271975909238,0.0160879022383433,0.911026189657824,9.4458231038013e-18
0.9,0.980316622715711,-0.774116587500035,0.0115898007891344,0.942582310891336,6.8985053454575e-14
0.9,0.815928858877512,-0.941146048088194,0.0133914920802633,0.927051693885718,1.18298333613441e-19
0.9,0.885232597442294,-0.754033422287422,0.0168879473622723,0.901641701606274,3.06161414608399e-10
0.9,0.692856833383839,-0.998797390348374,0.015813427261619,0.904211110519749,1.86643777957716e-15
0.9,1.04590907508954,-0.700540962650825,0.0111203558605366,0.935795690405533,2.66982612097731e-16
0.9,0.845942434803279,-0.7549183486228,0.0135237322505273,0.918853524409854,3.71033842191e-14
0.9,0.88776097866991,-0.787177331633786,0.0184951053870041,0.903639404653655,2.84756544533642e-13
0.9,0.926130704531295,-0.704000581013217,0.0182713230648817,0.908331621698328,1.47274741023022e-14
0.9,0.841193091510343,-0.806342541270674,0.0172507749624531,0.886492922295749,2.23014485808449e-07
0.9,0.958946867558646,-0.647684250229422,0.0131174386017897,0.932300024382331,2.11930863576094e-15
0.9,0.909767546133272,-0.731773851851736,0.0210006274048496,0.888157005290165,1.72010811256495e-06
0.9,0.963534159703706,-0.633645603264802,0.0157252085684579,0.916543668728969,2.10899473294853e-11
0.9,0.895904936954444,-0.751444019317066,0.0144130651606031,0.921130235352002,3.46590222501097e-16
0.9,0.943247723004056,-0.65539408042624,0.0140290872593591,0.924092310101379,1.73002748587303e-10
0.9,0.928745795664156,-0.729801856415346,0.0116467764369549,0.932594615709315,1.32563099947264e-15
0.9,0.872147880271622,-0.807802717813103,0.0118745639912892,0.925974515102327,1.76229706550521e-14
0.9,0.837231920884271,-0.930745838012571,0.0267409866179296,0.874041312479719,2.90240455580813e-05
0.9,0.965890678550803,-0.688588524216144,0.0190521691573357,0.904865042571699,1.2715000311993e-10
0.9,0.820277572751722,-0.817580057014016,0.0130443428843818,0.920274147305267,1.79907492417138e-15
0.9,0.85492528652632,-0.819883014808116,0.0175125163387128,0.901203572964475,9.92068568910222e-13
0.9,0.806528993065685,-0.885127227347304,0.0189866362791192,0.884784083381618,1.44659670027793e-12
0.9,0.974082863353287,-0.616989378322424,0.0172049769672586,0.908980033212472,2.68542482768982e-05
0.9,0.910295388208137,-0.772074347260692,0.0137596732658955,0.918839694188978,1.92871442093626e-08
0.9,0.779619580900011,-0.879478545153604,0.0142630605810067,0.908785447806157,3.23824211416966e-16
0.9,0.986552882737444,-0.63476629261826,0.0146105594156766,0.929185711523825,4.11385200567193e-14
0.9,0.767536195608005,-0.933191468213809,0.0172120512704728,0.892512710240919,6.93894740410861e-15
0.9,0.789360121037759,-0.946125355010196,0.0176419647352232,0.893186852705434,1.22296611666518e-09
0.9,0.879038426091719,-0.659721249817494,0.0102922891580642,0.933773322196315,1.67521710417033e-10
0.9,0.854532602694122,-0.825353338571825,0.0114524583800442,0.924034602948325,4.35074646880058e-14
0.9,1.0611310520796,-0.589729915400502,0.0121492417905421,0.944958539617713,2.71112279766458e-17
0.9,0.873693842591877,-0.741964179493219,0.0151490766518451,0.907767349080832,1.48221706351452e-10
0.9,0.861970456964819,-0.870456345776107,0.0122186966142171,0.934820557944857,3.58210857796263e-19
0.9,0.839125084130215,-0.799778425983684,0.0142342272991252,0.9201325532587,5.57704136289573e-16
0.9,0.892682458552933,-0.785942333965008,0.018292091073082,0.912316792567124,8.95939450470775e-14
0.9,0.600042154494331,-1.32213729047215,0.0178635634515352,0.906610009076702,1.2281917059231e-14
0.9,0.759788075026737,-0.964246227065853,0.0165781847410446,0.911346390533045,8.31533987745684e-13
0.9,0.83365317154312,-0.76051894977289,0.0148595673857209,0.914086314563352,3.19248697504765e-14
0.9,0.953080789373666,-0.720590689449778,0.0176310765603849,0.911418016688674,1.94504504803715e-12
0.9,0.952093449774342,-0.737034866580009,0.013422191741957,0.933469928535861,5.82070570463455e-19
0.9,0.801390679106094,-0.890428888164381,0.017632715254115,0.901482512987311,4.77906015227797e-15
0.9,0.928969978585949,-0.685349587069313,0.0176527618587633,0.907778683442813,2.90457848095401e-12
0.9,0.946718502851309,-0.697516220085833,0.0140095251647543,0.925821781071549,1.58503781291481e-12
0.9,0.926992956964892,-0.720530817818152,0.0158733159590991,0.913571900259895,2.46605462369707e-10
0.9,0.974709110659136,-0.695060383371597,0.0149422806815621,0.914256620761427,7.78102545854681e-08
0.9,0.769858176311656,-0.900334899862802,0.0144550566503205,0.910133755141782,3.19525785719708e-17
0.9,0.880595394364927,-0.766435625458685,0.0191505428865905,0.898667498911915,3.17738945580767e-10
0.9,0.931798249626098,-0.694670448827126,0.014759930180396,0.914872657964322,8.50673989521321e-08
0.9,0.738450988857775,-0.959959517354466,0.0156298273512912,0.898160807459359,7.90081284541255e-13
0.9,0.946840617244372,-0.72262186933085,0.023022877101246,0.882000472327105,3.40553457512911e-10
0.9,0.977222959439424,-0.721005292725875,0.0105867285085261,0.944220567530167,1.01890657855621e-17
0.9,0.878784740359721,-0.763283567674609,0.0154416980246417,0.917226299537349,1.83547045878989e-16
0.9,0.93857094821163,-0.715716199110436,0.0144864301052564,0.917574069424589,3.89433520077065e-10
0.9,0.926124005531993,-0.686105818793149,0.0130701791940324,0.923305672968829,2.77549672730036e-12
0.9,1.00540804117202,-0.618053791197482,0.0161218246106897,0.918967067334691,1.45540979624079e-10
0.9,0.840614756072808,-0.984784138036234,0.0170010963883761,0.914368951721979,1.7412611901863e-14
0.9,0.972325667985847,-0.651504758269358,0.0161339815465564,0.916243931474141,8.4795666005372e-12
0.9,0.880470262927177,-0.912318213113397,0.0223461640234481,0.886697620677111,8.82230359994339e-08
0.9,0.750505389072556,-0.971774464837366,0.0144131771344629,0.921847989148171,2.35717676239294e-10
0.9,0.927676428665667,-0.668391829076343,0.0201955824272658,0.895275239241502,3.47991376273987e-08
0.9,0.979156730506627,-0.810501288863014,0.0101203787034434,0.944017117511772,1.59165113241157e-14
0.9,0.80467859879626,-0.961058340342112,0.0182533392036156,0.903222245524353,5.31272528076954e-14
0.9,0.908610898088475,-0.815865336695488,0.0167826145706521,0.905983298911092,1.09818685290747e-11
0.9,0.907053864943625,-0.788396026007481,0.0119996010348832,0.93173209985567,1.30835772309846e-17
0.9,0.8644177115174,-0.803978780252925,0.0163023135972919,0.908878002264753,3.51720460104107e-10
0.9,0.883987462783481,-0.748846029054317,0.0186790237029599,0.899155637139954,2.52056073121715e-09
0.9,1.01170210814333,-1.2247387085933,0.0121700853384744,0.935338261940449,6.14021266064153e-19
0.9,0.768316639162908,-1.01498642744572,0.0153394194338355,0.9125064115263,8.72124305391303e-08
0.9,0.961306537215018,-0.659739284949242,0.0136310678924199,0.922575124533272,2.363906649501e-09
0.9,0.897290266124019,-0.704536048735754,0.0201395854241978,0.885663163358282,4.20923231427287e-08
0.9,0.806890770493241,-0.963291883365529,0.0140521887425246,0.89460855416865,1.27853129412298e-08
0.9,0.865437091721851,-0.792714954617643,0.016216926729593,0.900472027402683,6.67286198227238e-09
0.9,0.87475627991223,-0.693307757708145,0.0175629900489227,0.898429538006654,7.91628000180936e-10
0.9,0.872601102809343,-0.771760241757737,0.0220106992381534,0.880020896328928,4.31719330233754e-11
0.9,0.884370051925643,-0.715128835614657,0.0168444270050736,0.904938711751026,3.94973912620337e-10
0.9,0.868384885693797,-0.729377892089521,0.0171878053803708,0.89100410148179,6.03347007453967e-09
0.9,0.998779997302393,-0.590300486443575,0.0162786717922121,0.921893828798354,1.03771921323047e-12
0.9,0.814939955558931,-0.897388182422394,0.0121867671134203,0.929232325180459,9.10146517714053e-15
0.9,0.819391891815623,-0.869385667730673,0.0142040034793654,0.914230426635383,1.798837005185e-15
0.9,0.896274550101778,-0.869361350159323,0.0125264580638799,0.927302262515163,1.16314251743041e-14
0.9,0.928640075548842,-0.72810931815377,0.0149625409584557,0.920524939481708,7.25397007330431e-12
0.9,0.933573435851615,-0.697107649143531,0.0151742714133733,0.912252218078469,5.61223791767057e-07
0.9,1.01777324766859,-0.600558976831707,0.0176571426232309,0.915969110484634,3.7406198629913e-12
0.9,0.891667717305491,-0.843498868811612,0.0212355006860681,0.893950749587337,2.56343303235595e-14
0.9,0.991983400330532,-0.618769017873528,0.0133474926396865,0.926734121743935,1.48857025160148e-12
0.9,1.04304014699255,-0.61115736648441,0.0136458317395817,0.927378070784182,2.0739361161957e-05
0.9,0.822634874227206,-0.858278647401207,0.0129551848277488,0.914921526512141,1.92505889433027e-11
0.9,0.885510942328669,-0.782018588683822,0.0103821173672572,0.941416553457011,5.73928557094292e-19
0.9,0.823740846036178,-0.857755235860693,0.0153543589806567,0.915584732772989,5.25319705212104e-15
0.9,0.989343208227064,-0.67541165038774,0.0184495471731362,0.90475902971806,4.54560795373655e-09
0.9,0.817708901646258,-0.989114827264756,0.0132060612516663,0.926500505888738,2.04188696275862e-14
0.9,0.833211771258567,-0.899106077600162,0.0182919814437085,0.900025277864774,1.46616965120042e-11
0.9,0.937673862959774,-0.680679922125729,0.0186558291338043,0.902738877134132,1.10139138677487e-10
0.9,0.951662901998121,-0.710055227841825,0.011106290523945,0.937099901698111,4.07766058487288e-11
0.9,0.926069774155492,-0.824207504541485,0.0146455464181551,0.917929444287057,9.18971248067934e-13
0.9,0.985857788485801,-0.658083832042762,0.0108027896781714,0.943874208682249,1.32903360738465e-13
0.9,0.855431390625038,-0.821760605444827,0.0231160699985272,0.868170846952099,1.43692626887887e-08
0.9,0.882201526011784,-0.812438441433674,0.0157723829650824,0.915521724047217,1.84486851911721e-18
0.9,0.889889413211384,-0.75334968840954,0.0179679513223873,0.893221400476133,2.2205462919526e-08
0.9,0.953952910430282,-0.629426887501127,0.0182442416809546,0.907822645899943,3.54230195475034e-10
0.9,0.951876033596631,-0.651882735408332,0.0175828561573042,0.904787026849619,3.40369581946654e-09
0.9,0.884806058746666,-0.764592040314232,0.0152577975448431,0.913968217015248,2.65042358037261e-14
0.9,0.889908200637464,-0.843305048214092,0.0147904061640802,0.920273902760464,1.06422552312748e-15
0.9,0.90052149025916,-0.797900420169391,0.0154086080857031,0.926930784207697,9.1422534231199e-11
0.9,0.950084765789485,-0.703900561114948,0.0164942078062874,0.912824113558788,2.60389555790032e-08
0.9,0.912287945604568,-0.670275803109497,0.016126883818028,0.901621223536135,3.83328345675242e-08
0.9,0.937398853434085,-0.688691924073221,0.0176318008471048,0.905202698156407,6.89336705323738e-11
0.9,0.876237734069149,-0.883720119352004,0.008232225942582,0.953733030534708,2.73463739616669e-19
0.9,0.870698798672664,-0.741099135941273,0.0194783891021243,0.878312552089129,1.29559464920385e-07
0.9,0.920752273080723,-0.781686086771103,0.0127976632777589,0.926227343648716,8.36728326746057e-14
0.9,0.917060725273226,-0.735871270981715,0.0124333700747273,0.927581041437147,1.76968012678779e-10
0.9,0.85901924101173,-0.852491965919596,0.01190695209419,0.931602320485664,1.02807683647875e-18
0.9,0.875729943185954,-0.701209976573432,0.0252496074279741,0.865548561488567,7.77220428324541e-10
0.9,1.03914120402983,-0.598518564307712,0.015796404782198,0.921664862072143,1.24089425364725e-10
0.9,1.00548187765037,-0.532335996978321,0.0180695016663335,0.902350598168081,1.45144743450515e-07
0.9,0.864293225784278,-0.765693806824566,0.0156148889968274,0.915427287666243,1.31786183412522e-10
0.9,0.855808590230751,-0.840375712202814,0.0152936722213312,0.921020083317644,2.22202395869575e-14
0.9,0.832636906006957,-0.811128826885425,0.0221049261194274,0.88203172008522,1.7691467988988e-12
0.9,0.815769244301706,-0.870309884011816,0.0194450748219254,0.879465008439925,1.51673046252572e-10
0.9,0.849832057385048,-0.811784998484542,0.0134073524082939,0.920935932721962,1.47867658363934e-14
0.9,0.819653878821293,-0.861980844129647,0.0164130668999056,0.892103149551365,1.12362760549739e-10
0.9,0.863498473348982,-0.837074155533596,0.0101152035918945,0.941548214979778,6.49790291768939e-20
0.9,0.873494815746452,-0.914567061485167,0.0136328011686832,0.917860764380577,1.18807387322041e-12
0.9,0.826673295176191,-0.901954878840148,0.0216505373047289,0.857546062336697,1.57158211804074e-10
0.9,0.843455153355928,-0.780317667651364,0.0203948879851884,0.874514652312682,9.28265331435696e-10
0.9,0.920547344247648,-0.676747391124106,0.0162070599545382,0.912578146440813,8.90976358669074e-12
0.9,0.860740942309032,-0.836716701852472,0.0186080054091919,0.89068070747303,6.09225618098021e-10
0.9,0.885626663353291,-0.725718034208742,0.0186326008012047,0.897369866527619,9.67815515049834e-12
0.9,0.91847036014718,-0.82697585501548,0.0126131496719641,0.93058366670657,2.24016252068723e-13
0.9,0.869983640501486,-0.878175847386404,0.0181834583269515,0.897058908065442,5.30042014871027e-11
0.9,0.865620184811392,-0.740540691188351,0.0187109751850604,0.878944438745931,5.24124120951647e-06
0.9,0.954155645831136,-0.744115096681632,0.0158526339135339,0.918598886751724,2.02107716634354e-12
0.9,0.836142958983641,-0.800565625535318,0.0149761555763971,0.90198306739315,7.48412719684961e-13
0.9,0.987648671575141,-0.683844156742287,0.0126209511410593,0.931426197879208,1.17498220629543e-09
0.9,0.953446709014808,-0.699677720923534,0.0122892817741859,0.933608981186193,4.17408034450353e-12
0.9,0.804513849703267,-1.04336353927099,0.0184227977071564,0.906239550341525,9.22372855781515e-09
0.9,0.88381920771523,-0.707678338577826,0.0169382643245698,0.895400483436289,7.46868610280114e-08
0.9,0.849951325444755,-0.857766494175189,0.0233026651296331,0.865751339567228,5.73833813049011e-08
0.9,0.939023433897584,-0.5997743213643,0.0173488931142609,0.905240380018734,1.62650347455673e-12
0.9,0.911821325818861,-0.727441867014686,0.0180329392046613,0.89954975865578,2.51735814448892e-08
0.9,0.816659016504839,-0.90881482621274,0.0133136720728027,0.91804034380163,8.97379481148845e-17
0.9,1.02715884824688,-0.558560660246286,0.0202329021715292,0.911427848944488,3.31049928725155e-13
0.9,1.01482657746509,-0.692272598159717,0.0127810976678929,0.933366711848008,3.9261963251465e-14
0.9,0.994916826597576,-0.655948214039064,0.0139309504222768,0.923256523385094,2.38441189915365e-09
0.9,0.87240736728389,-0.730280889476452,0.0175405435850483,0.90010445202382,5.7987874268517e-12
0.9,0.69973084268779,-1.16338323757878,0.0223096268424536,0.886376055966818,3.03695508057196e-13
0.9,0.45155922136526,-1.46925750222763,0.0166174581574062,0.90879592108804,1.0295843567386e-11
0.9,0.964549148502299,-0.621414953130896,0.018768347619991,0.897236664462414,6.97989907848831e-07
0.9,0.914137409806091,-0.732509718273703,0.00869930597890306,0.949840386556035,2.58685252105168e-14
0.9,0.957051421339505,-0.715089558749211,0.0190367804468187,0.901647572686099,3.17100663356519e-11
0.9,0.874293531381318,-0.786509710051134,0.0145968101302069,0.916024363420558,7.44832936486555e-14
0.9,0.882646974779304,-0.797178884449595,0.0108239454792475,0.937626987200624,7.02078731921377e-16
0.9,0.905158213247461,-0.75233109787192,0.0133872384715399,0.923194968099079,1.19688688907077e-13
0.9,0.789339228198453,-0.854801570199882,0.0156259202722077,0.899783828000401,1.06325345378002e-12
0.9,0.966658542319251,-0.649272191638711,0.0172527099601047,0.918583457836116,4.86057945024607e-15
0.9,0.851256540305459,-0.806134694240934,0.0150088806553624,0.914832426161584,5.1265366933826e-15
0.9,0.825765893654066,-0.780913152383542,0.0142836291438555,0.904563762052923,4.15639567666904e-10
0.9,0.778355873469688,-0.970229283159621,0.0203056348393526,0.892241413432404,7.339656460455e-08
0.9,0.819082861503516,-0.856009360946315,0.01450519158483,0.91165240942117,4.75110455991942e-13
0.9,0.969837295943802,-0.660062188435503,0.0159386219313497,0.907961890458538,1.08534139502892e-08
0.9,0.554155225678844,-1.32753712254019,0.0129208681786883,0.928469846991808,1.78485407585036e-13
0.9,0.88011802995061,-0.812292905409568,0.0142379106878476,0.911899535933643,4.38893948977847e-10
0.9,0.894985463139146,-0.773767181598098,0.0153507484203372,0.906367297027161,6.23016254734342e-09
0.9,0.885275449623103,-0.77630107585741,0.01632584283759,0.906108631096227,1.27564424736205e-10
0.9,0.900065093678525,-0.761053276610165,0.0199521910475444,0.891522964082514,2.46045809014235e-11
0.9,0.522224758369357,-1.34564705324421,0.0177092877654245,0.884149226930008,7.7135622060029e-09
0.9,0.876105659738368,-0.814072653938888,0.020889811130024,0.886386636186278,2.507451963003e-13
0.9,0.860869098257021,-0.811602556667245,0.0154267453209674,0.91776765682577,1.34761001769411e-18
0.9,0.616442544017608,-1.16666615555368,0.0203686318170152,0.890433699574032,8.46977222014821e-10
0.9,1.07077217004605,-0.636431121188554,0.018615201272827,0.888767377638677,0.00482820177433775
0.9,0.880544845625156,-0.784341060011537,0.0165289541778637,0.907743465827578,5.50152406751392e-10
0.9,0.893066778784715,-0.964147224412156,0.016464113759771,0.910577121692595,1.9931565833629e-15
0.9,1.01441759116151,-0.542040117554154,0.0146648658609544,0.925203243903069,1.83615844068529e-07
0.9,0.727828653568727,-1.19069675480239,0.0184593439577757,0.902725303750312,2.28104924029113e-07
0.9,0.960477218463927,-0.698056603823018,0.0196874355366018,0.889194972296366,4.03007492961649e-05
0.9,0.882043956627427,-0.823910959980628,0.0137324907740101,0.916911754018875,1.8704836369073e-16
0.9,1.76804562724895,-0.473507855447978,0.0139977841559287,0.910579611517768,2.69897446110396e-11
0.9,0.889044140468028,-0.858845589198998,0.0145770041935762,0.903170674430859,0.000138662691583948
0.9,0.929074562433118,-0.677289815949964,0.010916969639241,0.937791048438719,4.47221021287616e-17
0.9,0.972244425470868,-0.717111096853363,0.0154927648729563,0.916993790779277,3.79442259268003e-09
0.9,0.950344088196798,-0.689545354065015,0.0143836023201956,0.927136461766763,9.31012062677348e-17
0.9,0.810904104694105,-0.932889954299873,0.016325794853529,0.905206272548834,8.24193646435137e-15
0.9,0.959826163108945,-0.674367058980236,0.0122579804014597,0.933964701535982,2.48072581826626e-12
0.9,0.899309597758674,-0.712961554976574,0.0198992936957905,0.893751692796978,1.05488197804253e-06
0.9,0.838265385854379,-0.828445286102142,0.0189383237563736,0.905414493514624,9.946782684385e-13
0.9,0.886525191388824,-0.788507843204723,0.0211133567505885,0.886073027854556,5.48651329680016e-05
0.9,0.979775433651165,-0.683310511646114,0.0178221899691876,0.913405622753668,6.08722161823311e-13
0.9,0.893186887541772,-0.791362413839622,0.0160149856646902,0.916203064674039,2.86645982889737e-12
0.9,0.924495803751385,-0.695746489753302,0.0142066612044398,0.915036930309032,6.61751802276328e-09
0.9,0.945012089378393,-0.749982741431463,0.0162925398963181,0.920175357241264,8.65576137940084e-13
0.9,0.943593279220451,-0.640520174175362,0.0152785140486532,0.923575800058931,1.51103924527507e-14
0.9,0.996780778432605,-0.695634966150135,0.0191717769634037,0.897188401409478,5.41352684934364e-06
0.9,1.04510328725094,-0.554720490175842,0.0167072746335997,0.921237349604186,4.41558302502804e-10
0.9,0.918221006457364,-0.81238306031137,0.0140843241254377,0.923818436627759,3.30775672204554e-11
0.9,0.86122157060139,-0.80308371788837,0.0175219901212942,0.892713581751972,5.31696125264239e-10
0.9,0.740307852761878,-1.17653769231118,0.0163399802966784,0.914047125715922,2.17418293239761e-15
0.9,0.831071987559437,-0.919400012091223,0.0106971370088292,0.941418545541191,1.01271738035019e-20
0.9,0.935084717414676,-0.690757536714629,0.0137932581813153,0.92527568976573,2.10424161639561e-13
0.9,0.953613652699971,-0.705475676355339,0.0132028012416011,0.92473862664888,1.46709798249902e-12
0.9,0.762429925280979,-0.995687640672765,0.0174039128036604,0.900480173420189,1.52217674941264e-16
0.9,0.957634652181232,-0.678152444989765,0.0175393418466166,0.906425199247745,6.84997985789297e-10
0.9,0.86969806402774,-0.783783257929358,0.0162767519755658,0.908628385289015,1.95658930355991e-11
0.9,0.80144335788779,-0.846917039347387,0.017004522873027,0.901041137230718,7.75845606725383e-15
0.9,0.848528141255788,-0.85670786898288,0.0155917705372527,0.904976568218807,1.17249134496591e-12
0.9,0.793524191622001,-0.950114732644372,0.0167342740769144,0.891294357245731,5.85363460359519e-10
0.9,0.839679408981584,-0.881905378115929,0.0166383831525596,0.902335557135409,2.28519738934547e-10
0.9,0.862706977224056,-0.855049633700091,0.021179260542329,0.882770751681772,4.60161010713276e-12
0.9,0.843207581587198,-0.887269484193092,0.0162835675752459,0.908444660139258,3.35036304511587e-16
0.9,1.15476359911659,-0.656450902821684,0.0135633274089992,0.932335438383613,1.07309685777013e-11
0.9,0.922380771843279,-0.690639257540575,0.0166337601749453,0.905652169246938,1.2295629920561e-11
0.9,0.933346503542547,-0.783881021979573,0.0095981331945102,0.945137190518088,8.44579506643596e-12
0.9,0.850822832488963,-0.735634126557417,0.0162671288094715,0.894586238709386,1.25218862823548e-08
0.9,0.883875914635595,-0.794604140867234,0.0164729351512088,0.911754645312203,4.10677126274329e-15
0.9,0.93789721630563,-0.704787128554088,0.0183888511670643,0.894544590890668,1.35347211207037e-06
0.9,0.94478343187812,-0.639649243676607,0.0176612245084175,0.903104051079165,3.58008037776427e-08
0.9,0.985545334657969,-0.628219482798264,0.0125888876304717,0.939569658001066,2.99875523894814e-15
0.9,1.01652144559801,-0.628174109926008,0.014233044649145,0.928930401525619,1.99369198778222e-12
0.9,0.874114950451934,-0.838086344711505,0.0168681347196754,0.912119758330564,6.35271910856389e-16
0.9,0.638174198161277,-1.18184031079797,0.0148191290176817,0.914562921124263,3.23824804815462e-17
0.9,0.916833442036005,-0.840457943867398,0.0135336269869709,0.92390275429675,3.57956828048369e-14
0.9,0.900543148715812,-0.689406025214562,0.0182342711202246,0.900557571541265,8.76513879341229e-13
0.9,0.914595103886478,-0.788984478538928,0.0098807361422738,0.945310248915383,5.48766961451305e-20
0.9,0.866840726770431,-0.882501542708595,0.0158032354982385,0.919431915974435,1.51823192452178e-11
0.9,0.775038153281054,-0.897755663283092,0.0108126943282044,0.937503709548957,1.1329894187072e-23
0.9,0.87292379255975,-0.729500511523131,0.0126888618788278,0.934166194080037,2.51544510773411e-14
0.9,0.915978324695998,-0.724142776968899,0.0159450789282034,0.911522961572171,1.08503461594936e-10
0.9,0.934284367482586,-0.709148591709376,0.013280525243511,0.92789704555148,6.72805082283092e-13
0.9,0.767094234211829,-0.977594944797113,0.0199254081964674,0.878275299504928,1.46203982164863e-06
0.9,0.84457751702737,-0.847458946018939,0.0106169532510499,0.939809353304797,4.58908399654982e-21
0.9,0.890345945326257,-0.745500416734773,0.0128349768230672,0.917878193146526,4.47049794585546e-09
0.9,0.974487281089706,-0.639449374238788,0.0184212516373059,0.907192969509473,1.3087514266866e-09
0.9,0.846696542162494,-0.818782942660574,0.0239398095242221,0.851984844554423,3.52799243277631e-06
0.9,0.850205082321474,-0.839367619021421,0.0143757939831948,0.916101767809985,4.17016807788735e-13
0.9,0.891814598101589,-0.689349394883174,0.0198358940308313,0.883274420075025,1.05209452673294e-07
0.9,0.92483299874283,-0.839846418980425,0.0136591788109834,0.928317497811443,6.8945631184335e-17
0.9,0.980128327123548,-0.661321889433541,0.0198699785302488,0.902984601049235,2.09017480766779e-08
0.9,0.901778011567386,-0.738148845202092,0.0173301333206252,0.902495016942912,2.13028986409779e-10
0.9,0.969471092166565,-0.66735751152281,0.0216883005544717,0.896549937092573,2.8125954156126e-09
0.9,0.945676917821664,-0.717807952084095,0.0201896263579255,0.899966832958309,1.07384881107322e-11
0.9,0.900639014485564,-0.751182734371999,0.0174554193065277,0.90582669627163,1.35373142461516e-10
0.9,0.919710334400786,-0.800312855091407,0.00655765296390384,0.963406167994429,8.29663874900979e-22
0.9,0.913312874638627,-0.657689793331431,0.0132717155904619,0.929744499427936,5.71799188359463e-16
0.9,0.914700397807805,-0.749101541030903,0.0195944402859281,0.89611240921609,1.82279769281984e-11
0.9,0.886378636720274,-0.740728246330103,0.0134693568733672,0.925548546132958,6.064728155608e-15
0.9,0.865535744494812,-0.720268242412718,0.019425670896359,0.890281378951477,3.01165645034172e-08
0.9,0.764527563809393,-0.892268593556941,0.0178860203493358,0.873845609716142,1.12633872105606e-11
0.9,0.808290262932605,-0.906259423440737,0.011144392341968,0.934174249044863,1.67755748232586e-17
0.9,0.90363922617678,-0.709082356396519,0.0133908462581391,0.924340395381465,6.23960650374578e-12
0.9,0.849817104940035,-0.824486879449285,0.0165268818806465,0.909109701678733,1.00934789512589e-12
0.9,0.850595530622865,-0.833583621046098,0.0121713321176658,0.924454446584635,1.0456671238993e-14
0.9,0.902771640612288,-0.761222161472114,0.010287951749789,0.942715890175763,1.42768311528225e-14
0.9,0.898886554373937,-0.751442601472658,0.0116021623119738,0.934673626870856,2.79738548414348e-17
0.9,0.846874958761633,-0.824755496324147,0.020363423951238,0.891092015012338,3.6958815093485e-14
0.9,0.979488197165097,-0.625296738590295,0.0170173165668918,0.916981287818537,5.77903155021736e-11
0.9,0.788540829498075,-0.918870493603102,0.00954262175460813,0.941772032926447,5.56009650618429e-17
0.9,0.946331767736463,-0.662496106033562,0.0151221205126027,0.921180835832383,2.71731194744722e-13
0.9,0.996734718428171,-0.710031933927023,0.0143853271951172,0.915760248308043,9.29866692621557e-11
0.9,1.00137448608552,-0.664954250387172,0.0164293170742439,0.914741125412013,1.04639328778561e-11
0.9,0.906836883150017,-0.682762212925727,0.0159270719164498,0.902078327793848,4.54145448721717e-06
0.9,0.936471030620417,-0.720215956995239,0.0151660405780949,0.922610606633551,4.05052328391852e-13
0.9,0.933372154575577,-0.710934329558952,0.013925053066632,0.928825122987103,2.71695113635708e-15
0.9,0.819389233192347,-0.881514110787076,0.0203663994608888,0.901858762124047,2.12162509593541e-17
0.9,1.02908525626995,-0.609395483090538,0.00764051136525517,0.960846442328104,3.45337323762245e-18
0.9,0.904333578785144,-0.764529281847021,0.0161987862880898,0.911629010831164,3.60730691030651e-11
0.9,0.761349147132913,-1.05584490925386,0.0141189537208856,0.924144430188156,4.89371306237254e-15
0.9,0.96369081608331,-0.75093169511602,0.0121868482957886,0.937823237182266,1.80755221539181e-14
0.9,0.954472100515992,-0.67584505775817,0.0101387683317029,0.947899532400172,5.06237876258623e-19
0.9,0.929181698230343,-0.741319789266145,0.0125991672387241,0.928523307776472,1.75801242077567e-10
0.9,0.898773656729979,-0.72298484519491,0.0163029270150361,0.904440223311805,2.31442841126762e-08
0.9,1.05909346441546,-0.513775318538076,0.0114497185633381,0.950925936589103,2.63684582262452e-19
0.9,0.98861965358728,-0.657938522612615,0.0140392764735059,0.930875276767796,3.34489657378726e-13
0.9,0.973946764827563,-0.725316160555006,0.0190924414481107,0.910621267167984,2.07483535525392e-11
0.9,0.826036602133226,-0.805752566171717,0.0149748018018664,0.909651682757482,1.29041280489615e-14
0.9,0.997992994419,-0.610019562927695,0.0125952284892688,0.935744109943308,8.59361401166585e-11
0.9,0.961055856711066,-0.696612954708691,0.0162996826705629,0.921169568354239,1.1271431813158e-10
0.9,0.903007440715538,-0.726406204002585,0.0166898769097942,0.914886188489058,2.20182625480299e-15
0.9,0.967277629234782,-0.697699913645856,0.0115237660400307,0.939375937377755,3.3303945880478e-17
0.9,0.698172092906336,-1.07297574181326,0.015996217582796,0.909778996386827,2.49391896516643e-05
0.9,0.850329366635318,-0.804305498873422,0.0216227158401701,0.885143653475304,2.56530635241644e-11
0.9,0.849757789309864,-0.847469558335081,0.0200790271954143,0.895186467617308,1.64989569703113e-13
0.9,0.851500555322883,-0.7362217544868,0.0230855596301032,0.883276400756222,7.25046703124894e-11
0.9,0.958672728123679,-0.618420673289949,0.0135184152829243,0.928510232375149,1.24055840594391e-10
0.9,0.917270687211256,-0.748622576740704,0.0110763241298741,0.944078657182458,4.800386089445e-22
0.9,0.811247357676854,-0.858258350567592,0.0146546717229898,0.914077726267782,1.51729217877282e-15
0.9,0.850902137192291,-0.815915378110783,0.0160952603800741,0.916506371617704,7.65505161227397e-16
0.9,0.839150827406111,-0.866938676963773,0.0130409941246193,0.916625749628195,5.32812637031829e-15
0.9,0.762283603774563,-1.01270546637789,0.01395928997787,0.92441356461096,1.14120947846198e-18
0.9,0.797939442891495,-0.915448547734134,0.0170366470506458,0.906647839981312,1.66829522100972e-14
0.9,1.01137314803,-0.554775238690905,0.0159835892550381,0.918180017941354,3.79190845197452e-10
0.9,0.860529426220113,-0.808668083704585,0.0122854551331164,0.93353570479818,3.0252739651026e-17
0.9,0.935922117374341,-0.688629564579171,0.0120894521146938,0.933699914667401,5.98670692897378e-13
0.9,0.786512824031082,-0.966037149598182,0.0185303955636515,0.897887995771364,1.34118536728555e-13
0.9,0.867116677794652,-0.720133740713016,0.0129158202541334,0.913841640871656,4.99447047252988e-08
0.9,0.87014434674512,-0.783275152239012,0.0126421870619694,0.923633269917285,4.22149380283542e-15
0.9,0.838939246245169,-0.849737267140496,0.0154262170550572,0.914019274905039,6.01514464528023e-13
0.9,0.892389055470057,-0.738372752503131,0.0134141214088742,0.924320840160767,7.26734467770818e-15
0.9,0.971899308782467,-0.591372047923501,0.0157859102076965,0.922555036767239,6.65707356749264e-18
0.9,0.892342128763968,-0.713014881386903,0.0131773994417446,0.927725247477344,2.59437263010445e-17
0.9,0.867870157567868,-0.7610785294457,0.0228981884577632,0.870983713520207,1.14376026175231e-05
0.9,0.929608342652612,-0.805687616318793,0.0147303490930234,0.922138650534972,5.98399878199038e-15
0.9,0.961030304100132,-0.745158288909863,0.0102259384379884,0.940438521377435,2.09264667417797e-12
0.9,0.888103056323967,-0.790500993237452,0.00841853386888036,0.951075145312189,1.30344252635029e-21
0.9,0.995460459519248,-0.576367030758179,0.0123392156735334,0.933571129335913,1.89986046074589e-10
0.9,0.870866365724132,-0.82201352731777,0.0177922059298298,0.905314926126877,7.60187590990438e-12
0.9,0.877703357759419,-0.76398245176935,0.0139013761864917,0.921465888752906,9.60972059672178e-16
0.9,0.94053859525038,-0.715365662101764,0.0173815612022695,0.909068558800468,2.54346376281388e-12
0.9,0.952090030240836,-0.802795292777054,0.0138849195956997,0.927232868941546,4.9755646501867e-14
0.9,0.966741209138108,-0.657396570213924,0.0121311726235867,0.932287427372773,2.882450032006e-11
0.9,1.01202245218464,-0.852907470944094,0.011508268961365,0.931794897581216,1.35872787006498e-13
0.9,0.649212512223949,-1.15689837355569,0.0179562433324601,0.908875189831582,5.40871511085882e-15
0.9,0.872961790283643,-0.770428400420519,0.0131212878444887,0.925607594073779,2.27938376677658e-17
0.9,0.940037362866585,-0.68081127571565,0.0152760120094089,0.915861021786189,1.15694146506369e-11
0.9,0.820176699075926,-0.863659303282443,0.0170656596017336,0.905908717979882,1.59267464573163e-11
0.9,0.943736290731916,-0.721604103857013,0.0116947047617522,0.93879901832776,8.29426611436303e-19
0.9,0.905354281266451,-0.690994271915602,0.0183983066977454,0.891898285273397,1.69648977808221e-07
0.9,0.955510675754622,-0.68137179494709,0.0125877408400415,0.934664018978581,2.1014236326355e-12
0.9,0.795746338303084,-0.7684164946131,0.0232930155847699,0.847068870177514,0.00133581685479411
0.9,0.89023270323183,-0.775866961302832,0.0169432932892594,0.906106237765579,2.10615059034831e-10
0.9,0.807752641495824,-0.829068714185332,0.0145552823251146,0.909572067451935,6.13329664324491e-16
0.9,0.867784016951237,-0.900572661973598,0.0168887754024861,0.917504744376927,1.25527444358684e-17
0.9,0.939375699984931,-0.668778589835455,0.0125025493088275,0.937606837844722,3.87188584517196e-19
0.9,0.767142702635647,-0.837943456973327,0.0171501963172901,0.884847453695349,1.78993187901445e-14
0.9,0.684003754734565,-1.26070715407174,0.0156221494021877,0.919061696436417,9.68751198683428e-18
0.9,0.779018772924346,-0.925258488028399,0.0184720741644393,0.898613273532202,1.17007880441299e-16
0.9,0.842460037396779,-0.881193563526181,0.0143553526182029,0.920366796981889,1.59589151494623e-11
0.9,0.904456658721763,-0.770064254180459,0.0137398215481571,0.921010065477977,4.36525094451486e-11
0.9,0.906515052744384,-0.637530391447948,0.0164552800625697,0.900698648043255,6.29620204126631e-08
0.9,0.919269953793251,-0.778676758618893,0.0112978717522606,0.938605431281724,6.64367524986821e-14
0.9,0.903675000130235,-0.643803082137794,0.0297928925819885,0.840600525547524,8.85896191733825e-08
0.9,0.802448643027782,-1.02582330002282,0.0121411830932557,0.927196625194619,4.26135349152502e-15
0.9,0.974536482947989,-0.704673003033868,0.0161041089493609,0.926701423699265,1.32772592792845e-18
0.9,0.924740407963929,-0.612544935337531,0.0188353906978912,0.884720297445073,9.09240256429336e-06
0.9,0.946103038443854,-0.70651252721197,0.0126650288983044,0.935415380550982,2.75374376324906e-18
0.9,0.945073920456731,-0.653815982324363,0.0252626957570791,0.866695078869078,4.4290792579618e-06
0.9,0.93226750028593,-0.643757727731782,0.0185890950307099,0.89300072078568,6.53722815647706e-07
0.9,0.779932377779458,-0.878780285893856,0.0133686929244386,0.915989154407311,1.37910190866134e-11
0.9,0.946545129955693,-0.772006697948118,0.0110289018054331,0.941547998396415,9.69871736669104e-18
0.9,0.916647583944139,-0.803826652057496,0.00924686556335161,0.946120765429731,1.76829091462751e-17
0.9,0.948308064467497,-0.60092367800153,0.0148730793107833,0.91650124911644,4.86249860390317e-09
0.9,0.990871596496795,-0.570280024533399,0.0116364446235736,0.939742663582255,9.42725940181506e-14
0.9,1.01842181293705,-0.586466993047091,0.0133791235862586,0.93802861195623,1.34179424843627e-16
0.9,0.840252700346124,-0.925697975321646,0.0158254037869037,0.906171545946556,9.85908957694415e-15
0.9,0.973199498256664,-0.698766658900755,0.0129796533145628,0.940695236674696,7.89559382943634e-18
0.9,0.916965361006965,-0.766310424359861,0.00999468287760454,0.948867748038608,2.43184169373065e-10
0.9,0.825407022404754,-0.821309027543842,0.0139465191300848,0.913216652055782,5.2221449766003e-14
0.9,0.867091529792841,-0.715739743042131,0.016564996987599,0.901335813082438,5.62305728152051e-12
0.9,1.24031652581446e-05,-2.23810008626845,0.013500277352025,0.934713711210235,6.96576613748844e-15
0.9,1.10072433687232,-0.992716915072378,0.0120179445192978,0.93085174814554,4.1538172136461e-17
0.9,0.870085747813301,-0.802655831242365,0.0114742130580982,0.932937330467091,4.6458764594732e-16
0.9,1.07030256695526,-0.660053288453627,0.0182180468287114,0.903013147616436,3.91627602333646e-09
0.9,0.710124525762226,-0.995900744971156,0.0122812273869559,0.918573411335805,2.50588665780796e-18
0.9,0.956860793571355,-0.633518117251532,0.0117103197417377,0.936235917980551,1.08341034004063e-14
0.9,0.861346561767728,-0.777506540752877,0.0192405350832601,0.896127494766254,1.24783107848614e-14
0.9,0.918068328265201,-0.69368863724752,0.0164093076508913,0.911658823925485,1.00799248468637e-13
0.9,0.897737341148279,-0.735475993396268,0.0160311270229672,0.910432098583214,3.00582103605625e-09
0.9,0.933165380017107,-0.698152305766881,0.0183097856512592,0.911140797433215,3.02909923444457e-10
0.9,0.915951946703949,-0.797624598971624,0.0129055140645747,0.935386261462211,2.28357456789977e-16
0.9,0.83133957843965,-0.765657581887733,0.0141328147493615,0.912325846295883,1.8028449865487e-14
0.9,0.840020668828991,-0.894546858837319,0.0114439533318456,0.937158049283543,1.46638436206102e-22
0.9,0.910763700801158,-0.618358372377002,0.0141226506089137,0.910784941779961,5.50049971325063e-05
0.9,0.882688207485814,-0.713117378415622,0.016721224004138,0.905082200724757,2.6397118172301e-12
0.9,0.879110663407517,-0.818987217291013,0.0138081608593327,0.92819158183277,5.12763751187803e-15
0.9,0.87542238018201,-0.805727661480668,0.0152109866457573,0.909777886531326,4.46239890533941e-12
0.9,0.793131405982077,-0.946448218609721,0.00690707489489937,0.957239721837946,1.28670565928265e-22
0.9,0.396772136204829,-1.51352413937963,0.0264168087206582,0.866147073591395,1.88021103271675e-12
0.9,1.05070792611985,-0.541865656101714,0.0180015465978933,0.911287745275237,1.46574767514598e-05
0.9,0.874119417946892,-0.796082327154714,0.0168412201241995,0.910059188607495,2.21101474389952e-15
0.9,0.904294803226933,-0.706560761172812,0.0106384522310874,0.93939551855624,1.11956501242292e-14
0.9,0.963006096027445,-0.678289023076266,0.0139115706535462,0.924957402909526,1.14951862393062e-14
0.9,0.912891956019975,-0.7461924706297,0.019117113110617,0.902094478179791,1.47305301501096e-13
0.9,0.958816841715546,-0.630992016859252,0.0155867688921737,0.917171824926779,2.10668060606763e-10
0.9,0.611541374431096,-1.29808908727687,0.0197083276825989,0.89728383047091,3.3140360916638e-09
0.9,0.892786903152881,-0.749675436472699,0.0148547178460098,0.913757737655637,1.26463907418713e-12
0.9,0.924695424843961,-0.736028324443418,0.010696041903116,0.937960709534279,4.08575457045732e-15
0.9,0.921259392066451,-0.654334521281989,0.0146795636710001,0.92055469118787,1.90289403355689e-13
0.9,0.674390254407427,-1.08962412499544,0.015726385860508,0.895197312208524,4.11728527494174e-08
0.9,0.854022997529382,-0.783447965637681,0.018715221865652,0.88603853312006,1.73496387604482e-11
0.9,1.78783992280697,-0.742960517536502,0.0162071057663468,0.921794054277117,9.35656953888952e-12
0.9,0.910103748465416,-0.761978779291375,0.0184048224417065,0.905637325079826,1.12486936603791e-12
0.9,0.914712229574384,-0.723407725067948,0.0165789344517401,0.910707493075141,4.38825249210274e-15
0.9,1.03958515625559,-0.659636575591051,0.00957134008264833,0.948708761381245,2.27348589057821e-19
0.9,0.953721727664403,-0.66321281161229,0.0120969605818899,0.934376414353413,8.3502954500397e-16
0.9,0.889133784344251,-0.860167178127334,0.0113759742623471,0.939401173371588,1.71199020512808e-16
0.9,0.996396559603154,-0.836966272369494,0.00981124301636014,0.946273035585922,5.27050006795001e-13
0.9,0.823531705851987,-0.796391729028132,0.0138139613137203,0.916314230874777,8.04919239785199e-17
0.9,0.858673402416511,-0.807807555376003,0.0149954173074904,0.913561474135803,6.27307178445083e-16
0.9,0.902413682803547,-0.756996765152777,0.0185156003896734,0.890707440624067,2.37225950828781e-09
0.9,0.892834918483124,-0.75872335827715,0.0174945724170604,0.908463088243963,6.03518176652738e-12
0.9,0.844205027034793,-0.815107552731818,0.0133325497061292,0.92615651438281,2.55624825961274e-17
0.9,0.849673519356269,-0.745974596974366,0.0171606949799953,0.892546584693142,1.30458738491086e-11
0.9,0.933214106486607,-0.682618188239152,0.00845567627729256,0.95203186333124,7.71193919484904e-17
0.9,0.827257068428794,-0.804414737386822,0.0155476700270797,0.898430714174905,2.92223089586918e-11
0.9,1.06531071156037,-0.614382621215566,0.0144352635888928,0.933169499243708,2.83019265989722e-11
0.9,0.976088981345242,-0.617086872555369,0.0167231549883348,0.908282726301529,1.4207449978037e-06
0.9,0.925570466854915,-0.650714968263769,0.0131340546562506,0.91877883101922,9.28856311319861e-10
0.9,0.989511442774293,-0.635830968763415,0.0140202883482522,0.932336669438005,7.4814328776956e-14
0.9,0.831837617512017,-0.792017929336092,0.0126513060484607,0.920646310698592,5.69511192117487e-16
0.9,0.899479412994863,-0.705377689729054,0.0124253129525949,0.932512133756696,1.16963713076076e-17
0.9,0.887025694366486,-0.732168405262688,0.0220747035303182,0.885910215211356,8.88485054836082e-12
0.9,0.918393494047111,-0.696331417404047,0.0167027343550929,0.91023755042451,5.16263578673604e-12
0.9,0.95302580076325,-0.677821035640311,0.0131832175710981,0.927425411145031,9.62246321680175e-14
0.9,1.15515759166948,-0.71261008262939,0.0110823567294584,0.950178473791786,1.01323020973887e-19
0.9,0.819532317540101,-0.807115072123297,0.0219581702276154,0.879462737134253,6.17716695788278e-06
0.9,0.980798584031215,-0.582758885227192,0.0125876842850766,0.927107792686527,1.18879705894498e-06
0.9,0.946182130080938,-0.775350532646422,0.0157410161204343,0.912067202117849,2.06547059189372e-11
0.9,0.830724426494318,-0.860796261537012,0.00949704185249407,0.943314460465183,3.42191513421581e-17
0.9,0.840837138676458,-0.811975730337057,0.0202750153459711,0.888441903415173,2.27633063563429e-08
0.9,0.799350470163296,-0.926143028378708,0.0144189264022653,0.913709560992924,1.91798941519126e-16
0.9,0.962149302851141,-0.732422236266559,0.0143634558060693,0.916838584458579,9.3607341575413e-08
0.9,0.83650927276662,-0.883933877397563,0.0172083933991594,0.905315964918705,1.58495329191013e-14
0.9,0.912368563623889,-0.698227445122647,0.0145785214285321,0.925392686773713,3.55852152476998e-15
0.9,0.847054716350982,-0.748874008425778,0.0130806523376477,0.921077702885869,5.366989205331e-14
0.9,0.884011296152337,-0.713008809348452,0.0144649995058442,0.916456253338041,6.33968662741763e-13
0.9,0.939743573425505,-0.688036787145288,0.0164728699992441,0.909772173352695,1.01299999545482e-09
0.9,0.801564920023247,-0.882532670588103,0.0178706231122919,0.891747717210071,1.51544205490723e-15
0.9,0.853747842955092,-0.71024872259943,0.0234069779838288,0.865019265029062,7.83331102788486e-12
0.9,0.915384043955664,-0.699292279798394,0.0162099800598179,0.910636478217426,2.14590033577411e-11
0.9,0.920636733537308,-0.777102123966195,0.0149259793183494,0.922934600652507,6.36499256698775e-16
0.9,0.789827758536399,-0.958490308325713,0.0139059636072547,0.920931972089212,3.67001359118983e-08
0.9,0.949090107271917,-0.666738577789845,0.021761826393791,0.894800848386065,3.03627405978972e-11
0.9,1.09817440773928,-0.688116770519501,0.00986050077296293,0.94982113701494,1.21786109988032e-12
0.9,0.897366101153158,-0.721680150887479,0.0136664818220097,0.920603609661806,2.79877059753129e-12
0.9,0.816675774941739,-0.890092197852396,0.0186466448504598,0.899530062610605,4.40092577529421e-10
0.9,0.967365449035095,-0.703460861866229,0.0146027806715721,0.927099873669501,5.73920533323392e-16
0.9,0.863639812512181,-0.821937669153369,0.0155163369348883,0.909278355138069,6.59319915104375e-12
0.9,0.902202291498445,-0.717515691431996,0.0171514074579902,0.906429342227286,1.02189863218021e-13
0.9,0.94652713095623,-0.727843483470358,0.0181449614861365,0.906613715241919,3.40367063754671e-12
0.9,0.959971246735799,-0.647868365179345,0.0146806921211352,0.925211378403962,7.9561512456806e-13
0.9,0.919895896040991,-0.794138917664086,0.0221103218262053,0.87966309220558,5.44889195234178e-09
0.9,0.897633366114188,-0.842777972419622,0.0140028384406364,0.923037492334219,1.80554802692957e-14
0.9,0.818665088746938,-0.808922926546864,0.0181321882931145,0.893964994662232,1.70338790199992e-10
0.9,0.833418783702993,-0.916813111779013,0.0229732020951789,0.869048169697207,1.108160525888e-09
0.9,0.816675320549546,-0.88156364280751,0.0153895952969718,0.909291751709337,9.57868774842771e-16
0.9,0.942035725341903,-0.843118478537074,0.00968701965034061,0.946636679272969,1.46815964413501e-17
0.9,0.812246277246778,-0.773570321456699,0.0197093899010831,0.8700923695645,3.92550914341593e-08
0.9,0.803567638081134,-0.952371064376923,0.0131205331375886,0.926370499419216,2.02613764832712e-17
0.9,0.894126949164755,-0.757415694218283,0.0163350403932639,0.910677689646054,1.75020575318246e-10
0.9,0.955524377385387,-0.721900876321887,0.0154398382319334,0.913058724865456,1.14382586493724e-09
0.9,0.963796946107132,-0.654643282672826,0.0203340757937299,0.88823876358723,3.88378827411557e-05
0.9,0.810159170130959,-0.909092230641799,0.0111107462539338,0.939005552623177,6.7865055213298e-15
0.9,1.05616686798607,-0.560748710182156,0.0132687522856622,0.939142593034333,5.25132597842103e-16
0.9,0.685027953760849,-1.13782543202929,0.0142766912765748,0.908396905227266,1.94377346606446e-15
0.9,0.56153287396747,-1.28955126948749,0.0177525267267762,0.893559245523679,6.95735368020426e-14
0.9,0.812984130322468,-0.97003681776616,0.00911380664815426,0.952493060999846,5.09760280868635e-17
0.9,0.896775944206405,-0.834289643576379,0.0172503600914593,0.912953557640311,5.70139025476214e-16
0.9,0.731928088270198,-1.0308017221095,0.0176398383155978,0.887570388705078,7.25052283534787e-09
0.9,0.768868365211141,-0.954382468407258,0.0222626773769785,0.887359662877413,4.13606221882271e-11
0.9,0.971521311235002,-0.680825807307894,0.0154652811728399,0.920888615128133,1.48465565931873e-12
0.9,0.806569766681338,-0.879308152649789,0.0146086496636925,0.905135784334053,9.11573325076595e-13
0.9,0.945382498231291,-0.737469785982522,0.015985203269078,0.918485947359573,8.28067052712137e-15
0.9,0.983207158720443,-0.53688565069978,0.0187373623538875,0.906380879389209,1.84178705114383e-10
0.9,0.916554179720468,-0.681752199099035,0.0114890877073637,0.935349016338479,2.15556951963761e-18
0.9,0.958766504415928,-0.733485693665077,0.0141239789816469,0.931438328030175,4.49983789984173e-16
0.9,0.901891505103364,-0.671620193141709,0.0148313529422674,0.911474683110165,4.36708853954446e-13
0.9,0.894023140452963,-0.849827598724106,0.020329132880839,0.890173701151233,2.63255795204956e-12
0.9,0.894604659162412,-0.796062539591212,0.0137613929077362,0.928071887405557,6.73394458218797e-16
0.9,0.859362879244629,-0.75529019079668,0.0131435515290731,0.919927916656483,5.13893740686261e-14
0.9,0.861503399168195,-0.793832468175188,0.00922838752374387,0.947811332180155,3.57785886911227e-18
0.9,0.881809774396688,-0.710274543397623,0.0205624584340977,0.885203902383542,5.73371703885355e-09
0.9,0.950826347571401,-0.615747549551506,0.0131987936888479,0.924320777509989,7.23533544078111e-12
0.9,1.00591032403118,-0.648846674654474,0.0135189826761211,0.92628740268796,2.48136708061724e-08
0.9,0.964398372070062,-0.646954714804946,0.0166224336268003,0.909066129205722,4.05285238518611e-09
0.9,1.01597185498936,-0.647855344760124,0.0125973186474053,0.930685951194112,9.96108368244229e-13
0.9,0.9122203299594,-0.710734484197407,0.0124984641603768,0.929660077697951,1.21877217288065e-16
0.9,0.984513637394978,-0.559265697791991,0.0114960359876794,0.935807824008521,1.15271024782736e-12
0.9,0.981838628095677,-0.613135298673844,0.0116629206261164,0.940303896869307,1.67094872313507e-17
0.9,0.892089536670258,-0.850242679031854,0.0191634792223484,0.891967101136035,1.19188410123083e-09
0.9,0.907314676676697,-0.709732448546936,0.0172913100937428,0.904051263186457,1.12006840020001e-09
0.9,0.938159291394542,-0.663688674152176,0.0126730397007949,0.928825642351575,5.54550943688913e-15
0.9,1.07111267453936,-0.703175924721634,0.012191114683058,0.936831197708023,2.71953202811985e-09
0.9,0.838084000461146,-0.860632433635912,0.0192048968970079,0.890323740089664,5.69329731746576e-12
0.9,0.806585642371584,-0.801851546168995,0.0145280759281474,0.910102564294191,5.3545829641212e-15
0.9,0.949188710307547,-0.651653634118088,0.0104604924022355,0.937430229998253,4.81091462056749e-11
0.9,0.928460724445437,-0.701794589518394,0.0163103627243568,0.913290322237521,1.3452713309005e-12
0.9,0.545871406306306,-1.23455855361098,0.0217027438309451,0.86201429645065,2.97148208977405e-07
0.9,0.842306860189567,-0.814869419166707,0.0149151950800282,0.910512681127812,1.9010999591704e-14
0.9,0.86296599381751,-0.817282131546951,0.0186162648164234,0.906103640168528,8.09626505249508e-16
0.9,0.992081240990325,-0.740797974873092,0.01625924872289,0.924310224023512,1.897791327919e-14
0.9,1.29977589904343,-0.729464064765811,0.0167102113011757,0.909661828890883,2.77459131147123e-15
1,1.06190909759828,-0.678867341281103,0.0119190202582373,0.943774265870729,7.00255316881917e-14
1,1.15584440879807,-0.597467607797171,0.0145061672513696,0.937526233303777,2.25627630284495e-10
1,0.975289408616998,-0.648368217086902,0.0169494813044121,0.909051976758328,1.16332689855875e-10
1,1.03978373412654,-0.675428235564132,0.0169790019158669,0.915853101732038,1.70211299137534e-07
1,0.972843521619266,-0.697463677231726,0.0177853728063721,0.915536968255662,7.10554920585534e-14
1,1.05989529013235,-0.533694761389092,0.0169709635857126,0.924844918735859,2.68292206740198e-14
1,1.00748201159071,-0.724178429350116,0.0171096017569983,0.921561107822317,1.01429497086975e-14
1,1.03988038857165,-0.658304633673439,0.0133416251721935,0.939450478902437,8.97787446707226e-18
1,1.01605762880445,-0.597451035786391,0.0178635208918764,0.910417577700407,1.44128103239437e-07
1,1.01999253262837,-0.605868701899032,0.0102208879047309,0.948121078330806,1.37094231604971e-13
1,0.91464796766266,-0.822934238214066,0.0220620873129961,0.886737450729794,7.19911290407801e-07
1,1.08351959288295,-0.628561276752192,0.0119751995338217,0.941758537341903,2.32567564025234e-09
1,0.744099860080245,-1.16400580323567,0.0170264725937949,0.913425191561057,1.58371902663953e-12
1,1.05357901966574,-0.622426816286497,0.014485113032852,0.929476815795992,8.34649143403205e-11
1,0.814640332830848,-0.990816868526314,0.0146526075017616,0.932661869491851,3.02911590479334e-09
1,1.05643150032295,-0.751976429200047,0.0154200282532597,0.927403547515866,6.110851257239e-11
1,0.957985072237673,-0.672137334103951,0.0153959125520237,0.924961302183695,2.50024620512297e-10
1,1.16169012621459,-0.601479337395752,0.0117959318554218,0.947488445968387,3.31328930166491e-18
1,0.929520553223478,-0.885825808449752,0.0143241566339922,0.925301186723583,3.7971647989809e-15
1,1.04269336279948,-0.73990649103572,0.0115606538275354,0.952011098098698,4.59218373823567e-23
1,0.562470638245284,-1.43349021898806,0.0148275969109505,0.935948658079144,2.35689055952557e-11
1,0.804416671332691,-0.91406615084439,0.0164186500274126,0.913485230730278,4.08564726247626e-13
1,0.993821953454176,-0.702089259087169,0.0153121877630878,0.923113229387095,6.43507202487885e-12
1,0.918879335720334,-0.90537076024052,0.0185176648348106,0.912772889969676,1.22076269982695e-11
1,0.993470598955059,-0.699968719086692,0.0124996855553331,0.937767904536599,1.58990117530094e-14
1,0.972860389274118,-0.755709642772822,0.0219615149190667,0.886842745783038,1.45894829232738e-07
1,0.855904064324593,-0.967393858027518,0.0105717863565329,0.940716161247927,2.05028458234105e-19
1,0.899459715472357,-0.914122079062512,0.0161610740133023,0.921940542300382,2.5475294423078e-15
1,1.02134729901713,-0.747190587420074,0.0205379304803631,0.910575430035452,1.3085384258836e-11
1,0.977800720306871,-0.738758883279405,0.0109444161021936,0.949869975929458,2.62603801664602e-18
1,0.937030117580393,-0.892743499251805,0.0161086610102071,0.924413014126208,2.26601839525024e-15
1,1.02432511989237,-0.615418776252257,0.0131562191110297,0.930500752255044,2.53095590412639e-11
1,1.02606957782638,-0.714652483066239,0.0148971153580378,0.93011641150563,3.35725042353657e-12
1,0.805861949466756,-0.99123864356038,0.0137355905785041,0.931197310101507,1.98703291833564e-12
1,1.02311953377164,-0.713812488606129,0.0142675783329941,0.926344895819145,1.00964926321669e-08
1,0.979209952819508,-0.739247894170746,0.0192579144437426,0.909479295454715,2.97755607007115e-08
1,0.94021707603001,-0.769959542992713,0.0140808794300941,0.930718681572527,6.65503584911838e-20
1,1.07015656961698,-0.595220595707705,0.019851742329364,0.911752720401059,6.26207149540085e-08
1,1.02073533238583,-0.734370727257119,0.0130361821531574,0.936598539046525,2.40154375750786e-13
1,0.968354459070049,-0.724622430248538,0.0168387351910369,0.922411941774593,3.47109208131607e-14
1,1.08611693308089,-0.653573459860477,0.0143190958313492,0.937826022181074,1.85559141214577e-11
1,1.01719788452004,-0.714900629857914,0.0118737321219784,0.938329955445325,1.00191231123391e-11
1,0.904373904479161,-0.820937742151979,0.0222152801576653,0.898236186722416,2.2265668446839e-10
1,1.03616324450735,-0.685031520717349,0.0147154972986202,0.935601583546273,4.72715633080793e-16
1,1.0152550305013,-0.687162704683606,0.022457137153907,0.895498450854093,1.32287088220358e-07
1,0.976001723912464,-0.724524520428031,0.0143424368046718,0.931801969400086,3.24088268325017e-12
1,0.95549627959995,-0.782731464175895,0.0139048158851321,0.931620117183679,1.48631392746121e-17
1,0.912260481010086,-0.842936348979004,0.0227895545484035,0.892134503154701,5.24825692468386e-12
1,1.00579849443519,-0.655713772603763,0.0145628866351385,0.928247346763494,1.02231011281356e-09
1,1.01472405431208,-0.704873008244865,0.0122234494528164,0.936036833622964,9.19899036042317e-11
1,1.02040484109599,-0.666910713205276,0.0180303810946921,0.915651766577506,1.68988763656152e-09
1,0.94464223366783,-0.749354271299495,0.0195012055383711,0.902450877013916,1.98405317777184e-09
1,0.903477396131936,-0.831353848037631,0.0187701555356378,0.897120898863131,3.4854610887842e-11
1,1.14438302979716,-0.911669519594248,0.0130054631535667,0.94568695233983,1.41942462574035e-12
1,0.95393370736089,-0.791041773320564,0.0195447901838374,0.91321827089161,2.80945339995822e-14
1,0.945223171298723,-0.785307056389835,0.0175724682660442,0.9100275515679,1.70883078040685e-10
1,0.955712754655161,-0.764255502155926,0.0132623747771561,0.931177584572208,1.20607910126063e-14
1,1.07467514461548,-0.544779443566918,0.0203534917940403,0.909414547696891,2.79944947469735e-08
1,0.978653180081207,-0.558698079016422,0.0148691145605869,0.918829791542147,1.49288029745437e-10
1,0.95916694180868,-0.810883597564908,0.0144044521435508,0.929056154778908,3.30232418662693e-13
1,0.864155209313019,-0.910344476505502,0.014513268551411,0.927785641616059,8.58407539591977e-16
1,1.0204681128364,-0.679424634140231,0.0209627909967153,0.903826428233397,3.27189074589959e-11
1,0.960839362718666,-0.729438491014365,0.0166851855894468,0.918966153380303,1.19295122358783e-10
1,1.01609728504941,-0.50644591266152,0.0210279973724832,0.895757832879146,5.6657416909014e-05
1,1.06140257387675,-0.595757980905894,0.0162673560120755,0.929987570179275,3.76760467294042e-14
1,1.04537144053084,-0.760844265545561,0.0134833281851908,0.936636883798172,8.4737415151969e-11
1,0.973279120084009,-0.667926774584735,0.0169082656874571,0.912064943630878,1.94042801582158e-08
1,0.641650331043818,-1.30162536274228,0.0230378973645581,0.881938770365845,2.24893242760736e-09
1,0.897935235308392,-0.865026167206233,0.0150485715273203,0.920130479543953,2.68000852889317e-13
1,1.019001616659,-0.723126110466762,0.0147339757996647,0.931359451700185,1.57999126849794e-12
1,1.04244272896229,-0.614705887623934,0.0142279138765686,0.934210519972233,3.88917770643744e-14
1,0.747827346027006,-1.18267295930373,0.0181246781055552,0.908688752361256,2.39668052411452e-12
1,1.01771691226449,-0.6645034464104,0.0152159751905425,0.922632485918627,4.93664633819499e-12
1,1.03386119784138,-0.64290824514693,0.0183792425774444,0.916881983672351,2.00716722711331e-13
1,1.06237530195238,-0.545178408621475,0.0187830087663935,0.909178805750829,1.9885920315788e-05
1,0.940287392632047,-0.831820085991567,0.0132341727235321,0.939948156641743,9.1511933102627e-21
1,1.00951642324799,-0.674326107016728,0.0164135124055631,0.927078312661531,1.85354557615394e-12
1,1.0035337212021,-0.814019964715217,0.0140693550067091,0.937041101685061,5.5499406301859e-17
1,0.871503589042266,-0.765415058417551,0.0149946286605402,0.924085930989915,2.98822810229503e-20
1,1.06031227958434,-0.672701633930213,0.0174352169622269,0.917532199311948,1.91281113853519e-08
1,1.02660363931202,-0.688927235252401,0.0124475825913654,0.937340408439112,1.51228183046858e-11
1,1.05795013540731,-0.674772513847245,0.0108785614068246,0.950779977711527,2.76688371521011e-18
1,1.0139020092327,-0.835447937521692,0.0116063594874877,0.946662241702901,6.21085078431357e-18
1,1.01806446063152,-0.634801717212286,0.0203290523069585,0.893635394933867,7.42425963843354e-05
1,1.0223801038405,-0.658260613071549,0.0172228172586853,0.919505047015728,4.56630513664508e-10
1,0.946027103445298,-0.790415810852494,0.0204212445841428,0.902228038072337,2.18192941420453e-10
1,1.00126146585604,-0.694100831773812,0.0145414594781092,0.928028697202833,3.34064956078782e-10
1,1.06413706595038,-0.685573100437779,0.0154405817086629,0.932493645763793,4.56378059185391e-17
1,0.941444412377839,-0.750901108010139,0.0147646722414762,0.927692880688012,3.70252353669426e-18
1,0.957337424102939,-0.781432527078766,0.0157266033199828,0.917768258021371,1.5528473003238e-07
1,1.48013081537292,-0.546053211290482,0.0148611639491978,0.930644639653999,1.68485107125123e-13
1,1.11151489000186,-0.499508330740026,0.0191866898715557,0.915480988678517,1.93583374762575e-07
1,1.00589529501209,-0.706223291978706,0.0149584177925051,0.927862956590245,1.17472387494239e-14
1,0.953862341998413,-0.724045864160378,0.0119285126803146,0.939276787493721,7.81144810384503e-15
1,0.878564788322425,-1.01695768520955,0.0199798079695351,0.902886143895788,1.59042920658939e-14
1,0.9402349716334,-0.857703891753523,0.0156644707924513,0.920457274345548,1.43372656312391e-14
1,1.38770847114539,-0.618841246685496,0.0124648360517456,0.941558202949665,1.68900327499032e-15
1,1.08444976210814,-0.58615909073665,0.0122702732348457,0.942035774464841,4.10052282512843e-15
1,1.03256672759716,-0.660050456327002,0.0165750151660226,0.920832675088016,1.38740544928538e-12
1,1.04343962541308,-0.580810949559992,0.018204367872641,0.9203876483497,1.81829010394803e-09
1,0.960100751330262,-0.7866750991049,0.0145083977256759,0.928395100238402,7.69099682790876e-15
1,0.903941643631963,-0.900651275347908,0.0168454768676535,0.924500095536974,1.04048827712798e-10
1,0.924687515662265,-0.863101432697827,0.0116046745134812,0.943768070982408,2.83562301950296e-08
1,1.0956135037202,-0.749827507247618,0.0138765854199897,0.941566979537231,1.08927484510916e-13
1,0.884592504776529,-0.806932843305597,0.0172812303266666,0.904342663024947,4.66855326816383e-12
1,0.951376021970803,-0.759329878657496,0.0153902288651259,0.921890560553057,3.40680993126123e-16
1,0.957347673642823,-0.777191158960835,0.0123461776976591,0.934680591591821,1.79323498016146e-14
1,0.878688957024769,-0.882727224955379,0.0142376503045948,0.929585658668811,1.6211236128663e-15
1,1.01394285888103,-0.676763920244575,0.014754836566919,0.925993918181936,1.97016729370806e-07
1,0.99107095101367,-0.772101597971039,0.0107917176348891,0.946392011610628,6.14182886584322e-20
1,0.937541541906609,-0.759143616290527,0.0109428302261703,0.944426563315009,1.43171834939713e-20
1,0.948104512898051,-0.792935659092316,0.0156688299972215,0.915116359836841,3.57814634907194e-10
1,1.00111963809065,-0.680945994134875,0.0169020908916284,0.916501416028462,6.27258146488991e-08
1,1.00920865391382,-0.707933991004347,0.0132372460973139,0.935726044162283,4.19670257496296e-09
1,1.05151006892699,-0.572427798957543,0.0155212463587252,0.927786451595712,4.27362691044629e-12
1,1.04483979352824,-0.648268693046859,0.0135197566895624,0.934895157041637,1.01479573875451e-12
1,1.01497236014812,-0.649437257051608,0.0179786632834845,0.91328649144358,1.29634008836784e-10
1,0.903440454897306,-0.893711161631489,0.0153238941793283,0.922470648874879,4.05177528776708e-17
1,0.904199888431174,-0.866708413335994,0.0169385574042915,0.910445979083187,2.54931484690635e-11
1,0.974032359930169,-0.686605321874041,0.0148354695575921,0.925572922028428,8.87470563587089e-08
1,0.866807985354272,-0.993174149165527,0.013616818218477,0.938890206233692,3.79379455175515e-12
1,0.889860558252843,-0.784053622359262,0.016077472185751,0.917453218696833,1.04339709348895e-12
1,1.09487630062226,-0.670816179914246,0.0160391767100305,0.923086025255463,2.33329470122448e-10
1,1.02221313488727,-0.541352975539845,0.0163247834677096,0.922635471114246,8.69609353788119e-12
1,1.29087905631985,-0.557019588016809,0.0159764708905289,0.928119556653644,1.5331810673387e-11
1,0.955474840430569,-0.802495052580407,0.015415509941455,0.928087095986652,3.64339059454896e-17
1,1.10583141966015,-0.44670224774993,0.0166071712881904,0.931024715686004,2.83976898592993e-08
1,1.07017962112811,-0.567260750685664,0.0132352662762653,0.9388859854313,3.21849603735293e-08
1,0.974964741886925,-0.758127187097049,0.0189310836281257,0.904382289182746,3.14739110216168e-07
1,0.980795725146311,-0.69101327611103,0.014573589978309,0.925398434561149,2.00595951027507e-15
1,1.06908828564767,-0.577292195110082,0.0191506847919765,0.916285146805872,1.55232287358413e-09
1,1.04408376508554,-0.648973268719004,0.013416172863582,0.938264035494191,1.62696651228548e-13
1,1.02458161969407,-0.65724022305528,0.0124643226822948,0.94058678593885,5.69951686675808e-16
1,0.958386251606017,-0.773012517594267,0.0140257119083915,0.925841891418951,2.27102910580613e-15
1,1.15558504804204,-0.518945153295021,0.0105238275019632,0.957927770146606,1.2212479317123e-12
1,1.03129911446491,-0.666025550732243,0.0182528161557854,0.915154739626492,1.91418912389925e-08
1,0.976724053258852,-0.730936363827496,0.010758640315068,0.948395989941329,2.22357356249429e-19
1,0.886251115527912,-0.907899631245151,0.0229589371616551,0.898943380479128,7.43658507919442e-10
1,1.06034642951814,-0.57690562858803,0.0189774493694556,0.900781938679063,0.0344288505115426
1,1.00736385537411,-0.687582303554656,0.012862023364288,0.94130850259073,2.13030033466477e-16
1,1.03513298393969,-0.706345761019988,0.0136356252976664,0.936599794233388,9.34907950878331e-16
1,1.08255738753356,-0.637036741515074,0.016210483890797,0.927695933767385,2.30594511544433e-11
1,0.730749286245759,-1.17477374504779,0.0241244453017409,0.895071688762209,1.67824012048575e-11
1,0.915398226311496,-0.789644528841235,0.0158276107968325,0.911580816376097,1.32163325461696e-06
1,0.879896236522292,-0.870393328975567,0.0145727886571478,0.929753037065013,3.58653100751961e-15
1,1.07735791628739,-0.567818494257008,0.0163631225754046,0.929946275089216,1.66984875508644e-11
1,1.04749229496903,-0.682578835482518,0.0161778759731485,0.929686073141872,5.19562929661218e-14
1,0.949117976486697,-0.788677978431463,0.0130302514337612,0.925102131325183,1.39778140828638e-10
1,1.0171072806028,-0.616101335166027,0.0130393157717789,0.937422041639923,2.72539826290827e-14
1,0.937692743948979,-0.863248854119468,0.0133325306538551,0.934698390629412,1.95805808949512e-18
1,0.965239463833547,-0.846593509288533,0.0166765191252459,0.9176809054465,3.19283476699454e-16
1,1.03756689504598,-0.705142270411199,0.0146391053144115,0.932454299776232,1.94655158355311e-12
1,0.942454012636996,-0.765395018200911,0.0208454670108366,0.89760023921072,4.1925766643075e-11
1,1.05305426997217,-0.602477229314321,0.0179052523780024,0.919976465678675,7.4773060605806e-09
1,1.04284556178739,-0.699417570958837,0.010616037668843,0.95367327628153,5.06402573704133e-23
1,0.945415489633842,-0.845789228084428,0.0175431433150813,0.919267728013532,1.40596096469748e-15
1,0.917495382526658,-0.815942241092698,0.020697636354237,0.889103613242571,8.62626611194119e-10
1,0.980570497356115,-0.833972336091105,0.01267472412563,0.942024332331305,2.96306765894786e-18
1,1.10302350537869,-0.591472842754668,0.0160138102692709,0.929977223396359,5.20036211726798e-10
1,1.03111420943904,-0.668111712331583,0.0128397942503964,0.942965463755281,3.29879459926034e-18
1,1.02085439161876,-0.619621664006157,0.0160791139017156,0.92200369779948,2.63936008715136e-11
1,1.01676920817037,-0.632951629337542,0.017480327986233,0.916903296792731,1.493171141948e-10
1,1.06893766128662,-0.644629044289185,0.0183619825033272,0.919521648887123,3.58956495771703e-11
1,1.05390103561586,-0.591687632361237,0.015700480473997,0.928268412825786,3.02106477200986e-12
1,1.05335214434673,-0.635310786255412,0.0183507458895898,0.913941700869667,8.89379599261972e-08
1,0.914670619808896,-0.925543280392171,0.0132341214605724,0.941709469928434,7.56241635938066e-15
1,1.0842512541884,-0.564963510375702,0.0175493495582902,0.923690342484346,2.17629084069433e-09
1,1.10098634677268,-0.666257928640202,0.013368982216209,0.936323304989679,7.32082128941784e-12
1,0.8383939345216,-1.02771565879763,0.0143351689586545,0.924163936934332,3.91653194811636e-13
1,0.859577572054636,-0.941481064488002,0.0103996526000496,0.946508246243276,3.68372438519842e-21
1,0.685877607200961,-1.08793300573226,0.0159736399058783,0.92048376566699,8.00303919889617e-15
1,0.988791577487587,-0.618474578508476,0.016517066316561,0.923884895986362,2.45611442100535e-13
1,0.992938787051704,-0.778254436321051,0.0109055298434221,0.947210356788283,2.1600388969893e-19
1,1.02094590094254,-0.636715934168352,0.0158323936739338,0.922801480423756,6.79843463383626e-11
1,0.685356539145221,-1.32236666969648,0.0162366944768485,0.924825962905684,7.01897776150061e-14
1,0.994051610305686,-0.6431651219515,0.0160293756738144,0.922781047742498,1.3974323745854e-12
1,0.962953994718055,-0.701261058162773,0.0111672395289565,0.947445459802403,1.18949056607009e-17
1,1.04502155514775,-0.981568237022627,0.0142231603582918,0.937701610870872,4.73111683290196e-12
1,0.89805869368999,-0.904677967154525,0.0168024077786261,0.922246116601441,1.11808125733438e-13
1,0.901461111177439,-0.792157700284346,0.015528667440429,0.925597787842453,1.21499633162904e-15
1,0.881671162067816,-0.87217378445202,0.0183104555723605,0.910330371732928,5.06849567316322e-16
1,1.00070607065176,-0.726221034367729,0.0205758182283867,0.899793978551095,8.50079004303657e-09
1,1.12478654693908,-0.751291954697708,0.0163944553247823,0.926780432175117,2.63809520884381e-12
1,0.970836764910249,-0.592049616757452,0.0168562709984534,0.914806170664033,4.36985807696909e-10
1,0.962178552125669,-0.72097355403363,0.013299072341907,0.932362049678192,2.03910110128991e-13
1,0.883789279948627,-0.895873949331889,0.0131819405477254,0.929273029689979,2.1654169873316e-06
1,1.00934532126119,-0.647325376613401,0.0105345525489394,0.948873427345578,1.1656910788728e-18
1,0.978918498628243,-0.751138385410764,0.0181451321466961,0.920646604925267,9.67000572988896e-16
1,0.867215593629976,-0.877704171359621,0.0169471138969816,0.913690737205494,5.92723627393711e-15
1,0.929970039326636,-0.794029635390575,0.0147659113433069,0.929134868411028,1.16896362545134e-18
1,1.04495766172915,-0.605345240540735,0.017825477186673,0.910318634467154,2.84940706496117e-07
1,0.980597506601569,-0.750269091218751,0.0130043288848599,0.935228974336693,5.25957820502991e-13
1,1.094168002309,-0.7341745833417,0.0111466453271095,0.950922635998887,7.95740234123715e-15
1,1.17975725743389,-0.430809142490108,0.0128470367978665,0.952501908314311,1.60592354851409e-13
1,1.06767415775881,-0.563428564795592,0.0190937245459508,0.91836706481398,2.98657247771412e-10
1,0.994855219320065,-0.68398442116927,0.0106260737059767,0.943366818797566,1.652244546184e-14
1,1.03172099082153,-0.648299663330782,0.0147719605444418,0.936247717588231,3.91929954243772e-17
1,1.01912067514526,-0.71680868954683,0.0164183354639258,0.919585647246962,8.2172013966112e-12
1,1.06274824758114,-0.703735986959021,0.0114359076507109,0.951712683347304,6.11559021147538e-14
1,0.938461398070853,-0.747280966451327,0.0178972794422037,0.916853261286406,6.26089235889409e-15
1,0.998916208876076,-0.713130607966464,0.0139410592178331,0.927768277067596,3.64195046901512e-09
1,0.671182922988289,-1.30166385751951,0.0235770315907453,0.880424557481628,0.000139757766997487
1,0.927379320053711,-0.767744448356663,0.0140998284836072,0.923143333908218,1.63630435395503e-13
1,1.04087379170888,-0.631315130071798,0.0110181267651792,0.939740995392866,1.61794993914556e-06
1,0.948988068059121,-0.80869690855681,0.0123953161076185,0.94071066155113,4.62785575856149e-17
1,1.03736339580714,-0.58054484851511,0.0182513467082183,0.918350920171923,1.3149813167436e-12
1,0.953302494258725,-0.731682051758111,0.00837300874275124,0.952876064264558,2.01824668605785e-13
1,0.990655134895294,-0.719508398869924,0.0217101570277834,0.900772967181365,9.6587006007652e-15
1,0.980966662953688,-0.734223297627538,0.0118340330813874,0.945519882293149,7.57435200525129e-19
1,0.920565875342516,-0.954695545015513,0.0157968955781537,0.933360764677295,1.31708798148974e-17
1,1.06438813003672,-0.478109674475469,0.0124142133376781,0.93982926217385,8.11755772378275e-10
1,1.03649295519276,-0.669633139848913,0.0126478323380923,0.949386553844728,1.0104323049408e-18
1,0.975666550498478,-0.725977393581604,0.0139554010517881,0.928042271175572,2.73176172381823e-12
1,0.73531502115993,-1.12993571785189,0.0239192636047891,0.888880902322526,1.55910043989671e-09
1,1.12190142499178,-0.538635674806934,0.0148256857339493,0.936012067080597,2.21723154009086e-12
1,1.03180357118686,-0.610942445833835,0.0180247672273483,0.921067903458161,2.53962742180739e-13
1,0.989212460231798,-0.726848089030852,0.0131937390236682,0.939594085329102,1.47695168620412e-12
1,0.911531710866309,-0.821065728908088,0.0191317468096576,0.906130983915688,4.69280463309326e-10
1,1.02602241207643,-0.684657476540201,0.021035481075812,0.910038359630434,4.46803435802755e-09
1,1.04493860175887,-0.582306464783998,0.0229923943169809,0.908336745790932,6.40433925709765e-12
1,1.02432247158261,-0.652139590182206,0.0180714763149868,0.922552979904909,4.08900892107609e-12
1,1.02778670995777,-0.626383406378505,0.0217194999421572,0.895510507265584,5.22481307395371e-05
1,1.01259100248119,-0.638139919468051,0.0168735509606093,0.915168857566049,2.99993080957561e-08
1,0.966710680249279,-0.753402554940439,0.0137468385239887,0.935964285483115,6.67614532308756e-20
1,1.11986261808727,-0.548663908318188,0.0139737860266282,0.941969152631157,1.35770874937499e-14
1,1.06342170002667,-0.578866137487279,0.0174981041305716,0.928317652460434,1.8704526586737e-14
1,0.922776757345487,-0.817491918151329,0.0157826877433769,0.92541546334758,3.04419553702607e-15
1,0.995128893617189,-0.720940601657192,0.0168307067417991,0.920962916175893,2.43515897004865e-14
1,0.850017951590122,-0.86208635306804,0.0178145089830106,0.908564659423015,5.57302977306693e-12
1,0.971693570398652,-0.687893047196786,0.0176339577653316,0.914254837168126,2.18921952952583e-13
1,0.974713017215792,-0.78689721379744,0.0142348870036802,0.927429062786983,3.86972048272154e-17
1,1.0409647183676,-0.646281522996123,0.0121016228534215,0.936006906489466,6.96343005985839e-11
1,1.04175506126481,-0.710733557830508,0.0133488581762708,0.94016564374487,1.34448710015789e-13
1,0.886708803589668,-0.861062929227577,0.01353859936318,0.924615275824004,3.14988503583742e-14
1,0.915542732260263,-0.960568120926415,0.0146122275030948,0.929572497950217,1.75206542771189e-17
1,0.970589770632028,-0.938146238728135,0.0165100661925359,0.917624471277616,4.65972278059089e-14
1,1.00013142204048,-0.739644874634809,0.018182153502596,0.913481591018872,1.17761946827798e-10
1,0.98062849812203,-0.688526522144406,0.0154469944782496,0.927667696837194,2.29100284698254e-10
1,1.05921729244724,-0.725881764013017,0.0177280299367141,0.919170179380079,1.37864384815528e-09
1,0.980370970987953,-0.774493428259088,0.0156794191227737,0.927612056568512,1.92889155312856e-18
1,0.955237266523105,-0.740145744472068,0.0147273402409228,0.931019195455147,3.67123562460385e-15
1,1.06250692906418,-0.652301974384845,0.0125996937797386,0.943762497151152,7.82141828254355e-12
1,0.977563394336212,-0.703629725161217,0.0135856789117917,0.931982958740599,6.68003512284534e-14
1,1.05206260448563,-0.659771035290722,0.013628148139249,0.941352965724026,4.22781025663244e-17
1,0.996401556009365,-0.727385557707149,0.0188387461171218,0.915664290467035,3.70451486041848e-11
1,0.895799888120995,-0.86117731735405,0.012665615208462,0.932604811536809,2.31703391974968e-11
1,1.06676991346523,-0.716660956191156,0.0107062831236205,0.949561276710338,3.15376217938356e-15
1,0.974415785910977,-0.758061748060142,0.0126342256100674,0.937680849324897,4.47982323222288e-16
1,1.09768260445367,-0.555436361634793,0.0135708465695459,0.935157300613928,2.57590513033179e-10
1,1.04541439188811,-0.786078235151316,0.0164446815855902,0.922119393701656,2.39782387729653e-08
1,1.09434129451333,-0.574087650600171,0.0145213296705246,0.933361402994651,4.48283822110513e-07
1,1.03309875934823,-0.645267568976351,0.00994985103918116,0.949916287961269,9.09048393304415e-14
1,0.908874805356911,-0.830470729958685,0.0179108277936289,0.913842336792725,2.04917922809419e-09
1,1.02596657883556,-0.64405766418885,0.0133303633613606,0.937262665184788,4.77682274813389e-14
1,0.984197646229383,-0.733231713048232,0.0175383082703583,0.918292476176004,4.21249196366734e-13
1,1.03756284433883,-0.66831287425296,0.0142833809611982,0.935968177822053,1.35961495787733e-16
1,1.08240947553281,-0.619548221569154,0.0124287243848327,0.938981236869353,2.70079050772932e-10
1,1.02619832555247,-0.663536457490255,0.0139901862289354,0.937835148730222,2.6937795513908e-13
1,0.930454870669031,-0.739682078970724,0.0114638005675915,0.943072760700791,4.32420126392007e-21
1,0.978398025917848,-0.677671576896244,0.0122297440529684,0.935020943101528,6.81639669467187e-15
1,1.10071043136949,-0.521746521113625,0.0102440708764805,0.953734573106506,1.60919892310174e-13
1,0.984715803479388,-0.702011082164245,0.0156144039922006,0.919575880314515,3.24117755170729e-06
1,1.05424384597476,-0.606688212852308,0.0126393925313331,0.938426777198146,2.77504126592155e-13
1,1.06058783399219,-0.552668583583965,0.0131882952783064,0.9401360319348,8.15883221598656e-15
1,1.19374111782113,-0.489779110400761,0.0108765723773645,0.957842666894787,1.41568329815979e-17
1,0.995449772489496,-0.643074193949295,0.0201823834651478,0.898602783403418,2.12144000589397e-06
1,1.05013117593671,-0.700647356378236,0.020793897278831,0.902621273852022,1.31475150976821e-07
1,0.874636761700664,-0.897478288870434,0.0156845508433681,0.926329079322329,6.51664448220634e-15
1,1.07946772477174,-0.694517857735224,0.0123643589872622,0.938527264648629,7.24189673596557e-12
1,1.04891011897873,-0.623974471140035,0.0164050676824697,0.927162550992424,7.76479582705806e-13
1,1.02869835530738,-0.604510394079248,0.0167295738683798,0.926807803739054,8.35400786348289e-14
1,1.02163979939411,-0.609744339480616,0.0130337104304528,0.939671236109801,5.9126063055146e-18
1,1.00390630987662,-0.675951843335522,0.0145899045747041,0.927638453046165,9.84486438684481e-15
1,1.05848401536924,-0.625283470355647,0.0134026990697816,0.933942183967209,2.79476394353735e-09
1,1.09393148023207,-0.617667183723858,0.0165860685681156,0.927733068501613,7.26101875297516e-15
1,1.04827899954377,-0.622482107156969,0.0133836309513783,0.939634782709472,4.16605623796991e-13
1,1.15704865957293,-0.591335340720164,0.0145637170949817,0.938871587953888,8.97212305540916e-07
1,0.995243109268101,-0.694298749685663,0.0187830848787229,0.908518026287612,3.95047480980112e-09
1,1.03239664603027,-0.638957487166868,0.0125181077882074,0.938799487078818,2.93290365449323e-10
1,0.926012499192801,-0.710346867036947,0.0116587819313169,0.939623103489972,4.23275458871996e-17
1,1.05750165148351,-0.706858780625527,0.0139810006927766,0.934701856315212,9.80461902322705e-13
1,0.936368738756351,-0.739623481569381,0.0136964305995807,0.928173679393874,1.36536358415227e-14
1,1.02645768961925,-0.664128100347812,0.0207394725601246,0.906840886631637,3.45396880184979e-11
1,0.849313216269191,-0.987375708974486,0.0195931289250423,0.914274479593222,2.59564901923873e-08
1,1.08691928332075,-0.550160425996151,0.0169637615059744,0.926270183254305,2.93758902896335e-09
1,0.912066935154432,-0.845099672386005,0.0124006448879274,0.935051530352771,4.3941982584293e-17
1,1.01770753637866,-0.657286434586892,0.018835413148358,0.913613986745645,8.46138419253803e-11
1,1.03943994865397,-0.620927740763884,0.0166285222553638,0.923046360036378,3.01490484441009e-10
1,1.01613563826564,-0.587828254684528,0.0246761981751396,0.887449086596211,1.89307632757457e-07
1,0.847983606966095,-0.87862470180137,0.0172241679256004,0.90840096066653,7.92616992100824e-09
1,1.06669202916497,-0.493448097635163,0.0142107888873368,0.931603378907573,7.51806470350814e-09
1,1.07565030051565,-0.527021649918025,0.0118173532315876,0.946700301143675,1.17397611734183e-14
1,0.968775265160832,-0.808654126615783,0.0208609516902004,0.904482753274177,1.47351262011372e-13
1,0.959081371843712,-0.780811968892655,0.0142063512531991,0.924444265056408,9.80135523407833e-14
1,0.99198939326673,-0.614589147420574,0.0176866912317544,0.922556554863422,1.29704542054597e-13
1,0.859668791491226,-0.8245524791893,0.0154909664346939,0.922464086404818,1.9309722613976e-09
1,0.926123984299897,-0.851710355625193,0.0162449736985601,0.923433259459324,8.10901169123532e-18
1,1.00034961661579,-0.668704806862176,0.0192942324563773,0.912190313246854,8.35719439792807e-11
1,1.00131958543755,-0.726679847229777,0.0147028584799002,0.928803503080081,3.59840407551616e-14
1,0.850673908825915,-0.964409662327327,0.00952500161595614,0.948777930465634,9.0110257935094e-19
1,0.966919785682234,-0.790145992649282,0.017887237404199,0.911050668745575,9.13952822225828e-12
1,1.04344729774077,-0.6368067057398,0.0132502562343333,0.93485415132164,7.1111701672516e-10
1,1.04788080085925,-0.630712169965467,0.0196247150134254,0.9139103090149,5.92993454690103e-10
1,1.06004918124586,-0.528666326213725,0.0167802600916508,0.92634001226396,3.62139708147039e-07
1,0.913620638853768,-0.77105699101476,0.0175931661874237,0.906713602288403,6.62626965721661e-10
1,1.07405209125433,-0.682374884518146,0.0125415055895922,0.94674264051789,2.9482767567502e-16
1,1.10136724183512,-0.821819759348471,0.0102917546084042,0.941543917806325,9.38522661354816e-18
1,0.918593755442459,-0.783465788154116,0.0219343650892613,0.897042473444541,6.8146585042701e-08
1,1.1094263680799,-0.57490881641875,0.0116146388176479,0.943709048550027,7.40073567726733e-12
1,0.950436270922763,-0.715298426803368,0.0168234373809791,0.914907760738805,1.29787803874247e-10
1,0.963933263829691,-0.738252208367788,0.0179394883421693,0.900940942064754,1.89668871691564e-07
1,0.922965847461162,-0.748118441827811,0.0158178769989136,0.918263496461108,1.94821993064436e-14
1,1.02662352428414,-0.773126286685701,0.0103923445080657,0.95439465332594,9.41387223377265e-21
1,1.1362771593884,-0.749501270834237,0.0184273619497561,0.91522991890739,1.71169112839488e-12
1,0.996633984365906,-0.670733237760734,0.015909137152532,0.923336714240537,2.14253706078252e-11
1,1.05320987901233,-0.739163616740753,0.0165805151006937,0.924339527892446,3.12581360036452e-11
1,0.912080063277591,-0.785958634426612,0.0188169035068355,0.910971556912551,1.32327467368873e-12
1,0.904151046161426,-0.858148370981212,0.019654996638443,0.89692626166157,1.5814141455676e-11
1,1.01856284025255,-0.678061403263174,0.0145928480021414,0.931094155976138,7.13735220858084e-13
1,1.0920138466572,-0.54049505514429,0.0135851957359869,0.940991053356146,3.50024189641301e-16
1,0.883115395907835,-0.856418283247653,0.0153005500722357,0.916262082836113,6.56215862140245e-13
1,1.01082872784841,-0.666490534572021,0.0137483131422091,0.932454660773166,1.03961022559461e-11
1,0.831680772531142,-0.89981783462615,0.0160425146327167,0.914782770002049,1.93993139756975e-11
1,1.02491709620485,-0.718116247340029,0.0167583260532997,0.926261180239858,1.80154437196361e-10
1,1.06459185711721,-0.653401733028908,0.0168877633728472,0.920004346234789,1.1169268004972e-07
1,1.01289248135491,-0.60289167758916,0.0162188114288601,0.920366180763163,2.66560205152219e-08
1,1.02260631138002,-0.587880249466543,0.0136127805131733,0.930510509917889,6.83195879522241e-10
1,0.970907713559566,-0.805120243577932,0.0141858793708236,0.933050380348318,2.45671220408639e-15
1,1.01709205774134,-0.661526143211581,0.0130204917201884,0.937531224381518,3.90970886595237e-13
1,0.970836065623204,-0.681736795937193,0.011700223928725,0.941772743496138,4.70094204414798e-18
1,0.907382285602097,-0.998776060037071,0.0147939359957979,0.933999427411975,6.09769794771899e-14
1,0.949588791427381,-0.752022156884568,0.0244451328594129,0.883281267659889,1.16754359849028e-08
1,0.979111832072431,-0.729788928838803,0.0115173921905025,0.942308031909737,2.73020268753029e-13
1,0.966283501502359,-0.714516692700095,0.0152890210452209,0.92474798146799,5.45881889844448e-14
1,1.00013303304969,-0.695782080646472,0.0153407932374436,0.92713669498385,1.74358990692542e-13
1,1.10597589959388,-0.434550209868817,0.0284760773220638,0.874848476985612,0.00071839569752311
1,1.00939646995972,-0.613792417857165,0.0157107249213726,0.9236562284446,1.84897013312923e-11
1,0.900879107574335,-0.840447287664428,0.00565957533562116,0.970059007634798,3.12371869570519e-21
1,1.00381697570078,-0.751343505783554,0.00983515869863425,0.957342170810225,3.42941191966927e-23
1,1.05199329672942,-0.580457520435567,0.0190130156157809,0.914911104859612,1.09434033443903e-07
1,0.809335603432649,-1.0140457647248,0.0195535944061674,0.913019284204458,2.31118373709409e-13
1,1.07153110941517,-0.566163410724242,0.0168407278644232,0.926572952174669,1.78693919348935e-10
1,1.0367930666881,-0.73509587819087,0.0137382031574546,0.93281347864408,3.8925867796951e-12
1,1.03119098205217,-0.673728939195172,0.0168823783340995,0.920170142530368,3.25602824138833e-10
1,1.03233113015042,-0.600350860628946,0.0133121895560657,0.937365382185771,1.50879777403396e-14
1,0.866360391918983,-1.03879880469642,0.0169720743590218,0.916531619642988,3.45895104912678e-17
1,0.987012687960614,-0.680272781636057,0.0157323526921307,0.921651103956985,1.75332929224401e-12
1,1.01628142494859,-0.582450992363007,0.0183069412450275,0.915215500491893,4.39952202000246e-12
1,0.980644348121367,-0.71653197546448,0.0151827003901557,0.931910266206773,5.91543988502837e-17
1,1.03590247695498,-0.646497793747759,0.0153264015186574,0.93017465621623,6.48180263488028e-14
1,1.00370646888371,-0.570376860036742,0.0131987069744916,0.933470195334344,3.33413300224477e-13
1,1.4899555888132,-0.497477250326436,0.00954478000540125,0.958212053388569,1.33096730760611e-15
1,0.970839221160932,-0.791397187184324,0.0166478154963614,0.916406999053341,5.75673542761295e-11
1,1.02828551803329,-0.682112824805367,0.0196704275500994,0.911503096649026,1.28296026675141e-10
1,0.975395232317062,-0.669538551479986,0.0156944969357368,0.919497083804789,2.70210658353726e-11
1,0.972696294329151,-0.793623290889717,0.0133706449067822,0.929457281770788,7.22737717782195e-12
1,0.861558475953216,-0.809884778668153,0.0211679521876539,0.89214967261702,2.32144132317778e-07
1,0.919809992156648,-0.840062181757056,0.0209297488966759,0.904467009701229,1.23681901262251e-06
1,0.833653409938477,-0.954229608918625,0.0171022620091887,0.919735137552371,1.05942349163772e-11
1,1.00766023436862,-0.749465793162922,0.0125764775708231,0.943294254131259,1.6331011250736e-16
1,0.782901807815958,-1.11160286820937,0.0173496015651068,0.908431710212358,4.05246929939276e-14
1,0.880040999662492,-0.834335372581549,0.0133172147837744,0.92318953468678,5.66030790273564e-16
1,1.04277868635742,-0.596126805810678,0.0202350728366162,0.907836981777874,5.62737699330121e-10
1,1.03236688286453,-0.729826080252632,0.0143606874568118,0.935800258496698,7.81486876536214e-14
1,0.988424468963545,-0.736757817819083,0.0215952708641235,0.897626783430474,3.35140997334944e-08
1,1.09192637353914,-0.742903594957445,0.0123517697914766,0.944344789472033,3.28701344405066e-16
1,0.883293313924687,-0.810693671961045,0.0157284939154023,0.92594396140477,1.68589843083059e-16
1,1.02088263071808,-0.709125798546412,0.0206252136897096,0.909693837407073,4.09473327812457e-11
1,1.04597576825807,-0.702141576661342,0.0150582390792518,0.931635641919417,6.54193698296933e-12
1,0.949746999756071,-0.693897518596935,0.0101228443299228,0.939989337725569,6.79512674328391e-13
1,0.917815530383371,-0.937066366412893,0.00906102512831319,0.947143017724856,7.05645043106663e-19
1,0.970395520168023,-0.757694837983352,0.0158706861967261,0.926744033428167,1.12875735299669e-11
1,0.818835936457505,-1.00844659527107,0.0134348921687674,0.932274409891627,3.26518185873768e-11
1,0.898403778838104,-0.747586526026681,0.0174253934772983,0.907269789147886,1.26118721553138e-12
1,0.957269574270029,-0.708909192016313,0.0130912789795051,0.934001176123276,8.991218835141e-14
1,0.817065752396305,-0.937431823558627,0.0161702436042419,0.910085695405057,3.23283547032096e-09
1,1.02336870608766,-0.667842783403412,0.0197022658020311,0.908410841147879,5.36506576813728e-09
1,0.850413761398849,-0.936953560734219,0.014826381386882,0.926520697021115,8.7272863782377e-14
1,1.01758529410788,-0.728988191057094,0.0149855714711703,0.93523725128629,3.04973830702892e-08
1,0.919906824888238,-0.713448950334455,0.0140070791943151,0.925686974319615,6.46952589960583e-16
1,0.912632998180161,-0.793916640278801,0.0154820085723858,0.91878282868072,2.06134151298507e-12
1,0.972493400960832,-0.706312303146143,0.0158710708305519,0.920348217200552,1.36203261774145e-10
1,0.642547161111577,-1.38356619534971,0.0173507313511104,0.924733807425843,7.2048692042075e-10
1,0.610036224882465,-1.22298064283167,0.016487288952426,0.908577292925059,4.71891668736271e-10
1,1.04552478660363,-0.792452982844959,0.0145646767057765,0.938787024450904,3.79432795199048e-10
1,1.00253412273166,-0.684059710192056,0.020422960344407,0.906492869496892,9.82383668611551e-11
1,0.994490969049997,-0.675483450666154,0.00843425361050919,0.957006191660713,2.0286576743834e-20
1,0.963508986318241,-0.769139714652676,0.016946051968808,0.918201667037297,2.99316807554709e-14
1,1.0542271342089,-0.710606075320861,0.014926045102922,0.93275203430767,7.21985486634091e-12
1,0.982441434484123,-0.693959149502317,0.0160879958091211,0.926744668668309,1.77436976527045e-16
1,1.09554773071839,-0.534777099816417,0.0139217613471174,0.938489286997579,8.14824980332005e-13
1,0.985160039074709,-0.780273748739956,0.0127460689485247,0.938665737544215,8.74418163556245e-16
1,0.940616930086436,-0.867069266145438,0.015108530280411,0.922354802609401,3.57599039384787e-12
1,1.02821385102557,-0.696675847135417,0.0210426628483615,0.909768683657562,1.43163887336849e-10
1,0.922500213229901,-0.795261837921304,0.00996555166460007,0.954308827319357,2.57659135812541e-27
1,1.0695522096963,-0.628740225237536,0.0126983970046717,0.943012417834482,7.30534544111414e-15
1,1.06700700659944,-0.611999450108577,0.013352616092254,0.940380931198919,6.93092390348484e-09
1,0.866990136792096,-0.850084025480274,0.022597406465768,0.881494813990621,1.21067352610333e-07
1,1.05746228842437,-0.662361883582663,0.0166890168681179,0.922086143228069,4.13952103430354e-10
1,0.956666245025547,-0.725019154390858,0.0170891213762526,0.914503346466074,3.22425727458526e-12
1,1.07087645208877,-0.549232761538602,0.0142928974343056,0.936999218160691,3.82017130732548e-11
1,1.08115673479624,-0.719294639425588,0.0122717864273216,0.941805264440688,1.03089745860097e-10
1,1.04724486356406,-0.678998239751797,0.0131491942370935,0.945741607969682,2.31640186181479e-21
1,1.11446039003252,-0.552826977322597,0.00928853231933195,0.959931197612765,2.74148519983854e-19
1,1.04753905204433,-0.652896737216301,0.0174093856255979,0.916936281859993,2.52831713232021e-09
1,0.936945838763912,-0.776016268631789,0.0139597064126534,0.921797566315456,5.5515639977722e-09
1,0.938741767223062,-0.708857347358631,0.0133051096957409,0.923177536884457,5.37067694744485e-10
1,0.919651443504721,-0.826767598002301,0.0151407951638508,0.923308010396839,1.41230645159299e-15
1,1.11185172586253,-0.594956389477603,0.0140680792078529,0.937594362334893,3.1580926579243e-13
1,1.02187212629899,-0.716865918753848,0.01366246480203,0.930944587193358,4.19178556337451e-12
1,1.03927780702018,-0.707836468778875,0.0136578052182298,0.938686055972093,1.50636433634945e-10
1,1.02991323657329,-0.619498070566483,0.0191113334740492,0.920981318741173,1.13673421482003e-11
1,1.06156315476945,-0.661519060930574,0.0110633102624494,0.952464292137271,6.7969212420839e-12
1,0.981001371957821,-0.7899971883284,0.0132182035453449,0.937456634646111,1.41352345841067e-17
1,1.04270462259484,-0.658088016180542,0.0135199961478388,0.940103653074003,1.5418754359765e-17
1,0.930718539708401,-0.706428661436878,0.0163879033512847,0.921173607208138,4.24306698378773e-11
1,0.937488505454273,-0.766748865658856,0.0227870636873741,0.900399424825045,1.37469723398307e-09
1,0.964777302327177,-0.634886236009253,0.0182914028394232,0.913467035617668,4.08705582478907e-09
1,0.891293313923583,-0.785467127068466,0.0236947765038638,0.874257230484646,2.90635068249805e-06
1,0.884884307158693,-0.825637202623062,0.0115375766537386,0.940304591681361,1.27180793803553e-14
1,1.00450461239874,-0.683839556161843,0.0165438039105984,0.913928619046135,4.53244746339913e-07
1,1.14176803440897,-0.41012255336061,0.0239678182666014,0.90492942937789,3.53890076178112e-10
1,1.00485590558336,-0.615420809759511,0.0153807683531189,0.919434765859831,3.49066134058565e-10
1,1.08574303706358,-0.738194031458745,0.0153336248537119,0.933008240344888,1.10270623749083e-12
1,0.953743574514963,-0.785470592468518,0.0167432826391344,0.916358414495519,2.63508352522691e-15
1,1.03793618338625,-0.690285293814394,0.0150786258787959,0.931201517343638,3.54313897453684e-16
1,0.933588923330937,-0.775987902369982,0.0124608812505966,0.930631146714906,5.07677307315344e-17
1,0.973179943015239,-0.789653803738511,0.0106494886301032,0.945617052224728,2.52480689294408e-15
1,1.00287728091613,-0.713275761859491,0.0116308573141477,0.946233485338239,1.71897719341239e-17
1,1.03287560999642,-0.657462982632669,0.0143234544347756,0.933551490722254,1.45743443435081e-14
1,1.02950685587039,-0.770252701457899,0.0165790095852759,0.921111210793647,1.17444208503011e-09
1,0.958549326328087,-0.684385267573752,0.0200832337473484,0.900517510826643,6.82443097563101e-11
1,0.99605846402741,-0.640680636104372,0.0175348480949474,0.918164893684973,3.78729538594016e-13
1,0.797752388035044,-0.942343430349308,0.0102069267469804,0.94936958773462,8.04134578730382e-16
1,0.922030905206845,-0.713362849120444,0.0184194067818281,0.908278325373385,2.46102966706258e-09
1,0.985512799645524,-0.798917202430736,0.0137908922152906,0.933557964055708,5.05946299813258e-11
1,0.914565923154685,-0.889490107236182,0.0166984680253261,0.923673483071205,4.43132835341993e-11
1,1.02125030637082,-0.716967938002654,0.0185483396822397,0.91272714268981,1.13034221876169e-10
1,1.05219124633503,-0.586704735384081,0.0163891015988774,0.925683321371991,2.72956905471124e-11
1,1.07654170382158,-0.641645575968046,0.0173366969385064,0.929527484453064,3.77229886967108e-13
1,1.01331466429731,-0.872450731419984,0.012836522208978,0.937211995569332,1.73063368177968e-10
1,1.00773205849117,-0.632396455452771,0.00964273077165101,0.957210301559739,7.63544114814652e-18
1,1.06465537122611,-0.780171207328217,0.011985134452388,0.944657295590659,4.47502337409371e-16
1,1.02065657999522,-0.593827052192907,0.0146654934519746,0.930174625121342,1.07961316798917e-13
1,1.02034289077481,-0.671442710588464,0.0164145018208903,0.923832892235601,2.71982195972808e-11
1,1.02578019310202,-0.634840472078219,0.0198831684067549,0.904055704308781,4.45603087370834e-07
1,0.848887390449783,-0.869155510663317,0.0132928791621635,0.9231500093054,1.33899687504269e-17
1,1.01156469432079,-0.709016287406159,0.0146305977887946,0.925973520541615,9.08750457451498e-07
1,1.09528326429704,-0.643748932779285,0.00844223990587096,0.96029374261351,1.1531639616641e-18
1,1.07383943464617,-0.632908399545449,0.0122086466347529,0.949472101703622,1.20999714399177e-20
1,1.02464769234271,-0.682158630333765,0.0164819297170809,0.919124056310967,2.32591965288422e-13
1,0.988987822555667,-0.756711534847695,0.0158603756026874,0.924800526024799,5.22160070569319e-15
1,0.998412491579698,-0.678316202384633,0.017291633459138,0.916705560153948,5.9708401552061e-13
1,0.936159820998731,-0.827711722821862,0.0129468879962436,0.930242807249868,1.87264301318008e-13
1,0.963804702044214,-0.725984255714531,0.0169267802997347,0.916564309457542,9.58946136169835e-10
1,0.946622606040031,-0.791556436485967,0.0146106276715468,0.92290386459659,1.72759165917167e-13
1,0.927895589832726,-0.736229983738733,0.0134015993382603,0.928648732598738,2.36748911232235e-17
1,0.671465240588973,-1.23485953326885,0.0169835224154627,0.91207634584157,8.44399990643364e-10
1,0.85725634228207,-0.925255838716941,0.0216415180599711,0.881894478532049,3.68959376199508e-08
1,0.93362510702345,-0.86379585046763,0.0117718908481919,0.940317152010155,1.30742433893667e-15
1,0.836266925877999,-1.03179993544442,0.0112372108518248,0.942924000419501,1.06392592268255e-15
1,0.971736086353689,-0.709181175687747,0.0151503444928652,0.933361449512626,9.15512858804632e-17
1,0.81962254987903,-0.906364708441161,0.0221377860123716,0.8846487015651,1.45773363992534e-06
1,0.607320860491521,-1.30967157463578,0.0257539969576294,0.868683855864997,7.62223927476533e-09
1,1.06437340434803,-0.672534516058723,0.0137237261453409,0.939989324211767,2.57982530953908e-14
1,0.989198649261065,-0.73418348937713,0.0176569177381769,0.913879710879481,6.51504223987561e-13
1,1.03162496054482,-0.725463785812671,0.020570739942486,0.909076763738627,9.32921933737876e-12
1,1.03612632921509,-0.649083537437716,0.0149305224581951,0.934909964749757,2.9691846710295e-13
1,1.01445952970403,-0.785406179556952,0.0172204078340248,0.916945253169253,1.96778798597828e-08
1,1.09124968520386,-0.536182204735783,0.0196928632313359,0.91472470012705,2.47721298160519e-06
1,1.12272836848271,-0.680540137070463,0.0166613786628118,0.93081041045723,6.39085338333943e-10
1,0.942491748784826,-0.719934162006111,0.0175206883069585,0.912745075989517,1.67146100337583e-13
1,0.972097801874141,-0.7812378350035,0.0116149689532334,0.936832383458195,5.02609659714e-10
1,1.0332760937338,-0.649572091105066,0.0115803505316195,0.944317114978242,2.47832581323862e-16
1,0.937035448040437,-0.983923817978785,0.0162800722166682,0.932074898433154,4.58853067007948e-18
1,0.805197453724574,-0.998090097239232,0.0185805974223941,0.897234978266941,3.74158386551914e-09
1,1.05595645069942,-0.579540333837523,0.0222380847155217,0.908776694934384,8.45366392624337e-11
1,1.04626065374566,-0.668151845447387,0.0124345709364375,0.945117182536433,2.32309451169173e-17
1,0.998628029439167,-0.72653538111489,0.0140211474491547,0.930124392885294,5.93878840090304e-14
1,0.917128532689088,-0.751741453553627,0.0171439134913402,0.907391722250217,2.56818575358651e-10
1,1.10898794336933,-0.526926188369233,0.0100917748780393,0.954500853742848,2.21314412908328e-11
1,1.04619365630245,-0.535191032677345,0.0144844223113057,0.935186742737164,4.20077945174313e-13
1,0.947156453771737,-0.795131963762511,0.0172396998468424,0.925371538316617,4.81689915451981e-09
1,1.08111071447311,-0.59010593506544,0.0153841142305609,0.928125676477459,1.01360705652857e-06
1,0.985388758134933,-0.679993684161781,0.014989683759918,0.924828389119639,3.92351205792428e-11
1,1.03256607551689,-0.733600118374951,0.0211124019295003,0.904558534875931,1.37479951307521e-09
1,0.991218448832377,-0.778354412190772,0.0183127352161782,0.922737593482131,6.98891500541833e-17
1,1.05539804143299,-0.599445607217083,0.0200742475878962,0.917104551840332,1.96650939311444e-11
1,0.956120316969272,-0.825009828902869,0.0123818047512031,0.937184397605431,8.6387579636477e-16
1,1.0357062766112,-0.533435477721182,0.0157468857564585,0.92309422400284,1.14420527391353e-09
1,0.948963784612057,-0.821510849927472,0.0152387634160465,0.923795524534261,1.81303694246376e-11
1,1.04563498943183,-0.61488984869774,0.0103178720350009,0.950227581777142,1.61431085009653e-16
1,0.959901020710848,-0.725035891087985,0.016631430750744,0.916035304104954,6.83849718805191e-12
1,1.04196756686903,-0.662402411234944,0.0111406909477762,0.949869496215559,1.03102868831539e-16
1,1.10225309930718,-0.643214521392886,0.00998446766707723,0.954902957952623,8.40029084981538e-17
1,1.19157185518871,-0.46787033598477,0.0126237804072409,0.947591431191472,3.74834764099374e-15
1,0.945524905122116,-0.671125914576487,0.0125376037722072,0.932777150017521,6.7447557928618e-15
1,0.941202800678049,-0.736201300487335,0.0127906122980863,0.933508670843065,5.14772418034626e-12
1,1.02208258238047,-0.620669228460948,0.0205569507130371,0.912949818945906,2.52383298230193e-13
1,0.994054083351788,-0.641195914196601,0.00973593165371101,0.951609231156173,5.90393948314821e-17
1.1,0.933012492097284,-0.906111930414042,0.0169982609227971,0.934302081129819,1.5486691714081e-13
1.1,1.21288738512522,-0.483466253618706,0.0126677163983907,0.954088155513697,7.6330837375868e-15
1.1,0.97226747627393,-0.966894532217671,0.0126460358802726,0.947928220157731,7.53423972503514e-16
1.1,1.07350023333203,-0.82127895051351,0.0145659708900182,0.941921268688403,4.8267801651882e-14
1.1,1.120339212122,-0.659633243453686,0.0109335459695822,0.956048779317555,1.74132883457187e-13
1.1,1.01525165504818,-0.688397954786653,0.0122217343317764,0.943382605063545,1.33245493051023e-12
1.1,1.00625388069853,-0.895731469601304,0.0194954943137727,0.932474527277159,2.79389115469408e-14
1.1,0.995206560472543,-0.830725276388937,0.0110662377868065,0.949516459703081,6.25097553034596e-22
1.1,1.11387746240743,-0.600362455607337,0.020809884473007,0.916506810451977,3.6264231229927e-09
1.1,1.1540197495954,-0.656182609548022,0.0193039186793072,0.927574154832111,6.71062905140487e-12
1.1,0.848970223662313,-1.15436154694221,0.0197079510113272,0.918492753680329,3.33669552704738e-11
1.1,1.06054664735562,-0.721951981018894,0.0191729443435741,0.917012718156469,3.70202098058715e-11
1.1,1.13143950178548,-0.60646182885851,0.0124518686116069,0.948095576195477,1.92562228274478e-14
1.1,1.14475296261956,-0.451627439880814,0.0136509084311484,0.942966242278922,7.35540325967832e-13
1.1,0.924804423971377,-1.04221844447867,0.0183857342686065,0.932254756599173,3.07632229729517e-14
1.1,1.08094990571113,-0.876604873508469,0.0152149462690642,0.936548451409708,3.75737053575316e-12
1.1,1.10631642582493,-0.715804945379453,0.0169114702508413,0.930052276381697,6.03390847737381e-10
1.1,1.16157953546648,-0.604319532691105,0.0163625173580961,0.93475482984319,7.67977805361702e-12
1.1,1.14683526526882,-0.783207996252381,0.0125086039557281,0.951517023762573,4.49928309021503e-14
1.1,1.13364286532507,-0.648672292898826,0.0212598160748702,0.920754090990184,3.3382809591918e-09
1.1,1.09028148956333,-0.653466368601284,0.0113872735182241,0.950193866797408,2.07016727774733e-11
1.1,1.11218109994045,-0.666073675048406,0.0101810331623583,0.95596018312827,1.36364285612805e-15
1.1,1.06125683832802,-0.881446479626372,0.0132133824303602,0.942060176007193,1.0936379223634e-14
1.1,1.21217326064561,-0.421731706562768,0.0107081818082278,0.955278200410338,6.36707622312677e-11
1.1,1.10084520071894,-0.647656157773282,0.0181724774693931,0.9218413346376,3.62887708104019e-08
1.1,1.15806779945063,-0.621637232522201,0.012593160003897,0.948137346937059,5.50724388629213e-10
1.1,0.977901957807481,-0.890285778067608,0.0200226680052589,0.927473124862783,1.13516694160342e-11
1.1,1.14892113177858,-0.641869353092054,0.0123014087813089,0.949947208957428,8.03074080617432e-10
1.1,1.1429712709137,-0.75980404908419,0.0165447697355832,0.932569680088706,3.74102631829151e-13
1.1,1.13021539125784,-0.703078395809854,0.014687949103176,0.942919693282045,2.39450949868467e-14
1.1,1.06104888823726,-0.768399418117528,0.0168764276025809,0.932570244713513,2.12747297894416e-15
1.1,1.14297899346767,-0.701396249595294,0.0167707248738049,0.936168225926907,2.37378214383553e-10
1.1,1.16411972749298,-0.518231685974134,0.0139415879669435,0.942969078898488,2.80356163028241e-07
1.1,1.08808058437429,-0.699139117514605,0.0146152855130291,0.93464150510255,5.18658378360506e-10
1.1,1.15007413172578,-0.542593590023812,0.0133233205855626,0.946422389864236,1.37605197077904e-14
1.1,1.11884464391016,-0.661350525594033,0.0142053090224105,0.939920710161885,1.50039440504009e-13
1.1,1.12880100224366,-0.709032059898865,0.016730199808518,0.931781388702772,4.53282936781386e-09
1.1,1.11274663568697,-0.646942157359215,0.0144668105830738,0.936986791212175,1.01729680085944e-09
1.1,1.06358610989532,-0.904978009142531,0.0133652183205289,0.94914941097625,7.14594439307764e-22
1.1,1.02198619406609,-0.663011221036876,0.0165775097428821,0.916802438197938,5.58395599537251e-10
1.1,0.952839828848284,-0.970702887427435,0.0188799079278581,0.923219767612533,1.62454015765808e-12
1.1,0.978481093860085,-0.790190228720037,0.0145238338566927,0.930106132176815,1.58117660265318e-14
1.1,1.17352716199058,-0.570396106751905,0.014368848204437,0.946105244091362,2.22766406806077e-13
1.1,0.984182047382889,-0.860376043214637,0.0173409940448154,0.937437427333454,5.9829861348401e-17
1.1,1.11019005230436,-0.648700007698613,0.016094140779078,0.938739708246399,5.62648607227034e-15
1.1,1.1895393909653,-0.46980433265478,0.0117131259888667,0.957518131323356,3.63584664164388e-17
1.1,0.708372141299368,-1.46754923492495,0.020984259409535,0.918318973859658,2.14421440333177e-10
1.1,1.22260041569517,-0.506374288934903,0.0161614338982144,0.941659557185605,6.92115024229175e-13
1.1,1.12764108838993,-0.694316913083174,0.0166785920904609,0.932973259500884,7.106095738993e-11
1.1,1.27119456613252,-0.850785251473093,0.0134706891499835,0.932215628531898,2.8035375161077e-07
1.1,1.15135995573239,-0.831965241247479,0.0144408194729247,0.941728005381433,2.80077729220361e-14
1.1,1.08642860489046,-0.743111825312902,0.017499122796906,0.929599429463937,3.60670932578243e-12
1.1,1.13925282749769,-0.698373334817651,0.01371236350779,0.944823179508047,7.72670714308991e-11
1.1,1.09232823558043,-0.667109652293513,0.020530364599696,0.919606297882507,2.76146550680203e-15
1.1,1.13191566122788,-0.597511641643765,0.0100997883447278,0.955176227727417,2.56470878880737e-12
1.1,1.2275064938696,-0.522049117630742,0.0111101675093394,0.956977929892866,2.46917822760493e-14
1.1,1.10191372828504,-0.753084507999627,0.0188301000303016,0.922361417553867,8.34620759549581e-12
1.1,0.734152726866327,-1.13965609600961,0.0165705426543214,0.914769773038006,8.5505884529558e-14
1.1,1.03636559362267,-0.868244914686723,0.0214731229599946,0.915000495963324,2.71822316642266e-11
1.1,1.15418117934202,-0.608485760276656,0.00982715906655236,0.958448961292794,1.02908516516454e-12
1.1,1.1156446557302,-0.619110122870826,0.0100373394569036,0.956842919119884,2.52237635207341e-15
1.1,1.14068898048231,-0.674623263777751,0.0167101121190765,0.933021362078357,1.90538886569299e-11
1.1,1.20160893451813,-0.435421345723797,0.0133440627016411,0.947151409699151,3.49394084322863e-08
1.1,1.02185446987809,-0.775699025074147,0.0109464600217712,0.95426732471063,4.19097520773982e-14
1.1,1.08809806737127,-0.684589031853508,0.0145325853687999,0.940936542018797,1.51140216074782e-15
1.1,1.12470987456902,-0.585264416472876,0.017866242743626,0.927256063948239,1.86023724549848e-11
1.1,1.14853625220519,-0.577036136744424,0.014675008396078,0.945725106420574,6.72369870067989e-17
1.1,0.943759571339182,-0.922857500275416,0.0124245482534283,0.949754458595428,3.33780825800516e-16
1.1,1.1781252801082,-0.577897106027711,0.0164659848504052,0.940055185531687,1.14989658051967e-13
1.1,1.14706066659567,-0.523645060911418,0.0106275449832357,0.958153030772588,2.4576097798408e-11
1.1,1.06940126865306,-0.671649564802306,0.0184327232667326,0.922694495217546,4.54850084808133e-13
1.1,1.10273697253056,-0.720434346554749,0.0105319977958248,0.954201342822868,5.50635581728859e-19
1.1,1.21533726093417,-0.549585607284492,0.0162389837388155,0.945016370268926,6.02212349844247e-14
1.1,1.115504393342,-0.674332953690421,0.0134329967464005,0.943219589852339,4.97946525808994e-17
1.1,1.19755492631966,-0.539823757607217,0.0130341413667584,0.953916546360606,4.98956665379914e-18
1.1,1.19446112083651,-0.636040680583382,0.0148084226656938,0.944479224733039,2.57969169708438e-16
1.1,1.1433281803921,-0.60124892847543,0.0149174040631876,0.943383403401261,1.12657066824876e-12
1.1,1.02757070743598,-0.695255146906126,0.0133157795238923,0.941774387710104,3.03711498263158e-18
1.1,1.11216895700146,-0.66345121004167,0.0135700382576122,0.947510311664169,2.80262631353212e-15
1.1,1.15516278044279,-0.519747093932754,0.0153918312330125,0.942530315478416,4.66929071895316e-17
1.1,1.22183956135173,-0.606919807514398,0.0128522187599354,0.952860530637271,6.69899442877242e-17
1.1,1.19036327665069,-0.474926900198517,0.01431166156591,0.943536438769636,5.1814637650027e-09
1.1,1.05318809983292,-0.868246303830189,0.00812685320155305,0.966769414090759,6.27141163287575e-26
1.1,1.61075127080855,-0.615756994325861,0.0117990921407221,0.94470457049703,1.58997129757693e-10
1.1,1.18165032925511,-0.648806693202511,0.0133686959128778,0.941901124476607,9.05444735661408e-11
1.1,1.03778877721353,-0.664891710477392,0.0162388484694872,0.92218412543019,2.23713669493762e-11
1.1,1.19240108401653,-0.616261551151345,0.0140791837273445,0.945142379350345,7.2915333847048e-08
1.1,1.04169850988611,-0.773735425349884,0.0141679136829771,0.93882176066496,3.48555503890698e-17
1.1,1.05321265114309,-0.724026362459201,0.0155662417487895,0.929331224340312,1.85875532330407e-11
1.1,1.00275892481266,-0.687796046328015,0.0212352805605156,0.898971828658871,2.16628744530049e-08
1.1,1.0324468719945,-0.831614018653076,0.0163942617961074,0.929908711416561,1.04531068120512e-15
1.1,1.15681455920582,-0.540789493213524,0.0203703420243309,0.921434087873005,1.26609748630198e-11
1.1,1.08656931789631,-0.830347905903266,0.0168336710567253,0.935685290626905,2.47249374226076e-09
1.1,1.24362367453742,-0.500020812329962,0.0180589703705156,0.933529537251696,5.27881332519325e-06
1.1,1.11062621965311,-0.65526049376921,0.0152816655669064,0.9389274829036,3.86162619645207e-17
1.1,0.977791002559232,-0.785761818268035,0.0162849352986677,0.924050060381933,5.50812979937444e-10
1.1,1.09622644504634,-0.567170609140172,0.0142502151973327,0.943520175906889,9.12304997087837e-15
1.1,1.19289239711348,-0.551915390433563,0.0124984482974151,0.946402659523567,2.23332525457721e-13
1.1,1.13693014970407,-0.639800333483846,0.013624758000027,0.944459878034279,7.16558157075494e-14
1.1,1.05534929286339,-0.767452355416877,0.0155692666337917,0.933666744297697,3.05929075458111e-08
1.1,1.04744833450642,-0.721174916714077,0.020843780439762,0.908061115314415,1.83372153874327e-10
1.1,1.07595940847771,-0.697861343552455,0.0119045392417514,0.950424756611512,2.10152565799071e-19
1.1,1.07075083682617,-0.749982012691345,0.014983879161823,0.933484084972765,5.20562461100837e-10
1.1,1.1238493938283,-0.693514081739766,0.0187875186272013,0.926014515872408,7.27021140450486e-14
1.1,1.12097835622014,-0.575377627816723,0.0183607349839266,0.922454603966323,5.68327675107317e-08
1.1,1.14942724714505,-0.631045259188571,0.0211643957522554,0.923686543814059,9.65103336797424e-13
1.1,1.02320123789076,-0.774953288048025,0.0146074374189289,0.93486352140219,4.85591963329302e-17
1.1,1.22390144921412,-0.612282935655262,0.011558803359627,0.955577909341366,4.50133485910122e-16
1.1,1.09927716374202,-0.707887561237047,0.0151014998941625,0.942195302131175,4.26619478021226e-13
1.1,1.1228489103808,-0.543401893194823,0.0137120879216606,0.934965053054867,5.1184786323911e-09
1.1,1.05756875268033,-0.606861977033326,0.0185432404627353,0.91413954385876,4.50701299239703e-08
1.1,1.18598764104695,-0.53982091169366,0.0102324634114622,0.959298566200884,2.88617437706178e-14
1.1,1.16203856579207,-0.558676572025592,0.0185334417392144,0.922083919617382,3.48305417766451e-05
1.1,1.1639805583828,-0.667305323740666,0.0167210018914315,0.938899045873365,2.30402092162052e-12
1.1,1.11287401412219,-0.597973814558087,0.0127365623066612,0.95040528534881,3.11201060366372e-18
1.1,1.06699343760855,-0.728740062640427,0.013281541296747,0.948814116932579,3.46942801235086e-14
1.1,1.09424236606686,-0.735876728565468,0.020576405645607,0.922130324082504,5.860141653028e-13
1.1,1.08368376340601,-0.815213264084659,0.0207592769542491,0.915454219092779,3.84064638477339e-12
1.1,1.07096434338134,-0.756833541433733,0.0197870419346134,0.914435407532118,2.80042946301557e-11
1.1,1.07486909426421,-0.612764609621079,0.0156708840753985,0.935964397421456,1.1444511461999e-12
1.1,1.07126711804484,-0.700310377193657,0.015265966252363,0.933046877597651,3.02422327353468e-08
1.1,1.17574773699553,-0.716016399501947,0.0193597690628383,0.932967503089904,1.58975617817131e-14
1.1,1.07381500716952,-0.643312052783253,0.0124050661855504,0.94897640377907,8.53527491943378e-19
1.1,1.14970658042266,-0.65327377933473,0.0172425018139431,0.934865474628504,2.56296793201923e-15
1.1,1.06091569519333,-0.617149658458482,0.0103386349855145,0.950761098254887,4.42256774788313e-15
1.1,1.00180498058253,-1.05593136948788,0.013259408713049,0.940730309626825,7.60316623907337e-17
1.1,0.935841687051106,-1.00960579289237,0.020176692646412,0.916233434033973,1.72214177522455e-08
1.1,1.13357953084575,-0.751149407985329,0.0145992377626745,0.940067258241389,1.08401925210342e-11
1.1,0.962527884409962,-0.852581257352768,0.0174762269398904,0.926369321078194,3.24368052347657e-08
1.1,1.09355606392397,-0.625333691566946,0.0294245314902708,0.879650904317638,2.78055704704329e-06
1.1,0.99136175171101,-0.834198384446602,0.0208632571265247,0.915574838650385,9.57656891695743e-08
1.1,0.777792643160028,-1.0513168022168,0.0176322533748542,0.925638728216895,7.80800188846623e-13
1.1,1.04949979232711,-0.614628575584703,0.01489071374772,0.93341228385052,8.43930670244094e-10
1.1,1.19759174252574,-0.543987892528338,0.0158406861606147,0.939951227889799,7.08825843018451e-11
1.1,0.988863761793788,-0.926765429681829,0.0151720199567424,0.934696323835018,1.56764037869616e-11
1.1,1.10643922884802,-0.682925147265538,0.0151009346514626,0.939278748936993,2.15647403451703e-16
1.1,1.03558814454578,-0.713716382183825,0.0154843696885584,0.931960757284328,9.86848020207959e-12
1.1,1.12893935416682,-0.571787238018958,0.0164009091566698,0.937136359694753,7.59551282215098e-14
1.1,1.20669465448381,-0.402670209509316,0.0175434855584933,0.934775100916808,8.79141743126697e-11
1.1,1.01953060939078,-0.880530618722597,0.0167774959031112,0.930196085992155,7.5750590079827e-13
1.1,1.13827558982329,-0.698016662492905,0.0200167159620248,0.927510567329116,5.15196921377123e-12
1.1,1.18497139159276,-0.52932700647381,0.017615192939624,0.932587857515277,7.00551451847644e-10
1.1,1.12165986078364,-0.636540410023758,0.0121424236124578,0.949830768570446,9.87757366367877e-18
1.1,1.12034384492322,-0.616814811139005,0.0137582727654792,0.947692464897833,1.28500256719461e-16
1.1,1.11310429250927,-0.817757141491105,0.012392459896821,0.950717721634648,3.46690354279536e-18
1.1,0.950768262047862,-1.02906404917887,0.0164003101526682,0.932810923740531,4.11276333798873e-13
1.1,0.990820778303964,-0.773982211028333,0.012087651375072,0.940262825797289,6.48767396793179e-15
1.1,1.08290123553073,-0.735221823490742,0.0142808184593414,0.941960588810284,5.70491658383953e-16
1.1,0.990659246222517,-0.745777434925392,0.0125654651044493,0.948212493012726,1.62866282124517e-11
1.1,1.02796179144613,-0.779379821593295,0.0177330239304286,0.921915400670877,1.77900273243976e-12
1.1,1.05002354774056,-0.583830818156425,0.0161060958050694,0.923061687577345,7.13552018677539e-08
1.1,1.06574872328679,-0.695053533455358,0.01294673409174,0.942062031645139,3.6120693875986e-13
1.1,1.12911183994011,-0.670870001130853,0.0102253628763746,0.956016419684388,9.28319393019279e-17
1.1,1.07195613444516,-0.580139758393864,0.0134382128873634,0.94048258348372,5.70747573111485e-09
1.1,1.04613304405231,-0.692512649655901,0.0190898560706728,0.919005840660887,8.89564313959074e-11
1.1,0.950566727747779,-0.872147482472363,0.0139393024811376,0.936692530305601,8.88381846678743e-15
1.1,1.07151538298783,-0.733267595058577,0.00892052272336382,0.962159226160784,2.1074236413145e-17
1.1,1.01716758095647,-0.937551326453847,0.0160162735885179,0.941747030741907,2.77253950451635e-15
1.1,1.10900477680837,-0.544380434625548,0.0129282016191048,0.945778783030925,1.42043894457301e-13
1.1,1.1392051872729,-0.645805714024388,0.0153623673802779,0.935510042539121,1.79465659785973e-10
1.1,1.11517228995512,-0.598164864432089,0.0215228762845108,0.915475189081155,1.09421229943744e-09
1.1,1.15253049640599,-0.636096970573073,0.0213870258843437,0.914856760403633,2.40714270861635e-08
1.1,1.09350471089101,-0.734981296915332,0.0126887458375638,0.948919171850026,2.32671395651373e-18
1.1,1.1059750685085,-0.595113677032288,0.0124058363157481,0.949980767383646,1.97976453925559e-11
1.1,1.09045363387173,-0.696740874867896,0.0169775340562977,0.924937895795562,3.1689963383005e-10
1.1,1.00524257619793,-0.725958553196889,0.0149597205132353,0.935007330802203,3.21732952358432e-15
1.1,1.10431316593111,-0.808875398755693,0.0161224851844779,0.932141761247287,3.2319451321353e-13
1.1,1.11089659743545,-0.576216187499608,0.0209718295618045,0.913311578368264,8.15947668845048e-09
1.1,1.20276839545398,-0.846709261769842,0.0164286159171567,0.94073092664388,5.255037827463e-11
1.1,1.02796388955255,-0.826297026209773,0.0147597917661702,0.940023546470516,1.11860338429766e-16
1.1,1.17704829714269,-0.480038758510358,0.0176814146183714,0.929358705102967,4.56972016757812e-12
1.1,1.10542540803537,-0.6897724224134,0.0126936003840139,0.947843371023964,1.69862504900201e-16
1.1,1.10590084833913,-0.545465833230635,0.0197686832653575,0.918068686603673,5.7239420746051e-09
1.1,1.09375197089265,-0.857747393018874,0.0176036660416596,0.924035649367389,2.37902544430441e-10
1.1,1.01241716008036,-0.720373164783183,0.0130223283053008,0.940279150943748,8.99834595245159e-16
1.1,0.995491801334744,-0.91757602007075,0.0246570685641068,0.905398677372688,8.14584747116919e-07
1.1,1.08657692193101,-0.653307413129189,0.0144561785619276,0.940244398942868,5.47561038524648e-17
1.1,1.0293845975687,-0.934227361108782,0.0156409770841671,0.928409529405379,1.24162713646913e-11
1.1,1.15415086798059,-0.586729236837991,0.0145312811940814,0.944901626809536,9.73450682378636e-15
1.1,1.05483914146317,-0.755902388782221,0.0151988820905364,0.937525403141268,5.55324733963842e-09
1.1,1.18619332263336,-0.45355966034198,0.0180417398928314,0.932798586005528,1.16624266585182e-11
1.1,1.20445356506804,-0.454136036857531,0.0148157884653173,0.944350809956662,8.35759963100113e-12
1.1,1.07737198083072,-0.564757295695402,0.0188468485808203,0.912715158095299,1.92236699829119e-05
1.1,1.16081820083793,-0.505785109760807,0.0125981639838685,0.944224220463162,8.36022454981715e-08
1.1,1.13624399599358,-0.610166592780806,0.01191799042865,0.947080267849689,1.06421860087544e-14
1.1,1.03425760816075,-0.87143540997431,0.0120137501951334,0.950549341489759,1.34611289859874e-22
1.1,1.21452513008348,-0.544457118303001,0.0138252937850198,0.94590130291202,1.02649266137944e-07
1.1,1.05770829864303,-0.775220384188344,0.0181987480756547,0.918795942066914,9.43663253899476e-10
1.1,1.20236447275204,-0.530614534781747,0.0174580192897937,0.93633614951109,1.46849186006037e-12
1.1,1.11883554317141,-0.596010718665739,0.013301581435419,0.951260883222233,1.49694078735818e-19
1.1,1.12772164746418,-0.492845028534299,0.0116805222675371,0.948800536994167,1.45095835295836e-12
1.1,1.17602160240475,-0.507405332171344,0.0114695025165324,0.953321467556224,3.90133199860016e-15
1.1,0.955798332337491,-0.766930181429254,0.0211084419743138,0.913602048914007,6.30137020984659e-09
1.1,1.12457522344442,-0.653937405821288,0.0119559916916736,0.950527586363315,4.13194810361236e-14
1.1,1.07319730396079,-0.870317176014858,0.0125184032303989,0.946486538030238,7.29302941923567e-15
1.1,1.13603840735806,-0.647857243175159,0.0123646255543832,0.951874343284162,1.14258359456217e-16
1.1,1.03183875122871,-0.755944510251542,0.0118894907127273,0.950432442361025,2.81763102470193e-16
1.1,1.14699496320256,-0.512980011183489,0.015796459417345,0.938525060474506,1.75592900994826e-11
1.1,1.13500309165254,-0.614981740276632,0.0157312146924439,0.933449849268748,4.95095810967819e-09
1.1,1.10687192111915,-0.575140527657735,0.0103372780352319,0.958234910814339,5.40645102951003e-15
1.1,1.13430866420081,-0.596147339088525,0.0138560021202956,0.940124654632884,6.16588568122355e-10
1.1,1.13368772683138,-0.759300526300652,0.0209550508440192,0.922527315936252,7.99887821509224e-08
1.1,1.09715106661279,-0.778921853224891,0.0148461294970037,0.938495052258047,3.63496480567822e-12
1.1,1.13556649901835,-0.548621927178915,0.0158438913923354,0.93392186213098,4.13707644739458e-09
1.1,1.64152265707492,-0.361981541868426,0.0149892092389345,0.939591968703283,7.13870507670181e-12
1.1,1.12024572906961,-0.616954780673795,0.0171528058241567,0.929930232821318,5.33303845974911e-12
1.1,1.19570491622089,-0.467296948857076,0.0197640610260505,0.924023877896725,3.94378475287287e-07
1.1,1.14605699843018,-0.453946862501701,0.0148021086875069,0.93768616060114,8.15175632982988e-09
1.1,1.1112890422105,-0.653700249664606,0.0201330668266266,0.918975336899153,1.02603752295805e-10
1.1,1.10936797984825,-0.815884324160257,0.0185985915566539,0.927088722539851,1.01827156115636e-08
1.1,1.18605731731416,-0.563339420952524,0.0130895273587614,0.948633713987406,7.32537334346934e-12
1.1,1.05732490417025,-0.725678114656982,0.0112249728300619,0.954547717703794,7.21623499607887e-18
1.1,1.19857904874592,-0.53603964941695,0.016991842987196,0.936365361620598,2.65088890365378e-11
1.1,0.981784428461898,-0.958648043640487,0.0183642030173258,0.925469372118319,2.43077747678241e-09
1.1,1.17646057070835,-0.809895599377419,0.00695253796054081,0.968953513628563,7.44168588224203e-19
1.1,1.03018063555559,-0.878345359519283,0.0175360680198921,0.919762315203969,5.02078088004563e-11
1.1,1.34975821366716,-0.422540640318566,0.0123574643745232,0.948344597828737,2.13214982170964e-14
1.1,1.42443341473075,-0.558687707325589,0.0106138721455297,0.952554104276962,7.28482242827809e-13
1.1,1.11447942612637,-0.783586346164223,0.0196063573353086,0.925240435717884,8.35597114168339e-13
1.1,1.12723096099018,-0.600141514564964,0.0134207693671257,0.939799446683963,4.82817858808486e-10
1.1,1.1095161225067,-0.625108168371991,0.0148294998932806,0.943130453952797,1.61885115357228e-12
1.1,1.11101524889153,-0.72938834023269,0.0157694419885344,0.935623135698495,2.93651163195535e-14
1.1,1.16402918327743,-0.625902757829609,0.0231810209827511,0.915707104415916,1.21793000654574e-07
1.1,1.3953538893723,-0.796130376832483,0.0119085602090809,0.949114599931159,2.90240492002125e-09
1.1,1.11628297924384,-0.758779383085075,0.0214984021189085,0.918260658025743,1.90164810184952e-10
1.1,1.17650541724056,-0.631714721291456,0.0171631713166717,0.936748252296621,1.44658710503545e-09
1.1,0.919925133019382,-0.868949690611706,0.0187479056342885,0.908820262794825,5.32769782738501e-06
1.1,1.17501505038592,-0.536414174660327,0.015970273622028,0.936095871470772,2.01897716037615e-11
1.1,2.16138830115771,-0.539533708293692,0.0143529070742585,0.943870210583306,7.43136913363573e-14
1.1,1.1225270504782,-0.68957870800952,0.013001033588485,0.941214146817173,5.91291878788354e-12
1.1,1.09115726398119,-0.701746895442025,0.0191916478572853,0.9218301689504,5.66911583949696e-13
1.1,1.18359206346709,-0.520488585618719,0.0140865172352159,0.94789262595988,5.79102022265255e-13
1.1,1.17847855696925,-0.660275290428415,0.0145168329995195,0.94603646881341,1.05286150583625e-15
1.1,1.17710964980525,-0.492618184835087,0.0135297832138478,0.946207031784475,5.81677805391861e-08
1.1,1.13681121377523,-0.485779689464599,0.0114657318756489,0.950369252094554,2.84613347745163e-15
1.1,1.0622527772166,-0.697018978153273,0.0173097409456189,0.928223908593057,5.45587652644531e-12
1.1,1.15341022658639,-0.613107056554293,0.013733124104214,0.942154086162966,3.16512855702811e-09
1.1,0.828863443703017,-1.06094301668249,0.0162567943963962,0.931678848141858,6.25785306176706e-10
1.1,1.21642489822027,-0.594059186562683,0.0136659881237957,0.947053372050635,1.39421992589512e-10
1.1,1.01399950448748,-0.685284606752107,0.0188986908599727,0.911209893315321,1.21178641179196e-07
1.1,1.05915664955448,-0.850685989879636,0.00996447001030646,0.949038313038196,1.6258377180633e-12
1.1,1.00398322454888,-0.691665220687403,0.0229423134164039,0.896060386960293,4.03602484393827e-10
1.1,1.1188648016107,-0.562640378451698,0.0223817062626335,0.906476698210626,2.42164924574084e-07
1.1,1.06022626331475,-0.652610556745593,0.0178660686869058,0.923805733520369,4.5597761401602e-09
1.1,1.06109343107887,-0.796786300622383,0.0192816649083763,0.921198257443628,4.54892635663248e-13
1.1,1.03530466038028,-0.761832371193409,0.0136892381161328,0.942979485090345,1.36151018649249e-18
1.1,1.06919824149134,-0.68590798700743,0.0155171657359065,0.937287111735263,7.92951162333789e-12
1.1,1.09333106905314,-0.77934339849155,0.0178534931075917,0.934860229215984,1.40217863674976e-11
1.1,1.29463643148268,-0.738594538529285,0.0166834504274081,0.9360259982221,4.15795146803855e-13
1.1,1.03991208045772,-0.752529898294496,0.0156769470048825,0.933089274729301,1.70238102397486e-15
1.1,1.15350863732335,-0.622541185525933,0.0134284122494266,0.947543221672466,3.40276957712392e-15
1.1,1.02523588608356,-0.710301931167054,0.010714239838576,0.954131791303304,2.42275573223308e-21
1.1,1.23844372664046,-0.577785110951521,0.0181155272418967,0.931739561629182,9.77438494300263e-13
1.1,0.837222473589888,-1.11425877601383,0.0132326073108386,0.952791535862127,2.32984537455518e-17
1.1,1.16264779241077,-0.758850347648592,0.0141371623799933,0.943042308759027,1.32851588026263e-11
1.1,1.09964603843108,-0.640173901098765,0.0160976432504894,0.933327657354896,5.27224015713006e-10
1.1,1.09316233930947,-0.749077845486849,0.0180967612913503,0.926018103002811,6.24865987097564e-12
1.1,1.11885907925183,-0.65107372953376,0.0169422756568914,0.929438624905318,2.90155156305572e-11
1.1,1.1329701984542,-0.607586750815737,0.00997383929500883,0.959360909153828,1.28957314258243e-18
1.1,1.10156549968466,-0.714679031226241,0.0139186163101869,0.941568537882776,1.48072924100187e-15
1.1,1.24314112195438,-0.418179370817522,0.0151848919315274,0.946603216729881,1.49674849391416e-12
1.1,1.07984641511396,-0.64962296030666,0.0137991077009412,0.936346229412196,4.71319266522496e-10
1.1,1.03648885748077,-0.716652911736608,0.0168282037703084,0.922738378328407,6.24963724665902e-11
1.1,1.06319891204304,-0.741305922035318,0.015023311673063,0.933098635403142,1.24010343270401e-11
1.1,1.00720797069463,-0.730939965680381,0.0111310589058237,0.949485264291678,1.05313915910648e-18
1.1,1.18652011496035,-0.442680701552137,0.0162175223244096,0.936817697616293,6.91372247711891e-09
1.1,1.12915039146542,-0.674610207662185,0.0126062062386025,0.948101496007995,4.04415209009772e-18
1.1,1.04972410076579,-0.578890515681432,0.0186552734519468,0.919963708299045,7.8994741775128e-10
1.1,1.13224802835781,-0.714156674309765,0.0159050743151104,0.931803595652919,1.20034339186825e-10
1.1,1.11994763405564,-0.583264108730037,0.0150878930202807,0.940999647696431,1.15084147932713e-15
1.1,1.07390143700855,-0.602123921103647,0.0199166368647736,0.914532983418314,1.98638964874551e-08
1.1,1.21053216388444,-0.648768573231111,0.0200975736972954,0.927379598348503,3.42982960398684e-09
1.1,1.09511254764133,-0.674640741177377,0.0140846311097384,0.939649567347087,8.28532883923534e-11
1.1,1.13126961394478,-0.836851086413307,0.0137547372718257,0.944610650689114,5.36604367350607e-17
1.1,1.04768842400086,-0.72684385728273,0.012021981743728,0.949573669561654,1.57486101672359e-19
1.1,0.845365977232428,-1.06605165792018,0.0141094264156368,0.941583109965058,1.4524714123757e-13
1.1,1.0684517833624,-0.663987631032728,0.0135284747469776,0.9368512217533,3.71371254514025e-14
1.1,1.86591769687219,-0.553863814660083,0.010057377159461,0.958962185895045,6.08367030846881e-17
1.1,1.12885456831879,-0.666397942286323,0.015991582189208,0.934378697353998,6.34856637967329e-10
1.1,1.04418356917538,-0.710110373184977,0.0203618445966695,0.917956795298575,1.5964892360099e-08
1.1,1.00977887620035,-0.683581273172542,0.0125938499764861,0.945449503513932,8.17882630369214e-20
1.1,1.61842977296705,-0.875737633211419,0.0111593594958019,0.954593987812907,9.35056234387761e-18
1.1,1.09366065630448,-0.789034349154393,0.0129952274608287,0.946283065618036,4.09229100455439e-16
1.1,1.11598715665529,-0.688863544420044,0.0148587693697891,0.941317478576238,1.94336792312453e-14
1.1,1.19848369933144,-0.468085352941004,0.0191011177126609,0.93064833880812,3.87384924766104e-13
1.1,1.02531832351297,-0.833464893191974,0.0132332793190128,0.943691635155782,4.53099766938636e-18
1.1,1.11805266597617,-0.689710382967191,0.0172665274484505,0.931707351231684,1.30682780654139e-13
1.1,0.964875736388243,-0.780856467775428,0.0158436304533738,0.921885652553903,3.10592569313732e-12
1.1,1.35226485906287,-0.635711422303235,0.00972815415319512,0.963340189524622,1.06819735885368e-21
1.1,1.4208366706209,-1.40664031566457,0.0133451305272293,0.939085718830341,1.81525909697019e-14
1.1,1.13064035279794,-0.638608314235448,0.0109547083616339,0.95792921776357,1.39825989693516e-20
1.1,1.18002843595009,-0.535008835807277,0.0161131278750224,0.938910073372813,8.21697773201395e-12
1.1,1.17217804790954,-0.470248324708307,0.0187586213246544,0.924570039733976,1.12802341177147e-08
1.1,1.09816309260164,-0.754105733193291,0.0147265873809737,0.939834223723345,2.89798561263196e-13
1.1,1.04261187822756,-0.805227766322842,0.0148245500389078,0.937922709920742,1.82041759428185e-16
1.1,1.16151398978287,-0.568818203772362,0.0188440807435387,0.928848582976569,9.46805704330994e-12
1.1,1.0531209514655,-0.736073718487721,0.0125483853172905,0.94493195765155,1.16840362461e-19
1.1,0.866694311847831,-1.1669052446639,0.0153862113109794,0.935927011822165,5.61580940083314e-14
1.1,1.08299828170223,-0.728215340359826,0.0136094857032846,0.943697505130871,3.07318563556441e-12
1.1,1.06488510974858,-0.720820553114952,0.0178416156086155,0.922155573446291,1.47393416694904e-08
1.1,0.860489762888763,-1.05071659543799,0.0164132863828536,0.920839063626343,2.19933139388371e-10
1.1,1.05225712766435,-0.696065302516529,0.0149408902218147,0.930612775370469,5.1404410787124e-09
1.1,1.09543533554488,-0.867321256104868,0.0152040640766991,0.941804099717159,1.2043886605093e-12
1.1,1.04911632037931,-0.756676229452988,0.0169475875278877,0.926541203742712,5.42631432332683e-14
1.1,1.12321267468062,-0.600095567410016,0.0146873370860435,0.939669868475683,2.98254519030045e-10
1.1,1.47848610671116,-0.557876117068484,0.00958688287828532,0.963171752323403,3.19662815311172e-14
1.1,1.07736199894609,-0.691116965124294,0.0175793381612927,0.921782475365701,5.40764680154293e-09
1.1,1.13932383547371,-0.615365660836422,0.0140607247675104,0.947864018155779,1.09168538024256e-15
1.1,1.03971494074881,-0.736308646618042,0.0140310861067514,0.942727476310565,5.85748258236745e-13
1.1,1.09951848434609,-0.654729195630931,0.0106923953444034,0.953335221557,4.36455821626021e-15
1.1,0.833019545743888,-1.00076378084935,0.0170318812489635,0.928482754528291,2.94147238409102e-11
1.1,1.11290369006384,-0.592929019451392,0.0162026620900675,0.939931232114629,4.64178592775425e-16
1.1,1.10701940945886,-0.651701662024864,0.0144865295754437,0.937596088484073,1.93300114849731e-08
1.1,1.03305077593457,-0.709195510876671,0.0166575955347333,0.9314428634765,3.48904049201114e-19
1.1,1.43524654621067,-0.839930496257548,0.00873657773751045,0.964980582280753,9.80698663845089e-19
1.1,0.954892452556691,-1.0074079356222,0.019476068774144,0.90920184100011,2.8174069449333e-10
1.1,1.09631413995839,-0.760033728375753,0.0111226569852929,0.956220320265013,7.19329505326022e-16
1.1,0.834719637959086,-1.00121262882208,0.0172569684708562,0.933394372382972,1.02848776440665e-10
1.1,1.09820264524934,-0.677438724129025,0.0165890539282489,0.934222581344604,1.20425000548799e-15
1.1,1.02627073098628,-0.661851156765953,0.0149003094701036,0.933123549531965,2.00103881243604e-14
1.1,1.15928314484551,-0.513917003729824,0.0252794900691628,0.902611163946747,1.11524511250341e-08
1.1,1.06224733113573,-0.825190618578495,0.016825363139367,0.926884002685094,5.83281675973621e-14
1.1,1.13685309710746,-0.60732805393163,0.016247697993671,0.933304289832372,9.84663699637466e-08
1.1,1.11514456382443,-0.65223610152912,0.0146331663817365,0.940171676340182,4.43384070040052e-15
1.1,1.06388579415104,-0.648447193993058,0.0157630798187406,0.929825625614515,8.19212024568075e-13
1.1,1.12265332362381,-0.550689023842447,0.0144494406785148,0.93890542310011,2.24190150381562e-11
1.1,1.10862996505071,-0.719186686582219,0.0173865125013599,0.927466851180007,2.17133642785902e-10
1.1,0.929438842134136,-0.939644976551646,0.0143796424698623,0.93899982528693,1.7723406515149e-25
1.1,1.1426206616094,-0.609012177856082,0.0102986921429035,0.961109550077994,2.49494216839939e-18
1.1,0.949169019407804,-0.980169604040231,0.0232860736438851,0.906587570512089,2.67876672049904e-07
1.1,1.01149536647469,-0.81239575024989,0.0217950102226807,0.911450843650397,2.94248228514115e-11
1.1,1.31986859585854,-0.517003076142384,0.00914706669221167,0.955778009557363,6.59681014694511e-12
1.1,1.04327497113588,-0.716951635601251,0.0132707767606229,0.939066584713064,1.43651950548057e-13
1.1,1.11761369751067,-0.726554446770404,0.0149017544214545,0.940817412186203,1.67002536584796e-14
1.1,1.0141934954526,-0.917142443042411,0.0187630438609126,0.92981420135365,4.7922483501575e-09
1.1,0.760026405916579,-1.31406063389812,0.0111565073580326,0.951582159266306,1.56787686165829e-22
1.1,1.14663527368914,-0.58375916399458,0.0145023643999334,0.943503030757946,3.13825544100151e-10
1.1,1.15131878248159,-0.504993533228692,0.0156717688917221,0.9343878054013,2.67898672247828e-07
1.1,1.23981597354018,-0.456878679147282,0.015991895337041,0.946760682571751,4.30975153424513e-11
1.1,1.00490086349085,-0.718288997901726,0.0165957738482676,0.924834152297821,6.9580749541655e-12
1.1,1.24471873137208,-0.538686082950581,0.0125903187237735,0.952390408038893,5.7141030750611e-11
1.1,1.12537776256162,-0.560871171486818,0.0153759296222096,0.934714207297034,5.14419493753517e-11
1.1,0.979627770322434,-0.786119363033236,0.015894875072756,0.937705130498831,8.44783055204422e-16
1.1,1.10547135777882,-0.665896332514905,0.00863660299620004,0.962009107227276,1.03947399792005e-14
1.1,0.967902761515437,-0.8338356652525,0.0181260729752504,0.928568066271066,4.07371601484811e-12
1.1,1.02537940921851,-0.855846963436611,0.012877102486633,0.943252359376538,3.01486051601532e-13
1.1,1.11711653921458,-0.752258942204073,0.0173064670378726,0.930913515304597,9.79585596746669e-13
1.1,0.953977901612168,-0.939906911810417,0.0142724653930521,0.939184972633059,4.9247538457954e-19
1.1,1.06122941013202,-0.653102987748927,0.0211484983679875,0.911453792884623,1.81974783406005e-09
1.1,1.05067416514513,-0.662738455692058,0.0190889546748567,0.921335228496497,1.35458131282189e-12
1.1,1.19041765006883,-0.601548348238854,0.0135666401519424,0.945465886570898,1.63921326652421e-14
1.1,1.10157183091324,-0.712431682434247,0.0131711087170894,0.94526667751279,4.91371504403581e-17
1.1,1.12301805915049,-0.673663580546912,0.0166048050734408,0.930707938212641,8.09611547705823e-09
1.1,0.925450891777677,-0.992670277900529,0.0184915505698899,0.926915729133924,1.67401206673887e-12
1.1,1.07826315881619,-0.581219550503557,0.0167636507549399,0.9212899635384,4.40771380643885e-09
1.1,1.1920648134029,-0.506169270160513,0.0140860917234322,0.946327884867191,1.61507795675811e-13
1.1,1.16071512102,-0.481904402504747,0.0172407616732592,0.93134136704394,4.77822949462668e-07
1.1,1.15624737280334,-0.484167845850426,0.0228716559566728,0.912419717445228,2.74523188821438e-09
1.1,0.0254923635405256,-2.51840019476327,0.00976896305142748,0.963249769918415,4.23814010448831e-15
1.1,1.18252149623517,-0.685439981252905,0.0128602011682591,0.949799941734736,3.37924865420807e-15
1.1,1.04957579215247,-0.714942122553256,0.0107398217339115,0.953554877783772,2.00734614443458e-15
1.1,1.18115995305376,-0.612617753924642,0.0116800881946708,0.956585477421386,2.99131619432659e-15
1.1,1.08236809635622,-0.635892565946604,0.00956416208353283,0.956093610128729,6.29069270735367e-17
1.1,0.985812404352536,-0.922698840001324,0.0159235044409922,0.923626807845406,2.10047844616644e-16
1.1,1.1164746018554,-0.758412065647761,0.0124741209773951,0.949002395989404,3.47175810550608e-17
1.1,1.14180894425645,-0.714304233257478,0.0144227292010431,0.94103848769892,2.52235112976195e-14
1.1,1.08468509127368,-0.75237023247485,0.0184679222514183,0.928776259255618,1.13531923544024e-11
1.1,1.21965457046538,-0.596523960101304,0.0167207447070832,0.933321368536755,7.5241886866694e-10
1.1,1.03177795664569,-0.623505880799504,0.0133056558725095,0.941908510360057,1.7613322531487e-17
1.1,1.16144220154886,-0.545072059679204,0.0118579624817449,0.952541186523756,6.01100331313355e-11
1.1,1.13571198738867,-0.724851621792023,0.0171637729498184,0.924738308070105,1.40023273927877e-07
1.1,1.19543643929217,-0.476137730760247,0.0135804584715253,0.952031285415833,4.89940229748652e-11
1.1,1.11992423701983,-0.569852883298753,0.012650546738867,0.946120107401119,2.97515789618716e-10
1.1,1.04659239725803,-0.734907625920157,0.0206967889138741,0.913037338294465,3.74047503536206e-10
1.1,1.14809577786021,-0.644244177420828,0.0137240891118624,0.941932905841803,7.50312610555466e-10
1.1,1.0346950324109,-0.669390345695487,0.0192782588020453,0.916043265523793,4.29968003768066e-11
1.1,0.963323795413222,-0.841494071248212,0.011368604693814,0.947478610358446,1.54469091654686e-20
1.1,1.11300317758731,-0.563577313310231,0.0155899748781838,0.939471810485051,3.82999957264851e-13
1.1,1.01678082484556,-0.76278920821963,0.01870781510472,0.911832076870334,7.30400315923118e-12
1.1,1.0907305469203,-0.686495509995547,0.0150115873913018,0.938948553508627,2.25466873475386e-15
1.1,1.09209759661632,-0.691719155648683,0.0171097352759542,0.928521852215623,1.63552450813967e-13
1.1,1.11761539371223,-0.608418891196062,0.0140955633381245,0.942469325516805,9.82058680900415e-12
1.1,1.00634955465021,-0.754736636445311,0.0183838627256552,0.912892778416021,2.08452238379342e-08
1.1,1.19354662883545,-0.710552594173515,0.0141457192339717,0.950075168583714,4.16914026988045e-12
1.1,1.09860761525093,-0.747124560712699,0.0147886826957205,0.939848303784094,8.78262790540412e-16
1.1,1.06541000630785,-0.7315257400417,0.0143710537667604,0.938136893493232,7.28507176143755e-14
1.1,1.06493568070501,-0.734812034642157,0.0226201307600995,0.902317412705859,3.86341829374757e-07
1.1,1.15376435779475,-0.627738217566941,0.0147731218635382,0.947036554699084,4.07511440250472e-19
1.1,1.1569016271288,-0.521684870217421,0.0142088257458813,0.945050344548153,1.08049884321618e-14
1.1,1.09783421431128,-0.790715977929752,0.0153442886106075,0.932577496532909,8.45231320423917e-11
1.1,1.09396566827269,-0.766734124070008,0.0188250965319921,0.922972172698073,6.99103599332041e-11
1.1,0.967963471264034,-0.73340074902557,0.0141354943542149,0.938341830209423,2.36684629709759e-17
1.1,1.0907945877365,-0.650923922734119,0.0139570045241903,0.940454454516711,2.0992407376674e-12
1.1,1.23979233965427,-0.50081872821939,0.014900576181262,0.950181508793075,5.59738679259896e-15
1.1,1.17300160145901,-0.732238773084096,0.0162328015147752,0.936454934412416,4.98852341881176e-11
1.1,1.06469496697162,-0.620080591115053,0.0191907353827953,0.912522702685536,1.51320676480065e-05
1.1,1.15953773506881,-0.532607302630144,0.0138624501124746,0.946536165223677,2.58548293532269e-15
1.1,1.12108054217014,-0.722041772433552,0.0148820890006144,0.937498380527788,5.09851011898044e-09
1.1,1.14678777151517,-0.808169830555076,0.014355983550855,0.942883142501997,2.50867695995978e-14
1.1,1.10735185843658,-0.871328705582216,0.0087031412459972,0.963258114722552,2.86862591923539e-13
1.1,1.12130488745186,-0.780496406007232,0.0157523613008116,0.937283647795603,8.71773456800954e-14
1.1,1.13165245340803,-0.574241957886328,0.0125106681938325,0.949591315246313,9.47767053817248e-15
1.1,1.0854637481974,-0.644491847063347,0.0175910895420693,0.926224767593997,2.31364334836918e-10
1.1,1.07579879570531,-0.661859757519489,0.0148401022312958,0.937112709496001,5.51974093188924e-15
1.1,1.15462625977291,-0.562846047190243,0.0175709936312476,0.932213610775502,1.833542384223e-13
1.1,1.02943694091644,-0.800719692277717,0.0114810797317292,0.94677458064604,1.66237850814068e-15
1.1,1.10119729948508,-0.649959001588351,0.0140655005687842,0.944279078196073,4.24244324867656e-18
1.1,1.16005253486566,-0.55161031496029,0.0107334520713183,0.956296573811852,1.10518027882772e-10
1.1,1.16002282967646,-0.622264176921606,0.0102844553762711,0.957242933096836,5.71016467902359e-15
1.1,1.11997652744906,-0.612612965200187,0.0203029268186411,0.922263707452824,1.1002596217325e-11
1.1,0.94658146624844,-0.883864938904416,0.0187858738193565,0.91282381132901,2.68777690431181e-09
1.1,1.14825742404549,-0.63052875651023,0.013833827630966,0.947817503513058,9.64341957987837e-16
1.1,1.08592953149773,-0.814767757292244,0.0161226334481622,0.930092968997553,8.61056417289419e-10
1.1,1.00346919561757,-0.834313186043411,0.0127409485192977,0.944045781649757,1.57895752456337e-20
1.1,1.10804593258278,-0.758543264135913,0.0151012963095208,0.94140804901911,1.58314533645416e-12
1.1,1.24947578950278,-0.462061050387791,0.0170084352891435,0.935067424206914,6.91099743973723e-05
1.1,0.973634876882027,-0.912271250222349,0.0170720048160263,0.924894299192043,1.74521457862109e-12
1.1,1.06536896309778,-0.705331085209602,0.012929269022568,0.951384463185779,1.17693296128022e-10
1.1,1.17356894083908,-0.575152338813982,0.0142590828426565,0.944629499946552,3.5147129434515e-13
1.1,1.06357864954986,-0.650831404091504,0.0138443995365323,0.934584638440465,1.28815840058157e-10
1.1,1.08967980163936,-0.670196937395192,0.0191796446283534,0.921746668736544,3.40200340072303e-10
1.1,1.10422954735935,-0.582609594324954,0.0116254677025491,0.952603001016474,2.21839959380384e-17
1.1,1.15879510428672,-0.611792459525007,0.0158272244774694,0.939840005961814,4.40620196164163e-11
1.1,1.05626412938286,-0.725689158858126,0.0128958339778591,0.946871594513297,6.86751956191301e-20
1.1,1.16850398499444,-0.513154935897329,0.0209959718113847,0.922754461269011,5.98842804599333e-10
1.1,1.2098919199065,-0.38730999473302,0.0149584010494183,0.943728769957291,1.57267236965283e-11
1.1,1.09351493138607,-0.709658970166425,0.0186689548318683,0.92177179198739,1.64870435231188e-08
1.1,0.985822931037409,-0.825192791008547,0.0169496131503937,0.925117603454355,1.07421224816912e-10
1.1,1.00665875764501,-0.716394410635475,0.0131800337809524,0.941777158032143,3.0354159123287e-15
1.1,1.11385734207027,-0.642009429705491,0.0242312643921442,0.905350809826207,3.06608054854994e-07
1.1,1.14468892421801,-0.726810224927502,0.0180561131241791,0.932170799446229,1.35449137767962e-11
1.1,1.17718827843265,-0.679978967692511,0.0164457135862043,0.939578934167806,1.16289494396926e-15
1.1,1.1450245081166,-0.575016323757952,0.0119236682175419,0.952607671009732,5.54112790218148e-14
1.1,1.08895640452539,-0.645540999952732,0.0119432456760337,0.946717627292474,1.00829061180794e-11
1.1,1.20846179181806,-0.463951408970373,0.0215996600091768,0.917916237475643,4.77458370266883e-05
1.1,1.22958514235281,-0.511204388652853,0.0128690987471859,0.94890360778285,1.65149138967301e-06
1.1,1.06673550299573,-0.623590754900179,0.0142254529632106,0.94178572340204,4.8836558237878e-18
1.1,1.15364054983644,-0.60108540435546,0.0147877823961123,0.932916131156508,5.43435512161958e-08
1.1,1.14075768326827,-0.614029236961715,0.0128630626022665,0.951545663787075,1.05397921184815e-18
1.1,1.01119901016577,-0.783584179891829,0.0158838667442667,0.940720103118562,2.04129515067476e-16
1.1,1.08136496289429,-0.79249107362956,0.0138678116628374,0.945026205170152,1.0494747396779e-11
1.1,1.08491595490533,-0.706466815615695,0.0136848189543793,0.941016100808506,1.99738175608617e-10
1.1,1.08917700922129,-0.720573734502079,0.0131167316593927,0.947381155412933,1.67614671376022e-14
1.1,1.21028167228013,-0.559459896505682,0.0167180300778507,0.937963828008586,5.51764444196852e-10
1.1,1.02847779632597,-0.799013842913942,0.0157248675371544,0.930795980799002,3.63680614040604e-13
1.1,1.10016685667017,-0.643218401559313,0.0170511972200708,0.927342398281565,8.03512326028026e-08
1.1,0.930317312587788,-0.911620209307313,0.0154477934912558,0.922001833099431,2.73193833619538e-10
1.1,1.18488398110271,-0.601824586729678,0.0185177587339006,0.929975516474082,3.83440405845568e-12
1.1,1.04044514794577,-0.80603487530725,0.0170156672290143,0.925248822280331,2.10293071736774e-12
1.1,1.05835855463474,-0.892168978483748,0.0151212220944082,0.937440794932929,8.17025193467895e-11
1.1,1.04444483480974,-0.843270388738937,0.0124741944971573,0.943599974814412,4.82907357329284e-14
1.1,1.13516801796299,-0.69653012680062,0.0183781507195544,0.930731465097033,2.44339197311844e-13
1.1,1.17769941702531,-0.709967523200842,0.0152551577584238,0.941623566705038,1.12412613919783e-11
1.1,1.07977309246708,-0.678782680176814,0.0142035435406587,0.933065551950246,1.30023000090988e-08
1.1,1.08089047911481,-0.79751674212467,0.0188040657187681,0.927820738627035,3.02673460307566e-08
1.1,1.16735082809837,-0.543364300043689,0.0183624518257099,0.931348499233317,7.38160384228623e-12
1.1,1.05689571431183,-0.65336903994811,0.0135870415052534,0.938529797497219,1.39621080609767e-12
1.1,1.04564569274893,-0.717405671556576,0.0177984033048677,0.922523372591414,2.04763515684504e-13
1.1,1.09589295891189,-0.763792753554402,0.0160177630748342,0.937233187852945,8.81496137579894e-12
1.1,1.07876334913762,-0.724632447686088,0.0164725894050743,0.928460891946647,1.54895218283165e-11
1.1,1.09359024094283,-0.753916957848364,0.0120341098799916,0.949962816026256,4.25346884810359e-17
1.1,1.20484143129847,-0.542030784310216,0.0125661008161325,0.952063154034619,3.25288631996364e-12
1.1,1.06626165551325,-0.868511004881079,0.0138882791368362,0.947587274138334,4.73459135498e-17
1.1,0.956392043472433,-0.862940380838494,0.0169891856719978,0.928764326599863,8.77876554022186e-09
1.1,1.12089249258386,-0.816801376125614,0.0151808054085764,0.939061708963645,6.6474218526749e-12
1.1,1.14845721452557,-0.540928817027803,0.0201705965194648,0.919264459128891,9.70359036329379e-10
1.1,1.09678207234916,-0.818598866610459,0.00846053184349341,0.969922431628852,5.36900599689334e-23
1.1,1.02979398543128,-0.862741416334051,0.0150954977216306,0.934033655525758,2.18325686305234e-16
1.1,1.0522329850295,-0.678300285104142,0.0151404510679266,0.930296810571161,1.60065839545107e-11
1.1,1.0423086183753,-0.733636185058418,0.0162681387855159,0.924969576882277,4.54053189906008e-12
1.1,1.06531242940976,-0.824089134855903,0.0210158228148196,0.909024689767249,7.29846259583963e-09
1.1,1.13938280656265,-0.518637408594783,0.0138996188316619,0.944484864865429,5.41097428601063e-12
1.1,1.06975560268715,-0.64679699406739,0.0110753819002165,0.946193930058127,6.94174812159252e-10
1.1,1.69661552257985,-0.542843549115338,0.0125200591522716,0.94699072219912,4.22375367816695e-12
1.1,0.986763410240862,-0.814796883043387,0.0136210170543294,0.935537986720911,1.13485765074629e-10
1.1,1.04543453231242,-0.662679544047319,0.0211032375394213,0.909403525571996,1.44442533721046e-07
1.1,1.07757948760815,-0.560428754644919,0.0164801447556499,0.926665976772505,1.72224681224032e-08
1.1,1.0729265995696,-0.698100263007313,0.0149050743929533,0.936652426927299,1.74625122930691e-13
1.1,1.15371003398668,-0.59931366143179,0.018207779613494,0.934150130497418,6.86605123224368e-16
1.1,1.12650391732046,-0.703323257567414,0.0100739764615792,0.959448908435083,2.50320977294458e-10
1.1,1.06413303759119,-0.772541393251296,0.0171877833699364,0.929524491901835,7.82232955441725e-14
1.1,0.999891677632649,-0.657255698188133,0.0155435051518209,0.925200637021938,2.17137633410445e-14
1.1,1.08294976793227,-0.871564878686005,0.0184005724113553,0.926924462306727,1.52491827157566e-13
1.1,0.693596598281923,-1.29038149693499,0.0186023533823247,0.918127373939318,1.0198108162531e-15
1.1,1.17705532302639,-0.525459176870417,0.0170981448276067,0.933655331005403,2.3158336017575e-08
1.1,1.10865397587568,-0.671741672089579,0.0174387476339782,0.929044671339526,2.22699321766567e-11
1.1,1.1365860379279,-0.65145943115843,0.0178513151911107,0.931579559801564,5.69149748958458e-12
1.1,1.01653109383071,-0.807946053615123,0.0187578117778469,0.915909533827605,6.0246644498868e-12
1.1,0.982227979831983,-0.89318020432823,0.0238822969323994,0.897510919599779,6.85409904199268e-10
1.1,0.910369435738068,-0.975240789582318,0.0121935623526953,0.955646309719198,2.60470349010363e-24
1.1,1.02648415544115,-0.84365215338828,0.0170246738347553,0.928280273486843,1.46539959513479e-13
1.1,0.797230016424837,-1.20592633799938,0.0111894057243979,0.943052159852031,2.11457689681079e-17
1.1,1.16376791624949,-0.619977859728141,0.0152693357524915,0.940280639323315,1.77802610584263e-12
1.1,1.16480992661324,-0.639413280123802,0.0113018548881256,0.954236260587924,7.54070509110277e-12
1.1,1.12575630819427,-0.810043558941596,0.0199481018391789,0.921577009530597,3.53980232505138e-08
1.1,0.955483411589707,-0.874348830667441,0.0143531386647407,0.939993485640403,3.71637193768046e-15
1.1,0.885301479256352,-0.956585145333213,0.0183998296319981,0.922901292935999,4.21267951561054e-09
1.1,0.811204819775958,-1.199460890859,0.0178922223263795,0.938305678486526,2.43958533517852e-09
1.1,1.11235410376035,-0.686390086315678,0.00780538592729181,0.96375705503048,6.60639496022962e-14
1.1,0.98670092423833,-0.988407572521079,0.0189568741345636,0.913190466617276,1.62693380728371e-11
1.2,1.2779929447175,-0.710625578073923,0.0192643612719618,0.937556553743572,2.46653195447232e-10
1.2,1.13764894131487,-0.76805163392577,0.0109080735560431,0.958531506639523,1.05788291386719e-22
1.2,1.11129355615404,-1.08506826075906,0.0147748416082319,0.950583396156548,2.91889556586643e-15
1.2,1.23442994860521,-0.727483228241096,0.0217831154050494,0.924039831563471,7.42478399554852e-07
1.2,1.15065453883786,-0.72080339622863,0.0151888046758956,0.937158398835371,4.16652808780552e-11
1.2,1.13159401882247,-0.841876853209552,0.0205958206993281,0.93719217405324,4.80986621933097e-14
1.2,1.21954960621165,-0.695246655181108,0.0129428838296293,0.951265842975773,1.05727643653785e-11
1.2,1.20062229443384,-0.673015547029941,0.013153638910317,0.948153787465105,1.37896208793182e-10
1.2,1.21929880400433,-0.66276650600232,0.0104534450586918,0.959702914574295,1.09128729361882e-13
1.2,1.13664457854692,-0.832949439806976,0.014190864749318,0.941956096453092,6.84664294309648e-12
1.2,1.12214913711568,-1.00339533861699,0.010765952220801,0.961907872040323,3.22261449421564e-17
1.2,0.960837215426356,-0.988690632782719,0.0213253390682852,0.921896309082689,3.69802271762379e-06
1.2,1.11846246579038,-0.895594880100123,0.0127993691966626,0.945165391483052,1.98372348470943e-11
1.2,1.23110012608219,-0.633017628847682,0.0178366903257765,0.935383158377792,1.23030957296863e-10
1.2,1.22495965194872,-0.665356191769645,0.0116237506935242,0.958992777741182,7.53822873936065e-15
1.2,1.357280920379,-0.609863416962356,0.0102912831082689,0.967882672695393,2.4075633545439e-19
1.2,1.21318242205649,-0.686571254258469,0.0144619091602221,0.948856629573188,3.19440445616319e-14
1.2,1.04404657053612,-0.930706526261901,0.0187170991617631,0.934014969934246,1.31414959445469e-13
1.2,1.32747935490685,-0.6449215680267,0.0190808490320302,0.939238110774503,1.24927452274876e-10
1.2,1.02791477795404,-0.94120146609204,0.0158162967327482,0.934613691681748,3.44390404868383e-11
1.2,1.13387266587273,-0.726484095426798,0.0189507049834112,0.931873938174351,1.8519359752188e-09
1.2,1.2353776972113,-0.52843837442128,0.013072516558741,0.951665901551072,9.71987445536782e-13
1.2,1.26429182514855,-0.708536890214462,0.0119887489507433,0.958802993741266,3.24714856193747e-15
1.2,1.17616454851581,-0.966886062098471,0.0110512008963984,0.95973505271908,1.08536606783636e-20
1.2,1.27430585517145,-0.692579723208921,0.0125358384438675,0.95828815028258,8.0482190510139e-15
1.2,1.22084673907063,-0.727762170155097,0.0159128737569875,0.941211253920077,2.87163052905386e-08
1.2,1.17377944997475,-0.979794718877414,0.0297541189198878,0.895655552596455,5.73050515605435e-08
1.2,1.1543740429028,-0.676924283221602,0.011253488033059,0.959385830691492,4.36236598046615e-22
1.2,1.20080101048114,-0.787439034070733,0.0129033869054846,0.952505469459954,4.64493273445612e-15
1.2,1.23308833299745,-0.774020926014044,0.0147816729719784,0.950334747842927,1.06874412871729e-16
1.2,0.835670164525611,-1.1208904351882,0.0184216250550378,0.929327816346654,2.88092398620261e-17
1.2,1.24077300040782,-0.553564606328299,0.0160399818366553,0.943587219237508,1.3275568695064e-10
1.2,1.1300192690731,-0.80625848666986,0.0106841274065261,0.959269126777022,1.49102920805435e-17
1.2,1.28171120306204,-0.523062775451688,0.0212747898558755,0.931702833275755,6.044059671716e-10
1.2,0.898949031882968,-1.11709918326997,0.0299314281334316,0.89151243574046,7.88508530504606e-05
1.2,1.18766235438532,-0.956518738225265,0.0152950728318087,0.944445285462298,2.50382108692404e-14
1.2,1.1773866959589,-0.839066950552435,0.0169319100577119,0.941741275439266,2.98892228632905e-12
1.2,1.17849113860433,-0.550927573579002,0.0304665335640838,0.888822997672138,1.51809534378689e-06
1.2,1.17408714458966,-0.719164819559525,0.0140102318806294,0.953019906668908,1.99220954660112e-19
1.2,1.19649834300166,-0.586360056694283,0.0217246562344149,0.92187830204719,4.4193579122867e-09
1.2,1.84862560286363,-0.359031491860534,0.011441128207551,0.963385010172749,2.96922147988908e-14
1.2,1.26871768861495,-0.70820098131325,0.0142412618143673,0.954239535367919,1.17186897641385e-18
1.2,1.26685071107823,-0.543877185102261,0.00855064019679873,0.968813124460353,1.32465724792665e-19
1.2,0.804598319253381,-1.43550208311651,0.0256932703696022,0.907568206993404,1.74206417178277e-08
1.2,1.08987901428752,-0.789598750163217,0.0139605292330795,0.94549576633241,1.65563120448879e-17
1.2,1.10235621384788,-0.688889041478063,0.0128936553956994,0.949154537748592,1.32026377710978e-15
1.2,1.2432512525663,-0.637857380381844,0.0161235471575904,0.946977800818772,5.03749188994902e-17
1.2,1.37657186097454,-0.782218884943064,0.0157150739022059,0.949930477755428,8.08388602750772e-07
1.2,1.25907454732668,-0.535837295994182,0.0136015053084127,0.952415387821454,1.32448776757592e-13
1.2,2.37877916172153,-1.21975750213466,0.0121076695403469,0.951556809552284,7.39906384519959e-14
1.2,1.14451647636729,-0.774361904694272,0.0168587396721818,0.931782376059971,1.85871750712901e-12
1.2,1.22433202092828,-0.635701201840478,0.018765102250564,0.933412797646862,5.70218708054616e-11
1.2,1.17676465852321,-0.841939082671115,0.0152668021084772,0.943912387096962,4.80949576536778e-12
1.2,1.18503800553199,-0.811730195497274,0.0147972674514561,0.941359897375003,9.34950773715461e-09
1.2,1.22048946808301,-0.612311937387493,0.0143654123661883,0.94285139394246,7.12957757459585e-10
1.2,1.15025259420754,-0.771721859387216,0.0196374461869009,0.923081975850011,1.50008447631977e-08
1.2,1.16675429371282,-0.716934269547419,0.0186658644350386,0.932864565144215,1.00508110536526e-13
1.2,1.27857183571048,-0.548851840561266,0.0131935406905359,0.951862199298742,3.06835113995251e-10
1.2,1.13224503618262,-0.703989845364341,0.0144885399169853,0.944000280032101,2.93510748809666e-13
1.2,1.18538370761935,-0.664905739596134,0.0194764456575867,0.930174822908767,4.47879275995133e-11
1.2,1.09516925511293,-0.797698488951412,0.0138417619464018,0.943353228811359,5.77598115415398e-17
1.2,1.1110115852736,-0.762505926261523,0.0134307757113225,0.950120676670545,5.09732327242703e-11
1.2,1.07392924618495,-0.676760839456619,0.0162109843429806,0.933929633419152,0.000141282338218584
1.2,1.21445459003638,-0.53765114887244,0.0216731975288614,0.924215052730307,2.21606025903813e-10
1.2,0.895788242536926,-1.12526374102616,0.0153807331464152,0.946562156995794,1.49815129284806e-17
1.2,1.24939450809092,-0.711145205165577,0.0172989447496923,0.937745978897923,2.16419246388694e-08
1.2,1.12354550766281,-0.7456603547943,0.01367365349885,0.945121036700427,6.84178939799695e-14
1.2,1.25185606879591,-0.497994655687996,0.0163968693832842,0.940741721815952,8.0125224062528e-09
1.2,1.03148327876624,-0.798573579864663,0.0155611304466246,0.941073704995241,2.38032503838274e-14
1.2,1.11934688972282,-0.885608105042866,0.016811496366971,0.938558743033603,4.21551349948562e-16
1.2,1.1745026208152,-0.679354104468492,0.0133664733287275,0.948351769636761,5.5413349100327e-12
1.2,1.21855895179183,-0.502645670843361,0.0164247783241515,0.94022485884565,1.19548914129231e-08
1.2,1.27724372220587,-0.56449838107803,0.0118136728156917,0.957925256653593,3.60927585294652e-11
1.2,1.30166942552513,-0.551157846624429,0.0193278214500974,0.935713232601727,1.13102512107376e-07
1.2,1.29769999912762,-0.505638775263281,0.0110350370812589,0.964373562625766,5.0579066948044e-18
1.2,1.26145220685809,-0.583020939734099,0.0108648596151222,0.961088862945043,2.90223198304187e-12
1.2,1.21203620979063,-0.752291586621285,0.0154063867587381,0.946502097116422,2.80853655120065e-16
1.2,1.21342422653256,-0.754615227113687,0.015029985818642,0.94739546231375,2.48190035864251e-13
1.2,1.16183699211133,-0.6275929088319,0.0152970370553055,0.939270057123594,2.9372110312517e-09
1.2,1.16621966230834,-0.662870405357789,0.0152322481946954,0.941244352830537,9.37783886986507e-10
1.2,1.24510460107834,-0.819954602984085,0.0160756588418562,0.942630764081568,1.53120216862523e-11
1.2,0.937775001100458,-1.15863083455089,0.0101102167689134,0.961301106242718,7.83179009948581e-21
1.2,0.917679781929213,-0.994173822010144,0.019228964862526,0.932818669165189,5.13909265086119e-10
1.2,1.16733664334259,-0.886503041152495,0.0131783196156413,0.952460482312058,1.95779506786258e-17
1.2,1.17395367609642,-0.762240446386245,0.0209785934027554,0.918159502290033,5.49042733778174e-09
1.2,1.15217646580962,-0.699839491145144,0.0156825623971699,0.938465294459563,5.54805144282483e-11
1.2,1.29597595451642,-0.436469733762131,0.0147275863351774,0.950774461229419,2.41717068740859e-11
1.2,1.05752061030379,-1.0576342851649,0.0152696445780222,0.935388341749403,1.16746783236782e-13
1.2,1.25062016888216,-0.788256736261869,0.0153656144145352,0.951049379299435,1.21434929612158e-12
1.2,1.0593432096163,-0.984784897129704,0.0124713219136607,0.946852681323693,4.73028635924495e-15
1.2,0.913693447105271,-1.05624986060017,0.0215181983668127,0.926173572123476,1.72338462447018e-11
1.2,1.33389880108086,-0.538380455459129,0.0182619959110331,0.939294973324293,0.000544287187038869
1.2,0.93859919777476,-1.19437624746076,0.0198835930624385,0.924303010798079,2.49679736375953e-16
1.2,1.26158481190904,-0.533040587280315,0.0176473833307417,0.940520268854116,2.72871387005165e-11
1.2,1.22454303829187,-0.654781982257325,0.0154011992539199,0.944872336251587,1.74608855699137e-11
1.2,1.13083429034413,-0.846930713957953,0.0119207027303457,0.950208657727554,1.34436322371113e-10
1.2,1.14315510120827,-0.817903882875742,0.00989003077563615,0.96496545440383,7.21200594021882e-19
1.2,1.23254071962247,-0.67921482837253,0.0169093394458273,0.939790074410337,4.27754472891006e-08
1.2,1.24404896163416,-0.639105252230083,0.0139384571682275,0.950825799990256,7.06201609275664e-14
1.2,0.922159647900939,-1.19582545666297,0.0206924890393104,0.929184989409379,4.93349567949188e-09
1.2,1.11149846190312,-0.752548461554389,0.0128547511927326,0.950072006516563,4.83878628382442e-16
1.2,1.26968465157888,-0.763283681454132,0.0160811318202434,0.950985380102213,1.3058025829246e-17
1.2,1.16952493473832,-0.588049611728054,0.0140572343864887,0.944657819790638,9.20709984295371e-12
1.2,1.42363475180189,-0.462121719649669,0.0121198708093218,0.960936885368957,8.61912793357967e-11
1.2,1.31148713976792,-0.582154561197438,0.00860356057363829,0.971776364396646,1.59332604319132e-16
1.2,1.14789356328861,-0.636537308994358,0.016307323004833,0.937139665371646,1.1709929171403e-12
1.2,1.21183416903099,-0.592756802562812,0.017638271459922,0.93368382487937,1.43785314809175e-05
1.2,1.25264791654359,-0.706128159446124,0.017517918214344,0.939293869083671,8.7538667918511e-09
1.2,1.18635412442053,-0.75216345122946,0.0124218777350622,0.956776552397459,3.61703228917627e-20
1.2,1.25462841889645,-0.574716755848297,0.0137072315004331,0.952421189965247,7.62545695251038e-17
1.2,1.1729753847939,-0.686564704679296,0.00974769780474959,0.962996901157624,1.31283203547723e-16
1.2,1.17228846743415,-0.818206857294259,0.012099542652647,0.950732427255929,2.34339427655361e-12
1.2,1.23136190102977,-0.651188025790799,0.0170877016757354,0.942060934684277,6.06161369312985e-13
1.2,1.33780400709974,-0.604054108720525,0.0123672388984951,0.960843473575417,5.062779287155e-15
1.2,2.18113770784457,-0.956731540279319,0.0127757678357301,0.956890328780973,2.47001393833088e-07
1.2,1.03937911670294,-0.95149759668995,0.0160455814950601,0.937629098114684,9.4474529587249e-12
1.2,1.18556456995828,-0.775572690578033,0.0172810838079984,0.936142973377894,7.58451641339693e-10
1.2,1.08371021358674,-0.97906912059348,0.0189696054879376,0.93227316411921,4.63464154702241e-15
1.2,1.25594344684968,-0.547358656513361,0.0131313777364486,0.954496360775348,3.22098949039351e-16
1.2,1.1716948013414,-0.547693469840143,0.0140796383559867,0.947237862511302,7.38473111452927e-11
1.2,1.21487306979151,-0.6805813363945,0.0072539663169352,0.971486669320832,9.88346412569774e-17
1.2,1.15306043454236,-0.706736191347672,0.013169039887381,0.947561382783894,3.92247940941737e-11
1.2,1.15945334572274,-0.670415061737477,0.0175475825739846,0.938793841056876,3.48814049609833e-09
1.2,1.10204164241533,-0.779167465998262,0.0205272976390455,0.926548246391553,9.2429655944983e-15
1.2,1.29382979252374,-0.623649659730372,0.0154036437132352,0.952666387380015,3.45822667424787e-16
1.2,1.22441758620362,-0.578299111653855,0.0146090289010007,0.945570788711644,1.71583816117598e-11
1.2,1.04507396020503,-1.096263331465,0.0226283268902567,0.91844099379676,1.18957803832063e-11
1.2,1.02527880566906,-1.04923213794853,0.0179867327805716,0.934966331233591,1.6873330202068e-11
1.2,1.11315843567617,-0.768187472350463,0.0107912355636458,0.962942492109804,9.59442707575597e-17
1.2,1.23309628033613,-0.515487585321277,0.0174860187018445,0.939325176830734,2.74850368381431e-07
1.2,1.1144378902199,-0.843367108838801,0.0119436659503775,0.956775502107649,5.51641237159758e-16
1.2,1.08359083257075,-0.741822552389615,0.0254450011154148,0.902958944286482,0.0101111882488759
1.2,1.27791388648437,-0.632884766100139,0.0163014004202479,0.95008654014346,1.47516025108471e-16
1.2,1.17362883979423,-0.854770078289042,0.0121760243610983,0.956706797948055,3.71340330444601e-18
1.2,1.25068628560904,-0.58423858271905,0.0201159022750126,0.93353970919118,1.32980646255934e-10
1.2,1.19588293698346,-0.535108210504885,0.0145096660425196,0.947315656631741,2.76319013902177e-11
1.2,1.23081660293845,-0.476010967208856,0.0173805551222449,0.939846709428721,1.16289942021355e-13
1.2,1.17981046803474,-0.631575845859168,0.013238089636092,0.952136117388489,7.38970516455386e-18
1.2,1.27463881603348,-0.339267679978504,0.0127257139990871,0.957735831796392,1.31339070122271e-11
1.2,1.22669108701119,-0.653115075733489,0.0096281346214913,0.964839010545365,1.40403317274602e-14
1.2,1.2019997138304,-0.659466549858532,0.0149896088884945,0.943833085902968,1.98890925665625e-10
1.2,1.25375533045246,-0.700006635157903,0.0130654276384557,0.956061215769557,8.94620167055089e-15
1.2,1.12643368640829,-0.846823202359919,0.0158832438258415,0.939076479435224,1.46161287402219e-11
1.2,1.22921087327238,-0.652658524456001,0.0171526750298531,0.939330252522846,2.60597762930567e-12
1.2,1.20124917841601,-0.75913351290428,0.0205772670557287,0.926511645374126,1.09811906662577e-10
1.2,1.41757843386792,-0.597810304489638,0.0149427936623281,0.94556432176933,4.61242939799163e-08
1.2,1.25470432093356,-0.667126057281043,0.0110802812397819,0.957751384866694,4.71404532114096e-12
1.2,1.17760056455146,-0.9154777353322,0.0121716539048403,0.952441640388914,9.48284717942008e-17
1.2,1.24914188905874,-0.58558073030457,0.0136981590266552,0.953408334959959,7.1390992727852e-14
1.2,1.23586894917909,-0.606173473282067,0.0152823490203977,0.948296780552824,1.08046399689494e-16
1.2,1.09973411668162,-0.857855156064485,0.0128653822744695,0.951858719781813,1.91385014852812e-21
1.2,1.31498152016874,-0.456650913562091,0.00973744637285148,0.967944644654723,3.49661365541228e-13
1.2,1.13353339459065,-0.799617236195419,0.0147614452056274,0.947819114134348,3.50634659757181e-13
1.2,1.03452555570993,-0.9160945737579,0.0153579684225455,0.94364172112255,6.18670353724572e-22
1.2,1.19683124481515,-0.844509878075589,0.0157847799186948,0.94315203286137,3.44521273348846e-14
1.2,1.17727439321672,-0.618503456825695,0.0166901637522338,0.935076859070215,4.35607808991698e-08
1.2,1.21895595979751,-0.983066508767141,0.00813544489428987,0.971509542876493,3.88988178959689e-22
1.2,1.23437950147893,-0.792700389941453,0.0145236371858208,0.956360642279123,1.63903189058472e-12
1.2,1.20003980186838,-0.622158807297213,0.020404655451041,0.91894477855789,0.000347419155137822
1.2,1.12112969395313,-0.775338156665616,0.0137025806170758,0.943109367771723,9.21909339020998e-10
1.2,1.13808627523697,-0.829305958518981,0.01341165177318,0.947651857440276,8.91422503407275e-17
1.2,1.1926159723084,-0.674091336507198,0.0181128526098355,0.933142857227994,2.63145043626936e-07
1.2,1.09293328223745,-0.917726052024306,0.0134875191753194,0.944112739249039,4.54989837333762e-16
1.2,1.1430576062541,-0.860013587207713,0.0122274582510047,0.953728379879953,7.52330857182159e-18
1.2,1.24514144359711,-0.660742987443544,0.0158359163139706,0.949194817276537,4.87277764578219e-14
1.2,1.20682481542367,-0.754412866432568,0.014167688409175,0.946515821175229,5.75570831908312e-12
1.2,1.17979348095478,-0.598257473852605,0.0140597932133891,0.949487646974603,4.17307728738387e-15
1.2,1.08675634254662,-0.865898048168574,0.0172241776851896,0.931696150022179,1.52877858800333e-14
1.2,1.23182604731897,-0.529784071272419,0.0138855572512261,0.949564513174501,1.17983757641897e-11
1.2,1.14803047119206,-0.702946530811562,0.0144444937977767,0.942295517280993,1.35819094270659e-13
1.2,0.784406138815823,-1.44668821289312,0.0209693011884635,0.925801583721715,7.25926711810349e-11
1.2,1.18932288134136,-0.804042440002765,0.0180086099338026,0.937616847650593,4.89712368768463e-14
1.2,1.27263664142726,-0.630793398775636,0.0216187947513481,0.927158585486439,2.10671075711905e-07
1.2,1.17259105892797,-0.712205513795196,0.0136801519577145,0.948128941096933,1.29256219454628e-12
1.2,1.16483704028907,-0.824593765872699,0.0142965353668288,0.947244498635832,1.53283361575784e-21
1.2,1.04872895039034,-0.901295861244812,0.0168623444905942,0.927723572351488,9.9463239009736e-12
1.2,1.22959380043242,-0.612606469293199,0.0108995217149293,0.961082685652441,9.72587527320172e-17
1.2,1.28965006155956,-0.491687353334514,0.0147161158359327,0.952987698320279,7.05638432916412e-14
1.2,1.25353101693621,-0.665319902671235,0.0127900246549166,0.956173215082694,3.26725857429215e-13
1.2,1.26859084327859,-0.716874802193833,0.0158832495906213,0.946892815957593,2.2347025290069e-12
1.2,1.16184918571647,-0.799884742214781,0.0138169805135284,0.945865126642195,5.78986065431224e-14
1.2,1.17035495641601,-0.75060661676686,0.0147410239671351,0.94384535827288,4.6655929835383e-13
1.2,1.20533578130765,-0.686885398977901,0.0166612236437735,0.943082481614795,4.47661656362085e-16
1.2,1.23132023441456,-0.566337069004707,0.0173934399475544,0.936480185863453,1.63678580112416e-11
1.2,1.21342026363131,-0.551879722188013,0.0241884497876874,0.917809724081362,1.61309741418749e-07
1.2,1.30237926593016,-0.461035915773532,0.0142902446653034,0.952171697594837,3.88586713297618e-10
1.2,1.15837211227942,-0.739540728648586,0.0216511407880966,0.923961586536729,3.73642877239873e-11
1.2,1.53310249971878,-0.564007665777003,0.0163527154551095,0.936518404277708,6.56031796637019e-10
1.2,1.66746356058919,-0.505522861883734,0.0160606109924154,0.943005625888249,2.8669410711246e-12
1.2,1.14629169045716,-0.624213084128742,0.0166347000450591,0.939027589207804,2.74947987474754e-13
1.2,1.20943453605456,-0.852080792394422,0.0179326270749094,0.944272548776048,1.6376046347052e-14
1.2,1.17774589457668,-0.614054888014339,0.0131401229524334,0.948194622542675,1.44749774875729e-10
1.2,1.31397725080668,-0.395232644791099,0.0196747768570783,0.934877964744904,9.09730474807819e-08
1.2,1.25478600325514,-0.828962536813835,0.01445197743203,0.948335366925425,5.80201377974976e-07
1.2,1.19701051695565,-0.690417163805132,0.0192740430748396,0.931871136347084,1.49350944835602e-10
1.2,1.27304916910399,-0.64461032711178,0.0194062850353248,0.931547883977743,2.20279185998784e-07
1.2,1.2583822758037,-0.525961936343596,0.0146433453008659,0.948718806674156,2.11529829255552e-09
1.2,1.20804474797677,-0.696112450163716,0.0121360954571971,0.95520998319296,3.50907951240744e-16
1.2,1.30655466599607,-0.509817376977749,0.0184361868060536,0.937671664898732,7.20849926751942e-10
1.2,1.29643772643803,-0.504670539492167,0.0147832211920987,0.951820030572885,6.50606246528116e-12
1.2,1.24597284273258,-0.787170818819294,0.023054926545096,0.920488206992324,1.12458040783042e-07
1.2,1.26748049747212,-0.945178271113223,0.012120695835535,0.955431475712048,2.13484894158685e-15
1.2,1.23560891702475,-0.681557898275884,0.0103053212201591,0.962002211147828,1.3395394941831e-14
1.2,1.24823910920087,-0.739585324871791,0.0181948840369596,0.937959285163069,5.03035078622946e-12
1.2,1.16914928588225,-0.625699777534272,0.017819045259835,0.937875112560259,2.51890050979585e-12
1.2,1.28911721748757,-0.615113431922634,0.0116346805453433,0.95968717429608,2.2207774491385e-14
1.2,1.25006812619502,-0.589206112237644,0.0143855266495334,0.950017921531949,5.78565052990499e-12
1.2,1.28401659143063,-0.524946287431119,0.0121176747868119,0.959487573520123,2.10588478912037e-16
1.2,1.14045491929617,-1.06104134035262,0.0113279765723827,0.956178368429176,1.37555160674616e-12
1.2,1.15665404162775,-0.604718309130805,0.0168094122260916,0.940914562851008,2.16761862385445e-13
1.2,1.15676228349636,-0.675645344991654,0.0114727578645659,0.95464823736511,5.03675316677422e-13
1.2,1.23945329737161,-0.654003769753399,0.0131707695770172,0.952341536637152,7.44593669123299e-12
1.2,0.976113266119152,-1.24322392483546,0.0153178214143904,0.935068489114195,3.25677495067721e-09
1.2,1.25647416615774,-0.639861584330502,0.0122735039424818,0.956013729012743,9.68183006182554e-14
1.2,1.24162350290416,-0.677910202303878,0.0148013273640348,0.948293094258836,8.8606265134507e-09
1.2,1.16017208190061,-0.715838543861715,0.0126817704392005,0.952949323674037,3.87855322599315e-15
1.2,1.25165383203,-0.763636753982477,0.0142757851305406,0.951785693688985,3.61874095422084e-15
1.2,1.18105504993115,-0.648262107066164,0.0198597350365415,0.919958826464875,4.67988336681564e-08
1.2,1.35571967488017,-0.788262400969621,0.0149227366994744,0.951534497104377,9.04653712410682e-11
1.2,1.13655247452478,-0.744877313865854,0.0154819666910528,0.941808438462649,1.33205293364342e-13
1.2,1.22106769799747,-0.711851551040155,0.01300767178019,0.954394249350697,2.72238368425693e-15
1.2,1.19130414574005,-0.702103233833444,0.015485486976398,0.93771308602541,5.47203341927727e-06
1.2,1.27347155696424,-0.519876532024962,0.0150114410256362,0.947639630128016,5.90424144054623e-10
1.2,1.2045990100368,-0.626246462761491,0.0193479042119228,0.935522400269204,2.48414315248954e-14
1.2,1.21260286119457,-0.723203256210112,0.0155239577653199,0.943018565062079,1.92931519193898e-10
1.2,1.2635854479021,-0.641940447143815,0.0149403000069328,0.951157543843896,3.5159436047471e-17
1.2,1.20156032911686,-0.644062079969479,0.0145526487266277,0.947440323338599,2.35115028514406e-13
1.2,1.20852368163117,-0.638910833467393,0.0202751709465743,0.929384474581007,2.21004979006721e-11
1.2,1.20874792127113,-0.53559518529841,0.0201352975661279,0.926604444560002,1.99137653419461e-10
1.2,1.24456914109274,-0.639547614991821,0.0153262493744417,0.942661784977521,1.78682733784339e-08
1.2,1.16298178726489,-0.647202688024837,0.0211014677777127,0.923435905400405,2.24629462223765e-09
1.2,0.721336523990809,-1.46655114771997,0.0203026857147228,0.923623238077645,2.3448113154786e-10
1.2,1.16554682286306,-0.870339731703705,0.016236238178536,0.9410795664059,4.52270096499336e-14
1.2,1.24412064922645,-0.592109846974456,0.0173438691994959,0.93986210344942,1.15476226804531e-09
1.2,1.2386566703673,-0.784435626325128,0.0117069992152422,0.960174224393616,8.42531947982499e-17
1.2,1.29339422507575,-0.56251971252342,0.0148006767005696,0.950275920946138,4.07547021415744e-11
1.2,1.25875637875257,-0.547639214981692,0.0163755381956737,0.944022311594434,1.16289191330495e-10
1.2,0.912461933504876,-1.05908012021264,0.0153504387309267,0.939093008039901,5.56601949962483e-10
1.2,1.34799208947518,-0.557211339179158,0.0162786353953152,0.949310692428387,3.1047127048375e-11
1.2,1.05313091907289,-1.17543573894469,0.0151097931031453,0.943989821247178,6.53365562468332e-18
1.2,1.40722472322742,-0.35264986185718,0.00965552547097483,0.966833384076995,2.82816305080475e-11
1.2,1.13881200732646,-0.863562681192438,0.0155578493020873,0.942428788494791,9.21856169652456e-16
1.2,1.41208910889111,-0.3736271550119,0.0158700441676312,0.946108440744053,4.20382061858527e-06
1.2,1.13714030173968,-0.833185799517861,0.0158635432065347,0.938966640984187,1.33619985173782e-11
1.2,1.20932794948732,-0.604252954150496,0.0186258599482653,0.933112232773141,9.00629750828659e-10
1.2,1.26365052200655,-0.593116946887454,0.0191585721530493,0.931055532160313,2.40997123137624e-06
1.2,1.16704725237854,-0.566923888610084,0.0167221898056091,0.93886311105878,1.80232513224899e-13
1.2,1.24467441816318,-0.569233965194305,0.0145829760992589,0.946199742062142,2.67832724787802e-09
1.2,1.24177037346638,-0.635414779744925,0.0125277027114565,0.955297381283377,1.68510620117582e-11
1.2,1.26700791268696,-0.744540599902074,0.0158586128531765,0.942724353800062,4.38524515488759e-10
1.2,1.22191686543568,-0.590569393488147,0.0145671933501306,0.949313232338579,6.37058478687498e-15
1.2,1.2056266330133,-0.981647157050749,0.0168678624630142,0.936197460669381,3.78792695049449e-09
1.2,1.27418402946056,-0.706082520183414,0.0107675048914047,0.964090499267018,1.51473612697439e-18
1.2,1.25195263800307,-0.565972485709122,0.0171953310040038,0.939059778429153,7.21513144855366e-06
1.2,1.18535406852364,-0.635006862248538,0.0161281875745342,0.939484201828524,7.77244176660109e-13
1.2,1.17221674636901,-0.765875457600922,0.013425533744316,0.947435288424949,1.31977746943137e-16
1.2,1.05262260174002,-0.964876021995334,0.0165044463669643,0.932969611052995,2.50596616944622e-10
1.2,1.19454809610477,-0.664077015890925,0.0113083338414045,0.957835534844177,6.60856452147971e-12
1.2,1.23383906880564,-0.699461369017462,0.0181651314912143,0.938346973748573,3.66639775784473e-12
1.2,1.24739094425029,-0.671726164446006,0.0153559215342521,0.947716390730347,1.4318839884503e-11
1.2,1.23963128105013,-0.644336454024015,0.0164274896511825,0.944019877259909,1.22012020114937e-11
1.2,1.27583524670332,-0.523574849760454,0.0132734686456636,0.952858499236057,2.664127472022e-12
1.2,1.16505988342869,-0.700358412107984,0.0157927311308778,0.939777612711563,2.44874680240574e-10
1.2,1.0891147628956,-0.788771392287002,0.0203772070295723,0.928697324261835,2.08297724369721e-16
1.2,1.20677753647683,-0.701349173208761,0.01549767883556,0.942627339290681,4.64873597283814e-11
1.2,1.23333759078208,-0.705986973759449,0.0235063030327093,0.918194945441863,6.6140459881861e-09
1.2,1.68109496498211,-0.952866085405419,0.0142587656272394,0.946466576496249,1.73425137619279e-09
1.2,1.21177187567074,-0.564553054018945,0.0162463175467366,0.942890103210662,3.15779772805016e-16
1.2,1.24352866681614,-0.578952099736721,0.0172198685824997,0.939171167172747,2.15436069702693e-10
1.2,1.22515692640937,-0.677180984978922,0.0172869576163014,0.943608082513454,9.98495861056429e-17
1.2,1.14266585710611,-0.755196766894408,0.0207178107715622,0.926446202947981,3.97779691946592e-12
1.2,1.26875091983982,-0.732013043174572,0.0234755515238112,0.925770601927247,7.02586110155246e-09
1.2,1.27154624206787,-0.506854348358773,0.0124170761128292,0.957124466451948,5.34812056968258e-13
1.2,1.11171863966831,-0.73770501119227,0.0128490818044502,0.950239534785041,8.72572014754478e-21
1.2,1.24272713921411,-0.75006896141342,0.0150325178612856,0.944701217558528,5.58618982741124e-08
1.2,1.13761953674224,-0.775581391090621,0.0176845713359967,0.929849682221552,8.47857309454382e-10
1.2,1.17122289952692,-0.558247723842004,0.0188882335015067,0.932549492164536,1.56763605983734e-12
1.2,1.22812738268775,-0.623344453737994,0.01251661345326,0.954565405327983,4.17623420721456e-16
1.2,1.18433826522863,-0.628760741357406,0.0143625500832968,0.949605190593514,7.24401662125473e-17
1.2,1.19159563268789,-0.601204372561411,0.0112337263701389,0.959056807483109,7.87849555828789e-17
1.2,1.18922774550023,-0.682865560749463,0.0134770982621482,0.947992957956099,9.10474910945014e-11
1.2,1.18667852706153,-0.68811349902211,0.0145424794273917,0.944222203570917,8.80099636161275e-11
1.2,1.26599164247473,-0.472980380628992,0.0140558010746022,0.949448133330783,1.33421501222556e-08
1.2,1.1929448570773,-0.876810295505954,0.0172661173185782,0.940371775261456,5.69101723616325e-12
1.2,1.20624662410578,-0.631025781377002,0.0137509598363709,0.947871086082054,1.95394388318936e-10
1.2,1.33712005493394,-0.738928988432089,0.0168101962950851,0.944337629422972,5.68420255190709e-12
1.2,1.25772317141401,-0.541552206557299,0.019003727644287,0.931756552506878,1.78259299506096e-06
1.2,1.11930359905248,-1.01071879433759,0.0116084883520329,0.951625943030532,4.63234185913229e-14
1.2,1.13076276441113,-0.645205006098414,0.0137544389957228,0.946987171888682,2.23527047959888e-13
1.2,1.14071207556911,-0.765590979754129,0.0109980876417333,0.960920703037825,4.73683154579759e-18
1.2,1.18570258428227,-0.666373398453814,0.0158402885623107,0.94081349045319,1.98215863895609e-13
1.2,1.26459211896969,-0.641988239457625,0.0108053619275404,0.963135806914973,1.9142743380573e-16
1.2,1.25508264759431,-0.743084315113185,0.0095779421541705,0.964802201673071,1.9767349665016e-14
1.2,1.26231837530045,-0.704122999273529,0.0216359606979673,0.923785987864569,7.67034094226103e-06
1.2,1.21095356140537,-0.674196508314843,0.016101889133375,0.944057448124137,4.96783886905531e-13
1.2,1.29165419595518,-0.580227955147684,0.0173132817321636,0.940246761126136,2.85263845912521e-07
1.2,1.02479794371682,-1.0386756208868,0.0146955788939113,0.944792912491276,3.8449725252775e-16
1.2,1.29466299690503,-0.619430953963069,0.0171845789537003,0.941426839842316,2.0750648953143e-11
1.2,1.22942418856981,-0.546606570629645,0.0152862356925075,0.947111455328943,5.36643985227988e-13
1.2,1.29256876493402,-0.726268519643748,0.0163873856503463,0.943173244402793,4.98412710828753e-09
1.2,1.30612085805866,-0.510454052599959,0.0183445838281229,0.936962248228967,9.37793812381889e-05
1.2,1.2009214787142,-0.692959392499233,0.0137972737622958,0.945664763091289,3.95332839473963e-10
1.2,1.23300453149643,-0.650330054242352,0.0143890189098552,0.951044292645145,1.00153740761577e-10
1.2,1.18444284916269,-0.826988109622453,0.0172996049820849,0.935886128423121,2.6222630724362e-09
1.2,1.60941443205279,-0.435113614538667,0.0126807551039687,0.956390557708535,1.2089895689339e-16
1.2,1.16435141886719,-0.699919547186225,0.0133507096082415,0.953384998420107,1.20531582082746e-15
1.2,1.24298956670464,-0.833944488426108,0.0178912596526812,0.934376339700507,1.1228988199892e-10
1.2,1.26558232832059,-0.729910077432549,0.0187637991071843,0.934743675473801,8.74869019138022e-07
1.2,1.15994835454167,-0.490045899913342,0.0110615886220451,0.957668804083382,2.03818698343331e-16
1.2,0.923731350055354,-1.13564817648117,0.0140120465689199,0.947916644744779,7.83799873580833e-19
1.2,1.26023137969738,-0.545488263995556,0.0153804424446817,0.947590839119833,1.12747674090608e-16
1.2,1.21192750429256,-0.78780819319039,0.015873259682316,0.941930092157276,2.22780648657927e-10
1.2,1.19084945978976,-0.66447691164111,0.014068154708426,0.946645764230714,1.82498568928262e-08
1.2,1.383110989352,-0.395129042687857,0.0111463791478074,0.964483680380314,7.25081117036293e-13
1.2,1.21906660992922,-0.476955537419589,0.0123573110351931,0.956385476239685,6.99495677222649e-15
1.2,1.12469833207138,-0.678573963527218,0.0125772098637073,0.953110561455835,1.36818270803333e-19
1.2,1.24825993425587,-0.621184539648261,0.0181449338748381,0.936735735375426,4.24601321925622e-10
1.2,1.28375790732071,-0.636424449077198,0.0167629614611658,0.944301166917928,2.78923599740017e-12
1.2,1.25636125820672,-0.630630818042652,0.0203074294251708,0.933051193971772,2.33344602774737e-10
1.2,1.16802691545095,-0.614930036354439,0.0181367302374018,0.931982967923971,5.0814237918018e-10
1.2,1.23663476960065,-0.570884901102399,0.0155605208091851,0.945777043148166,1.55465331522113e-11
1.2,1.2514474786454,-0.611099988164582,0.0109603018241621,0.959248889905478,2.17342624717912e-11
1.2,1.14842892790536,-0.794185163730456,0.013526046254761,0.952164858519443,1.13042772516861e-20
1.2,1.2620551395921,-0.660820185706722,0.00968888517019629,0.965032574229944,1.51982945733297e-17
1.2,1.17870053923359,-0.658931515720724,0.0111321808019093,0.955869265659539,3.30136170797946e-11
1.2,1.28696185668028,-0.67634988546881,0.0219076598816207,0.930488695545178,9.79093079863405e-08
1.2,1.14385706150816,-0.932183458378597,0.0101802479622702,0.960472001939676,1.83930819799832e-19
1.2,1.11604210729014,-0.688712846690137,0.0122495813120179,0.953489768234279,5.35970636829686e-18
1.2,1.18744779078598,-0.62330946998198,0.0176739818725011,0.936280184710919,7.6658095216549e-10
1.2,1.21404856363484,-0.663157616668618,0.0106066926581031,0.959305387380269,9.52683657965783e-13
1.2,1.14697635128968,-0.860948066329892,0.0156637942887601,0.940673160912396,7.0542981634441e-11
1.2,1.30255650209221,-0.618500974184531,0.0116959314020658,0.963251508096037,1.57044689851442e-14
1.2,1.192517805777,-0.694384642524327,0.0145887868600165,0.945689244612306,8.07065360218241e-11
1.2,1.22544548312182,-0.646881681919885,0.0185198331950454,0.940991063425163,2.32915232618173e-13
1.2,1.23226062180685,-0.51582104841382,0.0156645668409566,0.946995571668959,4.27221755052357e-12
1.2,1.19050574906949,-0.768866885536183,0.0119873485805781,0.954739027218825,2.35632375634357e-15
1.2,1.35581261146169,-0.488398430523595,0.0104876244965892,0.962307188643592,5.39367551077653e-13
1.2,1.21115871096874,-0.71943011830392,0.0136047515831943,0.957768862706171,5.36179028229804e-14
1.2,1.20305354397408,-0.60268109996158,0.0134949728178738,0.957356437016287,1.00155002053921e-19
1.2,0.905187135920416,-1.15801121897687,0.0198634624720752,0.927947126285322,7.31042882161424e-14
1.2,1.2566559592865,-0.497937563665015,0.0154020496649043,0.947417838185191,1.4429059547215e-15
1.2,1.27016741742313,-0.534526377460589,0.0127884626161134,0.95405766208258,5.84827046077054e-12
1.2,1.22402156908676,-0.425922778749252,0.0158878697767764,0.941726080943208,1.91913181805668e-09
1.2,1.36224321564516,-0.690718592814402,0.0125030852086423,0.956838724541533,1.31775794993663e-14
1.2,1.06222137940962,-0.832054403172204,0.0168357729166433,0.932960673967129,6.05602116572421e-13
1.2,1.20541564375371,-0.704848746782776,0.0153308686407621,0.942527598155839,1.35133977383178e-12
1.2,1.02524494373043,-0.920257215582417,0.014084178627465,0.942337321736218,3.62388278757843e-11
1.2,1.19726227857209,-0.759030963820822,0.0181069142467929,0.934683583725483,3.87150557434166e-12
1.2,1.15324462229184,-0.823603973747757,0.0130109334535171,0.951914563123765,4.31415936195121e-14
1.2,1.20682582263586,-0.819651147626168,0.0127822907569923,0.95468924560982,9.13088238893324e-19
1.2,1.13098007777185,-0.779689274671362,0.0204460592469473,0.923775056818618,3.36239119696067e-11
1.2,1.30666978298127,-0.397282140072943,0.018545289327382,0.938795029812405,1.9424314506538e-09
1.2,1.12375123097764,-0.934350698496996,0.0157274753418274,0.944055725297488,2.72080730824385e-15
1.2,1.18826633208987,-0.635816030692449,0.0217515762176731,0.919853262469185,0.000195985802011715
1.2,1.1313790836647,-0.832251727278148,0.0194187156347882,0.925543934742221,4.63320431894477e-10
1.2,1.28294909517099,-0.548428153436629,0.0122550269735341,0.960910315203542,2.03339144732246e-19
1.2,1.21627984752213,-0.663252085029846,0.0169831469377986,0.943658654214195,4.69712257357014e-15
1.2,1.22474103592649,-0.891062243190778,0.0158892492261127,0.945593135907465,1.59029899020541e-15
1.2,1.09157403306294,-0.827722870418449,0.0153368763291812,0.945319557487381,8.78781820912911e-19
1.2,1.31676196259494,-0.648714194665583,0.0169600915204642,0.947542027482767,5.14568424124336e-12
1.2,1.24790838474994,-0.586359752145052,0.0158755845782307,0.944210954930356,6.09028029334488e-11
1.2,1.14660131148783,-0.756397940675705,0.0136353208537366,0.9527113451052,1.45439483123017e-21
1.2,1.24080701647099,-0.547767985605415,0.0172326370964886,0.937001001799523,6.86094455017433e-08
1.2,1.26991039304855,-0.765613500918455,0.0147261120466957,0.945785977145527,2.12883868506378e-07
1.2,1.22925260956031,-0.62838836388309,0.00779952306342136,0.970981357525694,6.30559206816004e-23
1.2,1.19230874544121,-0.716389428034099,0.016672212015497,0.940894559174677,5.73024743241973e-13
1.2,1.13609589486303,-0.737674366837485,0.0182472138205729,0.929378470780038,2.81029786759447e-10
1.2,1.25439969031296,-0.530521336530533,0.0154718128514312,0.946207498037957,1.57483785150158e-09
1.2,1.16653005807207,-0.961648866243863,0.021524855025249,0.919481996693052,1.09858014335778e-06
1.2,1.16772177314666,-0.752705613737554,0.0181479971154176,0.935195424252557,3.21223031858629e-14
1.2,1.19350563722543,-0.647748242248821,0.0129758408721084,0.948901266017127,5.82900851496774e-12
1.2,1.27215154400583,-0.719704359255942,0.0157765820914882,0.949698480872244,3.42032763401487e-15
1.2,1.23281382189243,-0.44613816823843,0.0162567013404359,0.944843048189525,6.88240396762998e-13
1.2,1.21764111576254,-0.520321264150451,0.0187994724232154,0.929451230699389,3.16287003364715e-07
1.2,1.19887598107456,-0.61265283585694,0.0162626233270067,0.943717766350123,1.19108573340034e-13
1.2,1.22418409976069,-0.971264401178061,0.0154897428002939,0.941864881299819,5.90950030232606e-10
1.2,1.14112927569546,-0.704256173236953,0.0236923185051082,0.906010516595941,5.10971087082922e-07
1.2,1.2526991059898,-0.856762257579931,0.0079407380492309,0.971846919766896,2.7857389577156e-21
1.2,1.1945928827948,-0.532703850487671,0.0163802444414502,0.942747131661812,2.36739908034736e-14
1.2,1.28384262544652,-0.555936409877229,0.0155741489470064,0.948627462861792,1.67167371684309e-15
1.2,1.28111727395024,-0.683872265411695,0.0148282994944545,0.946558333523458,4.1176987446981e-08
1.2,1.18936519071736,-0.64293092724645,0.0164005338191919,0.940081081183871,8.28117949589283e-14
1.2,1.13747148225944,-0.678708881431811,0.0132055071447195,0.942537041266445,2.08227060680581e-06
1.2,1.16444549431834,-0.757671559140718,0.0126869328117766,0.951241740334639,3.49385009177811e-13
1.2,1.22804911209677,-0.718856528813468,0.0144074829470267,0.949194398393755,8.27005466707015e-14
1.2,1.25170602901631,-0.779038186342306,0.0110463608851834,0.960665800792984,9.2153488421581e-14
1.2,1.18165591414377,-0.797424379146521,0.0179746095817577,0.932917165321427,6.91670769243113e-11
1.2,1.20659548114434,-0.456479351705272,0.0153821933767393,0.941242264720208,2.48076291508142e-07
1.2,1.18788420761287,-0.845194631585229,0.0174814871760227,0.935169414146442,6.48936558600732e-13
1.2,1.14276244720186,-0.732123405191542,0.0196414453910577,0.922885464396571,9.61519438936728e-10
1.2,1.10959800205608,-0.738555327247673,0.0167428150744699,0.935802180693398,1.93196244602135e-14
1.2,1.20201594317603,-0.583400458043866,0.0158928223110351,0.942891839899167,1.41321902006285e-07
1.2,1.14572283810726,-0.755181790931664,0.014605124175838,0.947120688753446,2.75819800421188e-15
1.2,1.29275934178193,-0.58283922438183,0.0252026148734743,0.913438051549166,6.18391120410336e-06
1.2,1.28615918316236,-0.47686946416123,0.0102718542374409,0.966256036900595,2.85294299247771e-14
1.2,1.21122117736131,-0.603627682038453,0.0193458103056243,0.931193436682732,1.95735259298951e-10
1.2,1.06737243937078,-0.905931127690456,0.0153402946134827,0.940983523341399,9.04171136342973e-13
1.2,1.3125950319796,-0.621820249674441,0.0134420557056263,0.95391426707903,6.33308879102339e-13
1.2,1.20056701642629,-0.641669778413832,0.013427414900648,0.953344593711992,2.91537202091062e-16
1.2,1.20239841812719,-0.913588767758803,0.0137349500092821,0.951134541778467,8.64971214987764e-18
1.2,1.25315979710034,-0.824124720098686,0.0122041334777719,0.956148771018952,3.12939051627079e-10
1.2,1.07805822037533,-0.747768734753127,0.0188438389173641,0.924172636130241,2.65781503881297e-11
1.2,1.26536731350078,-0.736026026601437,0.0165417105328612,0.949341410256137,8.13016483463358e-13
1.2,1.15071289799111,-0.690975143834709,0.0137951437491528,0.952566434288049,3.24898875286851e-19
1.2,1.23735043315023,-0.884974051633319,0.0152783354535293,0.947637989986455,3.87898351654179e-15
1.2,1.24343921989062,-0.381479335230819,0.0139323004736057,0.949883208767679,1.40500558906654e-12
1.2,1.14337453648961,-0.80984325335472,0.0114199790034353,0.952150373571661,6.23860442890527e-14
1.2,1.13910640506892,-0.591550235992383,0.0179230150181377,0.934948363578405,3.36103191343355e-13
1.2,1.14188076792435,-0.786669022888505,0.0179222154735674,0.927435421117358,1.23060916899748e-11
1.2,1.29821899883804,-0.395343769142488,0.0155955979783715,0.951289518727412,2.12876904933449e-14
1.2,1.21401921497763,-0.576714188118488,0.019175661616817,0.931676542884966,1.65230870758909e-11
1.2,1.11407991818072,-0.799544672019824,0.0181401022393718,0.938751823012567,4.85167038527596e-15
1.2,1.20870221161817,-0.926577447518367,0.0141471171701276,0.94916161338577,1.95171252557957e-13
1.2,1.26490138656423,-0.780593284972736,0.0088160283649974,0.970219553911164,7.98422825779288e-17
1.2,1.14421360240297,-0.757164332732735,0.0144052710335922,0.948260804021673,7.47680533543444e-18
1.2,1.29213456633679,-0.598616440328368,0.0180299753042319,0.940174575541524,2.28605953201045e-07
1.2,1.17361166816233,-0.710496493439925,0.0129976412698915,0.948809179233235,5.68342457290804e-16
1.2,1.32251995165872,-0.594613927550386,0.0142933532494809,0.950942571142074,1.26418773158939e-12
1.2,1.22952957001183,-0.654466387148582,0.0101122440834998,0.961556819477701,3.40775227308921e-17
1.2,1.30628062120869,-0.489165588507406,0.0148411228362255,0.95217765813607,2.27012713532147e-13
1.2,1.17354203757437,-0.653194677843069,0.0179347946591028,0.935544975208741,1.15273405142777e-13
1.2,1.20061024302966,-0.588087820031477,0.0183610315588334,0.934107703814588,1.48950118415324e-12
1.2,1.23344299406871,-0.723538926275215,0.0126577704863743,0.95660842951937,2.43905117235613e-15
1.2,1.26362199154399,-0.635669808019531,0.00983817160204277,0.963769322754025,1.16736286710969e-13
1.2,1.12872855049667,-0.761538691608491,0.0187673718551394,0.94036199652871,7.92944991050169e-13
1.2,1.35695517966512,-0.616160390806259,0.0125521558971904,0.960327934224182,9.92576844088815e-12
1.2,1.15689847312276,-0.778952356157402,0.0144299787583398,0.948577851624781,1.92832331067096e-15
1.2,1.08123222258056,-0.766331822809453,0.0183452858922074,0.933097439723162,2.12281696231686e-11
1.2,1.17304304454696,-0.652760719414112,0.0116675844086558,0.954962212479489,3.08394514788776e-15
1.2,1.16822919814199,-0.630869792120989,0.0178895398860226,0.931370017565258,3.41014459364177e-13
1.2,1.14716964236591,-0.664717270852593,0.0210740555351775,0.917964908517246,8.01049464168435e-10
1.2,1.20055447478512,-0.660959465735794,0.00922424419956359,0.965472895829955,1.52148335578401e-21
1.2,1.21248378923666,-0.565813792570331,0.0222301072899363,0.920437621337841,4.27891006980002e-08
1.2,1.21175583875863,-0.572403524216095,0.0138419953116255,0.943859688802557,2.99252423589187e-07
1.2,1.16181546420539,-0.756325913979941,0.0226545239207177,0.919582100780995,7.38226156187736e-10
1.2,1.33209712777104,-0.567680642568577,0.0101080089047147,0.966604874230988,6.4409560227018e-11
1.2,1.16428240276926,-0.575432657108593,0.0188790271692679,0.918569336867332,0.000388943096298459
1.2,1.17713352975892,-0.667577076901146,0.0127203814325077,0.952153369199237,2.42808841824748e-14
1.2,1.23848242886761,-0.669288177417459,0.0167072686927163,0.942236533588818,1.20711571796629e-12
1.2,1.2390317879123,-0.596890755431249,0.0229638310201477,0.920920636688397,2.55753361041657e-07
1.2,1.1984730580381,-0.687049591482726,0.0137615446140043,0.946919281350428,2.94311683857321e-10
1.2,1.29029815644328,-0.732092195780341,0.0139259027491398,0.949659019990765,5.57383232029117e-07
1.2,1.17305493637233,-0.906940124860969,0.0200640550898825,0.925440131237741,4.27525255889445e-10
1.2,1.15742246347967,-0.654885802222587,0.0133712572669277,0.948751006176691,4.05671263221625e-14
1.2,1.2065530930261,-0.750009412888877,0.0133678230282567,0.949733853446784,3.76606007169396e-13
1.2,1.23308880284956,-0.781516194744853,0.016757916204304,0.942923192562546,1.05042285527522e-14
1.2,1.24100774989426,-0.568999192340176,0.0104693818855408,0.964343208300114,1.3902498835719e-20
1.2,1.25918804606524,-0.572385067089452,0.019529247489448,0.938363677043977,6.3835977648206e-14
1.2,1.12293895307494,-0.88412827537727,0.0154164793387372,0.942757288515105,1.980185968161e-14
1.2,1.20333741083937,-0.695460808555638,0.0133666807488618,0.948141700681817,4.1042748849027e-12
1.2,1.24842057948986,-0.465881874551557,0.0203182362235349,0.926738301960701,0.000155983323439901
1.2,1.27215866446571,-0.596997451484496,0.0126633873244409,0.958312264761109,8.40218459641153e-13
1.2,1.23155787175641,-0.617390033511681,0.0165562684088949,0.940369789300803,4.73126829143545e-10
1.2,1.08250293225237,-0.98606187440135,0.0133922666361405,0.949585458406911,2.97548143668073e-15
1.2,1.19355274945681,-0.725024419397953,0.0184698935909788,0.936110994467865,1.19875527625097e-13
1.2,1.1789232117942,-0.782290611787484,0.0122202452413834,0.951555001681809,5.41162298767733e-10
1.2,1.22965851776865,-0.562191783258387,0.012203549262014,0.954945353482995,4.40087133284257e-14
1.2,1.06172046382888,-0.832107662315823,0.0194074256023746,0.921713469996929,5.61294936068594e-13
1.2,1.3005543027852,-0.558832254990878,0.0151243620063329,0.947868101382268,7.58948573564845e-11
1.2,1.09671333428092,-0.755954804367869,0.0189434025241745,0.926688572788477,7.97668903001013e-08
1.2,1.25181242913126,-0.572740306972085,0.0126892557849908,0.954936164216057,1.97317783427366e-14
1.2,1.96506826248446,-0.791071614847977,0.012228166995771,0.94878144671689,1.61384288910506e-13
1.2,1.30189613552565,-0.757083984084078,0.0152842257463206,0.948252185836199,1.6131328614504e-09
1.2,1.1233853604978,-0.754334532622339,0.0113027118179233,0.952766478284374,6.03754635613272e-17
1.2,1.13143771627647,-0.926769392641696,0.0139963769079344,0.941562004552319,9.8978983990236e-11
1.2,1.20604723034837,-0.817979215769498,0.0218108202696678,0.925080376292778,8.47411884841675e-10
1.2,1.26971939399011,-0.817867553867354,0.0184869351419927,0.93926937231515,4.86285311649552e-10
1.2,1.26278185864154,-0.498335077282599,0.0148387342825351,0.944836564700975,6.74433673003941e-07
1.2,1.29749908269794,-0.811203039030482,0.0123713182994566,0.952613227543177,9.03938000376612e-15
1.2,1.25623486606052,-0.599100564073845,0.0130546069015866,0.956278371551886,4.02092861556435e-14
1.2,1.22788094954613,-0.605776065748992,0.0119180789344578,0.957337235284144,1.00146013493802e-14
1.2,1.29138501137883,-0.468294764421701,0.0138727255136268,0.957706286420713,1.51038353993075e-14
1.2,1.29425629437519,-0.614846188213022,0.0185362982979242,0.942124015556941,1.21699468129682e-11
1.2,1.19200707567677,-0.768280136467449,0.0143684664467685,0.949260039146193,7.67660865673168e-15
1.2,1.23880849377138,-0.609106939874185,0.0116726956842895,0.952792910023434,2.30784153007237e-08
1.2,1.26233703926482,-0.509084779400688,0.0156572695535803,0.949608583210387,8.41573761149087e-16
1.2,1.17915021691754,-0.64446358370039,0.0174906630922992,0.937637510450089,1.53275779921052e-12
1.2,1.1670877749338,-0.814576253315314,0.0139212139783664,0.944784205184852,7.85136947793659e-12
1.2,1.26082941278446,-0.531795088999079,0.0108885536120731,0.963087176480933,1.85824755253606e-17
1.2,1.50138235284185,-0.560661052733814,0.00971056019922786,0.964924246967889,4.53079366887582e-13
1.2,1.18806253508363,-0.709452003403729,0.0154498221332427,0.941838277917111,7.12711457342994e-12
1.2,1.19235595846626,-0.756107081631188,0.0180683102670829,0.938623162448814,1.27066661058898e-10
1.2,1.11341672249857,-0.790687293653003,0.0126200349360669,0.950226153831372,4.48437597656697e-13
1.2,0.889891458789488,-1.15459246727254,0.01193640210677,0.957041245095672,1.67060529198767e-11
1.2,1.29100185798404,-0.499068662872656,0.0100091436371246,0.966304834317205,4.80306869757028e-16
1.2,1.12269138577764,-0.938379671583598,0.0136767158877493,0.947976501840595,8.92486351899316e-13
1.2,1.17712801582984,-0.60141349761813,0.0161107513308795,0.940847661361963,6.78133057245385e-13
1.2,1.31238518283978,-0.428351424287763,0.0210381409215138,0.932914209451489,1.61837747579329e-07
1.2,1.17859321055356,-0.885871691221274,0.0137337030237741,0.950993236007185,1.57487348620833e-19
1.2,1.18093517275859,-0.847974485469029,0.0165786753619992,0.942577103706998,1.15924696941754e-13
1.2,1.21502187719175,-0.668840861504435,0.0162243451458025,0.944200828862062,1.81598911164534e-15
1.2,1.19768755303633,-0.609567763466338,0.0185907939117621,0.931549824376124,6.0171684121038e-10
1.2,1.22397535577364,-0.477681983097002,0.0204251493871236,0.92634420503103,3.42423652940633e-11
1.2,1.18992707443483,-0.734739275845743,0.0169313201365233,0.938542540141788,1.09231117694383e-15
1.2,1.18884150197843,-0.570500372611424,0.0112609738085962,0.954508246670373,6.91413457596132e-13
1.2,1.22419671423292,-0.781895322619057,0.00857330466551074,0.971233316812527,2.14346337669732e-13
1.2,1.64682987199318,-0.840280183283113,0.0115262790984157,0.961316239864886,1.26126060787761e-14
1.2,1.16574541183838,-0.704820942405855,0.0197228595857458,0.925043293014438,4.24241551291616e-10
1.2,1.15873458725499,-0.839344571076778,0.0197750608845187,0.92240263526343,1.83143166457625e-07
1.2,1.18444438390673,-0.819162694863205,0.0129885485251102,0.953550517368472,2.88673686995154e-13
1.3,1.34372542936307,-0.659825937104306,0.0141809590737963,0.958216763686205,1.08290685596098e-13
1.3,1.24223169430981,-0.976188993511824,0.0164938276176076,0.942283732158348,5.75541057710181e-11
1.3,1.15011729055721,-1.00695754730684,0.0159311523294531,0.949117675223818,2.04746125165705e-12
1.3,1.28118776654506,-0.941133512549971,0.0155143163615643,0.952602979284145,8.28585324850631e-18
1.3,1.31091629637217,-0.578541270814201,0.0155893852322045,0.949557318131142,8.38837517652316e-11
1.3,1.33406696746619,-0.651598378739195,0.0169759282257507,0.946030632569433,1.69125634827178e-11
1.3,1.25463930734716,-0.668392351324591,0.0195909147079169,0.936905754794461,3.88541637590408e-09
1.3,1.3387607547661,-0.547196768458768,0.0189260021575835,0.940812561793837,4.76755688869761e-10
1.3,1.42024344290174,-0.620476678667231,0.0184843292725661,0.946380899400344,9.56654597233688e-08
1.3,1.3418545179669,-0.615726648350496,0.0135875361601308,0.958695926867625,3.77777718675317e-14
1.3,1.28184612919935,-0.672215372410837,0.0162174304818373,0.946528799295068,5.50328230016786e-10
1.3,1.45634313809439,-0.407816776568751,0.0213543903707017,0.940274309128096,1.92127681443599e-07
1.3,1.38718226469478,-0.507422480426297,0.0137716463537751,0.960240334673942,1.06857982588926e-14
1.3,1.27077481872544,-0.767214036482592,0.0165876410981208,0.94489678654885,4.85754877525663e-14
1.3,1.14316352519968,-0.993607873227286,0.0154134582223173,0.947269777771866,3.52904579164919e-13
1.3,1.21102428183218,-0.848571956302853,0.0140918160153303,0.947828928054598,1.26401717347758e-11
1.3,1.29210188190003,-0.769907532137991,0.0185287729918754,0.938604704652892,1.56991948783491e-09
1.3,1.25838385869464,-0.801330252236841,0.0304393834414968,0.907665534856783,2.747281388773e-05
1.3,1.28898201325163,-0.77785122572381,0.0138699088138541,0.957176777896278,6.4628304800893e-18
1.3,1.41629877343641,-0.705168634138211,0.0134081080495461,0.95990353799594,2.2364499252042e-09
1.3,1.45706031898888,-0.639245057474627,0.0108350130528629,0.968579087578304,3.1470762886086e-16
1.3,1.28449510459258,-0.680127679724872,0.0124530680989677,0.958984755184297,1.00212462657869e-14
1.3,1.35353534225823,-0.669753818374403,0.0155450613128428,0.951841746761461,5.71106238531001e-12
1.3,1.36241443593097,-0.54680226983526,0.0156508020079548,0.952023299719183,7.33471952121997e-10
1.3,1.32552062137473,-0.694400518169133,0.0152908200516914,0.953842301807969,7.55612921402468e-18
1.3,1.29610687708919,-0.773651103833975,0.0178740363765242,0.938402525116453,5.91979611230136e-09
1.3,1.3702048127495,-0.554444840524937,0.0170204776726705,0.951377036400198,1.47950603196538e-13
1.3,1.2145534655908,-0.688726196280357,0.0125372437291683,0.956814507417851,1.90570837886684e-19
1.3,1.28665893372321,-1.18673071309949,0.0180080719092669,0.943009434506884,8.94895661965237e-14
1.3,1.20846931335094,-0.804277012373339,0.0166105463448097,0.938599683365348,6.03868149060015e-11
1.3,1.33751358791425,-0.824451207856276,0.00905731214957217,0.970097266654114,1.26457960025713e-18
1.3,1.31434806177388,-0.690426809692396,0.0179099520632579,0.945703182283493,1.17254878142711e-11
1.3,1.26431523495913,-0.616168176055057,0.0138602915126565,0.954338709815084,2.69105090919168e-16
1.3,1.60230588311226,-0.590670536964434,0.0114565255718352,0.965873696473225,5.28454164603934e-13
1.3,1.35907646493675,-0.516377437758636,0.0150326448833703,0.955405181275646,6.04397749621858e-11
1.3,1.21661293860534,-0.748212324632114,0.0145776171371272,0.948506162809413,2.40644388851505e-14
1.3,1.41104680228564,-0.615315822037696,0.011186722715528,0.96532151751923,4.11496178657942e-08
1.3,1.37814969363587,-0.723360290087,0.0210117713819148,0.935536885024547,1.84534085953531e-10
1.3,1.33800659297219,-0.674099734625383,0.0194342103764589,0.939266037823209,3.07718257173158e-08
1.3,1.35373544202218,-0.600394292163211,0.014222099252725,0.957168621314671,9.79682604847286e-11
1.3,1.30777730086811,-0.624522337851978,0.014661465843827,0.954296356713156,4.43956560199486e-19
1.3,1.18280432392843,-0.807068706030063,0.0111902364427959,0.961405677918976,6.18939250998077e-14
1.3,1.28602355630945,-0.894182666104591,0.0195927840333868,0.941403468823021,9.11319877104964e-14
1.3,1.29629760265672,-0.791742792691982,0.0183280252256577,0.941274607417476,1.58010722738681e-10
1.3,1.4077614907575,-0.625705080440666,0.0135867005984966,0.960697561217195,2.2864565385959e-11
1.3,1.38461389765308,-0.361317453159033,0.0220621094416295,0.934880574613955,2.53360266082267e-06
1.3,1.31664109579575,-0.64290662206347,0.0138570641499113,0.956187493084829,2.70684600033702e-17
1.3,1.27521843789068,-0.746290244112153,0.0180913655469162,0.941105462167258,4.58530659993417e-09
1.3,1.24974782908953,-0.758040905731941,0.0137327958805286,0.953400736311085,5.62176864699026e-14
1.3,1.3465199858664,-0.830384404956035,0.0134676457403878,0.959366596850144,1.08173143290604e-15
1.3,1.37652799009483,-0.398872232911717,0.0253402359019447,0.92242079868996,4.17411286979608e-05
1.3,1.27103703104237,-0.656374213848175,0.0159211952957866,0.950540261562851,1.08719637562886e-11
1.3,1.36307961958733,-0.586415767312466,0.0106602577301245,0.968641133440581,5.2213094155108e-14
1.3,1.23996508176014,-0.656358205676192,0.0157471774293658,0.946187809222491,7.36181018377007e-15
1.3,1.27360099503992,-0.855860391405505,0.0251899058782006,0.921069179235136,6.33712903912735e-06
1.3,1.28668312162984,-0.897886216615323,0.0194239110186461,0.938528142116838,8.20473846952133e-13
1.3,1.30659158214561,-0.664939881300188,0.0155585333745706,0.950406063576881,9.93082361196045e-15
1.3,1.30620571911932,-0.862457911379891,0.0149074161775743,0.956353617058579,3.74154887377167e-17
1.3,1.28547664725646,-0.951220911227347,0.0170006867617795,0.948825647390517,3.74187406676375e-14
1.3,1.35393341046607,-0.551438248994464,0.0155151775196626,0.955549697769865,3.22088604281885e-16
1.3,1.35621604522009,-0.824414675011144,0.0191182690249956,0.941120508562554,1.51520858104956e-08
1.3,1.26743128092666,-0.783914757634686,0.0193684480427253,0.935993229641835,1.83541578501073e-10
1.3,1.3028703964596,-0.775362804803308,0.0144060276127743,0.951650663019753,8.32651168960394e-11
1.3,1.33995001351246,-0.817805245953035,0.0176217946390203,0.946651699276614,5.69086055810886e-11
1.3,1.34655725925593,-0.647792516821405,0.0174902220227849,0.942431046868093,0.000730780541317871
1.3,1.90633825577987,-1.03243156984486,0.0116001924829612,0.960418608954613,2.3234479730637e-18
1.3,1.35267305764895,-0.640417957312262,0.0162637070305595,0.952499433578205,3.22411125454812e-14
1.3,1.31931163347344,-0.673295925634208,0.0153787354673301,0.952760652762081,4.87904359796236e-13
1.3,1.29251418822092,-0.755368241935069,0.0141302069632583,0.954773114060572,6.64284152309125e-17
1.3,1.34074122463093,-0.604866994699627,0.0167364782492657,0.951192479020389,2.8238017573587e-10
1.3,1.26570354052626,-0.662790540468936,0.0182493087573247,0.937613235700546,2.03952779661305e-07
1.3,1.23691356815722,-0.587978540105869,0.0130362438134291,0.958531739597747,1.06645621637434e-17
1.3,1.24199057285331,-0.758417889883535,0.0173971625235128,0.942402255051229,2.897919009931e-11
1.3,1.3645776766429,-0.429637364503428,0.0154202365078714,0.95205258908414,2.18014600466549e-10
1.3,1.2106737428704,-0.795852270300911,0.0236532480540402,0.92213557140747,7.1243473648688e-06
1.3,1.36574206368996,-0.554102642056224,0.0173911564422325,0.947291206844614,8.85574291662173e-11
1.3,1.40789628203413,-0.762780469841415,0.0101540537682902,0.970147903713624,1.31472965207963e-19
1.3,1.20700512584542,-0.851968305502788,0.0172926965192811,0.946395769338974,4.16248743692444e-10
1.3,1.24795881708202,-0.778922935379552,0.0120213955259982,0.958036743442102,9.90270312032253e-12
1.3,1.27281560238631,-0.744268659297795,0.0120355855868306,0.959600764839348,1.08054044479301e-16
1.3,1.26393437103487,-0.727188521870771,0.0180944479402881,0.940242600340344,1.20860883349701e-12
1.3,1.29807088126959,-0.886025857073156,0.0148569712424416,0.9544635852056,1.33232499210867e-14
1.3,1.35992402130601,-0.779619081098311,0.0158984631437446,0.954451748746154,1.17722782742295e-10
1.3,1.24550567544115,-0.706284774613953,0.0124053244612709,0.956806508094503,2.61287769078233e-14
1.3,1.25798455600774,-0.844955030508952,0.0141646033706432,0.957463312681386,6.45947075418595e-12
1.3,1.23583238049877,-0.801902903911407,0.0125509914344392,0.957964166102344,6.81638848414668e-16
1.3,1.29878876287608,-0.706618581942687,0.0245441187599336,0.925043973806026,1.0165570806808e-08
1.3,1.29532069529103,-0.778720838446067,0.013826323949079,0.956150403910065,2.46089200843667e-12
1.3,1.42194279041233,-0.58049996085771,0.0161965120221814,0.953069248428555,2.09264973158454e-09
1.3,1.28763848939212,-0.664186468477798,0.0125028415739137,0.95983953341766,1.64783858961933e-17
1.3,1.16315266312799,-0.913665090850754,0.0145792772593329,0.95495070887989,7.3535277155043e-12
1.3,1.3597974361731,-0.902263249770745,0.0129710981650946,0.959023416737489,8.85099382399689e-16
1.3,1.32343593808632,-0.637670821133244,0.0204776514681909,0.937410921293317,2.98536396892842e-09
1.3,1.30229834238642,-0.826977105290215,0.0168372592524013,0.948814509230197,1.32005260302584e-14
1.3,1.26751495654105,-0.681365853205403,0.00968425476775244,0.97053511745687,1.97370307091723e-20
1.3,1.16461840249263,-0.883069786534705,0.0245471728245779,0.905615621934158,3.10310836957971e-08
1.3,1.28215165973228,-0.776256346396208,0.0118842456331202,0.961451051656251,4.99466448625072e-14
1.3,1.27035755333045,-0.743186094991611,0.0179911960505071,0.940342962660863,9.20123570678633e-14
1.3,1.35685345545738,-0.731979577318253,0.015585383674415,0.953471887267855,1.23480932946188e-12
1.3,1.46758062329898,-0.803492951398337,0.0135431027198207,0.962043909414035,6.01007516819018e-13
1.3,1.02991874557177,-1.58885342839065,0.0139538633811553,0.954119587529688,1.86752572689502e-15
1.3,1.3446515682877,-1.01871411595343,0.0176991124669707,0.943257627392918,9.37115241170445e-06
1.3,1.29986544160735,-0.759224160154442,0.0143593531624864,0.955231705292393,4.54167033714363e-16
1.3,1.2300446515962,-1.17418326931994,0.0161339388826728,0.944052965634314,2.12227914249511e-10
1.3,1.4119348660955,-0.725487985256885,0.0170682901479691,0.950625352267531,2.62927683027115e-10
1.3,1.16816181104427,-0.80347214857119,0.0165841744017139,0.940840636203896,1.76145244650183e-09
1.3,1.37451549839407,-0.608313501407032,0.0158751894357072,0.952475965164508,6.28504353785047e-12
1.3,1.31074670862413,-0.601390359268546,0.0124369796549395,0.961518729260431,5.68403102764254e-15
1.3,1.30219422063429,-0.742079425086056,0.0160000800950801,0.948611142756225,3.11558964282905e-13
1.3,0.825739422753774,-1.52323355999744,0.0133555554428922,0.957482436186038,1.57656878931506e-15
1.3,1.1584418432129,-1.05529123724891,0.0152846264534793,0.951527199593391,6.98345793094969e-14
1.3,1.23878582653952,-0.904498812257537,0.0128670609120713,0.954800412179963,4.5454467011578e-14
1.3,1.18025595052957,-0.863847536498529,0.0198343878272134,0.929464524122251,1.01724868681283e-11
1.3,1.33418049922824,-0.756854626217129,0.0158007767494733,0.952349078049055,8.47133132364696e-14
1.3,1.38796482400488,-0.535925686655333,0.013431307388125,0.958424867583551,5.67104544079538e-13
1.3,1.36794982450315,-0.501832979106309,0.014074469920979,0.958269569306013,4.05082959522521e-14
1.3,1.31565307507363,-0.61873242804147,0.0190565496896585,0.939672681324316,1.01702796553686e-09
1.3,1.29926700079282,-1.03908287710139,0.0184643268815409,0.940129497474445,2.22369022278106e-07
1.3,1.22662755576412,-0.706561754877078,0.0193278128985877,0.937289594269715,8.34521506920988e-12
1.3,1.25220724262782,-0.690401024312894,0.0179907996898178,0.937442014283509,3.07662702864812e-11
1.3,1.25981924725085,-0.891104299395714,0.0172825622087851,0.945034857079437,1.84738990038268e-16
1.3,1.35598326919596,-0.557029038766593,0.0168462326888963,0.950086819819414,2.05000462463112e-12
1.3,1.36358505290959,-0.46423265677886,0.0105519955334893,0.966665113313844,4.56954686432005e-15
1.3,1.19066311919701,-0.781019634330944,0.015689649428744,0.94154427119585,3.71721907000356e-13
1.3,1.29608300162845,-0.750096818397613,0.0147304714278974,0.95209289288835,1.89687315493694e-11
1.3,1.33112104584927,-0.672027255272272,0.0128868063438914,0.960712214146242,1.00500424844569e-15
1.3,1.36787515130164,-0.891408998644696,0.0169708899535221,0.94916605296053,4.74128672582623e-09
1.3,1.34086309937075,-0.80824774835401,0.0109918842445043,0.967255475737852,2.56458608170766e-20
1.3,1.39565917502625,-0.371770594972392,0.0164287376343487,0.951175677292239,2.16794010287205e-11
1.3,1.20557276479897,-0.762528309942097,0.0217039606052619,0.92980392878989,3.85892861994266e-15
1.3,1.21275825813555,-0.872324836321285,0.0154435346638207,0.949784676385571,1.59450329804084e-17
1.3,1.33309287396126,-0.68378921463877,0.0202682586402727,0.945200607235715,8.38745421343891e-15
1.3,1.22020119087586,-0.932850422986265,0.0129366937651407,0.956334550749475,7.35503561256277e-13
1.3,1.30843303649879,-0.574646331773676,0.0149697577045033,0.954427303804773,2.16155614469546e-13
1.3,1.42103772654381,-0.579469878045947,0.0112821058427994,0.962583759373427,2.72093673815745e-10
1.3,1.44610436299377,-0.692585213979201,0.0147763895663763,0.953722903649598,9.10568807389235e-13
1.3,1.34763079486947,-0.530826746828329,0.0213652904040311,0.934478465126888,7.07238532310885e-09
1.3,1.1944754503986,-1.16793550842449,0.0267377013116824,0.908872199088239,5.54869599950745e-08
1.3,0.490257250933907,-1.98849041654067,0.0135615363060738,0.950891681871989,9.79585274230658e-10
1.3,1.31187399173777,-0.681679259257313,0.014741617561849,0.949930310559344,1.43411116607538e-13
1.3,1.39724778443673,-0.490530956298321,0.0162309196067327,0.953708987774721,4.82036124244597e-12
1.3,1.38187719399172,-0.630426479481546,0.014602937608748,0.956468039135525,2.16835257802136e-10
1.3,1.17735007021141,-1.01771822343031,0.0119111061010831,0.953365636876498,2.45541202485804e-16
1.3,1.38319733881235,-0.772088830945477,0.0169696541497644,0.951449689184929,6.79194300092433e-12
1.3,1.27926223328599,-0.744596149854998,0.0149504750121418,0.952440407956024,3.79209464072463e-17
1.3,1.30074039606431,-0.826935640009104,0.0136148884098718,0.956950634083449,8.80361176758113e-15
1.3,1.39254337030218,-0.521610663114692,0.0221136683389561,0.936267586913453,1.77794505994473e-07
1.3,1.26996681658254,-0.786366379221968,0.0166867149656843,0.945160241818471,1.90988688767911e-11
1.3,1.37377762654861,-0.721098483898692,0.0127342059294059,0.964622549602506,4.78983226733314e-16
1.3,1.28732190853612,-1.02278634151961,0.0105010686064053,0.966112565720263,9.87533568809513e-20
1.3,1.27247783472243,-0.889948963638213,0.0123315088613098,0.960962068746443,2.47502099493473e-18
1.3,1.40794488838251,-0.619236929168653,0.0151106096583203,0.959812235537257,1.11562081608822e-18
1.3,1.27782655192115,-0.870564177074273,0.0190463574275183,0.939152291387007,3.37416925668041e-11
1.3,1.19483903335005,-0.888524839383208,0.0206740565873041,0.930622548233353,7.59112072958681e-12
1.3,1.17439298015878,-1.01838428445646,0.0271165339340869,0.914241467770342,2.71424367408529e-06
1.3,1.35130326120739,-0.642014570740641,0.0158818874686856,0.948508954743761,2.14197454145088e-08
1.3,1.31532696065095,-0.793578909203002,0.0197694759055802,0.934209683362863,8.31347182570895e-06
1.3,1.29334041146343,-0.669553172509614,0.0168191440261356,0.95017208028772,7.20242168283123e-13
1.3,1.28343130188676,-0.544472307189671,0.0190723662547601,0.942704667318879,6.82939532409185e-14
1.3,1.21351169117342,-0.838410557312737,0.0190348346381839,0.938746149383541,1.05339009206136e-10
1.3,1.33002097182167,-0.696638108957776,0.0219518615684449,0.932393908127887,3.4707694055955e-11
1.3,1.31316163994775,-0.641336825102554,0.0133325188819474,0.957919722192636,2.08734532083715e-12
1.3,1.3932394922026,-0.57654242945928,0.01968938241346,0.945460253618456,2.4243424635387e-10
1.3,1.49920475328192,-0.552967457361552,0.0103731560527944,0.971420752564298,4.56368605132994e-13
1.3,1.39225089804875,-0.675238780025601,0.0128485114891324,0.95941218989785,1.47994029808204e-12
1.3,1.30439965472742,-0.498361869027229,0.0137019007587293,0.957622899637313,1.08726775165868e-15
1.3,1.27591877464618,-0.680150195137128,0.0190288955302902,0.936163747834863,2.81014024441911e-08
1.3,1.38538606621673,-0.579977547746785,0.0102476026933982,0.968866001893296,1.45706496886002e-12
1.3,1.21927036216855,-0.835616032128193,0.0114669430793981,0.958365134565333,2.20713625752985e-19
1.3,1.31732860260594,-0.721280983791113,0.0146809195088165,0.952602999146969,2.96474357188522e-13
1.3,1.23449905609517,-0.521073688373056,0.0153473726070893,0.948577413581967,1.23048392255609e-17
1.3,1.35504891886435,-0.686110240172668,0.0105387187454902,0.964751645871527,1.15218764482896e-14
1.3,1.31325468356735,-0.77767515423495,0.0166748789974926,0.947853702904818,1.37031373871184e-10
1.3,1.26570840726082,-0.707340383213319,0.0174147875446642,0.940115672515663,9.37553905502245e-10
1.3,1.26829883361385,-0.538484624969806,0.0166414408387794,0.94490103745383,3.212355477414e-13
1.3,1.00908025565385,-1.07984263920485,0.0171112030822636,0.949427816995102,1.23089791839044e-12
1.3,1.34827814731645,-0.627696039838785,0.0112699415486215,0.9662202730506,1.11145684212823e-16
1.3,1.81202752572982,-0.399909782452268,0.0134108873209813,0.958269910732387,1.07900514854891e-10
1.3,1.18015011983901,-1.08540544288747,0.0155930632524669,0.948996909112257,3.04427084600833e-14
1.3,1.21224754339749,-1.2682989205368,0.0139642436448958,0.957318600748519,3.62930854017466e-14
1.3,1.21596994611359,-0.638831732022697,0.014933963008826,0.94462052112171,2.26590686997391e-11
1.3,1.28520863339642,-0.549698336876696,0.0128723531838037,0.959206300649042,8.564912536495e-15
1.3,1.42068104033955,-0.233939929477485,0.0104744123600509,0.970164891381108,8.53934900259574e-12
1.3,1.29313046572616,-0.899847764193802,0.0210637237936414,0.934933197444828,1.18644721870813e-09
1.3,1.27646272462312,-0.871590989423935,0.0125273832263556,0.961653842492549,4.39336533702729e-16
1.3,1.2369191676234,-1.10978925901537,0.0142859700321372,0.955178095531284,6.90710860313404e-16
1.3,1.1983347620057,-1.05910942745927,0.0175833917413477,0.944013026107652,1.15976298304652e-19
1.3,1.23079126389056,-0.817727177838364,0.0155184876889229,0.949832205932778,1.11847285819089e-12
1.3,1.26463763287295,-0.874399002215959,0.012154156320619,0.957427792246151,7.83510660458462e-13
1.3,1.27129203185388,-0.7829569554784,0.0108900436522725,0.965037057351953,1.18632280402288e-16
1.3,1.27691066488224,-0.591990706538219,0.0132789443908835,0.959766504824959,5.25353075321832e-16
1.3,1.40402615406525,-0.706594817373244,0.0143600497976311,0.956682109323666,1.75016079570533e-12
1.3,1.14733690009508,-0.962729720632752,0.0184963685107073,0.938313650936554,5.41696241642518e-15
1.3,1.17029722391941,-1.19747942201123,0.00998411531104568,0.96856873226591,9.64504235363138e-13
1.3,1.315860742556,-0.726659231611163,0.0137576992268426,0.956622344258454,1.71357704566469e-15
1.3,1.29000143702798,-0.891115912247217,0.0142610167524887,0.955114319059213,2.61610513848338e-17
1.3,1.2380222671782,-0.563985776100841,0.0191267309962221,0.933508052238829,2.64515442439588e-07
1.3,1.19399708923962,-0.731943621788804,0.0159946979279187,0.94597344170564,2.27150501996015e-17
1.3,1.42168663553831,-0.595901739871087,0.0216359663795749,0.937026709990528,5.17510817277223e-08
1.3,1.33163571683485,-0.440837138548624,0.0150005268181588,0.952277318300789,4.01591580511584e-09
1.3,1.04447767505383,-1.0618536252416,0.0173009484021894,0.941956253979038,1.20405509863912e-12
1.3,1.27195981461501,-0.516762369412127,0.0118570296871042,0.959854734018863,3.25769041655845e-15
1.3,1.40542823981537,-0.523727045047677,0.0175961784941633,0.949634509143833,2.37774790453415e-08
1.3,1.2846274326464,-0.752132805149955,0.0138067396003941,0.952994476747129,2.02208023746319e-13
1.3,1.32297029487499,-0.764952463182446,0.0216005862182978,0.932724061149856,6.72930501648325e-10
1.3,1.27116620725604,-0.725330700824308,0.00893646843016628,0.967729282373977,5.96625490981399e-11
1.3,1.09796995508738,-0.903222829766499,0.0205528933886898,0.925168780996976,5.06146886113488e-11
1.3,1.10304231349465,-1.1871428704602,0.0126707670011519,0.95881939342691,2.41780706603821e-14
1.3,1.28516338403792,-0.906805808483484,0.0174073426005559,0.947591118010883,1.1682955266519e-15
1.3,0.997433510756792,-1.02123558789827,0.0135481941299488,0.955982662410543,6.27978454853835e-11
1.3,1.24301777769321,-0.702682914232916,0.0165626792419739,0.944548364434133,4.7876412909334e-14
1.3,1.34080483198135,-0.596108319388106,0.0177418140865411,0.944292436844956,1.55787261143483e-07
1.3,1.25053349210573,-0.681371230269844,0.0156497901296668,0.946200041947405,5.36078871400093e-11
1.3,1.28976072473026,-0.511229910406563,0.0149998226141984,0.951066444921453,2.96100368524427e-13
1.3,1.22650594105729,-0.81340520150456,0.016841850141179,0.940818880488804,2.65634679431548e-10
1.3,1.34221870675871,-0.638079748135345,0.0186594351907104,0.939844383432527,4.41856578630836e-06
1.3,1.26732206274125,-0.750241217544951,0.0179470790069626,0.942582992330508,2.69666376068356e-15
1.3,1.29546102639941,-0.719305076179985,0.0118622526709776,0.96228523585197,2.88029281436014e-10
1.3,1.34542042595259,-0.525505784017933,0.0133523543294593,0.958497767101029,7.79330462640938e-11
1.3,1.25542087184009,-0.996504306741013,0.0224186300205112,0.928434615429076,6.82490806851778e-10
1.3,1.33739639203952,-0.522986036077794,0.015434114840651,0.94878617032134,7.59095764164773e-09
1.3,1.28253713698738,-0.713849442883963,0.00964574376726464,0.968236252674489,2.80542888843348e-16
1.3,1.23725063819638,-0.665246931786821,0.0159925192769236,0.948845573338246,1.66436258376667e-10
1.3,1.31568876684134,-0.468816639161352,0.0177708966870254,0.942996018290549,2.98560780719092e-08
1.3,1.26278235299533,-0.694973610679095,0.0138964870747711,0.952968535840173,2.39627154242255e-09
1.3,1.2542134016626,-0.794168103906454,0.0113214278165172,0.960101910747131,1.78948485816566e-16
1.3,1.25736524778742,-0.840797538874714,0.0152520834727448,0.954273538671355,1.62863067190222e-15
1.3,1.1384142190392,-0.964174864547633,0.0182967233622546,0.943031296112246,1.18034272839167e-13
1.3,1.32432171833276,-0.589629562746294,0.0138886392228836,0.958911305030392,1.14150655966607e-17
1.3,1.26226775429074,-0.722951256198849,0.0153447357222865,0.9485839994986,6.54436319009215e-13
1.3,1.26308720542253,-1.05199233534218,0.0166870141710826,0.955937462001357,1.70272186829477e-17
1.3,1.30336559893733,-0.71809606763982,0.017541572944203,0.946241390351493,1.5328898302914e-14
1.3,1.25375195475824,-0.60589597517157,0.0174532800700156,0.941457616281201,2.44421145425125e-11
1.3,1.20655037784919,-0.75971534796288,0.0180830897376365,0.938520315180129,1.71810398851258e-11
1.3,1.24423919444477,-0.853456550808112,0.0198375288419788,0.93508428132853,5.10652802363378e-12
1.3,1.24024007011871,-1.02218100719788,0.0145837595047203,0.954995097977101,5.99907815963314e-12
1.3,1.19794410740341,-0.771076003301951,0.025648290322942,0.910285755496636,4.95810809638358e-06
1.3,1.29094548476774,-0.597782609012955,0.0151321641127043,0.94895221920481,3.2117089913203e-09
1.3,1.29453874356925,-0.766899045050057,0.0173770323616209,0.943955949081896,7.56503058091711e-14
1.3,1.22987497658666,-0.614454992347783,0.0172722325654068,0.940914536130412,9.68038292574203e-13
1.3,1.40928696970818,-0.43450371099342,0.0145289494814059,0.956840341566225,9.34405192099929e-11
1.3,1.1848273061354,-1.00629874850597,0.0153981159705027,0.94877883391468,5.90157875809142e-14
1.3,1.19507261391719,-0.724890828903009,0.0145797346640528,0.949146408109345,9.98697815074892e-15
1.3,1.28375364021402,-0.837766151364629,0.0170439869509215,0.943121536709999,1.89364665809056e-11
1.3,1.3194923625541,-0.621823227384283,0.0205945970940805,0.934775385524034,8.60750275021543e-10
1.3,1.28962626796987,-0.582041927088373,0.0241549001610243,0.921917569982238,8.50001472936005e-07
1.3,1.32344823128493,-0.615993329198273,0.0185631956231254,0.944372334682449,2.58083211361386e-09
1.3,1.30336459806724,-0.648748560669593,0.0175392555224493,0.94695902011724,9.31332199511375e-12
1.3,1.37958422612694,-0.511530226377925,0.0138091709595905,0.957913587629512,9.41353041011555e-12
1.3,1.28379511943346,-0.679126805124908,0.0167516550699619,0.945283276814417,1.30579084536585e-10
1.3,1.33181032301984,-0.60353169432798,0.0137886266378029,0.954045042355714,4.94067259685466e-11
1.3,1.36106604392465,-0.6783108549252,0.012666824611286,0.960036709426856,1.96730097469526e-14
1.3,1.2881371992287,-0.908035371029118,0.0123484604850199,0.958879068999984,1.19857013145686e-10
1.3,1.28905775652635,-0.68896000758932,0.016287915678588,0.946500967995599,4.00761978380532e-12
1.3,1.36792549545966,-0.51927447228877,0.0140340431535677,0.95782377449323,3.92930277885794e-15
1.3,1.39860418860374,-0.555778136214669,0.0109103120239046,0.966222425961256,5.63993017960844e-12
1.3,1.27205578512526,-0.918914041807097,0.0172470611816883,0.947541680336802,1.24727747758339e-12
1.3,1.35270639781421,-0.823666565869727,0.0160496235635468,0.950794450235829,5.11020775391434e-09
1.3,1.16721134446931,-0.728898442900504,0.0106412191403953,0.96073779431954,2.82461420495655e-19
1.3,1.18945757991085,-0.893510489466244,0.0111964504579936,0.960287269406163,1.61737734023505e-18
1.3,1.31584605284483,-0.858369731736662,0.0189455189321849,0.93822038934492,3.83567114264706e-13
1.3,1.22575954605324,-0.770662521707764,0.0132049721218428,0.960853208857017,2.41751012469446e-20
1.3,1.3405283030392,-0.64568172200105,0.0162231212977448,0.950016964942858,3.64984847959477e-16
1.3,1.31706975819465,-0.648421020551331,0.0166967646492524,0.948225732900973,3.57533628881202e-11
1.3,1.26821419905381,-0.702778843398556,0.0202458066046047,0.933879225141205,4.8164874384228e-10
1.3,1.20121806023197,-0.622478075588908,0.0153558801068057,0.943487137255242,1.77849935551582e-12
1.3,1.33490030459768,-0.493810625331227,0.0111836083840198,0.963167719253175,6.21250303069342e-11
1.3,1.32956607775329,-0.666793506567985,0.0160121067199289,0.949908322003153,1.1133076438913e-11
1.3,1.30494064796881,-0.878581870633369,0.01919671882726,0.938569927586356,3.25011539898152e-08
1.3,1.19651143837278,-0.922373681021183,0.0132342482910763,0.94912672427322,3.9518386470171e-10
1.3,1.34061379508726,-0.694635736938035,0.0129361277211078,0.957474750977844,5.98456385652655e-12
1.3,1.28669955495973,-0.703563695492668,0.0145286059913529,0.954369981639698,9.68061284235741e-16
1.3,1.29276954664354,-0.924701083977646,0.0182302222842706,0.943707806757897,8.96499141733844e-13
1.3,1.36601202182299,-0.644054592227521,0.0103824453114498,0.968281585698356,1.67104089675541e-18
1.3,1.33824223321723,-0.712286891655973,0.0198319215514252,0.93598438499805,1.50014905966684e-07
1.3,1.33185464660131,-0.800115793612966,0.0200030140422048,0.93883288311312,1.69277420538271e-10
1.3,1.30785591357265,-0.707141497008988,0.0145134113320085,0.95119328029993,8.64145533251407e-07
1.3,1.32020617588855,-0.648131441461794,0.0132810130716228,0.957996926583865,1.12638461072112e-16
1.3,1.33811760214845,-0.50502679130436,0.0140796343860737,0.951169492972876,1.55408868932412e-08
1.3,1.29110105513385,-0.947466689051919,0.0211134466666487,0.937064021921304,8.99897496678149e-12
1.3,1.37096467639872,-0.584278440229638,0.01132788468465,0.9641035934076,2.65302101675097e-12
1.3,1.12710053795103,-0.874616725800716,0.016399790765121,0.949771482519187,5.64488660031117e-12
1.3,1.299482912367,-0.833949765257361,0.0210745144414409,0.929779291126206,3.56175892326579e-07
1.3,1.30544047128155,-0.652599219354395,0.0120764501837538,0.961356446049072,3.09375735299994e-14
1.3,1.16995893639837,-1.10467702309276,0.0172836002956554,0.941346325249866,4.1958273062805e-12
1.3,1.3204057325226,-0.700830712678273,0.0211806388398073,0.936952274582886,3.96089957914247e-08
1.3,1.18678516175133,-1.12875584884241,0.0126332142920093,0.959330663769446,2.03637993601546e-08
1.3,1.11745960958135,-0.955197270446227,0.0187589188155133,0.940276289751493,9.59514196340484e-07
1.3,1.37976273514345,-0.664255644894909,0.0121500932397572,0.958583809449456,1.59924018002786e-10
1.3,1.33225078095325,-0.490075298742154,0.0163395900733516,0.950272020368641,3.46119938945719e-13
1.3,1.2907387799281,-0.914270445090666,0.0149072625041391,0.952428876997307,3.11886441709881e-12
1.3,1.37335758600023,-0.647892002680871,0.0107784516111342,0.968238156219052,1.29048122437158e-16
1.3,1.28641595477657,-0.553002436984024,0.0154728269966597,0.947458439186797,1.10882703531614e-11
1.3,1.22717598662146,-0.646166079690957,0.015187473619673,0.951104485202934,2.45413752763194e-17
1.3,1.1613802928794,-0.783065197428067,0.0145633467190258,0.949964716348071,7.16446965638927e-12
1.3,1.33062660792803,-0.61342889596633,0.0133580676870093,0.957133749658238,3.28232568795311e-14
1.3,1.20153912767822,-0.91283003951029,0.0132882233889435,0.951822178274917,1.57417614801677e-13
1.3,1.35652489644283,-0.891530660121247,0.0163655589807166,0.953317632763068,1.66019556650274e-12
1.3,1.2669198693524,-0.75846085123335,0.0164939180412933,0.943755818467609,1.62281196345398e-09
1.3,1.30541142411023,-0.683217316398498,0.020375850753882,0.935327665302587,5.44314713460932e-10
1.3,1.30801946780031,-0.723644844366084,0.0167928103661851,0.944497423302515,3.35410391338248e-09
1.3,1.32075867347022,-0.707158321891082,0.0121514616809508,0.958107452343332,1.10373050341472e-10
1.3,1.35162619003775,-1.04158511342436,0.0119159453171307,0.963270730279453,4.62917160636136e-15
1.3,1.24983954221931,-0.720243125599092,0.0120371980227661,0.960091661882062,4.95892462563631e-18
1.3,1.35643861400704,-0.466034255068818,0.0236305347177661,0.927470142466507,4.61533971628338e-05
1.3,1.26425263292448,-0.788460576712185,0.0177970279010358,0.939341492963164,5.99709424780469e-11
1.3,1.14135218106751,-1.06449652038377,0.0220096045275156,0.927589907305336,9.20415536395455e-05
1.3,1.25085549515547,-0.917371581554792,0.0144741201573993,0.951950988743326,1.61712113975664e-12
1.3,1.32142785607483,-0.615923125369067,0.0135188433332722,0.959689790814962,1.90807570076757e-16
1.3,1.36889339596289,-0.605565124572601,0.00872743367008408,0.972729684815828,5.33363624010703e-15
1.3,1.31369107161392,-0.938326666304338,0.0140814928871428,0.955407771180969,1.45731980649122e-16
1.3,1.19153139188024,-0.870213344653587,0.0100090254248686,0.961322099559826,2.40805591680641e-15
1.3,1.38427011668618,-0.834750621780334,0.0104934710802276,0.967699771109594,2.20423292302503e-08
1.3,1.32400385741506,-0.612278127598204,0.0133515039508531,0.957436695307314,6.1265210575696e-12
1.3,1.30517735677817,-0.937823482678107,0.0115443431068298,0.962325989901603,1.8876034909812e-15
1.3,1.27728568148035,-0.906829065427245,0.0154709658612141,0.95042484336291,1.15440360735658e-17
1.3,1.21678715104185,-0.975768186165496,0.0186638439170483,0.938601179482204,7.06778866965133e-13
1.3,1.27405272750476,-0.902262817107646,0.0169206561833259,0.946043453134912,4.73276505972733e-11
1.3,1.40988492251768,-0.636045574248066,0.0125815120174501,0.960211587802231,4.8779820650588e-08
1.3,1.33447681914898,-0.988714073681069,0.0103482542013296,0.967745099650581,8.61291559353985e-17
1.3,1.2885214822579,-0.817522997040008,0.0185376165762617,0.939386562448506,3.02615711724095e-10
1.3,1.28439513603976,-0.771639120464304,0.016622982399026,0.948029787276147,3.46616454012879e-16
1.3,1.41784235171134,-0.586076609139004,0.0150642197909594,0.957145305768831,5.59230652537124e-14
1.3,1.35435973653391,-0.425242622762286,0.0151077771326929,0.95639924529748,6.10094983981933e-14
1.3,1.30734726647255,-0.825288063178591,0.0136626086241115,0.957360782229752,1.13586228471491e-13
1.3,1.33870714463791,-0.568325376456051,0.0194313404341296,0.944309202050188,2.15491321746187e-13
1.3,1.33022018443957,-0.617383556573986,0.0130551479013308,0.957035823879513,1.16105720101547e-09
1.3,1.36712424192425,-0.682335103677667,0.0207305422970202,0.938914664256088,2.21882419818329e-09
1.3,1.21848490483692,-1.04073513742137,0.0149534120749837,0.954217694243122,8.50408408460933e-16
1.3,1.26567721334607,-0.535083978260522,0.0142395218939419,0.951221478789772,5.75347870446258e-11
1.3,1.28069668109314,-0.873757163213499,0.0162271888812732,0.947335044523764,9.62237691123105e-13
1.3,1.34241878893327,-0.709348326236603,0.0132853828147115,0.957802391596846,8.7041240143048e-13
1.3,1.33542182983786,-0.621563714768386,0.01404322124668,0.955905315164366,6.15797082876937e-12
1.3,1.33731741165962,-0.527993217743389,0.0148545133512255,0.957131138704097,7.53687719498429e-14
1.3,1.33841605134801,-0.767631726634336,0.0149343264302476,0.955464913304983,2.61487559041957e-12
1.3,1.31723707222045,-0.812315222121851,0.0200163976965313,0.94118169377033,1.17225686343785e-13
1.3,1.35611711150961,-0.819936892221874,0.0140140472675149,0.959422433043685,9.07985070796791e-16
1.3,1.34072908063704,-0.635051276597729,0.014414742453374,0.953407768649031,1.20153091052527e-08
1.3,1.2800813572051,-0.642215316296878,0.0157513260606596,0.94809913619095,5.22481591376624e-12
1.3,1.31607020890155,-0.638359953982703,0.0183753098456649,0.942343750315744,3.40188071002482e-09
1.3,1.2973530662659,-0.716627610800558,0.0145593050821961,0.952810330384794,4.97964044475168e-15
1.3,1.2695858947571,-0.893962402731629,0.0181151859601774,0.938115898796025,1.98294574751691e-08
1.3,1.28726263005009,-0.841383295338482,0.0151104048873514,0.950194511069395,3.3686538565816e-18
1.3,1.34456002769747,-1.08992945063648,0.0137083381060752,0.959969521484767,2.05190656737405e-09
1.3,1.2756669748305,-0.613691018974962,0.0106990390607,0.964269543115974,6.22584443107486e-17
1.3,1.23145810402112,-0.780800228261105,0.0117766521348528,0.95984429518503,1.13718970860598e-17
1.3,1.20610456895198,-1.06443752862749,0.0160685716318985,0.940465834813121,7.89121545684224e-10
1.3,1.23633784193009,-0.84195044531248,0.0172544960153914,0.944928818620819,1.36754483274117e-12
1.3,1.22209114354618,-0.948861301764426,0.0190261253858053,0.935031405903733,6.67156595729259e-11
1.3,1.24083298066805,-0.7730868514083,0.0153908857270427,0.946685931329456,7.47819305641936e-13
1.3,1.33827727381593,-0.424717866584843,0.0205135450043806,0.933417850159674,8.0732467640387e-05
1.3,1.39087142044625,-0.513750482206763,0.0168507433619637,0.947202691049247,5.98541414420486e-06
1.3,1.33970575977394,-0.867446778641719,0.0158655711220511,0.954268690926824,2.68211131568813e-18
1.3,1.36830765638076,-0.822384404371284,0.0204052204176543,0.941628919814069,1.72111359340687e-08
1.3,1.39463304524016,-0.745428835428914,0.0136488533958877,0.96129922244572,2.77963993679882e-12
1.3,1.22016631640217,-0.996928569184209,0.0224763598929883,0.923027885679943,3.11777328988073e-10
1.3,1.23576127193107,-0.769506921791893,0.0177783914344426,0.940519687606635,1.67716387419531e-12
1.3,1.3085083312405,-0.746760824897434,0.015818469022802,0.951160303528794,4.8625414229541e-08
1.3,1.28895511290254,-0.683521286550356,0.0179365829129903,0.944297261775416,1.52815412599699e-10
1.3,1.33468809503001,-0.685486056359864,0.0132982417704479,0.961518208251427,3.22712784531644e-17
1.3,1.29820614217541,-0.746865413048939,0.0166466976129821,0.949758749301205,1.0757291217739e-12
1.3,1.2230921692649,-0.963975092789866,0.0196332375524817,0.930800502416644,9.73915978945113e-10
1.3,1.31398781121866,-0.744713140305626,0.0161664094013365,0.949395697512733,6.73909638668476e-12
1.3,1.24574258205174,-0.796465148377285,0.0213837379847298,0.930947629647975,2.12959243960367e-11
1.3,1.31034733329143,-0.672266211849265,0.0139333129062014,0.956097480554504,1.89568017487642e-14
1.3,1.29288504863589,-0.696998245297082,0.0163519634479707,0.944962852090722,1.90563880961689e-08
1.3,1.28539497708731,-0.857770802673325,0.0205505464838837,0.934858912808349,8.22590796273993e-11
1.3,1.29778033820343,-0.708263390137691,0.0130698632182234,0.956166567626408,5.67719255193033e-12
1.3,0.851649980632243,-1.47517976317919,0.0121705206762335,0.964068701637058,9.63287067428612e-16
1.3,1.33269266415297,-0.970348678163473,0.015632717674156,0.951476387541948,1.95364983082401e-11
1.3,1.37145481528563,-0.699169880136254,0.0121296655852597,0.961397479056311,1.28699042291801e-10
1.3,1.30497100145799,-0.737848966936672,0.013771223644694,0.958832680028063,2.21670593365685e-11
1.3,1.31861406897476,-0.674505393967827,0.0177646514078537,0.946310606705406,3.42230205485534e-12
1.3,1.22386914157335,-0.983258655076412,0.0147320270676682,0.950681014132489,1.97308402424773e-18
1.3,1.28853218690756,-0.514383381054338,0.0140020155562436,0.956601790048965,1.47520379004434e-15
1.3,1.28229959365746,-0.707053969066857,0.0150364713681458,0.950456452327335,7.06849298934035e-13
1.3,1.34498862441237,-0.6473526738542,0.0168765704841387,0.947486869316429,1.57807831559516e-07
1.3,1.29228351923138,-0.784358480282856,0.0171602646846788,0.946681509342533,9.95025615172895e-16
1.3,1.31770363075821,-0.724615161966426,0.0178666719858873,0.943975882118989,1.1101733551895e-10
1.3,1.27825809305278,-0.986725467921678,0.0156293256764402,0.948725185927387,2.76234905530866e-12
1.3,1.29271421330753,-0.697019290761069,0.0165598001804575,0.946719816866732,3.54452158304846e-13
1.3,1.31336654974513,-0.889282271346534,0.0209043399866596,0.932981152482845,3.5199761482706e-07
1.3,1.30109308895243,-0.69587215071542,0.0147794261977419,0.953551338148054,3.89192628726852e-14
1.3,1.34560774870728,-0.67295932563227,0.0136677104992315,0.957051158051741,3.72131506007432e-14
1.3,1.29498059379155,-0.65638852691547,0.0139613335841031,0.956034485689433,4.69691958432737e-14
1.3,1.29829697764419,-0.739781180282137,0.0122138213643094,0.960738956655822,9.38203740976394e-17
1.3,1.84983617731894,-1.07735144131546,0.00983922827222427,0.96697879340031,7.29006426715754e-23
1.3,1.31981677184058,-0.610915138529769,0.0160288614258979,0.947593267849544,4.64019726711524e-09
1.3,1.37021864397506,-0.556004588429432,0.0127289511982494,0.959995715544739,8.14611932519475e-13
1.3,1.26097907897501,-0.736293954929005,0.0190365479835083,0.938935696495612,3.75778670412467e-13
1.3,1.36883322669352,-0.769584898413594,0.0145027878696985,0.956355663077702,5.74026485271322e-18
1.3,1.3508962560992,-0.788624398420563,0.0115716725276206,0.965286442580826,1.32984450502192e-15
1.3,1.32258363846907,-0.695326256053658,0.0160278096659603,0.950230717391215,2.04042747427664e-08
1.3,1.27752045260543,-0.76969548315505,0.015955072378483,0.947334324387354,2.9339472146327e-10
1.3,1.26051314464507,-0.651759783943585,0.0156198182966653,0.949469204081955,6.83997981280755e-13
1.3,1.33437661397335,-0.59713952139939,0.0241099286536337,0.924669794902249,3.78321479748824e-05
1.3,1.31094411671216,-0.625682066075615,0.0138559334143956,0.957754198736061,1.97678784313351e-16
1.3,1.19114852034273,-0.969693563286983,0.0143729432680214,0.954732228612494,3.01391762122013e-12
1.3,1.38466760835741,-0.557272662349482,0.0136284194636206,0.96052584359562,5.94065457456426e-15
1.3,1.37137585308346,-0.757185208991491,0.0095814661132622,0.972466414905961,1.48619269986402e-16
1.3,1.27890747594695,-0.527220941414366,0.0189548521048461,0.940989604621825,4.53498506946698e-13
1.3,1.34019442275057,-0.546254979362096,0.0170945943517503,0.945067344623796,2.13709301796391e-13
1.3,1.33929797608582,-0.686007650584721,0.0182453213536329,0.945438632893373,9.36816458033344e-11
1.3,1.32084962808143,-0.760405645009115,0.0146057597513645,0.951459534588285,9.29911103391727e-12
1.3,1.26302991404941,-0.842065582174458,0.0181968810048405,0.937441439575889,2.46287037646654e-09
1.3,1.26653904761638,-0.846750885956774,0.0115122131602401,0.96354797653037,6.43659422304997e-19
1.3,1.29519748400269,-0.881134704483987,0.0144579799827327,0.955110826909712,1.48268880601152e-17
1.3,1.33522826027528,-0.724849649196666,0.0172965690962441,0.942783076211323,2.75891281376516e-06
1.3,1.20278529427369,-0.732888980227951,0.0144025735201719,0.948457839661131,3.97374904728487e-14
1.3,1.30773408772531,-0.791023988945478,0.0177892698879633,0.946121680341598,1.13983542494616e-15
1.3,1.27487195875932,-0.86685247945767,0.0114872711264102,0.962369949184061,3.95666326022052e-12
1.3,1.22889693332791,-0.819787090985155,0.0141106930113499,0.956392908001553,1.23915702499659e-11
1.3,1.30563441603808,-0.766926845437907,0.0148950254263369,0.950227092366936,3.62790999466728e-10
1.3,1.35311808420891,-0.563098390253457,0.0183625315985387,0.947062024890216,3.8844116896464e-08
1.3,1.18651810462439,-0.85434467131302,0.0193712841540837,0.931840461894269,2.14520533615534e-11
1.3,1.34705853428437,-0.620975559780262,0.0112855058923501,0.966215137748082,3.01648189143744e-20
1.3,1.66689418393326,-0.628229111528255,0.0162768338086133,0.940339945403352,1.26568954130153e-05
1.3,1.32702553655272,-0.773542415802067,0.0122567313178271,0.960289006900866,2.57354310057912e-14
1.3,1.38036989394976,-0.719287246536317,0.0160563188766632,0.951492535900574,1.18887992419239e-11
1.3,1.44441746312547,-0.833277125758224,0.0160719369407028,0.953044429145212,1.7736273342173e-07
1.3,1.18624063612049,-0.778781125353287,0.00948086417591026,0.967135254475503,3.19830836293359e-22
1.3,1.40111512889034,-0.557074632809249,0.0147657753348994,0.957087553109531,2.43663716961237e-13
1.3,1.21468003748714,-0.801580601345708,0.0150447841428307,0.949997876921896,2.04840112226343e-13
1.3,1.38429864709792,-0.794471820825998,0.0118776111071729,0.964047860280105,1.58269587632595e-17
1.3,1.2752469205173,-0.665944412955636,0.0163783346309907,0.946260380715334,1.04243260378308e-13
1.3,1.33385168389922,-0.800766159998521,0.0159257549818502,0.950402098815306,7.23304540359093e-09
1.3,1.31601407636194,-0.720163259545389,0.0189589033979028,0.944644794285694,2.19794613735879e-15
1.3,1.25681528597282,-0.725970406011726,0.0188174420229168,0.940241679368532,4.35341337854487e-10
1.3,1.19397887662078,-0.780402055345222,0.0115094094035134,0.959508883427954,4.92863400726038e-19
1.3,1.25811922533397,-0.781712220990366,0.0170345575110655,0.945783173398012,4.27966921595254e-11
1.3,1.42095530935732,-0.443449041169277,0.019711944555774,0.948769244341024,1.85851792527561e-15
1.3,1.13849410996491,-1.08129414992763,0.0190086269412157,0.942041083139259,4.12358746190517e-08
1.3,1.31700340951984,-0.84030349108125,0.0164962999980602,0.948078289573311,1.6276504321575e-12
1.3,1.36976316458597,-0.739262429785785,0.02091334600701,0.938060836521819,1.94546908841857e-09
1.3,1.25341573249658,-0.633071803666932,0.0130233251933476,0.957721738053867,5.3200990558982e-18
1.3,1.21660733189565,-0.839564258849182,0.0172442845517876,0.943662201066057,4.16945046266454e-11
1.3,1.25104690913358,-0.656037008996765,0.0213349930912541,0.932914014324877,2.61361342339068e-12
1.3,1.25140100782845,-0.914397355665324,0.0245842971073425,0.923116246566518,2.98011762083933e-08
1.3,1.40332622074348,-0.618759534679637,0.0150983008410426,0.956582650845647,2.808413656793e-09
1.3,1.32735213210873,-0.697519239307071,0.017590192052993,0.943426248999821,1.10384446110597e-08
1.3,1.26853166750895,-0.768417142800287,0.012423977950443,0.959329289754798,8.29542517467872e-18
1.3,1.34191368139299,-0.612185859495771,0.0188697188198832,0.943766440766237,1.09581312369117e-12
1.3,1.3998855940755,-0.548280762942935,0.0193436152146717,0.94301615299089,7.19478671717045e-07
1.3,1.35903126125549,-0.5306076581944,0.0192306805552021,0.940541682472858,2.50673807959533e-05
1.3,1.34472585323055,-0.40985078578713,0.0155622360789527,0.949943534233104,1.19490049495401e-08
1.3,1.32712573796997,-0.705149974271297,0.0149498747695846,0.953461689599482,3.52483610539678e-11
1.3,1.34900876316595,-0.615557769209852,0.0184828348939478,0.944584952307591,1.40348586198579e-09
1.3,1.29590279841142,-0.596442477684008,0.0197568385348261,0.939905724932108,4.84739685646945e-13
1.3,1.42810248601203,-0.559663577351155,0.00882330808805684,0.97433626661109,5.69576187089472e-13
1.3,1.3802749650183,-0.513064826972655,0.0114424911867286,0.9653189642006,1.27295998650126e-11
1.3,1.30018941069446,-0.51769162429518,0.0218911330657249,0.935121997097911,8.25100210905925e-07
1.3,1.33277181586407,-0.639242460603034,0.0163367949118645,0.953666260861064,6.08850255040545e-13
1.3,1.22950101104218,-0.858611956107779,0.0136299605790754,0.954199757138867,6.58131719309375e-10
1.3,1.33502323882113,-0.680466164612369,0.0184231233020272,0.941102063772482,8.55040534382086e-08
1.3,1.35345584185413,-0.459264357030961,0.0155680063092037,0.950336644182855,4.20422875650974e-12
1.3,1.27673163787978,-0.89406404221317,0.0132524728950268,0.956359577708747,3.86765909774765e-15
1.3,1.48631748433097,-0.388124026930697,0.0160031754106066,0.95691208334406,1.34959660852939e-09
1.3,1.18203794547664,-0.675284715726016,0.0160188897441902,0.946155385172725,5.95325201328775e-10
1.3,0.985411486056875,-1.14118736248792,0.0166281511576882,0.946607913564321,6.99081503024565e-13
1.3,0.954422724091996,-1.20428896879838,0.0160999249249448,0.947088676238433,6.29435212086887e-19
1.3,1.26568375914382,-1.25209406064407,0.0175707754800553,0.94734082572448,3.63888578433349e-11
1.3,1.40663318576057,-0.566118265652276,0.0154607073749842,0.956567680104926,1.04492507433431e-14
1.3,1.17172819924496,-1.05341578498476,0.0205703067698601,0.936214084724568,1.27414320330245e-08
1.3,1.3512670220007,-0.56678752647825,0.0148559329821371,0.953825201976901,1.40862760926885e-10
1.3,1.36115962155087,-0.748479236669598,0.00906036134455602,0.971807160823057,1.71306058376904e-14
1.3,1.30816693264859,-0.8661391392115,0.0205932816242167,0.943630673843539,3.00984554522945e-12
1.3,1.34002196335165,-0.529055285375127,0.0232036369176215,0.927659461770467,7.96390277978736e-06
1.3,1.33244078649934,-0.785499767502767,0.0110572796959879,0.962522429337781,1.58646821944874e-12
1.3,1.33160248809084,-0.597502828905241,0.0201795514561456,0.937296067295868,5.10280208357713e-09
1.3,1.42722074525653,-0.424806788180347,0.0117189453179753,0.967375932286797,9.74367698366438e-15
1.3,1.37747020995639,-0.531026038342803,0.0162306330392737,0.950124712224368,6.00583966410409e-07
1.3,1.15809008862824,-0.790482204858191,0.0212205079474183,0.933337801430938,5.19131841270688e-13
1.3,1.34770985646337,-0.776626594969896,0.0102529244294197,0.969748608792864,7.27518435168957e-21
1.3,1.36089898895228,-0.523812208463323,0.0185587880386798,0.94121844258164,2.74566474361933e-07
1.3,1.27456165247274,-0.715399170576344,0.0174494487202262,0.947956180805636,8.64566661138136e-13
1.3,1.23008148243576,-0.969392513734044,0.0178743557536199,0.939526761632083,3.41738199029466e-12
1.3,1.21909222633987,-0.815043953496647,0.0113620091151714,0.95895884789192,2.2008849933244e-16
1.3,1.1226352995397,-1.23198598247184,0.0200189875958912,0.928951561388099,2.41756619710443e-13
1.3,1.4030151152298,-0.750442415620984,0.00765658629297873,0.976390392675543,1.9212984286647e-13
1.3,1.35549538576073,-0.48683993083532,0.0174371112342923,0.946837281347415,2.29407059470512e-11
1.3,1.28388323579292,-0.621243211813648,0.0129341171293207,0.95449260062294,6.19744503577786e-09
1.3,1.38434125036222,-0.822290196249113,0.0180703853256953,0.94620945856655,2.42832359550804e-11
1.3,1.32526028583414,-0.517850888852119,0.0222908361064816,0.930627100991846,8.82162357430919e-08
1.3,1.25262375394018,-0.794336311006539,0.014299928374512,0.955358025276391,7.77997803335986e-17
1.3,1.22185362146805,-0.70685853095395,0.016029364781368,0.947270559803908,1.58208540353611e-17
1.3,1.16051222078277,-0.864446379657835,0.018771242223326,0.935255239144277,9.84911617452402e-13
1.3,1.44170270586094,-0.499367345640154,0.0166657171261451,0.950666849974501,5.19806884421965e-05
1.3,1.41917906049838,-0.644625414015463,0.013008994215896,0.958461704151119,5.39541879312114e-11
1.3,1.28556332887817,-0.649010108439639,0.0205839531997959,0.932567825046057,6.83342946460001e-11
1.3,1.38079784881092,-0.440751182983577,0.0106303676329612,0.966886152287992,5.85500473014672e-10
1.3,1.29163561809223,-0.768627837470656,0.00787191536580116,0.975504449174818,1.32187682484278e-21
1.3,1.3770355486963,-0.636750152082425,0.0188341439180873,0.941447969314356,1.08749303352058e-07
1.3,1.30567243336378,-0.610488134948237,0.0132624177962018,0.956913600006774,2.01009360124615e-14
1.3,1.3648917378664,-0.57015822570853,0.0137816254817447,0.960692800160337,1.30792333694187e-11
1.3,1.31745178354721,-0.871129261216528,0.0117074172850047,0.963290280799277,3.96132431022782e-17
1.3,1.27065115130505,-0.577224437052639,0.0182914570315888,0.942510712768204,2.95710945255487e-12
1.3,1.34333859669067,-0.595503537974206,0.014953314280796,0.952831970302838,1.03190239571818e-11
1.3,1.30503126621604,-0.586883911623977,0.0193401634135828,0.938616182331966,3.71418129439516e-08
1.3,1.31636600441711,-0.585537747976451,0.0173023682370563,0.948997569340529,1.69617837133812e-11
1.3,1.25201022457147,-0.798969844413985,0.0140352877788583,0.952133944229846,4.63194011139313e-17
1.4,1.40276945596025,-0.854731776878342,0.0146649292576008,0.959688404934711,3.55441275925146e-16
1.4,1.4449197144849,-0.579739847829939,0.0138832750221792,0.96097116186078,2.32150025003367e-11
1.4,1.55360050715684,-0.841834999653256,0.0136312270966849,0.960534545770576,2.29955699485386e-10
1.4,1.4251076953009,-1.05558659783053,0.0209182117758464,0.942930268751458,1.78395940445604e-07
1.4,1.40175924348687,-0.966675096945538,0.0124278959904483,0.964370213506793,4.91942566580123e-14
1.4,1.35816552960195,-0.742670066811176,0.0175249134464415,0.947464357224646,3.56086034083958e-12
1.4,1.44071517091436,-0.782987269674617,0.0192518515215868,0.951100928453311,1.66737390437822e-11
1.4,1.4689295965157,-0.655764889673744,0.0227751587183859,0.938406452174299,0.000962337701837866
1.4,1.45243451812338,-0.585358936734896,0.0215493734319315,0.941610340880866,3.61013810755783e-07
1.4,1.44182921517125,-0.83809505291209,0.0177986757819058,0.950407377120952,6.72414858719427e-09
1.4,1.40809188853029,-0.752064801733008,0.0132371926599014,0.962183538202746,1.50098127510088e-16
1.4,1.43844868909155,-1.13388607273425,0.0181361424864049,0.948456145452661,5.36582858558128e-08
1.4,1.35390289205919,-1.18272155440782,0.0212598698104549,0.940427449017873,1.98271392797227e-12
1.4,1.60154353678638,-0.68934734955496,0.00915756123959069,0.976876192745396,6.27566298733646e-18
1.4,1.30936286062426,-1.03993424628882,0.0153272995488268,0.958930480988622,9.32642132338453e-14
1.4,1.43122077070443,-0.809184470743963,0.0150998534857362,0.956786258022168,2.13232246985855e-08
1.4,1.50691147841769,-0.637486231263878,0.0148283054437002,0.957976588240487,1.24404306853565e-07
1.4,1.39274014462492,-0.96415413292229,0.0155204193395478,0.956375342984885,3.29866361988765e-15
1.4,1.33653765498041,-0.792514090576049,0.0149880407835479,0.952058321513562,3.12913708342252e-08
1.4,1.43223548548587,-0.615670203774818,0.0235438498936942,0.935333315362134,7.04316261554259e-07
1.4,1.42049988607671,-0.623205918242086,0.0111962649821674,0.969493481191532,1.14558376212994e-18
1.4,1.46075964566944,-0.622328344759409,0.0197796877684349,0.947765875385053,1.04818412916975e-06
1.4,1.3531883574205,-0.9596196372022,0.0153054121423124,0.957949233570966,3.91592099417661e-18
1.4,1.41957184216949,-0.707291389254386,0.0155995430314255,0.954250943647951,3.79691339436012e-09
1.4,1.38426394227824,-1.02249950095147,0.0130266909965633,0.962144758956626,7.03825586745614e-10
1.4,1.41919511319279,-0.761584666490411,0.0237249254728427,0.933202086236608,4.49577597425593e-09
1.4,1.45961000201462,-0.501473855074677,0.0146230628173488,0.959787985164987,4.92230031531252e-11
1.4,1.44615762251966,-0.344525058570055,0.00844231167650343,0.977154901310045,3.71287158117862e-22
1.4,1.5262074208615,-0.567305227039417,0.014873962304287,0.963274785895942,1.14654736525921e-16
1.4,1.31626155767694,-1.19897366385532,0.0120388338603043,0.964219616514742,1.13872211440066e-18
1.4,1.44627952204862,-0.446166664129335,0.00999487209506249,0.97183727353451,1.80680811881809e-16
1.4,1.46941887165339,-0.70221046006624,0.0196676558638093,0.948200770225225,5.41624861642861e-09
1.4,1.33561641322107,-0.828907999404285,0.0151753001793684,0.954498738215967,7.98237517351782e-12
1.4,1.49477350182962,-0.873743742976906,0.0159195540668322,0.960379576188498,6.45301049420734e-13
1.4,1.40536400692875,-0.900537268072496,0.0204811477038493,0.945133510645584,1.44854383746436e-15
1.4,1.2788823808666,-0.912600897163276,0.0185919829211,0.942511527313394,9.46960452615736e-14
1.4,0.8884752838252,-1.38816081853628,0.0128143017801737,0.964438238060616,3.37160722462981e-15
1.4,1.21297225632449,-0.744604343715925,0.0117911944769363,0.966446139046582,3.54438872756421e-18
1.4,1.42806487193446,-0.577251680298003,0.0137674706329722,0.963619667106637,4.82206748001446e-14
1.4,1.55058152617614,-0.357030586908653,0.0176978110183909,0.955891599540822,3.80393960845725e-10
1.4,1.40543828547424,-0.641444722633394,0.014647378630554,0.956370944826606,8.96544463899202e-10
1.4,1.40032990288709,-0.571976928545979,0.0132717637653865,0.961230204988671,1.31015046784956e-13
1.4,1.27830616769842,-1.03856774542478,0.0211997676935113,0.937308201111677,1.95065032810495e-11
1.4,1.41948322889274,-0.636680007036958,0.0160560340331374,0.953420093650709,6.49953374557901e-08
1.4,1.45839909522316,-0.61090325502945,0.02469405321103,0.938004879965759,3.60466162611966e-08
1.4,1.45457613233169,-0.745582138145114,0.0165816070591937,0.957443564626775,1.28132982353998e-11
1.4,1.47701283232932,-0.709883951382794,0.0170314260162872,0.955992107426963,8.41598511429735e-13
1.4,0.976041404520266,-1.5068137348586,0.0228604737474535,0.934348929626754,1.45495202249323e-11
1.4,1.2315852234554,-0.857698927088149,0.0139516101802177,0.958300310112298,8.70608658090887e-20
1.4,1.65063619141902,-0.67520937486148,0.0146527512826999,0.960880603833955,2.11264172958551e-11
1.4,1.45395606473577,-0.839109883840577,0.0112021256085717,0.969292316781745,1.71792151286677e-13
1.4,1.50890365203199,-0.735552840158196,0.0115331804492102,0.966895817668036,3.62159956578793e-06
1.4,1.46315564616696,-0.646167316711193,0.0135997722791218,0.964427260763996,6.72521374382641e-16
1.4,1.4748416695087,-0.567054833413376,0.0137421095573995,0.964273896826634,1.19753495860821e-16
1.4,1.45435035035325,-0.621320287479332,0.0135771144832643,0.962118814168892,1.78050879029601e-08
1.4,1.41132251442582,-0.803666627372114,0.0127469635372788,0.963263758593486,1.43803842072809e-14
1.4,1.43277272596035,-0.738374213483683,0.0152627629843282,0.960783180015529,3.49657389720215e-15
1.4,1.30968878902901,-0.945978618585128,0.0170912807774034,0.949155266099201,2.00295424161854e-13
1.4,1.41964471693348,-0.752587816611035,0.0157252292410999,0.956788167041955,1.6763986870407e-11
1.4,1.44506228582405,-0.800943979042688,0.0176148809558083,0.954956655965903,1.66567600838052e-09
1.4,1.39392476597391,-0.853341121900395,0.0146716255423178,0.959107914939497,5.12012859201922e-14
1.4,1.44817511555304,-0.831688003678724,0.0115462953869935,0.96797858042294,1.44639985424119e-15
1.4,1.26821302214244,-0.976296150126906,0.0161017790642557,0.952579491278536,1.37017447573256e-14
1.4,1.44192211206153,-0.718663748381494,0.024786331339176,0.934367690506322,6.67709073097783e-07
1.4,1.40017406212943,-0.904435942391804,0.020826964220304,0.945435424585607,2.16644637986209e-06
1.4,1.27371124626346,-0.95146453139,0.0144528007949274,0.957709419083783,9.14490386808824e-14
1.4,1.34777010654658,-0.904661484150413,0.0148827968337189,0.955869126947943,3.19720069941529e-13
1.4,1.46572174364212,-0.989770804029685,0.0150562405024842,0.958585117893522,1.47869742865011e-08
1.4,1.43414556367955,-0.742957784757846,0.0139180224801328,0.959987602970814,1.41324055897304e-13
1.4,1.34786821104884,-0.930250267875912,0.0185100962534604,0.945898932264416,6.62708404994187e-09
1.4,1.4600238202463,-0.51212072491066,0.0237076768186028,0.933325702743901,0.00398574465742281
1.4,1.40003511218443,-0.768789641649956,0.0187134317653115,0.947636488887104,9.51435393029759e-09
1.4,1.50372441109913,-0.706856344790376,0.014029892194329,0.964925638147461,5.50398358996428e-12
1.4,2.30262426500264,-0.765295031048254,0.0140729243873759,0.958630116318491,1.34119436121136e-16
1.4,1.46569404884162,-0.60439578374787,0.0202650009388178,0.945481703976012,3.23631458193041e-07
1.4,1.36417054546605,-0.994855099149451,0.0169502800362453,0.95127733533145,4.77630937713128e-10
1.4,1.41341625421308,-0.755700597040965,0.00891437026959144,0.973478511177857,1.57799734954059e-13
1.4,1.36798064726125,-0.63383382312307,0.010616925594695,0.967780041733283,1.33198369654272e-12
1.4,1.34243363231856,-0.897740501288893,0.0122087453625952,0.962695220880715,2.41654254807335e-11
1.4,1.52683358499334,-0.722926557421241,0.0123011457441596,0.968512035828239,1.39612931761057e-15
1.4,1.46903238227083,-0.604197104276292,0.0150875671307763,0.958214250179372,8.92857662237783e-09
1.4,1.43006167471175,-0.692041791261581,0.0146311625358949,0.957373229666473,9.60887073967183e-11
1.4,1.39158411862675,-0.867759785600621,0.0123958737408633,0.965059174627416,1.94370702645357e-18
1.4,1.35288839934418,-0.59956992393451,0.0158852685543691,0.955919892878676,5.29617477560652e-13
1.4,1.35927822326703,-0.63544542988032,0.0122648402191169,0.96476323474237,1.90889182408461e-18
1.4,1.41484394457887,-0.918839304505425,0.0145179617417921,0.958241450532687,2.90476596213136e-09
1.4,1.40018221598584,-0.655945246868459,0.0148041681373251,0.959213329471719,6.47070994741553e-16
1.4,1.43680753246092,-0.712955506475269,0.0138040550619347,0.961791392302521,1.13068261664002e-10
1.4,1.41884020644098,-0.821849908354829,0.0142880631603859,0.962546815848963,1.06881029735597e-16
1.4,1.4125881297304,-0.840726378988909,0.0180671275756038,0.949756386282964,2.76215088680409e-11
1.4,1.23531387893997,-1.1358707060093,0.0154900871714564,0.957763531060273,2.67922692645185e-11
1.4,1.46363640011117,-0.489312454276147,0.0184438824275302,0.948772315193476,2.18302425953145e-07
1.4,1.3576627900094,-0.893626613080972,0.0228700933979952,0.933614909440282,7.28325772027184e-10
1.4,1.59296536367937,-0.50848208903969,0.0150282984747816,0.960394048591049,1.05651296899149e-09
1.4,1.49060587067213,-0.527696786171625,0.0172368403731845,0.952234616999773,1.13633495878426e-07
1.4,1.4009240062871,-0.969514280530336,0.0138547515745561,0.963428472206812,5.95435126114076e-14
1.4,1.6120236124302,-0.402269142918503,0.0127240238150548,0.965269874801616,1.06088098448625e-10
1.4,1.4141971796308,-0.515525530734503,0.0148864048780915,0.957614614783362,5.63133503404788e-11
1.4,1.36586385487366,-1.06083988266442,0.0130406504522911,0.959892606612729,2.04674790963521e-09
1.4,1.49864604308128,-0.446193359932564,0.0134035837189903,0.965766631512281,1.29473267540258e-08
1.4,1.38074614183053,-0.841764805369909,0.0146272003751498,0.958148623557778,3.07286850817742e-11
1.4,1.36711025948077,-0.90817897934795,0.0182970762216385,0.946652593808586,2.02129977850743e-12
1.4,1.44382610197461,-0.808488699690791,0.0157111703217005,0.959462721042191,4.1183868466533e-15
1.4,1.18714035970312,-1.33327246673649,0.018878462567244,0.947851726910434,8.1347230318273e-15
1.4,1.36307684088956,-0.680468217993926,0.0186204856134117,0.9450222659384,1.3496374202688e-10
1.4,1.38365018199487,-0.948535722017074,0.0148356854064245,0.958305161839871,6.10810891212028e-16
1.4,1.37074868254651,-1.19291662070797,0.0105916925786789,0.968316171033742,2.77216691114499e-13
1.4,1.3500653174875,-0.935650670252922,0.0175335713575745,0.950297819251567,4.28864359486478e-16
1.4,1.47689564194306,-0.559578546607875,0.0164531375146876,0.954548685264488,3.87290425939714e-06
1.4,1.45964833725448,-0.622491952306708,0.0167419819473929,0.95429454218812,5.11655700965091e-11
1.4,1.38694267139083,-0.756315233961647,0.0152107556201775,0.958267066613081,2.01537872798637e-17
1.4,1.4763647665474,-0.992794391653867,0.0176069416100108,0.953694304414868,2.66695258422031e-11
1.4,1.46179695022859,-0.542521421810137,0.02176082065242,0.939852934967475,0.000129597058290116
1.4,1.41163166888779,-0.701177608752339,0.0112152596904049,0.96798326502442,7.84347038374162e-12
1.4,1.39923462348468,-0.873953110024865,0.0137942861594562,0.958162412886217,9.05107352287998e-11
1.4,1.41188816385004,-0.880469013219525,0.0140646503046768,0.958472970076702,1.21179549750944e-13
1.4,1.51680102240133,-0.804760163036534,0.012607472799554,0.966676085150615,8.95920132965368e-16
1.4,1.36644120954203,-0.984526208297249,0.0163127394063551,0.950483773912665,1.95758110211547e-10
1.4,1.49391580266024,-0.979758162910877,0.0140046257072006,0.963696682433636,1.98006560699098e-11
1.4,1.46967821626062,-0.752294375120215,0.0157754824417153,0.957419129239908,1.51131038081121e-10
1.4,1.38098823076451,-0.706162304722741,0.0151478003652259,0.954997411891287,2.35152848171115e-15
1.4,1.42079667173716,-0.611397376772513,0.0186994159767582,0.950565734896757,1.87214728440851e-14
1.4,1.46929895799143,-0.757603604596925,0.0136971726920834,0.961610838123969,1.89676685029317e-10
1.4,1.37074418243649,-0.938339123735043,0.0184518309335716,0.946254840047465,7.53133817176893e-09
1.4,1.31749642759257,-1.20583514707794,0.0165021403907915,0.950556833128694,2.72534446060937e-15
1.4,1.49260577741858,-0.750718386580664,0.0126090184794084,0.966875712934759,8.76598055567741e-14
1.4,1.35002174135284,-0.839624487558646,0.0093882857187385,0.969423635899157,4.9229363478197e-14
1.4,1.38632181966809,-0.687392360462182,0.0146622111196037,0.958477994565111,4.34434073160048e-12
1.4,1.50530291250566,-0.523078136354675,0.0179636060283522,0.955377933335444,1.10683420334739e-10
1.4,1.36887234677468,-0.944091780786478,0.0181880519443247,0.94971428062193,8.35980290890817e-12
1.4,1.36503813078426,-0.626058517197933,0.0146502223881181,0.957579256908295,2.03162661453005e-17
1.4,1.42033642148579,-0.826614207499221,0.0174151180498695,0.948984336820144,1.46131005312297e-08
1.4,1.37484241652645,-0.850114363990724,0.0130388093200128,0.960737551701554,1.04615190468856e-12
1.4,1.44284555591837,-0.539274167773502,0.0170504518129093,0.955264002708898,1.69236234024168e-10
1.4,1.44387971319878,-0.748908887672031,0.0184335566433123,0.950403309340917,2.08915960872379e-08
1.4,1.43706859055347,-0.765979786340196,0.0171294384673888,0.953259501319665,1.69258628864955e-09
1.4,1.41394474120077,-0.618226276268805,0.0238886087924858,0.934983984276272,5.7019131390747e-08
1.4,1.54415325668408,-0.491872387616596,0.0116427390007904,0.969243328783049,2.784550522359e-10
1.4,1.36166114811065,-1.07745607534217,0.0129821068502454,0.963340416514475,1.29464470267596e-20
1.4,1.39086429976458,-0.706262787869088,0.0151494140787993,0.956339200800381,1.12737364640916e-13
1.4,1.4349074850094,-0.742354188232769,0.0162557158239756,0.95682842013117,6.00920206443624e-12
1.4,1.45335169301425,-0.666344988278356,0.018897956020908,0.951001802152803,7.98655774667913e-13
1.4,1.39226399604798,-0.684701805467206,0.0175045205351497,0.949095316498147,1.03239314023651e-09
1.4,1.26329547717234,-1.29039769665276,0.0249619121302938,0.933534657365456,1.93442430967748e-07
1.4,1.40302419340017,-0.795362547182454,0.0156441481999901,0.956369188615794,3.26695068489004e-10
1.4,1.41174017794586,-0.717801258459903,0.0130297269898964,0.964054581219232,3.20667852811924e-18
1.4,1.51644380854418,-0.622829640572382,0.0111523360722947,0.970467518817702,1.73552189633556e-11
1.4,1.39364084684371,-0.679503574896788,0.0139513241657804,0.961024718608094,1.50505883274546e-15
1.4,1.38196342446865,-0.825120041315153,0.0124163557048031,0.963589889887164,1.03252279775878e-13
1.4,1.44864675067754,-1.22052370303818,0.0104474657276513,0.971915007721791,2.35666296942716e-19
1.4,1.38464532069667,-1.00061794109868,0.0130377566119752,0.96438857165788,2.57015364355328e-16
1.4,1.50043701287368,-0.625521014470263,0.013439175656336,0.964026701156232,2.24794970802555e-11
1.4,1.41590789504751,-0.848571847213223,0.012747647665178,0.961389093982273,9.39950578472872e-11
1.4,1.42087466595672,-0.638985853509194,0.0174112605020255,0.951027834143658,3.32436324347072e-08
1.4,1.40734278400749,-0.750213238725765,0.0149012487724281,0.959890685835813,4.91621680425002e-15
1.4,1.36313576757898,-0.97634948923506,0.0106454299027358,0.970366654970037,4.35905095679548e-19
1.4,1.46104474097905,-0.552099172024357,0.0218676748358447,0.94097093293952,2.06228204777344e-08
1.4,1.41319406631972,-0.586688673655085,0.0127776078614315,0.962402275659924,2.06626796974039e-11
1.4,1.53411033390022,-0.636361157173875,0.0163443154372882,0.95736182206181,7.76658106468023e-09
1.4,1.44635340603556,-0.536745055834282,0.0176367828618124,0.95262165249622,2.43762622806435e-12
1.4,1.39810922354855,-0.875727467846053,0.011801635725752,0.964909631852239,3.03845814956628e-11
1.4,1.41813792496322,-0.735962941047679,0.0206231351557572,0.942505052518451,8.66004930615463e-09
1.4,1.536405980268,-0.886932576911153,0.0191527570273929,0.95223006188933,3.43048865046219e-05
1.4,1.4921000326896,-0.513652746937035,0.0152058049078831,0.958534706841635,5.69961154781025e-11
1.4,1.34265560274195,-1.02280574713673,0.0190842759974016,0.947362945030384,4.94647304437244e-10
1.4,1.26839498742803,-0.959446670084726,0.0117829182403327,0.965277695480334,2.86692867596192e-16
1.4,1.38383327540322,-0.87358858655402,0.0143821493653678,0.95883261875752,6.94597965416498e-12
1.4,1.31776535249936,-0.994196266107973,0.0175867314166427,0.947128525954918,1.61850047728431e-14
1.4,1.55229961934289,-0.518685712551878,0.00973694559710175,0.972109866081866,7.79713814073434e-18
1.4,1.37035233742437,-0.836163520864713,0.0138896188865907,0.957362953187572,8.18463771470655e-09
1.4,1.28301921708484,-0.998958041311986,0.0153194241813959,0.951570347599009,2.57890830291161e-11
1.4,1.48756256679124,-0.716651905225688,0.0147399748413929,0.961893221597556,1.31501618284891e-12
1.4,1.25750869339983,-0.830722351156852,0.0185864177902343,0.951271027682273,1.47128719759217e-10
1.4,1.43124814058675,-0.661800090613111,0.0162107697030698,0.955594668838224,1.2864026378043e-11
1.4,1.39446341656706,-0.716283712267115,0.018457949647213,0.949215682488245,5.37162941208383e-11
1.4,1.53019627290948,-0.685215363462633,0.0126580257857971,0.965198763386674,4.25195523464255e-16
1.4,1.3496515055784,-0.661959140401387,0.0180161656522061,0.950214770252613,4.10189534235718e-12
1.4,1.42179587506914,-0.703919919309578,0.0152784568686541,0.958462983376891,1.49620868613376e-15
1.4,1.26238415976192,-1.26979587551041,0.0133242275462954,0.962563761610989,1.68825796619367e-11
1.4,1.24668937512416,-0.954878228521352,0.0185922671255469,0.943891669100237,1.18510092507092e-10
1.4,1.38229517918422,-0.862128076723537,0.0105017055088621,0.96833563893507,4.16052750174165e-12
1.4,1.42290412871587,-0.772284359460601,0.0191686762010544,0.943958219669146,3.00131926965404e-07
1.4,1.45043274553768,-0.73489904684929,0.0127443375929676,0.96828980777404,3.6024423093793e-19
1.4,1.42032650241617,-0.568390620239833,0.0167417585607895,0.955015254028723,3.01081914201174e-16
1.4,1.477627292422,-0.659778849765123,0.0147929825215116,0.96003179497845,1.15842966433456e-12
1.4,1.44194466023091,-0.721346862303455,0.0175715070579205,0.953436747583086,1.34576260801444e-14
1.4,1.39938231231268,-0.848797867889444,0.0135440909009722,0.965154602745391,1.629437391241e-12
1.4,1.32240994175752,-1.03166534804771,0.00934444834884687,0.972565818517836,1.42798627993251e-23
1.4,1.49550154489408,-0.440895065518256,0.012703337295568,0.966066591109724,7.64026435344811e-11
1.4,1.40005676369571,-0.754133378643215,0.0144051368386786,0.960135584062899,5.21226642320925e-17
1.4,1.3291594732963,-1.25741869251877,0.0115328476212429,0.965903882156004,1.95447033225751e-18
1.4,1.38476812370038,-0.81381395203364,0.015364219144798,0.95579358060569,4.11867028551927e-14
1.4,1.34576562808544,-0.799292634984529,0.0132846937279772,0.959442641417204,2.66651035757312e-11
1.4,1.54094663036359,-0.635263365171581,0.0125041164427977,0.969421758353832,9.28050777298128e-18
1.4,1.45241715031371,-0.550368833274267,0.0105360294763891,0.971093509395961,2.08746775776729e-15
1.4,1.30133816000581,-0.689933697760083,0.0170904729355372,0.945603885195579,3.02214554767761e-12
1.4,1.26676540899365,-0.879593586643313,0.0135662755567251,0.956125002145469,1.7597110733527e-19
1.4,1.41934525001013,-1.1509621807507,0.0204540772421714,0.944206285457239,2.40578090677574e-08
1.4,1.52019089674165,-0.565118822273258,0.0214058841320258,0.946098568291938,1.17972153022862e-08
1.4,1.33968957877322,-0.922997955444999,0.0185654305285579,0.945887734783402,1.80866595640577e-11
1.4,1.34429010816841,-1.08344639374965,0.0171514469474495,0.952443286848557,7.40239413192725e-14
1.4,1.41285175877579,-0.742373135488838,0.0134805796138124,0.963571003696327,1.88265664953302e-15
1.4,1.43539242086549,-0.940945811473263,0.0118091350675668,0.967378808093583,5.85275546314487e-15
1.4,1.46704421205059,-0.775291914889693,0.0143113564177953,0.961414205891951,3.77222521436344e-13
1.4,2.35810119389248,-0.846968065091359,0.0140022398233994,0.957551915430194,2.86850591613072e-09
1.4,1.35973401692704,-1.19934709401485,0.0214539647191143,0.942758850417135,1.74314298891374e-09
1.4,1.32972618745439,-0.803972180673814,0.0173913096247512,0.943741225266458,3.28824961737681e-07
1.4,1.59799323107788,-0.688269021103836,0.00860838621016984,0.977072589848371,6.73629085282205e-15
1.4,1.37280039190101,-0.611686400070946,0.0114482219769165,0.965889502440321,9.58953186111876e-12
1.4,1.40361803087926,-0.779260892521078,0.0150731138614736,0.959117355451177,1.68005693845941e-12
1.4,1.47632776968333,-0.53914369007808,0.0177048770075111,0.954030730140832,4.00782071512221e-10
1.4,1.38878876838239,-0.742297890756018,0.0165712878086604,0.950029097627555,1.20763102411397e-09
1.4,1.38064306676561,-0.917084052312249,0.0138069680802817,0.960862527272134,7.20005015977432e-17
1.4,1.38828850557587,-0.425166065378151,0.0233604047045197,0.928755520266682,6.25282589291001e-06
1.4,1.44400936889614,-0.571897732075724,0.0124980774116951,0.96465764684951,1.05437854381881e-14
1.4,1.33864979081002,-0.810239860131608,0.00968850016107813,0.968906328221191,2.49375475020906e-15
1.4,1.39840419091173,-0.882464150427392,0.0144202202000534,0.959047099330286,1.14335558366293e-11
1.4,1.43041294899692,-0.893392150765686,0.0132245174943133,0.962573366479359,8.68711491675775e-13
1.4,1.47060953853288,-0.997598989277305,0.0185434719283396,0.952542163884672,5.71607219610374e-11
1.4,1.34585604515585,-0.771533108615056,0.0165357280417665,0.950624159254667,7.32431622900507e-11
1.4,1.42170626129856,-0.597557098268886,0.0106084841812699,0.970713151050878,1.59562483891073e-16
1.4,1.47210744539859,-0.593748904212299,0.0138027190185268,0.962010479969135,7.20483835253387e-15
1.4,1.43999701342131,-0.756929639443249,0.0185651762343075,0.949238544263419,1.26581281134239e-07
1.4,1.44397507025229,-0.528282636589635,0.0112168405223692,0.967938704606292,8.36545282202383e-17
1.4,1.37998374915134,-0.581626204531366,0.0130743506093747,0.959898858473609,3.30263920122506e-10
1.4,1.47125526939156,-0.546917628370454,0.0113015721206404,0.968957640457228,6.18232761307083e-15
1.4,1.36481919236983,-1.09947923392467,0.014348748904292,0.956485453281176,3.42584440918261e-11
1.4,1.28973595224504,-0.829420037783941,0.0122942914672243,0.961773126317037,5.17972199082916e-17
1.4,1.35659013566379,-0.749216260682176,0.0146024125211987,0.956890294503421,1.88653804221652e-11
1.4,1.45331648424717,-0.466846595714222,0.0183316584402616,0.948396951066311,3.83519789740973e-08
1.4,1.48588898476157,-0.6638527411116,0.0135337046535144,0.962852207033721,3.12849041657125e-10
1.4,1.89608121067643,-0.720267970869032,0.0133182343889968,0.96195324109247,1.59465238865731e-09
1.4,1.38193105126265,-0.7006264872483,0.0130625658941858,0.961438982902838,1.08054720649013e-12
1.4,1.37546341619318,-1.05485195530564,0.0156706408053328,0.956543482302413,4.91157163971242e-15
1.4,1.32211837853909,-0.68795191224185,0.0190362229202506,0.941720241303002,2.68046110553786e-09
1.4,1.46645631905275,-0.776965433484811,0.0141174846205169,0.962899302321386,1.3737988756878e-13
1.4,1.47340379114268,-0.652714583926652,0.0148969682135269,0.960001858438961,7.89391365197357e-10
1.4,1.26782851969211,-1.14869837273954,0.0162462617969723,0.954686577979808,1.82031573649603e-09
1.4,1.52066126701427,-0.664041322139032,0.0137275166088939,0.961071624502224,8.28000357878715e-11
1.4,1.40758424371973,-0.728372166212684,0.0170640404731869,0.949062561414719,1.19888103935746e-10
1.4,1.38336839895291,-0.796926839619843,0.0163698726250398,0.954270151158831,1.62184512659989e-15
1.4,1.45201885191988,-0.68865133881441,0.0103727599227125,0.971898476387174,2.44399270429283e-16
1.4,1.48330696688148,-0.496895912715696,0.0160746999675897,0.958185791670145,1.99597080786218e-14
1.4,1.37734190245294,-1.21199603753283,0.0174935882922028,0.951334736237432,6.56546032074638e-18
1.4,1.45588524246061,-0.786486530278424,0.010092427221009,0.972023812111632,4.13876120032577e-11
1.4,1.46060103259776,-0.532929833239874,0.0142017853565317,0.961422789693276,1.01288342455711e-11
1.4,1.45115648303021,-0.747496560314381,0.0166440350071984,0.952744168896822,2.69787187957254e-08
1.4,1.3834067786951,-0.792600645317682,0.0180484637169832,0.950249782050296,2.59870361790727e-12
1.4,1.37601448857306,-0.736353619878112,0.0140508201998931,0.959481566178527,5.89659981273801e-16
1.4,1.36898179881215,-0.918731641887018,0.0152303774619347,0.956353743549651,1.50083330781016e-16
1.4,1.49737050361248,-0.466187006274369,0.0125325964195893,0.96585634716805,3.07814487220763e-10
1.4,1.31514994781629,-0.808242491081238,0.0144848465904999,0.955713065616242,1.80232970919977e-13
1.4,1.31597655544829,-0.699032136275236,0.0182914662231559,0.946709303858795,4.17641124466189e-14
1.4,1.43299885274397,-1.0170100551763,0.0192701456500946,0.946620440643952,1.66221671490446e-12
1.4,1.36919874064768,-0.435202479692165,0.0151034089838376,0.95544714125309,7.14950054285447e-13
1.4,1.3730471637621,-0.469700961242128,0.0189429833066033,0.940663519318963,7.93957487936131e-07
1.4,1.45410425034678,-0.622217810247328,0.00869786194292851,0.975026427246525,1.11576131829293e-16
1.4,1.38365598404478,-0.839763322442765,0.00991549873167159,0.97191834802608,1.14651145353841e-17
1.4,1.37476205770598,-0.879881311241386,0.0162492995232758,0.95312697252107,1.10755638079415e-14
1.4,1.54693259819701,-0.365569815072316,0.0195797254511339,0.953334790276112,4.65116247193883e-10
1.4,1.45030320437418,-0.629347540781088,0.0162993919204725,0.9561967482336,1.22191826119275e-08
1.4,1.46975851388207,-0.770884172689176,0.0148526686263854,0.961250571098788,1.25052941777889e-11
1.4,1.33415395398487,-0.959895791008476,0.0120249553227239,0.965586345097176,4.69634905024083e-20
1.4,1.50672322959536,-0.905094923392641,0.0150633293646397,0.961319926891966,2.63194041008237e-15
1.4,1.35379475410793,-0.995921427928355,0.0193799691371292,0.944443656164631,2.72847386344872e-09
1.4,1.3654304102187,-0.718036381983069,0.0171362503687575,0.947507841205181,2.60350830038663e-08
1.4,1.36856562334126,-0.840861118772786,0.0168570218178697,0.948368730060764,1.89254426097773e-07
1.4,1.45333977466804,-0.48354957715432,0.00890590200647066,0.975930660943979,1.26225043324985e-17
1.4,1.43485392539953,-0.816552651663492,0.0181907817585877,0.949159865376151,8.20087018938912e-10
1.4,1.57641145519825,-0.712631295125495,0.0176208463616727,0.956009817989782,1.20489126450189e-09
1.4,1.51284578572718,-0.862484977626024,0.0130091628618731,0.967162476302702,8.25613050340503e-18
1.4,1.34162541541689,-0.832484677334721,0.017252629112305,0.947388274969736,1.18314526696126e-09
1.4,1.41534377874865,-0.804001604068524,0.0268038867343446,0.925241908650464,3.42200832061224e-06
1.4,1.32915402220972,-0.912115674991698,0.0202768788858488,0.946680822033095,2.97244448245784e-11
1.4,1.34458253145688,-0.745286244217714,0.0153581768521033,0.956385857612576,1.76460165418482e-16
1.4,1.74682531478446,-0.500167381582423,0.0122981062406979,0.964250985911685,1.6044358618871e-12
1.4,1.37140910634191,-0.72913996345606,0.0138648780663955,0.962330099407259,2.43631988577335e-16
1.4,1.34231978842381,-0.724189127102029,0.019510054789856,0.944809128137423,1.80345637650091e-11
1.4,1.45972406553705,-0.823493430255248,0.0168500015887293,0.957308002385666,6.65651289138806e-14
1.4,1.4019600156439,-0.658125837158553,0.0141685346665176,0.960133616954343,7.06149957166769e-15
1.4,1.38665550839894,-0.769086337044655,0.0168802314974267,0.951577544219237,4.49669120065064e-10
1.4,1.48423792653246,-0.633557417578398,0.0200367633543377,0.948771054493691,5.96472885799138e-07
1.4,1.45318017713343,-0.824603740767564,0.0206390256842067,0.942560822795632,2.9892645410448e-08
1.4,1.35894861694983,-0.83481364201039,0.026761089069534,0.913707044918307,0.00622206856136882
1.4,1.344617678336,-1.08974590726099,0.0179538896312121,0.95412934234614,2.53504173428629e-12
1.4,1.38053038824649,-0.863705067972504,0.0184750591181541,0.951128467046925,9.78308926272324e-11
1.4,1.3998058211002,-0.717674761796977,0.0155896788685205,0.955942282224804,1.27190179548192e-13
1.4,1.3733719966476,-0.913818230038581,0.018186904339042,0.940573822344245,2.26063464645538e-07
1.4,1.42067847279039,-0.5619896466819,0.014693923400383,0.957456686028465,2.22456964462994e-09
1.4,1.40503939031423,-0.822791614190102,0.0197727558261141,0.945888454042877,3.35969161349543e-09
1.4,1.44303010808606,-0.814524222300535,0.0153560391165254,0.955910956633958,1.1323450644439e-09
1.4,1.37286561234069,-0.79035740086707,0.0145662997654914,0.958296647421075,3.15568866661699e-16
1.4,1.4659716812711,-0.469505331155852,0.0156944221841564,0.95956491527587,1.27411317814676e-11
1.4,1.27042552289885,-1.1667727930523,0.0145055824003805,0.96024232029384,1.23535020087095e-17
1.4,1.43243205469155,-0.794105768154279,0.0168252485629947,0.952190717389153,1.23172385916309e-10
1.4,1.51066858627949,-0.38496482142325,0.0218302210937067,0.944725251620873,8.48073274031843e-10
1.4,1.39041492465623,-0.755576583849395,0.0107014043722064,0.969181193654165,1.54843678971998e-13
1.4,1.36267153229618,-0.979491146166505,0.0125681939121085,0.963688022252901,5.78083961935832e-17
1.4,1.35926231573124,-0.685064406727808,0.0156323986290783,0.953747089739982,2.42447924958042e-13
1.4,1.42216612265341,-0.881438208502455,0.01574172370147,0.957492869904931,4.62087052974387e-12
1.4,1.33398888992,-0.723301182520913,0.0177265959882675,0.94771399836923,6.92993733570712e-12
1.4,1.4623475640509,-0.583552647019312,0.0156578834069999,0.958755672894067,4.04888908886357e-12
1.4,1.51340235096956,-0.879263660648237,0.0174326658188586,0.957332501773334,2.41630353080078e-13
1.4,1.34375696315442,-0.972014531224216,0.0165090546479299,0.950042997249734,1.03605805267339e-09
1.4,1.47274555645717,-1.09083675567214,0.01817369104891,0.952774892290923,7.78786067470692e-11
1.4,1.62053986881248,-0.611120072253361,0.0122351153627309,0.965696792386161,8.50785514400974e-13
1.4,1.52690259051385,-0.560572096254129,0.015812297830854,0.959819926423431,2.20290583779381e-12
1.4,1.49811818196321,-0.71906890259419,0.0132641303806501,0.967066922507249,1.1241394340678e-13
1.4,1.32327759652899,-0.744345750474077,0.0141294812446097,0.953834308098025,5.34789406841663e-10
1.4,1.432647323254,-0.984498561596758,0.0180734695927066,0.948978780686338,7.85451538136036e-10
1.4,1.47176613001335,-0.53597760290919,0.0168459601371404,0.95675465771847,2.08971393521085e-10
1.4,1.40492244369224,-0.715819269031551,0.0149539098135143,0.956461311029811,3.65788161665034e-12
1.4,1.46946290255142,-0.578162924082018,0.0171043533490063,0.951921512039815,6.00280992222429e-08
1.4,1.32974765192261,-0.786177299710054,0.0115772608373616,0.96632313257188,2.29946517990448e-23
1.4,1.34301427736489,-1.07037911020103,0.0157672298636489,0.952484568439705,3.2640082774083e-13
1.4,1.35915779110554,-0.753725022113655,0.0158149445251061,0.949193447891744,2.94617703895711e-09
1.4,1.30747750873143,-0.829466422907749,0.0168632545318384,0.95045389920393,3.01460093901802e-12
1.4,1.3600927815048,-0.604066264461824,0.0183026071312666,0.944078374939149,3.06231595473983e-08
1.4,1.35119472273072,-0.685953158758226,0.0133677418338584,0.961832002238913,4.0951165253229e-19
1.4,1.39802900238231,-0.600932270463493,0.0129427939057239,0.963306489842954,3.57576249447105e-14
1.4,1.5071358236288,-0.780228641682415,0.010048596719591,0.97594861263228,2.2429365345188e-22
1.4,1.43643243032024,-0.638849355757175,0.0135338728901617,0.963371817504888,1.38049616634263e-14
1.4,1.46870126023801,-0.820623820284898,0.0124662070680754,0.966395093934426,1.19957755893713e-15
1.4,1.33221395394253,-0.837216486160581,0.015308018401142,0.955558520702931,2.17798789106734e-18
1.4,1.46499125652606,-0.680928162618478,0.0144517977445566,0.959432774115382,3.85155236588046e-10
1.4,1.4799173708697,-0.753831859171652,0.0155182069758276,0.960203097974784,7.25676377181012e-13
1.4,1.42568315508306,-0.799529626197389,0.0187158542078607,0.948098326202677,7.2631321352913e-09
1.4,1.42503272050195,-0.917503104291634,0.0134268187734768,0.960938171544022,3.23989866879971e-09
1.4,1.46409858605855,-0.739923331122589,0.0161745082813065,0.954417561643318,6.32678915154145e-07
1.4,1.41892656657592,-0.691485125169811,0.0143746990244507,0.961428816750609,7.28369530410638e-17
1.4,1.45388079089339,-0.919546423992557,0.0201318113472644,0.947575423377254,8.38233012476241e-07
1.4,1.47670047705946,-0.744269905661208,0.0126281201479995,0.966010086756848,3.28207292771314e-14
1.4,1.36303095424484,-0.808256444429548,0.0196019801567377,0.941561149021124,1.54314805950296e-08
1.4,1.22330031283042,-0.995606238002347,0.0176237026662741,0.941222756639459,3.40069688584319e-12
1.4,1.37160092349431,-0.878465478921699,0.0176382784135233,0.951553649824304,3.87238252742965e-15
1.4,1.40520317626012,-0.780077712375364,0.0166143997828846,0.951319472734773,3.63179330160862e-10
1.4,1.41273317108787,-0.836306861591965,0.0125690769569783,0.966439591578516,9.32242262698894e-20
1.4,1.05091725399129,-1.56084429942937,0.0189441893553617,0.953703518725672,1.71623635474222e-11
1.4,1.41426985981832,-0.504437687654977,0.0138104225028015,0.959991439698071,3.6608421264951e-13
1.4,1.37479728330934,-0.651699426617891,0.0193539033827633,0.944944874887624,7.55536962333191e-12
1.4,1.68820277073145,-0.527535672183107,0.0125378484770327,0.965991602414622,9.83202362784937e-10
1.4,1.27150523042879,-0.979076126497504,0.0249001468631285,0.931986064821433,1.63171876569636e-13
1.4,1.41462573597243,-0.79686458398256,0.0174579175336987,0.952671451978822,3.46804016778283e-12
1.4,1.36038576172735,-0.878759161229767,0.0145539161100903,0.956167955876526,5.70891360166416e-13
1.4,1.37252284165565,-0.687386671498241,0.0183419024964236,0.950004358394159,5.52599439840745e-12
1.4,1.42250001327204,-0.696581001000782,0.0169371908387991,0.949844080455052,1.92038964192328e-07
1.4,1.4357670030172,-0.593135037939088,0.0103353881658942,0.971678450568076,1.34726745732671e-19
1.4,1.50058799695883,-0.810108319806854,0.0114464136162756,0.968902062817205,5.20585573906335e-17
1.4,1.41356972414906,-0.89021874549681,0.0183281332942991,0.950479755921669,3.45511958450011e-10
1.4,1.35172963948214,-0.916066114956619,0.0196007912590428,0.94567467577754,1.2753247591652e-11
1.4,1.40287476342152,-0.73731783382818,0.0113092702003464,0.968473253229846,1.43644399147644e-19
1.4,1.39057112668108,-0.865574320880678,0.0157038484448888,0.957354489631656,1.85714040283876e-16
1.4,1.45250536575285,-0.623359989396279,0.00909995790348241,0.974435855619138,8.44906241654631e-21
1.4,1.17138061664207,-1.15559527971991,0.0182974308249895,0.950388636230364,7.33472753375842e-17
1.4,1.35889479521085,-0.793464511283058,0.015080744930873,0.954199634359595,1.24995400028358e-10
1.4,1.30922789122808,-1.00629772140332,0.0128126848050634,0.96426411388706,2.13667114816088e-16
1.4,1.43030606685681,-0.862276780730308,0.0209884501684174,0.945335951601227,4.20146922893242e-13
1.4,1.40883942229591,-0.855560596725901,0.0125118354384803,0.965044499179519,7.31671801981702e-16
1.4,2.25897492568978,-0.875720795621151,0.0135531324826762,0.96158227853829,1.27286649491929e-08
1.4,1.40305825226127,-0.999506368292718,0.0125710610557999,0.964985354622339,4.28069202414714e-15
1.4,1.21965395580809,-1.01374484303759,0.0126725752145929,0.964717879482758,4.33343697922398e-14
1.4,1.37921157791405,-0.608592291735951,0.0122773851370084,0.962211652709462,6.2625214658392e-15
1.4,1.29678463725037,-0.711903545792166,0.0178628792721,0.94636758137263,2.03657383753946e-14
1.4,1.3588178907057,-0.731978076666413,0.0146313911858935,0.955139944195014,2.10573880474472e-12
1.4,1.35426502871218,-0.87718776950843,0.0163125645907551,0.950664487225034,1.03360323517982e-12
1.4,1.39358754746009,-0.698002417849496,0.0179490341594513,0.94628542284814,4.63597166535395e-08
1.4,1.43902014301269,-0.704485069682686,0.0173490096284372,0.952400995757659,1.6350158614255e-12
1.4,1.44247834016647,-0.597408305361942,0.015362457064175,0.95925054848839,2.13819236095279e-13
1.4,1.28941102585588,-0.689240057253854,0.0113941119972869,0.965174276093421,3.25691430586844e-18
1.4,1.38977197344671,-0.814107614460635,0.0186761029774294,0.942957307782393,1.97807837241499e-07
1.4,1.37381333854208,-1.12523766535766,0.0154297669143944,0.95432479203055,1.99032864003739e-12
1.4,1.36601668571379,-0.658117393639797,0.0169354402472725,0.951268111091248,3.89046555507212e-13
1.4,1.3820972566995,-0.930282681880702,0.0153689277086511,0.956537909163029,4.66203822915422e-15
1.4,1.50157371207543,-0.657289935766693,0.0090303551304436,0.976686340159445,3.82302360419554e-16
1.4,1.46188533728709,-0.876790491117262,0.0175333867935192,0.951562203537429,2.03993454040568e-12
1.4,1.40702904403485,-0.84509038052023,0.014037691774254,0.961307764074104,1.20035542144044e-15
1.4,1.42075230774067,-0.992676175648885,0.0153388604437716,0.958497932450734,4.63563356080566e-14
1.4,1.4665341376771,-0.431349009995356,0.0170816444653585,0.951562692372745,4.85786628873706e-06
1.4,1.41350164744672,-0.576371734371937,0.0169740935966034,0.951620111528678,4.58179649064222e-09
1.4,1.62631709993837,-0.324202726080741,0.00968238177808622,0.976117296845329,6.51922581249996e-16
1.4,1.35983959400908,-1.04328969579224,0.0197319008742142,0.941802007922536,2.09377640217983e-10
1.4,1.45069876716399,-0.889996073343404,0.015470532317122,0.955904567716191,4.24112597525807e-11
1.4,1.94719811385557,-0.704076958113573,0.0133426667825367,0.966438797447751,4.51962831915827e-14
1.4,1.45435803819674,-0.599778199481245,0.0143863882726652,0.961886496587923,7.26263389827391e-13
1.4,1.45068023065149,-0.615942070174394,0.0149236403841297,0.961176748118967,1.81723758255005e-12
1.4,1.17055702724511,-0.832596806863633,0.014978135509594,0.954980072771133,1.7254539268075e-18
1.4,1.34954455370396,-0.757117570173167,0.0135436029608642,0.958339305663404,8.3654695611565e-16
1.4,1.27141360693324,-0.820085153835925,0.0203702611439942,0.945796733739383,6.45522172546299e-10
1.4,1.56361488088871,-0.740761671240195,0.013244121685341,0.968581666833255,1.09420588485093e-16
1.4,1.51102060754437,-0.700241162175567,0.0129251660488857,0.966221669509344,1.17252170730155e-11
1.4,1.37824717618906,-0.883221495853904,0.013067943795798,0.962388929760439,1.5637764625207e-16
1.4,1.29103840399177,-0.863827733055459,0.0144468320523227,0.95483054198356,1.21204722872912e-12
1.4,1.08668362460033,-1.26467529216508,0.0211496062317303,0.936958036713283,3.63505688090452e-05
1.4,1.37773059244214,-0.686964738516492,0.0181262057727363,0.950202501282447,1.85038602786181e-13
1.4,1.33776397024307,-0.794183139529151,0.0173665768719306,0.947141285790893,7.58336862260136e-12
1.4,1.47700987839737,-0.511333878532721,0.0138774201079786,0.964753913572597,4.84968568565133e-13
1.4,1.38533164663379,-0.708105129052953,0.0258264646315443,0.924625545634679,6.46359974241197e-07
1.4,1.35620522258265,-0.950735364595493,0.0147517505166228,0.959158971381138,5.42743715335597e-17
1.4,1.42942739783424,-0.682205133260065,0.0148686250104501,0.957961477475859,1.45968246194969e-13
1.4,1.47176726211141,-0.743624652730823,0.0171474948796461,0.955715816032334,1.33335415055116e-13
1.4,1.42309605987879,-0.684413184371032,0.01705473389727,0.95392639559223,3.63314593602495e-07
1.4,1.41010364873768,-0.545654495451151,0.00971822722125111,0.971486803808541,5.26706927983909e-14
1.4,1.30305858881157,-0.861034298297984,0.0216483024223361,0.940290627575375,1.3434403625619e-08
1.4,1.46061014771779,-0.64267321641917,0.0153575856397566,0.96080392657712,1.5832468940062e-15
1.4,1.39623162396592,-0.938302057890022,0.0225577909858655,0.945483825478162,1.47201518716568e-06
1.4,1.33235331167151,-0.816976122973327,0.0237876866443764,0.936516193777226,2.08480404431019e-07
1.4,1.36808747867638,-0.685966307616496,0.0148091064179182,0.954991398647102,4.64976314663571e-13
1.4,1.47693110190645,-0.439482187901278,0.0171148582042865,0.954598097507632,8.17048251518766e-10
1.4,1.41397476615816,-0.719561230631746,0.0187499590529938,0.949647405259045,1.6741403322332e-07
1.4,1.49700272383182,-0.961169995914008,0.0191278753245074,0.952129879699079,2.33069910914808e-12
1.4,1.45328033479339,-0.682071068561043,0.0210379700695519,0.946011188816505,4.36662575414904e-11
1.4,1.46900608275002,-0.356719253161229,0.0105991069472716,0.970878197713114,7.2575660869583e-15
1.4,1.5089566455209,-0.565981787246927,0.0126396725278558,0.965059673532939,7.15225110137682e-10
1.4,1.30278578189154,-1.01497895698369,0.0151977163768635,0.95351867234323,6.91673563291084e-14
1.4,2.01253867013644,-0.712533501749698,0.0114166593863403,0.967139756292237,8.16407030573534e-14
1.4,1.3379103783061,-0.792007392692838,0.0239430726132565,0.929517526547371,5.97544270852285e-08
1.4,1.40375268447567,-0.423968804908977,0.0167750128017557,0.948383791545926,1.66106874042208e-08
1.4,1.49619076033337,-0.526552661434381,0.0170878794805452,0.958507285838862,1.81579901472319e-14
1.4,1.43549277342923,-0.664858195822638,0.0127323514070665,0.964137831239917,8.35436043860915e-15
1.4,1.40705780129609,-0.735257802768367,0.0151789528324339,0.958892554306002,3.02369787734033e-14
1.4,1.45692720858717,-0.649444681330178,0.0140407824971993,0.964425208328994,1.37876592056174e-13
1.4,1.40019264846405,-0.71034829037233,0.0111060125862474,0.966185122530203,3.25667594049271e-14
1.4,1.3079178455872,-0.707962268848732,0.0301403977772118,0.913451990067187,6.68350468959285e-07
1.4,1.48272382660411,-0.708263120249662,0.0101076338176837,0.971864165777392,4.4358902612162e-12
1.4,1.29891255256,-1.16587733384868,0.0131826191487696,0.965293168966567,1.0401122061829e-10
1.4,1.32765947215183,-1.02471631908227,0.0158176254368428,0.955250066520778,7.40141681977692e-11
1.4,1.32136816735263,-1.03015473165708,0.0148384212489232,0.95361831467388,1.27176872047709e-14
1.4,1.43627708491788,-0.565212768017178,0.0204683530599879,0.942616970053006,7.85916924193519e-09
1.4,1.38224074356593,-0.959698946922016,0.0193724415216135,0.945443704453649,3.00429887171592e-16
1.4,1.44490795057388,-0.64767767685833,0.0110060381050669,0.968400376359841,1.0771873947549e-10
1.4,1.43746115258946,-0.819693403044705,0.0173600141692235,0.95437402459448,6.06078342539816e-13
1.4,1.48000685032708,-0.96376070472386,0.0163295638761285,0.956620059015198,7.91526901812018e-09
1.4,1.47052263433705,-0.659596661194758,0.017804556905238,0.954810305232659,5.77720866667371e-13
1.4,1.46311915543871,-0.6417500131627,0.0216704592173976,0.94226184568487,4.46023687778287e-09
1.4,1.39256182857706,-0.942554935872405,0.0191334108451564,0.944880427948311,4.06637997259299e-10
1.4,1.40395039776676,-0.904127589824649,0.0151108895606026,0.955796001729386,1.64988262544195e-08
1.4,1.41288010976182,-1.15208511930298,0.0105908940398464,0.969543080297418,8.55368347521907e-15
1.4,1.4302932411867,-0.666005122769644,0.0126143726146864,0.963874720649996,3.96671462587527e-12
1.4,1.47566289906721,-0.493106638017813,0.0133361564156967,0.965482796200334,1.09545458896322e-09
1.4,1.29470480758327,-0.930586827482775,0.0246117772393987,0.927463452435443,8.94280083011698e-05
1.4,1.39495221379857,-0.718561468214256,0.0110400979452641,0.968022808129644,2.0155270828236e-17
1.4,1.41956179275923,-0.815354979635767,0.0159734174978226,0.953235576797653,8.73027292043648e-10
1.4,1.35002401169025,-1.04260443934175,0.0147676653244037,0.95635569217963,3.42106921969118e-13
1.4,1.45097424511131,-0.830181781769117,0.012547679855522,0.965235486216484,1.63659052565553e-08
1.4,1.3911897732796,-0.851482415705813,0.0160314351492798,0.954041263453547,1.9752323781889e-13
1.4,1.32898670303952,-0.781398181504159,0.0187701043440533,0.948883898036631,7.92519395443042e-13
1.4,1.53590770663503,-0.521499588042687,0.0176504660933912,0.956799581807528,5.02608642051551e-13
1.4,1.42526075226006,-0.685793807072291,0.0189497933401316,0.945069753537318,4.64302409446227e-07
1.4,1.38182338288267,-0.943076652864712,0.0170315420538596,0.95241958284313,1.1785313352943e-10
1.4,1.38841259839727,-0.626608031698809,0.0136001554468581,0.9627292070432,1.45671575012096e-15
1.4,1.23822794681446,-1.06923799886611,0.0240455200764669,0.939592820553434,1.13389091823195e-08
1.4,1.42797531351148,-0.639837454776928,0.0145691270936806,0.958594061496702,2.82678201917569e-13
1.4,1.4601000374883,-0.538277443721032,0.0163002577083978,0.956481364552009,2.75758332696343e-08
1.4,1.5144703104173,-0.620546915242598,0.014488224093608,0.960237372056705,8.04334216710242e-08
1.4,1.43236450372644,-0.734051112745434,0.0124429102628296,0.964806421284072,1.84959122879164e-10
1.4,1.42085123891067,-0.478367759056265,0.0141298918337641,0.961583740402663,7.73169160210794e-12
1.4,1.28529534374174,-0.802874860868919,0.0177593160714313,0.949792451518475,0.000419595318970245
1.4,1.44461917664157,-0.832181004780214,0.0189635609006465,0.949958081827179,9.82166042588207e-12
1.4,1.40882488183548,-0.735282386050115,0.0211918662447307,0.935557657034999,0.00194386488475745
1.4,1.36953000792837,-0.673313469455768,0.0126007287681496,0.961158136874279,9.24428364828278e-13
1.4,1.25874231302185,-1.05787635136318,0.016382405437948,0.950595425180143,1.07441640730583e-14
1.4,1.46298718925316,-0.872058713654721,0.013970622495159,0.961343460345409,7.27537317525469e-12
1.4,1.35064462989214,-0.827646396795442,0.0132593744411062,0.959370279094784,7.99600898473542e-13
1.4,1.44627525035691,-0.836993657131504,0.0129700674807886,0.964617417030086,2.8814843791602e-17
1.4,1.42139719858606,-0.862014929766397,0.0158084127091223,0.957188561284597,3.08279120714903e-15
1.4,1.31757107039508,-0.66510443453154,0.0192410467556198,0.939956079429761,3.05817501687029e-10
1.4,1.38815080933312,-0.888316443941194,0.0176399872144492,0.948589176844219,9.49040205576316e-12
1.4,1.43609820380084,-0.739547630451056,0.0150020878695959,0.954976596180365,1.06754246799898e-06
1.4,1.39968510303491,-0.91611667412713,0.0148873917391168,0.959102693680825,3.9860473348275e-17
1.4,1.48294118371908,-0.716027219394131,0.0171390625384649,0.952870214204052,0.00149693352398327
1.4,1.43745484457613,-0.545008666789269,0.0128514888253857,0.965622850085863,9.6309337975766e-17
1.4,1.2961985348458,-0.78302924595201,0.0146908117636508,0.955090240744954,2.27415080567349e-17
1.4,1.45690587242113,-0.691966049742364,0.0133019507714207,0.960793060684725,0.0412388265069245
1.4,1.32832779452013,-1.11302014581687,0.0124619844272898,0.960255284154573,2.83173589567852e-15
1.4,1.56291193018572,-0.55146271216294,0.0160988673132546,0.958899327072128,3.12673628594361e-07
1.4,1.44038780211036,-0.673244591439517,0.0194006504938526,0.94431738970708,7.24272336517726e-07
1.4,1.40946355399834,-0.558330080776648,0.0150257449462975,0.958025154635112,7.07901698931873e-16
1.4,1.33649672980579,-0.80780910714986,0.0197714377214108,0.942010126496976,5.80147610291432e-10
1.4,1.49120709584653,-0.553520432165333,0.0107052013654806,0.970839387465614,9.74762643794301e-17
1.4,1.31733085422793,-0.783821482050856,0.0129929588666303,0.961365549370409,4.18636717639003e-14
1.4,1.42244824416971,-0.839406403609161,0.0161259859252388,0.95718178075355,2.2287879175568e-14
1.4,1.41641942934879,-0.555186544574428,0.0159035126915869,0.954573071049567,1.30462150830866e-07
1.4,1.44304867961373,-0.592089772035648,0.0145931562893013,0.961325538574793,1.0547141382273e-15
1.4,1.35913037317307,-0.731771643371064,0.0176045237606102,0.947081782847703,7.45143445059511e-11
1.4,1.36841082324398,-0.872545115265556,0.0166265343113106,0.951206716977052,1.53868295547714e-14
1.4,1.38502797464538,-0.789941026467094,0.0158740980241369,0.956005242338744,3.03352533980742e-14
1.4,1.46080946614129,-0.918583855904898,0.0129470232398651,0.964961167433888,2.42403496022653e-18
1.4,1.36744091118209,-0.86499704615912,0.00781128796176504,0.97479794323747,3.15801625259973e-21
1.4,1.10850911714622,-1.06909345472365,0.0251357198818934,0.928160012201105,1.63045012316474e-10
1.4,1.46041238792251,-0.521434685807272,0.012985091754532,0.963416795233443,9.98985022914428e-09
1.4,1.41842590727663,-0.755716976671077,0.011728875113075,0.969022859318165,1.25600238572476e-19
1.4,1.23135330050454,-0.899541831829314,0.0162951581536964,0.949953549994831,1.57465332588758e-13
1.4,1.41473029878533,-1.04616326173392,0.0177974572810845,0.950637366682577,1.37735433312492e-08
1.4,1.34016748896921,-0.922981993250876,0.014744780842825,0.956283911677722,1.75061998172008e-14
1.4,1.4276398643518,-0.730536686251514,0.0130999594589936,0.961222344505897,4.04764503439742e-13
1.4,1.36905069952063,-0.626951993348273,0.0203290208609103,0.941196807899263,1.12519389180024e-10
1.4,1.38208947171187,-0.677812249575025,0.0152128439194932,0.956345918270627,5.1609493378336e-16
1.4,1.41603874704488,-0.737575955980927,0.0145955804287439,0.960478969509444,8.55338950063841e-19
1.4,1.37293586684779,-0.643152758105321,0.0144467507040095,0.95814087220853,1.47309389189437e-13
1.4,1.29988356388388,-0.88926046538123,0.0168137098320168,0.950650108808014,1.1381287559556e-19
1.5,1.63582897044291,-0.741711103238811,0.0137503639204942,0.970220538888001,1.0939953082283e-11
1.5,1.45824057911407,-0.737800734908102,0.0156609966825732,0.960565498270911,4.1996440343843e-11
1.5,1.51682922185835,-0.891251138804006,0.0153290819872136,0.96263620665815,1.23448163932577e-15
1.5,1.46749052787244,-0.822886607994983,0.0142725362350092,0.962260435405838,2.45733889704199e-12
1.5,1.53371974573441,-0.865210916677856,0.015671752093137,0.960796497766499,5.93386979858996e-08
1.5,1.44506434458696,-0.72497960641829,0.010442123963227,0.973216235814054,7.51093522940554e-19
1.5,1.56406037129653,-0.618891709216325,0.0164800035733192,0.961076445093321,1.90897756960636e-12
1.5,1.53910439580722,-0.610425682101893,0.0124276453133151,0.968624573339001,3.85268148227201e-13
1.5,1.44631911542816,-0.941357961045956,0.0140015374355349,0.963074515063336,3.17209947821135e-17
1.5,1.58893334379871,-0.804600751070045,0.00824743341655944,0.979650343784948,2.37381606836872e-17
1.5,1.37802339258071,-0.88998974516373,0.0183556295174008,0.952576038316155,1.99865031271053e-09
1.5,1.4958552758176,-0.986287589376323,0.0128890052699357,0.965256620350484,2.37593199692813e-12
1.5,1.48566741110591,-0.613081769662846,0.0167198502338022,0.954469036805341,6.7105480557097e-11
1.5,1.48245239324639,-0.749364059563792,0.0149531693090554,0.959495926078252,8.73694535376721e-11
1.5,1.59359003664273,-0.374308421734123,0.0223017678325688,0.948669905962806,7.89398937099059e-08
1.5,1.42799756987972,-1.0818647533685,0.0197405784035357,0.950866947196896,1.5206089068844e-14
1.5,1.44420800615759,-0.876048159462538,0.0133018294924896,0.966221154543253,3.02350938281433e-12
1.5,1.42809759334419,-1.03871778767054,0.0139374089164892,0.96056012558491,3.53196741860197e-11
1.5,1.58740639059693,-1.15200616441376,0.0191332665083939,0.957035945691678,1.34824805741006e-13
1.5,1.46062682099564,-1.13420807420637,0.0165454031510616,0.9617492092903,9.24006855771476e-13
1.5,1.56445848521325,-0.484266136477294,0.0135172146744024,0.968844164147257,5.07817462600335e-13
1.5,1.59017997446661,-1.09238968126607,0.0115397025064858,0.974103003742105,1.75894082790265e-16
1.5,1.49492016755848,-0.719541915594047,0.014423948944813,0.962857897022825,2.03947382145643e-11
1.5,1.53974058498997,-0.852466050856931,0.0127404894771109,0.969053460999833,1.12949116670559e-18
1.5,1.48925337560733,-1.07260024850527,0.0121516603526273,0.970909939141788,3.26014158541945e-17
1.5,1.53908977654436,-1.07188010655351,0.0141055929815844,0.965716385063442,2.0718090398456e-15
1.5,1.58340074900372,-0.779167923931159,0.0125390525489507,0.967731839162188,8.95996648523212e-16
1.5,1.54000746622858,-0.708829852514667,0.012902442167894,0.967616153578242,3.30556035344638e-14
1.5,1.51796634644048,-1.25832975768238,0.0210277159055501,0.952334301362612,4.29981388937156e-15
1.5,1.41385836216143,-0.834490897655671,0.0113192942159785,0.971053996364692,6.7107043130745e-14
1.5,1.50409193438784,-0.569653630306659,0.0212561765686318,0.947935070102458,4.92635042508181e-11
1.5,1.45146914850754,-0.970317565708182,0.0147754240647027,0.960747090138547,5.64677678145703e-12
1.5,1.49285089554749,-0.801291607242533,0.0181092199468162,0.953638223197398,1.1086816870264e-07
1.5,1.56705080544058,-0.635893485706329,0.0180040967912028,0.956817143527712,4.10531582785269e-09
1.5,1.50206893151332,-0.710283888399148,0.0094862131008692,0.974358808945921,8.15859111375653e-16
1.5,1.4889012093766,-1.19166872267908,0.0170722237383972,0.954546283603747,1.13809852630463e-07
1.5,1.51327172709551,-1.11195064131451,0.0154156882848419,0.962870645630568,5.18916928478665e-14
1.5,1.47853908766944,-0.715004717920155,0.0174725849088555,0.953332617543473,4.11784235128474e-10
1.5,1.55251263586023,-0.928904136741703,0.012330575642001,0.971460698447871,8.70108370318769e-24
1.5,1.56065773071368,-0.714971575400655,0.0100707825236798,0.975358614286867,3.1153339979252e-14
1.5,1.4806073805339,-1.01564455676375,0.0175170642162052,0.955023745075259,1.55823984610755e-08
1.5,1.53658731915371,-0.740875516004307,0.0182135802112453,0.956385714939924,5.38100335756312e-12
1.5,1.59966401252171,-0.702261283568996,0.0119026785309193,0.972423218234403,7.51818426416526e-16
1.5,1.43222155494688,-1.14591683062735,0.0159695778500526,0.95828314433765,1.05821774286762e-10
1.5,1.46485720410142,-0.625698900047875,0.0171048455442153,0.953119937934573,3.03399850068124e-08
1.5,1.42460110474458,-0.971804865729876,0.0159426801794148,0.95944467476829,2.33508984742138e-11
1.5,1.47292546910084,-1.17456052742438,0.0153871421925044,0.961358117121203,6.04382638872648e-15
1.5,1.46618127559092,-1.12269060363123,0.0168583979489747,0.959222733746169,3.23343829249715e-14
1.5,1.36014811809534,-1.13334950866291,0.0148950639449961,0.967147783327992,1.47759431513815e-15
1.5,1.53204618682186,-1.03300599751639,0.0182488830474973,0.955349332562108,1.9789225242255e-09
1.5,1.47286200855485,-1.03160224332888,0.0130765158332934,0.966837827348714,1.00460693922728e-17
1.5,1.56035320432399,-0.724733238904694,0.0180491418731679,0.958256893048085,5.86899306939056e-12
1.5,1.51351266153225,-0.910786747866395,0.0159366266213575,0.959847687538319,1.76335909854692e-13
1.5,1.54372456488946,-0.762043696130129,0.0129049002598243,0.970468346148116,1.74562007970383e-20
1.5,1.43428482092455,-0.828481520944962,0.0237090641585074,0.937238585292389,1.7820730105414e-07
1.5,1.53254239694273,-0.510672144831378,0.0224592360254843,0.944381961370207,7.93505687232611e-07
1.5,1.53618459515607,-1.01654638110405,0.0154633119714054,0.963020061886322,2.57516129850058e-16
1.5,1.3534772747983,-0.939793563534216,0.0165988177809291,0.960693662862913,1.21565450781777e-10
1.5,1.49268938614583,-1.03988993072153,0.0146193460054911,0.963044133570655,1.12188077480761e-10
1.5,1.48595902322638,-0.688747169706921,0.0157129366559497,0.959500136717039,2.70171464589594e-11
1.5,1.56695493145324,-1.07560976097616,0.0151997248581867,0.96465097229039,3.49163388527797e-11
1.5,1.33099674154105,-1.16428743809998,0.0110688041930373,0.972655338925484,2.5622913000621e-20
1.5,1.57443456854262,-0.824512105279095,0.0206716272327734,0.950594513062862,2.96836022511087e-08
1.5,1.56162656664398,-0.860306892675135,0.0129577351412365,0.969982092459192,1.24364068087958e-16
1.5,1.45961311526608,-0.772125181212636,0.0184217263656594,0.955132741628425,2.52871471341419e-13
1.5,1.42144012478185,-1.36419815538513,0.0211552982209656,0.948237894619041,2.25005432112203e-11
1.5,1.48917318393635,-0.83156236880047,0.0177228053462363,0.954735880384049,2.97930785160369e-12
1.5,1.49362490965711,-0.999913313812352,0.0208286542398599,0.949057689944467,8.79871665108102e-11
1.5,1.50454733194096,-0.866177823526537,0.0195340206394008,0.951219225922406,3.82265285576817e-09
1.5,1.4995891782137,-0.650717255987556,0.01381720006976,0.963806397849628,3.78257407468023e-10
1.5,1.45602856141514,-0.925651862031286,0.0134372010706133,0.963545787316487,7.48018389953331e-14
1.5,1.61557286864155,-0.838792459191487,0.0171955968476172,0.959039217115084,2.72147837138467e-09
1.5,1.25383350788842,-1.17864785030141,0.0123876544765531,0.965793388850127,4.26776381730306e-14
1.5,1.57710238568905,-0.746295870681592,0.0180400205271177,0.958383420108571,4.39375639172557e-11
1.5,1.54049757606283,-0.746088510145964,0.0111520345589106,0.970173049258404,1.72674282195727e-13
1.5,1.46321956173666,-0.827234220545501,0.019306654298681,0.950455201563204,4.84595776491793e-10
1.5,1.39526710692636,-0.574392882111808,0.0131613858564906,0.964078186838037,4.42597672159355e-15
1.5,1.47178440556742,-0.889061501809309,0.0146355598780597,0.961763407747261,1.25235096283527e-12
1.5,1.48950493607457,-0.91614881838375,0.0134510378559456,0.966278741349202,5.09095177680257e-14
1.5,1.61714132564247,-0.650213655251317,0.016266030056337,0.960970162427851,2.41082139424415e-07
1.5,1.52085621484084,-0.86927079658905,0.0206126757144026,0.94788255479699,8.05215241946817e-06
1.5,1.47097781409785,-0.684864477491188,0.0100398647754875,0.97319504587565,7.64705427710961e-14
1.5,1.53447617047195,-0.817467157574872,0.0108940206600428,0.971853543642687,6.59737872327221e-13
1.5,1.4902483827272,-0.89327153466429,0.0154022592207948,0.96222580985079,1.03236088468518e-15
1.5,1.53734573423585,-0.917057403758918,0.0213836478589389,0.947780404898561,8.33100346416048e-07
1.5,1.56675832318537,-0.532841691588081,0.0151746866138673,0.965056004333604,1.39221103170145e-12
1.5,1.52833727943257,-0.859307489648292,0.0151952813353966,0.95953388572308,5.51484666975394e-10
1.5,1.57797728171946,-0.837438674323836,0.0177166588276308,0.958998487984932,5.10143503358697e-10
1.5,1.47748781134665,-0.805600923711935,0.0155343195787582,0.960521763098202,5.34032021048823e-13
1.5,1.43388646520095,-1.09654158450324,0.0133104306089051,0.964043364465031,6.70763082965675e-12
1.5,1.65854471726987,-0.474312441513411,0.012768925600675,0.970774393891076,1.18261871776202e-09
1.5,1.51754375536684,-1.13551211970287,0.0130280483159486,0.967780815531135,1.31577050355268e-16
1.5,1.56430138357574,-0.635932698379411,0.0152021651762234,0.965496661243661,1.6033577097834e-17
1.5,1.51821150701463,-0.945959879014761,0.0252934039302482,0.940821812814653,1.53342300633003e-07
1.5,1.44992683430883,-0.637780393209692,0.0162792982292968,0.954969075133773,1.45845614455866e-10
1.5,1.4245582342216,-0.884769965483277,0.0160176777823995,0.957777800446025,5.12872653828301e-16
1.5,1.5604572655804,-0.707670954496228,0.00895437078146975,0.979184918552177,5.57370528973409e-17
1.5,1.55110413183739,-0.52392128282477,0.0205173575155722,0.949861714086939,1.11955837806998e-05
1.5,1.49329440203523,-0.906182627196986,0.0158917068465353,0.960237930051598,1.13816120232992e-12
1.5,1.49943874671401,-0.783162369021304,0.0173007778002702,0.95719564246743,2.21870116545742e-08
1.5,1.54283653242259,-0.819426258656194,0.0118291271406627,0.971052119038914,1.21904866753978e-17
1.5,1.38813151047239,-0.818122807538983,0.0171249233438819,0.956820455894578,4.94748557963211e-12
1.5,1.46504999419779,-0.975567029549014,0.0156692239523743,0.957354228291607,2.31037020538517e-11
1.5,1.60692058781937,-0.660678513310237,0.0177381121275236,0.961294803562379,1.51190200594397e-12
1.5,1.5523028807362,-0.535492910656994,0.013951804338509,0.966211704462063,3.55184783469624e-13
1.5,1.56855067157325,-0.821056794340769,0.0127946594795762,0.968931668958529,6.46679897242299e-12
1.5,1.62336731700197,-0.851490510232788,0.0154657480031459,0.963224559795428,2.0614634736852e-06
1.5,1.49789376376361,-1.2669814986974,0.0161063164721869,0.963589674065639,3.22179266573122e-16
1.5,1.50226480477814,-0.778311968016496,0.0154189018394503,0.962255895692491,4.50318991200079e-13
1.5,1.36573736265638,-1.31166601607311,0.0167836747135337,0.953413104212507,1.39756946746097e-13
1.5,1.50059858764731,-1.10383877391361,0.0154587746605522,0.961380006622011,1.77089650127727e-12
1.5,1.24574947050392,-1.2576866825057,0.0226669220028835,0.943349990391374,5.42006540629746e-10
1.5,1.57377340869213,-0.533697999499618,0.0190795556716603,0.951815390681821,9.0980310017371e-05
1.5,1.42977460348441,-0.947067790169921,0.0157597868106485,0.957183143452886,9.28605477607871e-14
1.5,1.5145069591501,-0.808657196498937,0.0153242720037782,0.963411748984746,1.33341656877726e-15
1.5,1.48869235538729,-0.85547060435095,0.0127822294983801,0.96686494293716,6.12292300314613e-15
1.5,1.4934422379499,-0.944889677365782,0.0144513079182007,0.961455501936272,3.07699679112715e-11
1.5,1.46232523104871,-0.724303043567754,0.0196844828087689,0.950223600133697,1.63848375352569e-11
1.5,1.54938545233672,-0.636741372890959,0.0146699516549423,0.96498053282078,3.0280798309416e-13
1.5,1.40643586382817,-0.706875800644252,0.0113708116751356,0.970765170452309,1.35916592609416e-13
1.5,1.52532790271522,-0.551957731789991,0.018023708839737,0.955992705035292,4.09225264454243e-10
1.5,1.33322087077491,-1.0495773992531,0.0185407494544305,0.955988904019769,1.04067462267155e-14
1.5,1.97532098275543,-1.27370417101444,0.0171522914174391,0.956471363835963,4.65869937344631e-08
1.5,1.55935988799197,-0.802846071031002,0.0203788212365883,0.951837131864262,1.54177313469735e-08
1.5,1.42214204120343,-0.672153811745856,0.0164655227834079,0.95608603000304,7.44135997177955e-13
1.5,1.53967889237346,-0.656099903721999,0.0163364363734735,0.960130007705329,4.99414430957933e-09
1.5,1.5623651987245,-0.534915704733959,0.0149659780495449,0.964132042225794,4.51874807672127e-15
1.5,1.56355197517811,-1.08538475788169,0.0179718828924024,0.955222673181616,2.1552763567637e-09
1.5,1.46195455414886,-0.628752393140005,0.0148617544246005,0.961646054158243,2.28687461846851e-12
1.5,1.60528007756566,-0.599793927298168,0.0147798538808141,0.964537161517577,6.08450824092354e-11
1.5,1.4659179726502,-1.02287668508765,0.0147739117518435,0.960743880321388,2.1234178287478e-12
1.5,1.46223298761952,-1.27418150765525,0.0127748588408975,0.965749298545527,4.15553378756196e-15
1.5,1.38640433119838,-0.971550238655577,0.0147972014267171,0.960864754424011,8.32665956352153e-14
1.5,1.48060735884753,-1.17289223697918,0.0122015647218814,0.97021290120527,4.27012471170697e-19
1.5,1.50251183631852,-0.97822576822484,0.0180359654830837,0.955892315953341,3.3959214594813e-12
1.5,1.45458772805464,-0.869477882238735,0.0163916235400807,0.955912070680089,1.60573053924734e-11
1.5,1.52366128696327,-0.84639433298868,0.0160800202695193,0.959602474382443,1.55899847061823e-13
1.5,1.50772870414842,-0.652311711857378,0.011948754253164,0.969420734875227,4.17045439886538e-16
1.5,1.50769220134396,-0.764580713192666,0.0189394895907885,0.954290820626255,5.83561055895662e-12
1.5,1.4858085790184,-0.757331262192799,0.0104582855118565,0.975153699862073,8.09435676657242e-13
1.5,1.53864849488548,-0.702730998448284,0.0146243977164946,0.964346923194011,1.01906109945972e-13
1.5,1.53777949424035,-0.911757639749254,0.0191426274492038,0.951525741626448,2.34624464493954e-05
1.5,1.62655919365224,-0.801579728480573,0.0156859995104392,0.964188808874797,5.14527780832451e-14
1.5,1.54244962100263,-0.543734353788187,0.0147077788287679,0.965133898320814,1.87143772989056e-17
1.5,1.48792332491086,-0.7974040217814,0.0129009410152104,0.967761609768999,1.23064537813073e-14
1.5,1.51848451314939,-0.947636476836193,0.0127158294286869,0.966453657089811,7.34993229493424e-11
1.5,1.45528352009294,-0.829693493372169,0.0154873400200792,0.959080632416922,1.05118909233332e-13
1.5,1.53627163548454,-0.73215208903811,0.0163534731659378,0.957911252831203,1.35504149243426e-10
1.5,1.49809146478167,-0.913803196545151,0.0173172648382012,0.956107439499688,2.56115807071542e-12
1.5,1.70155004284437,-0.90309940962849,0.0129347003894304,0.970806188445499,7.82904383570286e-13
1.5,1.49189382744772,-0.708669780104613,0.0186336871978064,0.954273363749314,0.0001199948488135
1.5,1.53732464810391,-0.86294131628187,0.0190584508278241,0.95495025472125,2.24277767620566e-11
1.5,1.57554088085225,-0.692311290336333,0.0150157672292555,0.963868050354987,4.77226571128644e-12
1.5,1.36556480701614,-0.850859034011888,0.0162919169144788,0.956742002020556,9.54823000452669e-14
1.5,1.50904554511322,-1.39312076306026,0.0131229211079373,0.965564679014755,7.06088391786221e-14
1.5,1.42187634189639,-0.720298285221321,0.0229162593329536,0.942800853361339,1.86514209799536e-05
1.5,1.46314951592173,-1.00874933977883,0.0141529163368228,0.963632401996536,2.31017995628919e-12
1.5,1.5087813655152,-0.652627144044104,0.01164128737101,0.97228378736739,3.00121013233179e-19
1.5,1.59698414888032,-0.718853947398447,0.0157615981400164,0.963828735728722,5.88783224472649e-12
1.5,1.86643605671774,-0.888090002308222,0.0148179635551429,0.966178840689188,1.4443286465898e-07
1.5,1.53556332880507,-0.747201773153588,0.0151265897729076,0.963149836248283,4.93907400070256e-13
1.5,1.49513302873437,-0.5412470130009,0.0160204979214281,0.959280923337523,6.98190454456061e-08
1.5,1.45931458822867,-0.971331852919537,0.0154207955301468,0.963836226541872,3.46711328549781e-18
1.5,1.49459426684725,-1.11251721853876,0.00950601914454113,0.977114782360645,1.04976657497005e-13
1.5,1.40232484593314,-0.757446860619936,0.0143207104018281,0.963055864531094,4.55810364990919e-13
1.5,1.45872169803278,-0.83179009361471,0.0131497050979714,0.96823063436336,1.64933051477792e-15
1.5,1.58708977192381,-0.685249767562594,0.0128046031378848,0.96833648868425,6.56039265256589e-11
1.5,1.41063086857881,-0.87291720887544,0.0186581358920773,0.953336669103525,9.98033358164616e-15
1.5,1.52013685256731,-0.791317187964183,0.0142565805659034,0.965269447582183,1.59579732549199e-15
1.5,1.51411655593916,-0.80390566480783,0.0187154709760095,0.956069281530982,2.56668539791811e-11
1.5,1.46145095090384,-0.926350229541278,0.0202206064421506,0.947482709904362,8.36895619300019e-08
1.5,1.462291489536,-1.00815510444396,0.0164093519484827,0.957732296010485,3.47023782432823e-15
1.5,1.45471112105414,-0.664510041488891,0.0176094591298894,0.953348726615838,9.90973406014903e-11
1.5,1.6129679540568,-0.633652277021954,0.0171322811897481,0.960591881962324,3.34158941977665e-08
1.5,1.22480434152525,-1.39183659841913,0.0123943049391349,0.969601539512788,1.66622607598944e-15
1.5,1.4607766874571,-0.779459103460527,0.0181133837885406,0.952041401797204,5.22456399237164e-11
1.5,1.56842291468902,-0.441724422730875,0.0170534338384579,0.960985994140571,5.47309752727278e-14
1.5,1.56072970123025,-0.535910656176105,0.0148199215937971,0.964096372473731,8.74388930558915e-11
1.5,1.58500364421874,-1.25121375254131,0.0126102813028465,0.966527515093177,1.985575836541e-10
1.5,1.50115278515486,-0.907123950945554,0.0209154224367287,0.952627726246477,1.4292894375736e-11
1.5,1.52523261973933,-1.21521941395785,0.0244954731904147,0.944732926240418,1.9821646164025e-05
1.5,1.52296720345069,-0.834262669144572,0.0104980127394373,0.973607170621045,1.6733758104028e-17
1.5,1.4953423458361,-0.932095720553303,0.0143124299546755,0.965357063345319,1.27170992596537e-16
1.5,1.44092072836951,-0.599964488438395,0.0198946681973283,0.950186056482924,4.8310110369469e-15
1.5,1.44836396487406,-1.4479964769967,0.015236038713976,0.961344192720816,9.40912580393654e-19
1.5,1.58010798239152,-0.838460090131215,0.0171375876770862,0.960070025817053,6.86654018138024e-12
1.5,1.55881721796906,-0.909261638636901,0.0165952661781905,0.958896133284398,1.43832010653627e-07
1.5,1.54887019497129,-1.01238780870801,0.0153559794970081,0.962977003663918,3.70371649511427e-08
1.5,1.61115763403522,-0.643494379321569,0.0175035344835087,0.959888347654971,3.27707753172268e-10
1.5,1.59568588085674,-0.676150643113194,0.0116455834772812,0.971935618084114,3.55620661454009e-09
1.5,1.52899239911281,-0.889043677960883,0.0149820315187103,0.963254135748367,3.45554326466805e-15
1.5,1.58261588294985,-0.547532746738874,0.012352900408926,0.971630274557145,5.68275103639043e-16
1.5,1.6043281838171,-0.478229741404336,0.0175979763229128,0.958391587216844,3.72424634487571e-07
1.5,1.60896436637274,-0.705539691997575,0.0226021960178339,0.948029938326124,8.83272194738322e-08
1.5,1.46583693053134,-0.879840876041454,0.0181291669279235,0.951365990198208,1.75802977938948e-08
1.5,1.43388689117831,-1.11339594715455,0.0168254606878333,0.955003108295388,7.1652133928846e-12
1.5,1.51565265595614,-0.720258869906997,0.0214511269010098,0.944771574163358,0.00040227039788035
1.5,1.48558668556244,-0.855084416374442,0.0139544843946813,0.965855673937242,1.95183223190834e-17
1.5,1.56111648009007,-0.821416766875849,0.0180925937158886,0.958625190374223,1.67232682465325e-13
1.5,1.43484686010479,-0.905832529796327,0.0166183948457562,0.956762220284463,5.18076162357662e-13
1.5,1.45993016602277,-0.730983703037168,0.0122876637241218,0.967870565081922,1.00090672123558e-17
1.5,1.50186443590951,-0.610852074509009,0.01619994839036,0.957175819373883,9.04181740556116e-10
1.5,1.65445940565765,-1.08333566946866,0.0104421985668905,0.972903972119565,5.62255719132266e-11
1.5,1.59751139717556,-0.697660610691208,0.0124246951740969,0.973369617961492,9.08716298695512e-10
1.5,1.55101954429613,-0.784558448136634,0.0126639677110441,0.96912001939629,3.66230232046031e-10
1.5,1.34418546948916,-0.974242110077237,0.0174697208458937,0.960123731372976,2.31392815970499e-13
1.5,1.54807276886063,-0.699988427359022,0.0130061138945889,0.970077544506919,3.00501406132353e-19
1.5,1.6593605215594,-1.23032476126369,0.017685686013972,0.959613622826331,5.85474817546312e-11
1.5,1.517736159485,-0.736002416627884,0.014025470742469,0.965105375660577,1.80389375700439e-14
1.5,1.45754259344497,-0.876326911978022,0.0139607865408159,0.960572898204451,8.59643743220596e-07
1.5,1.49641654815037,-0.825803912751008,0.0154586454340859,0.962157778077311,5.42917706377671e-14
1.5,1.42539356420538,-1.26802129323939,0.0130035358770798,0.968064318425227,7.47166506285491e-12
1.5,1.60341202413951,-0.85030065728011,0.0196994273402617,0.95335417129756,1.06863538487726e-07
1.5,1.48857634624898,-0.743681801789429,0.0127630246162098,0.967078682109114,9.61257913502595e-16
1.5,1.55698843480702,-0.883335387708448,0.0141999470647899,0.965681843177871,3.15571257476893e-13
1.5,1.41202169730187,-1.15922493871332,0.0138642283795344,0.962007456605613,1.58246857779802e-15
1.5,1.49590719744491,-0.710616907887963,0.015971196014801,0.960026257489471,6.67146662880321e-12
1.5,1.52863991267808,-0.835744131817271,0.0146152888209196,0.96410468874185,1.6498095844503e-13
1.5,1.51055263654152,-0.868082779352032,0.0162664806264949,0.9586161055072,4.98838000891828e-11
1.5,1.60783998088003,-0.546965561235902,0.00829923345070227,0.979420284373385,4.83989973145462e-09
1.5,1.39798500531486,-0.898457798936884,0.0150421141209015,0.958761269459546,1.88451538319163e-16
1.5,1.57330058767007,-0.816133807311958,0.0134569957244134,0.96848317693446,1.16324720080315e-15
1.5,1.45416432865175,-0.884294291253603,0.0129350551595414,0.963809705884053,1.45317912696511e-07
1.5,1.53271604968718,-0.999567083281038,0.0147306818966503,0.964280804269032,8.77994312581134e-13
1.5,1.52652323544027,-0.638469720802632,0.0170381628770112,0.957110033751566,2.50973801229691e-13
1.5,1.50194145933857,-1.03614336716755,0.01138816657365,0.970751134238726,8.77029437763849e-17
1.5,1.47628285168801,-0.813456622434213,0.0153441718880866,0.959182005115227,6.20936995384251e-12
1.5,1.52887817748298,-0.774581482507323,0.0121324828441659,0.969630104140171,4.28257246305302e-12
1.5,1.61707802636156,-0.689108539979785,0.0132867772213743,0.968272634674357,1.76320978238815e-08
1.5,1.21566642759709,-1.20653813897174,0.00991895029852714,0.974878322490485,3.57094746541161e-16
1.5,1.55460217368945,-0.842138613764364,0.0155013313384875,0.961142932684115,9.48697885189119e-08
1.5,1.45196720345127,-1.07215210063106,0.0160480383084077,0.95816796614611,3.38304074787258e-14
1.5,1.69560047194611,-0.432255788784156,0.0134900434461279,0.970665972136204,1.32901661328337e-08
1.5,1.46583874188319,-1.22668393041785,0.0117119609033958,0.970989631108538,4.983016477386e-21
1.5,1.53275260843252,-0.828424988637351,0.0165003180804332,0.9613284341132,1.32031732014316e-13
1.5,1.57471752163916,-1.19370298555706,0.0160094577520727,0.96406311984605,2.71929141193092e-12
1.5,1.3586994800215,-1.31107102439882,0.019607983445595,0.953410147916301,9.32547243952017e-13
1.5,1.54073174245096,-0.615684702302092,0.0138293627173708,0.965429130647903,3.14426190529461e-14
1.5,1.44942549415787,-0.926134020961287,0.0162457880728323,0.955694287929686,5.20746655937003e-11
1.5,1.52327481101949,-0.854911304745873,0.0147602367953455,0.963233288526501,6.54750477627763e-13
1.5,1.3225055820245,-1.20934584832262,0.0133621580152965,0.968757549977968,1.36779354498241e-09
1.5,1.49867630003729,-0.804291100186576,0.0197845478533455,0.9513711011057,1.14007088646385e-11
1.5,1.4949355984418,-0.850828326237831,0.0117131918743149,0.970397298553811,1.06050867905732e-17
1.5,1.47432938210419,-1.16986502582874,0.0172135466083913,0.956741920244663,3.66311241762103e-12
1.5,1.42639871587032,-0.821999203396934,0.017282484668054,0.960462044942343,2.22741094042195e-12
1.5,1.49333405779318,-0.911102077132387,0.0146712890480189,0.963986228709487,8.5343567405863e-17
1.5,1.60940958714436,-0.924931720756212,0.0178582933572594,0.957664354583962,7.29923695745405e-08
1.5,1.43616588930675,-1.15345368544281,0.018600870769149,0.952348296705873,1.42268550987669e-13
1.5,1.4169453438334,-1.14837068422014,0.0157136001823411,0.963465731685118,4.24166509015659e-15
1.5,1.62426344628224,-0.62239289415912,0.019953770732087,0.95660315334192,4.99851385593723e-08
1.5,1.60665652025604,-0.68445833162503,0.0127895471733874,0.969363266953076,3.16950221425069e-13
1.5,1.42665586206796,-1.06231387356566,0.0184717429680107,0.956250819841197,1.44903042429938e-12
1.5,1.55248019502173,-0.873114275149382,0.0139555953421583,0.966793551593257,1.03880604675874e-16
1.5,1.46280871215389,-0.752796040723115,0.0187360758234543,0.949191295536941,9.43640066729606e-10
1.5,1.49025892482964,-0.57774462744319,0.0151697398085417,0.960795022630041,4.72076340570164e-12
1.5,1.1736833312506,-1.79064015989623,0.0153117109020987,0.955965843653679,1.74039407604988e-09
1.5,1.41777913364575,-1.17442619870172,0.0191171352112777,0.947766169522238,1.8269196677955e-12
1.5,1.53474115250705,-0.77053054283899,0.0107654490619542,0.972844501811985,1.96278437758361e-14
1.5,1.59607176092596,-0.732337586578798,0.0115918993300521,0.970579666735253,5.65873210156618e-10
1.5,1.47145725830964,-1.08977500228716,0.0212535453745584,0.949134465189227,3.47557576746392e-12
1.5,1.37889068631197,-1.14945268119754,0.0251713477600673,0.937524511901966,3.59287931842809e-08
1.5,1.49493944399893,-1.08411004698321,0.0147100715860808,0.961951728318231,5.90868125897573e-13
1.5,1.55840490738123,-1.07055832021481,0.0119153120292391,0.97012811687958,2.96292085896126e-12
1.5,1.51001937191417,-1.0061484188733,0.0155516492569402,0.963232922878825,5.11139870761695e-19
1.5,1.41989206186669,-0.877177521113796,0.017071660224213,0.95155688201081,9.25493341845499e-10
1.5,1.58853177450241,-0.941296741400367,0.0205982340880503,0.950062429555475,1.07800613145221e-06
1.5,1.556535025957,-0.790464718923382,0.0133717184882197,0.967493527930956,1.10391557759933e-18
1.5,1.49869476441963,-0.849133338225008,0.0262522420325566,0.932462127638399,3.42942283055872e-06
1.5,1.41265213168008,-0.852560131110977,0.0228045327538162,0.940443347423431,5.94021255271849e-09
1.5,1.4731173339133,-0.714523318261951,0.0139479271870331,0.965993899210482,2.42952020270227e-13
1.5,1.49771420299339,-0.890278441332531,0.0142814468868652,0.963096067266016,7.78601589654786e-13
1.5,1.37235498255032,-1.01163771990013,0.0131413798800316,0.96492465947189,6.01427602432498e-20
1.5,1.56576272641122,-0.67838746623605,0.0101743364082976,0.975079257119461,2.17410412914328e-12
1.5,1.52801440940705,-0.97690412103928,0.0121094535704948,0.969434800450751,2.51857547696387e-16
1.5,1.48747962603738,-0.87229458806001,0.0169328671554908,0.957962223873107,1.28966694369801e-16
1.5,1.46291175160969,-0.742984517184424,0.0169019544292968,0.956969157764799,8.20417456922419e-13
1.5,1.68119925016776,-0.47056608635104,0.0143757793149548,0.964638964444309,3.78745842936235e-13
1.5,1.29665250432382,-1.32008863960267,0.0118298020041926,0.973246917926405,8.75798648134877e-15
1.5,1.56798505750047,-0.646574841840684,0.017195836098039,0.959901999784005,1.18461290855906e-10
1.5,1.51493920598717,-1.07276259080995,0.0125270451449745,0.968308147609407,1.32834143299631e-10
1.5,1.54099108198965,-0.795933625888638,0.0167511546909698,0.960515450175343,9.66303303949543e-15
1.5,1.48837677946205,-0.636084516099548,0.0130037975690751,0.968594149198643,1.36420362942123e-12
1.5,1.45937500233226,-1.12397979009344,0.0130609332207775,0.964898258533071,5.16869800930304e-13
1.5,1.5239092640975,-0.68495498151682,0.0151913288205688,0.962563468758434,5.44723779856366e-10
1.5,1.44797008544895,-0.700160288068203,0.0220312398885608,0.941904394170817,7.68040629121892e-09
1.5,1.48466032467324,-1.04057939158336,0.0146537337529524,0.961024067742469,3.37440349391414e-10
1.5,1.43343225412502,-0.947053943407432,0.0137234911300903,0.962971902730931,4.01882523461274e-15
1.5,1.4601883197363,-1.23372705555803,0.0125948747270246,0.966395127842856,1.93715087638192e-15
1.5,1.75179561242921,-0.567364252030165,0.0112282986499287,0.974578609470275,4.15101920551376e-08
1.5,1.46181917798958,-1.06977631980718,0.00998476473140254,0.973092835651141,2.43614191660285e-15
1.5,1.60578075795898,-0.47892698946294,0.0211637484928624,0.951687140061311,2.56910596285906e-09
1.5,1.50668528721044,-0.913903756313445,0.00965742254640086,0.975773482129637,1.56709160023724e-16
1.5,1.49228280800318,-0.73553765157046,0.0153014151510403,0.960275831775897,1.03729886289219e-09
1.5,1.49344975963139,-0.748685498151221,0.0134809478409783,0.962810979634193,2.36683170900167e-08
1.5,1.48293277941341,-0.850103140319862,0.0158043935584204,0.959464017494903,1.8631646240202e-12
1.5,1.59589454705712,-0.704589583700142,0.0148101531994835,0.964577042805425,4.30909936122676e-12
1.5,1.53874576451498,-0.724382279843846,0.0209200923493441,0.946851341359887,1.2401204257735e-06
1.5,1.57393492915463,-0.825441591849612,0.0173334598143703,0.959745509100155,1.66616662344002e-08
1.5,1.49455926202121,-1.02777052254967,0.0128864459529238,0.966464194327619,2.14291336665988e-12
1.5,1.51907560979708,-0.978301013606345,0.0133675171932607,0.967202622323415,6.31470895674353e-13
1.5,1.44482659988268,-0.954653272412606,0.0108604594436436,0.972216016659002,8.3609341363787e-16
1.5,1.47609507816613,-0.927552056094786,0.0189736648946972,0.950136110249988,3.46901779940558e-10
1.5,1.3894738854175,-1.08940314708043,0.0149056787015602,0.956365672531536,5.6761119791471e-11
1.5,1.39255950477495,-1.32909581343469,0.0125232114209591,0.96330928214087,7.53364047725612e-12
1.5,1.58945931301777,-0.379024591129706,0.0174532383455543,0.958754825438309,5.80708091175432e-07
1.5,1.24201867200242,-1.24126518480589,0.0208368216454932,0.949500392776292,1.48485586674678e-07
1.5,1.61068689212506,-0.829880273485791,0.0108693899767614,0.975310682827424,9.72551901795149e-14
1.5,1.49924313367981,-1.0180572773906,0.013840135059071,0.964334619957224,3.49126662268012e-11
1.5,1.53396077510932,-0.845539147901591,0.0147427917776691,0.963621780726079,6.28715590181922e-12
1.5,1.58137385859259,-0.48677325863982,0.0178220148597927,0.960439129364816,4.84809133209851e-13
1.5,1.38253539285816,-0.974229367228104,0.0183901109605918,0.953034065481555,7.66807810461629e-13
1.5,1.39248390497748,-0.81878865536244,0.0144567457913718,0.957754882922189,3.84554002613758e-11
1.5,1.52519436273044,-0.950326619797859,0.0161239153494924,0.961879817487788,1.21206450274172e-15
1.5,2.01130458024287,-1.05085010038145,0.0121399113679761,0.96569127955568,1.6074382997286e-09
1.5,1.60916146243959,-0.462979670417713,0.015275362066473,0.963831361092489,1.00798046221506e-10
1.5,1.49092363895921,-0.631219470040516,0.0106615377056271,0.972385374247824,2.93705399134142e-18
1.5,1.55339207604292,-0.936075562881911,0.0127416687836839,0.970947364553791,6.76637858705423e-19
1.5,1.50407668021179,-0.649497717812858,0.0127588565069717,0.967852011786894,2.97508850083629e-14
1.5,1.49751458989478,-0.842069467496618,0.0185580575129288,0.952528920946819,1.08749138474838e-08
1.5,1.51967160319755,-0.702566664590953,0.011223621511259,0.969779733445475,1.11535806141322e-10
1.5,1.51114396969789,-0.825155300240533,0.0205807377250868,0.950952362195642,1.70072127801901e-09
1.5,1.59684128442846,-0.765896984612247,0.0162712339261643,0.962930640932445,8.68112378884684e-16
1.5,1.53776348667624,-0.696072321414772,0.01748909172929,0.958918694318488,8.66044300696268e-13
1.5,1.47687335151001,-0.885280553340836,0.0185663401604124,0.952318467350992,1.05859819892325e-09
1.5,1.46330236318524,-0.717785737706847,0.0130805205600803,0.96469404363965,5.16821652237192e-12
1.5,1.52585070829043,-0.678126121036423,0.0134808728355105,0.966084331764823,4.07790982875692e-12
1.5,1.62626062323805,-0.682389079068995,0.0152760022008302,0.959764798532491,6.56482074801166e-14
1.5,1.49851535708972,-0.625548732686118,0.0137992811343087,0.966430197542176,4.70723152017856e-18
1.5,1.51905651012729,-1.02072752655468,0.0171128576823159,0.955704742907389,1.03119938582188e-06
1.5,1.52396561060991,-0.985648582098921,0.0110304789532115,0.972104695340602,5.21838291805395e-20
1.5,1.45399993871881,-0.910847183124379,0.0136701923336751,0.96496350736586,1.72017733318462e-17
1.5,1.45172284934647,-0.805162159527809,0.0157986795751363,0.956096662061403,1.33706195451901e-11
1.5,1.54653210913786,-1.15509482440885,0.0107155564368536,0.972973583901266,1.52903452799787e-15
1.5,1.44889700974887,-0.80385535998708,0.0180848425198175,0.952963143368896,1.83229419104578e-14
1.5,1.46880905324799,-0.663475673356037,0.0136178562338502,0.964605913997286,6.36592672259172e-15
1.5,1.5161639630018,-0.876981082571628,0.0128503447856036,0.970006178890793,2.61251365882425e-20
1.5,1.55474163386013,-1.13538471779695,0.01238811455094,0.969914987259307,2.9301027707649e-16
1.5,1.38038588621711,-0.986774875802597,0.0233218849384348,0.940807851272565,3.17847841485252e-07
1.5,1.44876051984947,-1.00788702209443,0.0257300746574858,0.932260465962525,5.12404769610912e-07
1.5,1.40759437665551,-1.14755168269954,0.0231648244319633,0.938635045898583,3.68795692901812e-11
1.5,1.64774612070739,-0.428605740791748,0.01529063324282,0.965269727170674,8.53822916815006e-10
1.5,1.5041071243103,-0.835667246107852,0.0155562777783995,0.963313228392897,8.7457500211377e-21
1.5,1.55555617752081,-0.730067439805969,0.0141633852161652,0.965906233814274,2.27440941988628e-11
1.5,1.51275367456879,-0.946879290235062,0.0138023502809779,0.965086351124624,4.38901487130437e-16
1.5,1.55909514795317,-0.768163041757854,0.0188542066245464,0.952997224319138,1.24221846985281e-09
1.5,1.65831441584737,-0.775796839653653,0.011838999846889,0.972092782693417,1.98380424629122e-08
1.5,1.6219762299729,-0.405392463455192,0.0229776466047564,0.949049979299895,8.6080829230868e-06
1.5,1.43902343468959,-0.924280009532762,0.0190759820635502,0.950396790966795,1.81696372235862e-11
1.5,1.49103082020735,-0.809964895757489,0.0159651903819059,0.959543156644516,2.09672481388066e-14
1.5,1.51495413880562,-0.606661262448614,0.0228666039541208,0.942229467455819,2.14874776518595e-07
1.5,1.54823635196,-0.680030660970457,0.016509143538141,0.961803059395729,6.55828263049784e-13
1.5,1.50717359739675,-0.972290043263062,0.0177833950856394,0.955687693584534,7.8665578030374e-10
1.5,1.4433092101195,-0.91418238722888,0.0163371111258351,0.958139293680031,4.69845652943735e-13
1.5,1.31970369216582,-1.15621866379338,0.0107201311384498,0.973884925108651,8.16238969677535e-10
1.5,1.5022406592577,-0.9391819085811,0.0132962599382003,0.965617218243255,8.52550141011102e-17
1.5,1.5667883971553,-0.915532170045388,0.0188231094773736,0.954955063803073,7.79183592278415e-07
1.5,1.46788348873894,-0.718847640331077,0.0153801326819261,0.95844309531699,1.02920078940583e-09
1.5,1.48212893189708,-0.850348096139149,0.0166656973970791,0.959602887954409,6.38783588276952e-15
1.5,1.5123594634357,-0.84602732820516,0.0216943058563775,0.947862598049419,3.15384279997826e-10
1.5,1.12711990731794,-1.16938520672928,0.0141162944396865,0.962392537546922,1.73626369971745e-13
1.5,1.44604031035169,-0.943429605086506,0.0149084019951926,0.959814762255826,1.57681640482577e-13
1.5,1.56902811707138,-0.969000093057742,0.014481188270021,0.965417870019324,3.34725277478856e-10
1.5,1.47838821728842,-1.1446060858772,0.0161523107307827,0.960501836873531,1.29674226020657e-13
1.5,1.52125789181064,-0.755598361763572,0.0169585574528742,0.958737252968784,3.17239023896303e-13
1.5,1.45017760171172,-1.02543716053371,0.0150962064628388,0.957809106319293,3.42707582589744e-10
1.5,1.56309186971401,-0.867694136900441,0.016360946939351,0.963747297999301,2.35192062560589e-16
1.5,1.5457297496818,-0.69577291043954,0.0149847828545908,0.963601741402264,6.19662389576088e-12
1.5,1.58626709299202,-0.745453570640488,0.0156859572283312,0.962583928785103,1.14105252069827e-10
1.5,1.47061380710385,-1.17964263651292,0.0134433033002397,0.966446305338617,1.99173340289376e-15
1.5,1.52917583612629,-0.878426558467923,0.0126254213410157,0.970722847829824,1.88267007032607e-18
1.5,1.47628756012668,-1.02154641094852,0.0170923507327508,0.956681215627115,8.16859732336536e-09
1.5,1.51018685125213,-0.98284608475999,0.023535447660273,0.942122206352305,1.7611532260293e-07
1.5,1.48547753513034,-0.953501065023957,0.0124687394955348,0.968634725261731,4.46121654881805e-16
1.5,1.44364113578663,-0.848104531702501,0.0165199892332061,0.957536632507687,7.92333022615245e-13
1.5,1.54623020078291,-0.955407185412211,0.0140135715986753,0.966188777891219,3.92036936961065e-13
1.5,1.58350113383239,-0.727829902337876,0.015966462705298,0.961142441808457,1.35267069680433e-07
1.5,1.56838899127414,-0.792098790712105,0.0119294844208174,0.970864331731875,2.43734709866834e-12
1.5,1.53199061110125,-0.680450578674198,0.0198531182253098,0.952530916688722,6.29501239760511e-09
1.5,1.51232546549962,-0.59732983403144,0.0175768844950078,0.954249357614658,7.12586675573721e-09
1.5,1.64194594449129,-0.65571980569685,0.014691011854658,0.965475434409245,4.08796066459734e-11
1.5,1.50855927852302,-0.738425537345623,0.0152855400725432,0.963634094172881,1.55947098812304e-16
1.5,1.41377431403859,-0.815348454068643,0.0130556020343525,0.96459493788272,2.32917097632657e-13
1.5,1.38472841257698,-0.984347277898724,0.0175459521751927,0.949359756110665,3.67639275226514e-11
1.5,2.14382399493973,-0.790202927066899,0.0123171383623693,0.968011665414945,1.75940283713191e-17
1.5,1.51546591268862,-0.892618543869812,0.0155522725564432,0.960052581106277,8.8538046713937e-11
1.5,1.5444513848856,-0.880651998907772,0.0124081334279165,0.967374543624931,4.5566258203855e-09
1.5,1.51554422333754,-0.893281200395067,0.0150010382336598,0.961213718915356,1.50131098952302e-10
1.5,1.5469870125478,-0.639202339543824,0.0210270942017602,0.949713936198903,1.99846890850462e-08
1.5,1.34668976507261,-0.899075944711644,0.0115543307030397,0.969641276993312,1.83541572619939e-16
1.5,1.50405710489891,-0.854655800774113,0.017461127799536,0.955938360365818,1.38909360037921e-11
1.5,1.48968082270697,-0.627160648402117,0.0205815495854795,0.947799314506454,1.39834531827399e-13
1.5,1.51346816089693,-0.727344708744948,0.0165406467091419,0.957736386091584,2.99449020370488e-10
1.5,1.60257007617699,-0.915098790893456,0.0141759813143908,0.967451143407989,2.03045712658716e-12
1.5,1.36401670366707,-1.07862314694753,0.0110034339734168,0.968361008329851,1.59133937101025e-15
1.5,1.53995169977455,-0.694301948601284,0.0208498907874813,0.950860917126714,1.61720996187143e-09
1.5,1.52227222029041,-0.951569976156135,0.0107144369491644,0.972857902255501,3.90526852200982e-18
1.5,1.42155005803346,-1.16864626880779,0.0175314015764423,0.95396207786348,4.0261226124684e-15
1.5,1.49158729576475,-0.795414883010964,0.0237933293374801,0.939685148240086,5.61454254787074e-07
1.5,1.55572771670033,-0.734885995275579,0.0163012699067177,0.959050280461382,1.75618167511796e-08
1.5,1.41321935137069,-1.38301538733884,0.0156558512435998,0.958112193576681,1.30413577552409e-15
1.5,1.51328305884596,-0.781409360832549,0.0137328551542125,0.964732941936485,1.173256352546e-14
1.5,1.51262470424583,-0.624721996023424,0.0175098586653182,0.955524432645999,2.15295313489202e-08
1.5,1.40813300417156,-0.97710608131905,0.0182983396693471,0.948404024746406,3.74714598225093e-09
1.5,1.55882249045015,-0.647289201844182,0.0176822917414945,0.955854777468002,2.20018599196055e-07
1.5,1.59067300409721,-1.10370678889122,0.0196496740135446,0.954795327874304,1.18443713864122e-07
1.5,1.53510901396762,-0.711607686185546,0.0116045475192935,0.972401886515265,3.53048589737546e-14
1.5,1.59681337253224,-0.510998490892534,0.0122204786845824,0.972097536242977,6.25720624673173e-18
1.5,1.51693581055778,-0.889664692068718,0.0138115276236981,0.964510084635973,1.1902551036398e-09
1.5,1.43064598347324,-0.751267475423647,0.00997973782320903,0.973638102635847,3.37679193945009e-16
1.5,1.59902722993866,-0.699355072064383,0.0120952067253056,0.972965336884682,6.40220959033849e-19
1.5,1.34604578498184,-1.04318767940449,0.0177905025844519,0.953318255376471,6.52563198662474e-08
1.5,1.51289835691394,-0.94996179546273,0.0130956103360061,0.967274792650546,1.82787280433348e-11
1.5,1.38720419218133,-1.1952272375311,0.0159018501312657,0.954604715666097,1.37275354958343e-13
1.5,1.46568839398372,-0.895158980210882,0.0122225315390233,0.967060801623836,3.81770572024759e-16
1.5,1.46901190595581,-0.813263926982705,0.0130413155089235,0.966894469263872,1.30837489442101e-19
1.5,1.4246812504947,-0.962499482859236,0.0107151756491859,0.971625937759438,2.15418653628945e-17
1.5,1.62701666124698,-0.444719776709088,0.0120606428581454,0.971119791180888,2.48085564387899e-10
1.5,1.55432214852615,-0.577685042385132,0.0157737306175424,0.96247524288962,8.4893811586809e-12
1.5,1.50834150287284,-0.900044035850316,0.0195879450110886,0.947173091274848,9.39883674795465e-06
1.5,1.58923853486533,-0.893497810919083,0.0171760867320235,0.961733445151572,3.30777310687771e-16
1.5,1.5273600373863,-0.827192833159362,0.0147411676200783,0.962552142973699,1.40493432658569e-13
1.5,1.49420414532632,-1.34640128653825,0.0175468664258098,0.957014821185692,5.70062827052706e-08
1.5,1.4686195147797,-0.896162334647204,0.0147355562101294,0.962013353398954,2.80000447501747e-13
1.5,1.41347557284614,-0.662227123783175,0.0132418853901532,0.967761487041071,1.49988986796022e-15
1.5,1.5631343232943,-0.85490886047675,0.0200333548636774,0.952581971121117,5.09409735424228e-09
1.5,1.5033760608497,-1.07436500137813,0.0148533047939345,0.963455299506872,5.04619348799331e-11
1.5,1.40208380435917,-0.900330786592219,0.0188049730996781,0.950296756688031,1.68979039294242e-09
1.5,1.61207298054052,-0.611013358310434,0.0150160465157483,0.962797321084416,1.74485939172031e-06
1.5,1.50750135539531,-0.856587798055556,0.0160783190972194,0.960965621783901,6.20312982410017e-10
1.5,1.23319142047718,-1.05919952128562,0.010121818157091,0.972510674407537,5.39377026944029e-14
1.5,1.45779996163784,-1.05398685465564,0.0169459956753772,0.959906245856044,2.51744836700556e-13
1.5,1.36561744865621,-1.25824525100953,0.012697926880772,0.965227900689089,2.62472082291179e-20
1.5,1.55869377763046,-0.694773083388135,0.0131868440587147,0.96793978130558,1.73032343019971e-10
1.5,1.46416633431197,-1.13020410937649,0.0185093591391603,0.95467574343604,1.13379236962888e-09
1.5,1.53228813029424,-0.719604491465936,0.0196464220774254,0.952685547374048,8.77103682711739e-10
1.5,1.54366593075617,-0.881088152637286,0.0136015667818513,0.968137672449783,1.9864357990607e-17
1.5,1.56553116969367,-0.752918328971973,0.0132463974746524,0.967895062814008,3.35527327841239e-12
1.5,1.45146558444578,-1.01797954442756,0.0163599383514762,0.959278605547023,4.88076737000071e-12
1.5,1.45367550848969,-0.778554663277854,0.0132704004610113,0.967248018068246,3.10407098952057e-16
1.5,1.51906865372697,-0.505263176079969,0.0134542569708166,0.966664834638241,2.50223303248126e-16
1.5,1.43560524185489,-0.955108631730756,0.0177858654288907,0.952794363354772,1.16466951436978e-11
1.5,1.4949948679615,-0.660961683657675,0.0149523192573337,0.96139887753566,9.16314389308018e-14
1.5,1.53470854617647,-0.883075445228234,0.0167903396864329,0.959744598783797,1.65516934830962e-13
1.5,1.56833241981263,-0.623532662971731,0.0161860443925961,0.96191137600198,7.40270068573467e-09
1.5,1.33039985805108,-1.41379816125603,0.0182377749614839,0.950683471940208,1.27715816203292e-17
1.5,1.25147886199087,-1.08034857481594,0.0224437934783026,0.937503210500559,2.21603821866103e-11
1.5,1.47289597066226,-0.788035022270802,0.0143541410001381,0.961767747197882,1.17290749277702e-10
1.5,1.50799635911921,-1.14372214803261,0.0189772782549889,0.957147777158819,5.91556922851116e-12
1.5,1.5005331376886,-0.929880111901485,0.0162431909744208,0.959364745933197,6.59124458943465e-13
1.5,1.55915617607239,-0.646313963032208,0.0164770869694821,0.960308071530166,5.98757478570343e-14
1.5,1.50839907792077,-0.700874044508545,0.00961677435724279,0.975962087275689,2.96590335729336e-21
1.5,1.40297453334957,-1.23240536428845,0.0138713498496912,0.963237938530521,4.59043969185715e-15
1.5,1.45807936925397,-0.842404219843928,0.0179136290361633,0.953320213941684,2.72089555795451e-11
1.5,1.42674316233116,-0.965692561118105,0.0158058355917064,0.956528634595632,8.85081264537165e-16
1.5,1.53383757411609,-0.606634608138842,0.0209179221942333,0.951276645340661,5.60560116832897e-14
1.5,1.59681941094215,-0.671383152571991,0.0164287791706828,0.960259657841876,1.75376313397255e-09
1.5,1.44805156293261,-0.880620498165452,0.013103306185502,0.964803168252632,1.98054163986445e-13
1.5,1.64825807929226,-0.650181967322038,0.0127320943124356,0.970414370939654,1.78060053591612e-13
1.5,1.41615933771015,-1.2705623618768,0.0125675143406559,0.967420569111508,1.89600467721756e-09
1.5,1.57471378026377,-0.72270779237656,0.0161743669775558,0.961538836181341,1.89506780169613e-10
1.5,1.5418731910758,-0.625463091442159,0.00948100341155772,0.975344737206637,2.58598520718087e-13
1.5,1.55396976265403,-1.04866445187955,0.0132214740221253,0.968356845130246,9.9208270539918e-11
1.5,1.45145709986744,-0.565525659448159,0.0117852867356968,0.969719893293055,3.58765883002853e-20
1.5,1.58999724920913,-0.452609136697877,0.0202658874378763,0.952117900027442,4.34565638053017e-08
1.5,1.53330404203622,-0.656447276969869,0.0140619910123984,0.963446243876543,3.41892968314239e-11
1.5,1.49724800370438,-0.908338875888244,0.016924375168541,0.956009014602601,8.52333275932287e-09
1.5,1.3986486617197,-0.934378932508397,0.014377562336238,0.964591696050426,8.98497985004856e-10
1.5,1.53714958635456,-0.658502433287343,0.0148048446797035,0.963305490795358,1.75680546264948e-12
1.5,1.45033901355893,-1.16557656278875,0.0162213353623055,0.959257486492158,6.79774970766907e-18
1.5,1.5039727806122,-0.753465891622011,0.0207645393586196,0.945305577457339,0.0015124533457347
1.5,1.51289972185422,-0.956282783480923,0.0133264825885924,0.964923385530943,2.03017940237749e-10
1.5,1.58273222601286,-0.73437822641901,0.0168016283470837,0.960617166457564,1.77118784827705e-14
1.5,1.45733720378343,-0.887367123994959,0.0260047466164803,0.935968132270385,0.000262345811875797
1.5,1.60493312597011,-0.858862372609257,0.0143885237644381,0.966280745527179,2.22560591086662e-09
1.5,1.45235040639437,-0.770635175023548,0.00837510283247644,0.977378657956959,1.73532107166703e-21
1.5,1.52451711786197,-0.679965938184314,0.0123968047868457,0.968705798229152,2.52319691995655e-11
1.5,1.55875132019884,-0.891782120076259,0.0177083383851625,0.958432887056962,2.17155954874603e-11
1.5,1.4672040040206,-0.619872626489614,0.015699309106272,0.959410254284511,1.60982108319883e-11
1.5,1.07480352215012,-1.76619675887488,0.010681195807834,0.97407485142965,2.82041974836595e-10
1.5,1.57043181778761,-0.685263186007141,0.019029658645722,0.956566257447397,3.26018459601787e-15
1.5,1.53575949521794,-0.839834542403491,0.0143115975600677,0.964822057072656,1.63937565384976e-13
1.5,1.55060818767382,-0.735611214500455,0.0137368382244695,0.966753404247685,1.90999036682813e-14
1.5,1.38565707243664,-1.10448156241807,0.014714001730928,0.9618623327716,1.85754127408352e-19
1.5,1.44116994697117,-1.21838552494367,0.0134813745724052,0.964010523876331,6.21103294481232e-14
1.5,1.48119180583146,-0.498344681169784,0.0157358521021265,0.956662193984284,1.83006962275282e-08
1.5,1.59733591596012,-0.694727267822269,0.0130053209581429,0.969529662532537,8.86108763065686e-13
1.5,1.49691124778528,-1.19877521254958,0.0144507160823743,0.963742930414567,1.51592754452676e-15
1.5,1.25210473093322,-1.32826574650274,0.0162274992320157,0.959012932716433,8.3592176783509e-15
1.5,1.58164431794743,-0.749483696848237,0.0268064187146126,0.937533254928166,1.90958914442628e-08
1.5,1.4592294794226,-0.770524761827041,0.0185065099085637,0.951493808141486,1.80061926430054e-10
1.5,1.47561245357598,-0.914002723687682,0.0120643290743867,0.969097240918507,8.3618722160857e-19
1.5,1.46229582175993,-1.07460292884558,0.00924969319901237,0.975635040225407,2.83064319294204e-14
1.5,1.50162304206768,-0.802036355400138,0.0153006232415138,0.966591009482236,7.17596179726173e-16
1.5,1.47885664832995,-0.875998929473721,0.0175303814606763,0.957956045446941,8.88048274957183e-10
1.5,1.64326534125841,-0.759270054386824,0.0151390342203553,0.964821452073759,2.73146225468982e-09
1.5,1.33752721510161,-1.18501126956056,0.019335194088251,0.954374172381377,4.28572635117788e-10
1.5,1.49183437702358,-0.69139189629664,0.0137973307193611,0.965501749669797,3.30535370827983e-13
1.5,1.53662385430588,-1.01925276610939,0.0155453186992204,0.960133454647354,7.34207769846924e-10
1.5,1.45839176138126,-0.695324509793606,0.0184269616907269,0.951737254600666,2.05644846546887e-11
1.5,1.42086187091205,-1.25115907384393,0.017483011972689,0.954378616874818,6.9820233168735e-15
