0.340408688045039,0.327777274807575,NaN,NaN,NaN,NaN
0.419028061253142,0.306851983706775,NaN,NaN,NaN,NaN
0.445389115375744,0.328438985577423,0.342891247349591,NaN,NaN,NaN
0.59808484408741,0.429933155319761,0.218654562149925,NaN,NaN,NaN
0.532103309935077,0.192265121967546,NaN,NaN,NaN,NaN
0.564130886541309,0.284729998800586,NaN,NaN,NaN,NaN
0.573927814271108,0.254732398960653,0.441142625307987,NaN,NaN,NaN
0.51207669337534,0.34257274574466,NaN,NaN,NaN,NaN
0.625227182553875,0.31117177685227,NaN,NaN,NaN,NaN
0.604731658231563,0.333341469001564,0.282563759514371,NaN,NaN,NaN
0.356919499646863,0.391743818522368,0.284426913525673,NaN,NaN,NaN
0.636038921094263,0.204762764575578,NaN,NaN,NaN,NaN
0.667649443993775,0.236012472356545,NaN,NaN,NaN,NaN
0.510708736696754,0.33639188269703,NaN,NaN,NaN,NaN
0.625059223157076,0.481298341906518,0.499028743317643,NaN,NaN,NaN
0.478592600872916,0.197118676116233,NaN,NaN,NaN,NaN
0.521909205841608,0.32955600999332,NaN,NaN,NaN,NaN
0.642406957342866,0.30713502482293,NaN,NaN,NaN,NaN
0.698945880186898,NaN,NaN,NaN,NaN,NaN
0.374679232517857,0.410484721483518,NaN,NaN,NaN,NaN
0.587674481542865,0.541090360635798,0.269209049772749,NaN,NaN,NaN
0.561272170999663,0.302241172156466,NaN,NaN,NaN,NaN
0.433305209591451,0.252827256851687,NaN,NaN,NaN,NaN
0.534155725132799,0.399146749018597,0.245001054022763,NaN,NaN,NaN
0.483198548207822,0.230360524436414,NaN,NaN,NaN,NaN
0.545069998450804,0.323409246897457,NaN,NaN,NaN,NaN
0.57811442941552,0.348443824655983,0.386270182623586,NaN,NaN,NaN
0.489567778159831,0.372988510347707,0.30664542237536,NaN,NaN,NaN
0.597958918193901,NaN,NaN,NaN,NaN,NaN
0.473090732153361,0.360632263460694,0.206670405382651,NaN,NaN,NaN
0.450585576744606,0.228694372615818,0.423149459994728,NaN,NaN,NaN
0.573534396507877,0.311437300982051,NaN,NaN,NaN,NaN
0.585718120333644,0.427847008291705,0.164531857611566,0.386232736388587,NaN,NaN
0.60080453395181,0.231566643672176,0.30575325895966,NaN,NaN,NaN
0.435014609246287,0.311216751050021,NaN,NaN,NaN,NaN
0.545255871578827,0.31833761098196,NaN,NaN,NaN,NaN
0.518398667923763,0.255749446115029,0.298049003378013,NaN,NaN,NaN
0.493658960456227,0.286260074682577,NaN,NaN,NaN,NaN
0.643150751388834,0.40880515363413,0.337114471476459,NaN,NaN,NaN
0.569040215970571,NaN,NaN,NaN,NaN,NaN
0.513592958688699,0.416338945358661,NaN,NaN,NaN,NaN
0.319225670821467,0.499044329987174,NaN,NaN,NaN,NaN
0.548404251638341,0.334257353242169,NaN,NaN,NaN,NaN
0.668265244719174,0.442783608725902,NaN,NaN,NaN,NaN
0.49756015695943,0.27551419225217,NaN,NaN,NaN,NaN
0.493631276970445,0.39895976883268,0.401465934252452,0.371082844040116,NaN,NaN
0.523022805845215,0.354687873669104,NaN,NaN,NaN,NaN
0.427662303277696,0.4321250115098,0.324584941561517,NaN,NaN,NaN
0.516704443652118,0.270959613691317,0.371245491776189,0.313895040540307,NaN,NaN
0.450060524294492,NaN,NaN,NaN,NaN,NaN
0.485527916730528,0.235533944894444,NaN,NaN,NaN,NaN
0.387363775586976,0.248708428140514,0.29948250278678,NaN,NaN,NaN
0.452451505892043,NaN,NaN,NaN,NaN,NaN
0.571246592933567,0.314622183614971,0.297891715982037,NaN,NaN,NaN
0.62289565249716,0.405041353415529,0.396275379384269,0.201519130710969,NaN,NaN
0.481215540766957,0.263019041589536,NaN,NaN,NaN,NaN
0.643192525522068,0.322990617341561,0.224235312401919,NaN,NaN,NaN
0.627069837667709,0.292355759271376,0.33575821738216,NaN,NaN,NaN
0.537345873751772,0.34050150470538,NaN,NaN,NaN,NaN
0.656383271081571,0.412338141632741,0.256601544436405,NaN,NaN,NaN
0.524742319082245,0.308565261134658,NaN,NaN,NaN,NaN
0.598151539981669,0.278960531117246,NaN,NaN,NaN,NaN
0.64711734624075,0.402121415835218,NaN,NaN,NaN,NaN
0.546937556718537,0.225969099129345,NaN,NaN,NaN,NaN
0.51344928853127,0.295365712142783,NaN,NaN,NaN,NaN
0.523209264615992,0.323411933404103,0.185179978290112,0.333056832826131,NaN,NaN
0.546113751659375,0.325257990994568,NaN,NaN,NaN,NaN
0.471984298857346,NaN,NaN,NaN,NaN,NaN
0.65608554711504,0.354136681770872,NaN,NaN,NaN,NaN
0.29810191730727,0.510371590926934,NaN,NaN,NaN,NaN
0.474014508680947,0.302094130462427,0.204392512819232,NaN,NaN,NaN
0.706857231344097,0.544111210581855,0.821801930034068,NaN,NaN,NaN
0.649235694352269,0.232623273126088,NaN,NaN,NaN,NaN
0.51749580578766,0.299059750762093,NaN,NaN,NaN,NaN
0.532183794465674,0.409025372415218,0.232838750850129,NaN,NaN,NaN
0.550554144296881,0.380350237486823,0.391119952170772,NaN,NaN,NaN
0.609303761910863,0.291338598391013,NaN,NaN,NaN,NaN
0.630631430053157,0.282211931716385,NaN,NaN,NaN,NaN
0.563911092774871,0.283720212486288,NaN,NaN,NaN,NaN
0.494723684926079,0.228695861127117,NaN,NaN,NaN,NaN
0.457706208937756,0.269444650853264,NaN,NaN,NaN,NaN
0.521818500788601,0.349597192374177,NaN,NaN,NaN,NaN
0.624390135688876,0.344545111038834,0.377617982556252,0.345169578770866,0.249878276274174,NaN
0.562938806852016,0.404155802615711,NaN,NaN,NaN,NaN
0.58979656366666,0.193049462438376,0.261790311168322,NaN,NaN,NaN
0.390036083974309,0.253187143330087,NaN,NaN,NaN,NaN
0.440614529120347,0.419419314659674,0.327155008204894,NaN,NaN,NaN
0.613796355794224,0.31101783949522,NaN,NaN,NaN,NaN
0.602219669134589,0.297155751749192,NaN,NaN,NaN,NaN
0.385933754968688,0.455242721678711,0.548463410755052,NaN,NaN,NaN
0.574672755227381,0.325743580471567,NaN,NaN,NaN,NaN
0.425324730738978,0.266697036154352,NaN,NaN,NaN,NaN
0.407203653254055,0.288792124508114,NaN,NaN,NaN,NaN
0.623744051725554,0.336451151722443,NaN,NaN,NaN,NaN
0.549584532810952,0.236456264147533,NaN,NaN,NaN,NaN
0.612802191223717,0.179654882870348,NaN,NaN,NaN,NaN
0.545689477008175,0.388159005863762,0.253597156939107,NaN,NaN,NaN
0.648531480590468,0.393825202941172,0.489775521927272,0.363435043993871,0.236072690825464,NaN
0.497747768636897,0.162612061157568,NaN,NaN,NaN,NaN
0.525155800415423,0.265919858458271,NaN,NaN,NaN,NaN
0.559495930655141,0.35759291988932,0.523262362560008,NaN,NaN,NaN
0.418752386268327,0.311078798969198,NaN,NaN,NaN,NaN
0.585548244653166,0.305011615445037,NaN,NaN,NaN,NaN
0.65402045725422,0.111276124959814,0.407473521402811,NaN,NaN,NaN
0.507054526303496,0.2984100588045,NaN,NaN,NaN,NaN
0.243080168770832,0.366728835653771,NaN,NaN,NaN,NaN
0.619680989861707,0.338413198115378,NaN,NaN,NaN,NaN
0.632786414551214,0.254101982075823,NaN,NaN,NaN,NaN
0.669407943573393,0.259668879217563,NaN,NaN,NaN,NaN
0.402102584994811,NaN,NaN,NaN,NaN,NaN
0.623683024788284,0.219481645468107,NaN,NaN,NaN,NaN
0.335493084805866,0.455663990597512,0.339748742450693,NaN,NaN,NaN
0.429907109649765,0.330300875780111,NaN,NaN,NaN,NaN
0.490132990289918,0.212134098505829,0.261465951988485,NaN,NaN,NaN
0.554525806835887,0.293284087680259,NaN,NaN,NaN,NaN
0.458211198344238,0.279922212241999,NaN,NaN,NaN,NaN
0.465593366105578,0.510460161601932,0.365710423055345,0.156888287301049,NaN,NaN
0.283732046141194,0.436462677067034,0.323197802475303,NaN,NaN,NaN
0.307186261980238,NaN,NaN,NaN,NaN,NaN
0.620247669657256,0.411586175777119,0.279578747115192,NaN,NaN,NaN
0.538068393028591,0.425693123790975,0.166288402230456,NaN,NaN,NaN
0.62558381757796,0.245793973220749,NaN,NaN,NaN,NaN
0.42374009915493,0.299459933944243,NaN,NaN,NaN,NaN
0.50625907450085,0.354059919034878,NaN,NaN,NaN,NaN
0.564023071719533,0.278101514739369,NaN,NaN,NaN,NaN
0.562942164468736,0.291593544744833,NaN,NaN,NaN,NaN
0.581651569343695,0.438412228065131,0.295047657995442,NaN,NaN,NaN
0.530503131031572,0.19741903893519,NaN,NaN,NaN,NaN
0.371820738588147,0.26722817411337,0.402437178088963,NaN,NaN,NaN
0.489863795945718,0.201353330338191,NaN,NaN,NaN,NaN
0.422035533092296,0.321169995573012,NaN,NaN,NaN,NaN
0.639921637222082,0.298865172306718,NaN,NaN,NaN,NaN
0.538104627512666,0.333675372495322,NaN,NaN,NaN,NaN
0.533484329072817,0.275745345275368,NaN,NaN,NaN,NaN
0.521759224240534,0.221304306221691,NaN,NaN,NaN,NaN
0.430578080051004,0.326453910024002,NaN,NaN,NaN,NaN
0.657203973997758,0.271556042500482,0.414624497793513,NaN,NaN,NaN
0.564946432600235,0.400519500821855,0.281850089915782,NaN,NaN,NaN
0.495431915230555,0.310414492928253,NaN,NaN,NaN,NaN
0.635949070523235,0.302329059987158,NaN,NaN,NaN,NaN
0.79262610443336,0.503837802902527,0.18759732415877,NaN,NaN,NaN
0.665269313040403,0.247698200767905,NaN,NaN,NaN,NaN
0.537511750704247,0.303169054910819,0.235085229073011,NaN,NaN,NaN
0.564185688338508,0.241310659121386,NaN,NaN,NaN,NaN
0.500637267406905,0.358078626269071,0.265273260104657,NaN,NaN,NaN
0.492654326691587,0.322021792093302,NaN,NaN,NaN,NaN
0.586527011205397,0.251059672914416,NaN,NaN,NaN,NaN
0.544954343476294,0.320083475701916,0.440268922603499,NaN,NaN,NaN
0.532837634507489,0.320652977084143,0.38345433903771,NaN,NaN,NaN
0.653300834392545,0.209060349406361,NaN,NaN,NaN,NaN
0.473041728942089,0.496516936512193,NaN,NaN,NaN,NaN
0.471399356319487,0.361438891522882,NaN,NaN,NaN,NaN
0.464447951033406,0.231093028928274,NaN,NaN,NaN,NaN
0.529218428985706,0.281951650830096,NaN,NaN,NaN,NaN
0.531092113419066,0.313886746143808,0.436964820841795,NaN,NaN,NaN
0.465267687254415,0.40551630893702,NaN,NaN,NaN,NaN
0.541827193636817,0.320695010614828,NaN,NaN,NaN,NaN
0.561213786508643,0.595137737673551,0.285911488484508,NaN,NaN,NaN
0.597548056203077,0.205451351699344,NaN,NaN,NaN,NaN
0.532437256200613,0.324223983302322,NaN,NaN,NaN,NaN
0.522543921387505,0.233962317717745,NaN,NaN,NaN,NaN
0.528513547267339,NaN,NaN,NaN,NaN,NaN
0.434088422409023,0.280414933016978,NaN,NaN,NaN,NaN
0.430316997243053,0.543458177963652,0.390046593434612,0.360467142603518,0.321562814268219,NaN
0.44337759907979,0.283656315731941,NaN,NaN,NaN,NaN
0.58640010363012,0.305005050287072,0.345426985095493,NaN,NaN,NaN
0.561431415923442,0.233525542288963,NaN,NaN,NaN,NaN
0.586512269019777,NaN,NaN,NaN,NaN,NaN
0.571027943349282,0.38124239996657,NaN,NaN,NaN,NaN
0.533572685871317,0.326654565361198,0.312989795342991,NaN,NaN,NaN
0.978412595935962,0.57763162221337,1.25183164214197,1.19404714035369,NaN,NaN
0.513856518176384,0.257794364275561,0.382278468575808,NaN,NaN,NaN
0.542789104767317,0.283849970008957,NaN,NaN,NaN,NaN
0.500593420979883,0.219597904034781,0.233110761577548,NaN,NaN,NaN
0.44818325212789,0.1929989584084,0.212373334186688,NaN,NaN,NaN
0.588274418204387,0.351510593487529,NaN,NaN,NaN,NaN
0.486463578335188,0.210472992685662,NaN,NaN,NaN,NaN
0.444372739246386,0.429388764253385,0.482544678693351,0.251398454307872,NaN,NaN
0.409080698373041,NaN,NaN,NaN,NaN,NaN
0.466712435615113,0.322260995783546,NaN,NaN,NaN,NaN
0.692969370885986,0.367347961365321,NaN,NaN,NaN,NaN
0.644878260397483,0.369906249340378,0.480245171377938,NaN,NaN,NaN
0.47899473895384,0.331992511822022,0.327821950171533,NaN,NaN,NaN
0.679533218269749,0.235907638315685,NaN,NaN,NaN,NaN
0.586881374504909,0.279936642628235,NaN,NaN,NaN,NaN
0.55126666712342,0.239720215033542,NaN,NaN,NaN,NaN
0.310891814644975,0.403660608196345,NaN,NaN,NaN,NaN
0.584105719739048,0.326288057679809,NaN,NaN,NaN,NaN
0.358446449385789,0.251764619861853,NaN,NaN,NaN,NaN
0.370788643626236,0.242448851682714,NaN,NaN,NaN,NaN
0.410207971294395,0.255614020207619,NaN,NaN,NaN,NaN
0.552550130103466,0.273140735598878,NaN,NaN,NaN,NaN
0.555358007321581,0.244673096376045,NaN,NaN,NaN,NaN
0.544225587035981,0.250584880665244,NaN,NaN,NaN,NaN
0.653863620597839,0.508064468453696,0.339353959626785,0.51318806417261,NaN,NaN
0.483414375821964,0.346783499122808,NaN,NaN,NaN,NaN
0.490021951330683,NaN,NaN,NaN,NaN,NaN
0.490917001997092,0.491522508933444,NaN,NaN,NaN,NaN
0.604626840126338,0.245100876043328,NaN,NaN,NaN,NaN
0.61791374177794,0.356882699693621,NaN,NaN,NaN,NaN
0.486329434649694,NaN,NaN,NaN,NaN,NaN
0.517753081300735,0.285641146453736,0.254214058301433,NaN,NaN,NaN
0.53080546045135,0.200309993510862,NaN,NaN,NaN,NaN
0.631232950428128,0.245317825516956,NaN,NaN,NaN,NaN
0.561472102902941,0.397523334544665,NaN,NaN,NaN,NaN
0.6648676616741,0.352690740595031,0.328679281546489,NaN,NaN,NaN
0.611823368894606,0.334171237764134,NaN,NaN,NaN,NaN
0.564172713320208,0.255900022392906,NaN,NaN,NaN,NaN
0.624984588019209,0.359491643303878,NaN,NaN,NaN,NaN
0.414090490538812,0.236063889001656,0.377607753322554,NaN,NaN,NaN
0.360416114277662,0.494619071379448,NaN,NaN,NaN,NaN
0.594676112101795,0.325989554381561,NaN,NaN,NaN,NaN
0.462099842555456,0.226201531168131,NaN,NaN,NaN,NaN
0.487142815942112,0.285210521859801,NaN,NaN,NaN,NaN
0.497950345451045,0.44834384721674,0.325156346640471,0.398388685740501,NaN,NaN
0.538439668792505,0.27510711521974,NaN,NaN,NaN,NaN
0.462578821047102,0.286856972798487,NaN,NaN,NaN,NaN
0.453738379114518,0.242679000421762,NaN,NaN,NaN,NaN
0.535828880572329,0.394165784923056,0.219925533641404,NaN,NaN,NaN
0.399968327926451,0.317241437999593,NaN,NaN,NaN,NaN
0.622422681798076,0.309847595967611,NaN,NaN,NaN,NaN
0.623109076254722,0.313377634653641,NaN,NaN,NaN,NaN
0.431377881944746,0.229223471486264,NaN,NaN,NaN,NaN
0.450460036104644,0.371191503825299,NaN,NaN,NaN,NaN
0.607968447968439,0.399481177132786,0.264753331485258,0.275775670488872,0.346623468474448,NaN
0.570052547618161,0.31992318361221,NaN,NaN,NaN,NaN
0.425261232041095,0.298371858843342,NaN,NaN,NaN,NaN
0.645241387494401,0.39877091700052,0.299384631032015,NaN,NaN,NaN
0.433599178515031,NaN,NaN,NaN,NaN,NaN
0.578142665498341,0.172245554015955,NaN,NaN,NaN,NaN
0.30904159231928,0.24241316144199,0.24110482446913,0.356446271267806,NaN,NaN
0.578527751204088,0.295032149548456,NaN,NaN,NaN,NaN
0.50120306532255,0.394453885139532,0.345046458802803,0.282096017202095,NaN,NaN
0.565526723469485,0.359360111614387,NaN,NaN,NaN,NaN
0.506955772795872,0.367669408056769,NaN,NaN,NaN,NaN
0.551215768362556,0.295701751850721,0.300303434444935,NaN,NaN,NaN
0.763207536500706,0.42420132882484,0.253426836505159,0.356459359452358,NaN,NaN
0.678360175377646,0.285869981497762,NaN,NaN,NaN,NaN
0.454582684686016,0.448581301454703,0.54069749735599,NaN,NaN,NaN
0.437674972808834,NaN,NaN,NaN,NaN,NaN
0.319087150255889,0.495425905852368,NaN,NaN,NaN,NaN
0.399344553297964,NaN,NaN,NaN,NaN,NaN
0.542087438342878,0.403947162615174,NaN,NaN,NaN,NaN
0.465844061782613,0.221467570145582,0.410439212646776,NaN,NaN,NaN
0.600319183747235,0.230243881420742,NaN,NaN,NaN,NaN
0.402235357714237,0.334786916327601,NaN,NaN,NaN,NaN
0.673304052041691,0.50196815426064,0.31422677563035,0.517220803774709,NaN,NaN
0.46712512435616,NaN,NaN,NaN,NaN,NaN
0.550647365544551,0.369901981253181,0.286908946888228,0.320218642466122,NaN,NaN
0.602125076164367,0.487085038991641,0.348988562702985,NaN,NaN,NaN
0.355809047414903,0.50679571729034,NaN,NaN,NaN,NaN
0.570194127313427,0.378990372515461,0.283700767298582,0.223092066118341,NaN,NaN
0.304739514318978,0.372274391137229,0.334450759604248,NaN,NaN,NaN
0.74609845704327,0.319567472167724,0.203303767901877,NaN,NaN,NaN
0.478931856837087,0.238448040676076,NaN,NaN,NaN,NaN
0.52986818696927,0.221815105433968,NaN,NaN,NaN,NaN
0.510844195220595,0.30238244620986,NaN,NaN,NaN,NaN
0.454421023727431,0.418336787118558,NaN,NaN,NaN,NaN
0.651938419050329,0.349902219350363,NaN,NaN,NaN,NaN
0.411612868888682,0.393840058996202,NaN,NaN,NaN,NaN
0.526053294148555,NaN,NaN,NaN,NaN,NaN
0.480258161560932,0.381639961755037,0.253442178508407,0.377890368020086,NaN,NaN
0.5419495425475,0.291956013585914,0.334978081522221,NaN,NaN,NaN
0.429417751802718,0.303557706529707,NaN,NaN,NaN,NaN
0.557830770553098,0.246265678350788,NaN,NaN,NaN,NaN
0.493920465622017,0.216212804416594,NaN,NaN,NaN,NaN
0.708514685257387,0.289012301053859,NaN,NaN,NaN,NaN
0.532855097828015,0.268836258681929,0.344677734172261,NaN,NaN,NaN
0.547383668223881,NaN,NaN,NaN,NaN,NaN
0.60974110243695,0.281846679446289,NaN,NaN,NaN,NaN
0.51589707407667,0.248922618518667,NaN,NaN,NaN,NaN
0.447804935299134,0.270993711603247,NaN,NaN,NaN,NaN
0.445774722084967,0.296895695476173,NaN,NaN,NaN,NaN
0.586059219417555,0.328942924536464,0.386980408213769,0.322921126433812,NaN,NaN
0.565219984983243,0.269570015542716,NaN,NaN,NaN,NaN
0.703933570977819,0.2953210948773,NaN,NaN,NaN,NaN
0.648282576347273,0.300676115171734,NaN,NaN,NaN,NaN
0.578189514086475,0.201600236076826,NaN,NaN,NaN,NaN
0.582835724906331,0.277496713113356,NaN,NaN,NaN,NaN
0.443218953901798,0.342963021455454,NaN,NaN,NaN,NaN
0.506424786937311,0.217172589100148,NaN,NaN,NaN,NaN
0.507591446199902,0.358844507522136,NaN,NaN,NaN,NaN
0.546052420169485,0.400461430526708,0.256172713539682,NaN,NaN,NaN
0.540860050156391,0.243331464904739,NaN,NaN,NaN,NaN
0.713615470432499,0.503736292295527,0.948621099943627,NaN,NaN,NaN
0.552419624183352,0.32261921286802,NaN,NaN,NaN,NaN
0.557066871471607,0.263972180665209,NaN,NaN,NaN,NaN
0.589690761283614,0.50334701183698,0.463608719941265,0.455063350508355,NaN,NaN
0.63987253063782,0.37066621230454,NaN,NaN,NaN,NaN
0.469527503762927,0.410825180662866,0.342497102783525,NaN,NaN,NaN
0.457100711573559,0.256829773533997,NaN,NaN,NaN,NaN
0.587596634242187,0.335188094285735,NaN,NaN,NaN,NaN
0.56278346850681,0.316607706604914,0.463717068030783,NaN,NaN,NaN
0.403785627134674,0.327516539682274,NaN,NaN,NaN,NaN
0.49210250272543,0.312291621535773,NaN,NaN,NaN,NaN
0.521210862795062,0.260132835505326,NaN,NaN,NaN,NaN
0.440577895996556,0.276379302448256,NaN,NaN,NaN,NaN
0.373581382433737,NaN,NaN,NaN,NaN,NaN
0.447543671740037,0.627687997946704,0.490147176472437,0.447935194865953,NaN,NaN
0.585627313839465,0.352241081759494,NaN,NaN,NaN,NaN
0.485256169254535,0.286182784873654,NaN,NaN,NaN,NaN
0.621391373419239,0.272969633453386,NaN,NaN,NaN,NaN
0.547464624459215,0.278662869215392,NaN,NaN,NaN,NaN
0.313987903336603,0.276528100366071,NaN,NaN,NaN,NaN
0.616806291005292,0.361117895668501,0.281946946987847,0.20546116390677,NaN,NaN
0.492646458534183,0.297480402192107,NaN,NaN,NaN,NaN
0.53232836104197,0.276798558693965,NaN,NaN,NaN,NaN
0.21015378465723,0.531248717437178,0.587070533298388,0.169171193909085,NaN,NaN
0.539614050417931,0.22101787333009,NaN,NaN,NaN,NaN
0.440356659587219,0.296059624461473,NaN,NaN,NaN,NaN
0.613249926375688,0.384786496874131,0.377653934815065,0.227599147617296,NaN,NaN
0.544408598377479,0.290427453944311,NaN,NaN,NaN,NaN
0.420768696733198,0.390102328416427,NaN,NaN,NaN,NaN
0.599195319248685,0.320743382346293,NaN,NaN,NaN,NaN
0.500060541903877,0.202771871988668,NaN,NaN,NaN,NaN
0.554973417939222,0.369122334488632,NaN,NaN,NaN,NaN
0.438271290535974,0.458719075690924,0.246012476336575,NaN,NaN,NaN
0.494150410430856,0.455168015997882,NaN,NaN,NaN,NaN
0.523230415486549,0.303619655613595,NaN,NaN,NaN,NaN
0.497415554592656,NaN,NaN,NaN,NaN,NaN
0.399234447074677,0.372997996470415,NaN,NaN,NaN,NaN
0.507992878919933,0.352542047556231,NaN,NaN,NaN,NaN
0.507953181683322,0.230405425211825,0.317370642023565,NaN,NaN,NaN
0.271848036245035,0.441357587955758,0.492084959345721,NaN,NaN,NaN
0.593753508441574,0.20767649908883,NaN,NaN,NaN,NaN
0.569513099921922,0.390049619005003,NaN,NaN,NaN,NaN
0.497531707464855,0.381928771393666,NaN,NaN,NaN,NaN
0.620367911145187,0.31529967180245,NaN,NaN,NaN,NaN
0.64976244567502,0.404610271080583,0.432445663380359,NaN,NaN,NaN
0.623443174446127,0.266022945512195,0.280092654404075,NaN,NaN,NaN
0.579294308739988,0.375270347956691,NaN,NaN,NaN,NaN
0.553318733628682,0.465013780240691,NaN,NaN,NaN,NaN
0.272243068732812,0.599079387256658,NaN,NaN,NaN,NaN
0.438355203096405,0.209785287910005,NaN,NaN,NaN,NaN
0.62654517854158,0.254597728835489,0.305533920087804,NaN,NaN,NaN
0.574556217147334,0.333119244302947,NaN,NaN,NaN,NaN
0.46406209845564,0.348380850481461,0.404235550976416,NaN,NaN,NaN
0.607271473741058,0.295669740734611,0.230714057321979,NaN,NaN,NaN
0.293631384754078,0.464316326279729,NaN,NaN,NaN,NaN
0.52999541371805,0.404952346016883,0.291069375098044,NaN,NaN,NaN
0.66151864121756,0.275551698715131,0.375649000176335,NaN,NaN,NaN
0.510673264507394,0.500845796380962,0.394707840007894,NaN,NaN,NaN
0.49717408834945,0.520385794728004,0.289222431808614,0.405849188431988,NaN,NaN
0.580199016908729,NaN,NaN,NaN,NaN,NaN
0.511476218741672,0.325405459658942,NaN,NaN,NaN,NaN
0.557857868611883,0.320083001696711,NaN,NaN,NaN,NaN
0.550201639451869,0.33020711235244,NaN,NaN,NaN,NaN
0.554483383303746,0.347127309173802,NaN,NaN,NaN,NaN
0.302576626140517,0.374790654055827,0.367633303953582,0.299625344617489,NaN,NaN
0.420573881778459,0.255489713116083,NaN,NaN,NaN,NaN
0.538333774866501,0.207975779562358,NaN,NaN,NaN,NaN
0.555350127227047,0.26569001587945,NaN,NaN,NaN,NaN
0.717337287113075,0.320118308259244,NaN,NaN,NaN,NaN
0.402193889417559,NaN,NaN,NaN,NaN,NaN
0.514467262286073,0.357588780368726,NaN,NaN,NaN,NaN
0.580409981921349,0.265955716832655,NaN,NaN,NaN,NaN
0.601762576179051,0.35376294500254,0.379670704190051,NaN,NaN,NaN
0.516733196409021,0.215037236608587,NaN,NaN,NaN,NaN
0.48018871407011,0.30624691095096,NaN,NaN,NaN,NaN
0.743455182056112,0.228255111485264,NaN,NaN,NaN,NaN
0.567024159218043,0.205473963749902,NaN,NaN,NaN,NaN
0.482290558723755,0.190009909955738,NaN,NaN,NaN,NaN
0.568557473167156,0.369306314401675,NaN,NaN,NaN,NaN
0.547893411779839,0.178790188355206,NaN,NaN,NaN,NaN
0.522116488909503,0.293647838741701,NaN,NaN,NaN,NaN
0.454501954465314,0.515749920078893,0.288810164866565,0.463375397602685,NaN,NaN
0.336028661818615,NaN,NaN,NaN,NaN,NaN
0.441859263398093,NaN,NaN,NaN,NaN,NaN
0.415697616363067,0.347002054307927,NaN,NaN,NaN,NaN
0.534497119723187,0.422517896011758,NaN,NaN,NaN,NaN
0.533399793522119,0.372285504316945,0.414272903559835,NaN,NaN,NaN
0.478313616754677,0.387553600020042,0.402817430957115,NaN,NaN,NaN
1.42606026874493,0.848923702289464,0.804343354464284,1.60393833821211,0.928567882818746,NaN
0.562041206631607,0.274084765539416,NaN,NaN,NaN,NaN
0.532955803162725,0.352129290754734,NaN,NaN,NaN,NaN
0.668028461528286,0.32638174124204,NaN,NaN,NaN,NaN
0.582868207550787,0.265920058256755,NaN,NaN,NaN,NaN
0.396825872856279,0.356395593142296,NaN,NaN,NaN,NaN
0.565205817451302,0.301195603665585,NaN,NaN,NaN,NaN
0.631497152410017,0.335757041596915,0.215781514444872,NaN,NaN,NaN
0.568102259374489,0.287869476655041,NaN,NaN,NaN,NaN
0.61420626514004,0.548721972438305,0.543371443621565,0.412651439735583,0.320936636429641,NaN
0.491436100741586,0.279886167906148,0.39842972678693,NaN,NaN,NaN
0.501814262751348,0.293705718630714,NaN,NaN,NaN,NaN
0.54962076940721,0.358432855414846,NaN,NaN,NaN,NaN
0.469204913317641,0.39529665541158,0.325015849359713,NaN,NaN,NaN
0.664876949398004,0.283661314748579,NaN,NaN,NaN,NaN
0.452744544360106,0.293017240500269,NaN,NaN,NaN,NaN
0.477632805830997,0.306112752942992,NaN,NaN,NaN,NaN
0.438231450798535,0.496823525386609,NaN,NaN,NaN,NaN
0.35388345942614,0.455090574766432,NaN,NaN,NaN,NaN
0.497513546100576,0.431192817420551,0.400127901002463,0.305961044172099,NaN,NaN
0.569018166715507,0.333004581868346,NaN,NaN,NaN,NaN
0.455995816491699,0.284880994939046,NaN,NaN,NaN,NaN
0.531304234892299,0.270504553098636,NaN,NaN,NaN,NaN
0.520840709251026,0.252150733413132,0.323375145534456,0.371040428755907,NaN,NaN
0.533151573148031,NaN,NaN,NaN,NaN,NaN
0.456416826449726,0.418228718917166,0.33914922566752,0.336277817458568,NaN,NaN
0.545458685975172,0.296310292421015,NaN,NaN,NaN,NaN
0.629932350305837,0.240383410661046,0.347463182167932,NaN,NaN,NaN
0.585311456279421,0.334312000479095,0.335162182861946,NaN,NaN,NaN
0.573359142262118,0.274815521705637,0.388460116526018,0.43534039545276,NaN,NaN
0.531881993700159,0.195518890385464,NaN,NaN,NaN,NaN
0.516461466929457,0.496861200671052,NaN,NaN,NaN,NaN
0.644103094008573,0.255199293411917,NaN,NaN,NaN,NaN
0.57808683306785,0.459270862436108,0.207872877555203,NaN,NaN,NaN
0.549346769380103,0.221754111776914,NaN,NaN,NaN,NaN
0.541701123010675,0.546188826301925,0.292827545506834,NaN,NaN,NaN
0.54450720254548,NaN,NaN,NaN,NaN,NaN
0.633749388035653,0.344289739901291,0.241600452958706,NaN,NaN,NaN
0.464963564468707,0.180467392581619,NaN,NaN,NaN,NaN
0.594887604812912,0.300017553262906,NaN,NaN,NaN,NaN
0.609913812355969,NaN,NaN,NaN,NaN,NaN
0.413161821986426,0.379712048291948,NaN,NaN,NaN,NaN
0.430761733250341,0.281941058325493,NaN,NaN,NaN,NaN
0.468376263313616,0.2990401018551,NaN,NaN,NaN,NaN
0.572821399883609,0.217739600403839,NaN,NaN,NaN,NaN
0.458867895437383,0.308401871791536,NaN,NaN,NaN,NaN
0.511331760934352,0.202775530152815,NaN,NaN,NaN,NaN
0.553345440810173,0.324064479905595,NaN,NaN,NaN,NaN
0.5544227948256,0.373025028362484,0.311641746347671,NaN,NaN,NaN
0.475126775432393,0.316273760488535,NaN,NaN,NaN,NaN
0.769404576318944,0.32689861705397,0.273801348861429,0.376332934691528,NaN,NaN
0.439257368120776,0.238123603691708,NaN,NaN,NaN,NaN
0.476729300519287,0.490333363938305,NaN,NaN,NaN,NaN
0.496446964358997,0.333283103448883,NaN,NaN,NaN,NaN
0.612484936899504,0.242144261540741,0.348201355102336,NaN,NaN,NaN
0.39083182610073,0.195083892071162,0.342786839988073,NaN,NaN,NaN
0.520721325678913,0.225507659357637,NaN,NaN,NaN,NaN
0.47951624686132,0.328211478400481,0.34149382683726,NaN,NaN,NaN
0.456400312650102,0.320248749388757,NaN,NaN,NaN,NaN
0.466509905208523,0.294959624916688,NaN,NaN,NaN,NaN
0.689567882121448,0.278032422754007,NaN,NaN,NaN,NaN
0.699712150332076,0.252205363294223,NaN,NaN,NaN,NaN
0.427753203502443,0.214535110028599,NaN,NaN,NaN,NaN
0.581357598846331,0.346777073807851,NaN,NaN,NaN,NaN
0.431983655874171,0.28831526004681,NaN,NaN,NaN,NaN
0.47736789475222,0.210776984398026,NaN,NaN,NaN,NaN
0.501461723720951,0.205912092682389,NaN,NaN,NaN,NaN
0.519193006295401,0.226614696053576,NaN,NaN,NaN,NaN
0.506007645903658,0.476210764630708,0.486279617364818,0.343310662532046,NaN,NaN
0.507159876837195,0.32798023413349,0.441842485815896,NaN,NaN,NaN
0.518213222516376,0.414793036574998,NaN,NaN,NaN,NaN
0.363263932451133,0.313705482993759,NaN,NaN,NaN,NaN
0.476883631307727,NaN,NaN,NaN,NaN,NaN
0.457085906555019,0.234826231408826,0.336887278877264,NaN,NaN,NaN
0.46835796720782,0.270958254031552,NaN,NaN,NaN,NaN
0.537257227013769,0.303862209082265,NaN,NaN,NaN,NaN
0.477909453586385,0.262294321613379,NaN,NaN,NaN,NaN
0.705865738892023,0.230002409178168,NaN,NaN,NaN,NaN
0.606342672831751,0.370519274551783,NaN,NaN,NaN,NaN
0.601369827676432,0.332780018451187,0.324701980450493,NaN,NaN,NaN
0.417373429514125,0.328737502390691,0.296896650166419,NaN,NaN,NaN
0.695115809739993,0.468249324014337,0.280931840045558,NaN,NaN,NaN
0.49723923763391,0.4321429104803,0.265282650525777,NaN,NaN,NaN
0.516634746440723,0.162388382644317,NaN,NaN,NaN,NaN
0.473833728092687,0.28049836272665,0.281309950951926,NaN,NaN,NaN
0.390626052869322,0.521908024267736,0.436295779223871,NaN,NaN,NaN
0.436587412003477,0.274849142519119,NaN,NaN,NaN,NaN
0.589423850532724,0.225426392745547,NaN,NaN,NaN,NaN
0.443258672531248,0.302611291794205,NaN,NaN,NaN,NaN
0.654249899628242,0.2503056329677,NaN,NaN,NaN,NaN
0.529946049328018,0.278618832236546,NaN,NaN,NaN,NaN
0.594930273378464,0.268209259151462,NaN,NaN,NaN,NaN
0.514297859582433,0.288453029847621,NaN,NaN,NaN,NaN
0.507990287744496,0.350055670747308,NaN,NaN,NaN,NaN
0.536404678232998,0.287620092725719,NaN,NaN,NaN,NaN
0.670174044128995,0.344494243381366,0.307195639300798,NaN,NaN,NaN
0.548849025975549,0.165018645845078,NaN,NaN,NaN,NaN
0.544405765682269,NaN,NaN,NaN,NaN,NaN
0.45821558684959,0.482314951396638,0.45972209127706,0.328931825285035,0.396401960320488,NaN
0.452194937378771,0.308810335656628,NaN,NaN,NaN,NaN
0.661070515910565,0.304150091925311,NaN,NaN,NaN,NaN
0.559481175434189,0.338765064240322,NaN,NaN,NaN,NaN
0.576852767298112,0.372362341676723,NaN,NaN,NaN,NaN
0.626875376226102,0.604664430071226,0.456958826704777,NaN,NaN,NaN
0.552759238657359,0.279982137074736,NaN,NaN,NaN,NaN
0.451269586241831,0.281209207241491,NaN,NaN,NaN,NaN
0.508235066739183,0.189332090438262,NaN,NaN,NaN,NaN
0.547812213945486,0.414945574020378,NaN,NaN,NaN,NaN
0.555318972677195,0.343565739672417,NaN,NaN,NaN,NaN
0.333458805632884,0.256349119590281,NaN,NaN,NaN,NaN
0.468446419534453,0.499115943617563,0.367939925183432,NaN,NaN,NaN
0.259162901834243,0.432684312153263,NaN,NaN,NaN,NaN
0.316951030982658,0.597907806728795,NaN,NaN,NaN,NaN
0.448995931308523,0.249430606934805,NaN,NaN,NaN,NaN
0.390011785395181,NaN,NaN,NaN,NaN,NaN
0.635253047124433,0.299237054899679,NaN,NaN,NaN,NaN
0.47958292237007,0.37874968222535,NaN,NaN,NaN,NaN
0.558490722070325,0.286778287818492,NaN,NaN,NaN,NaN
0.428795571357434,NaN,NaN,NaN,NaN,NaN
0.497254822250777,0.252243483656046,NaN,NaN,NaN,NaN
0.549863756885568,0.301816434963849,NaN,NaN,NaN,NaN
0.51302353928799,0.300173197439527,0.248731678744536,NaN,NaN,NaN
0.57844685912038,0.323778707890109,NaN,NaN,NaN,NaN
0.559780076458064,0.314053241321694,0.242176206120959,NaN,NaN,NaN
0.569062550612251,0.301418837298581,NaN,NaN,NaN,NaN
0.57786814695804,0.348757164700237,0.282572866909027,NaN,NaN,NaN
0.402807301881848,0.304921689448498,NaN,NaN,NaN,NaN
0.478846662101002,0.349901589126225,NaN,NaN,NaN,NaN
0.550523969519688,0.261188247163177,0.194526864727179,0.295331145173921,NaN,NaN
0.490904017765278,0.349367653175272,NaN,NaN,NaN,NaN
0.620467993652914,0.348429488243461,0.340013884172769,0.346734022586465,NaN,NaN
0.510361884949651,0.259162101452248,NaN,NaN,NaN,NaN
0.607644249059041,0.282300397776611,NaN,NaN,NaN,NaN
0.48520019676614,0.199996495739409,NaN,NaN,NaN,NaN
0.415777647467967,0.344746155786835,NaN,NaN,NaN,NaN
0.3506515343497,0.414365783351786,NaN,NaN,NaN,NaN
0.618389965856505,0.312637019921554,NaN,NaN,NaN,NaN
0.521144514518857,0.281301606957818,NaN,NaN,NaN,NaN
0.411144478775077,0.255403852741176,NaN,NaN,NaN,NaN
0.597563455495523,0.516189543665377,0.819023663124215,NaN,NaN,NaN
0.46709134597632,0.230726362241473,NaN,NaN,NaN,NaN
0.485252608963573,0.291612248540952,NaN,NaN,NaN,NaN
0.626617159707721,0.306791543844812,NaN,NaN,NaN,NaN
0.444904327805604,0.33966621164701,NaN,NaN,NaN,NaN
0.753513715153719,0.396376485619283,NaN,NaN,NaN,NaN
0.462182805332082,0.433036569684499,0.348365084247906,NaN,NaN,NaN
0.558614265618925,0.221660190233,NaN,NaN,NaN,NaN
0.282578670408683,0.437769978567234,NaN,NaN,NaN,NaN
0.660143274866174,0.26476411543826,NaN,NaN,NaN,NaN
0.590212780508815,NaN,NaN,NaN,NaN,NaN
0.579265098626787,0.270272914656422,NaN,NaN,NaN,NaN
0.588302660567526,0.226468873740805,NaN,NaN,NaN,NaN
0.421977454364264,0.25186759741801,NaN,NaN,NaN,NaN
0.78702910794478,0.299486953658706,NaN,NaN,NaN,NaN
0.405245742677496,NaN,NaN,NaN,NaN,NaN
0.519254711649235,0.18161424148602,NaN,NaN,NaN,NaN
0.616140705475849,0.41663543787224,0.30764029308244,0.354409818299458,NaN,NaN
0.530721025063832,0.286560662577997,0.355366458319556,NaN,NaN,NaN
0.497455686178514,0.225491952053739,NaN,NaN,NaN,NaN
0.556108634639861,0.48223510942779,NaN,NaN,NaN,NaN
0.490335362007649,0.298464214704692,NaN,NaN,NaN,NaN
0.452720587990326,0.371662349921719,NaN,NaN,NaN,NaN
0.496088302493474,NaN,NaN,NaN,NaN,NaN
0.50836798233933,0.443420237951598,0.256754605007433,NaN,NaN,NaN
0.55788651460888,0.28214902880071,NaN,NaN,NaN,NaN
0.500438936652168,0.293712510184484,NaN,NaN,NaN,NaN
0.454314929106639,0.222725257825673,NaN,NaN,NaN,NaN
0.535210392757684,0.232415273646526,NaN,NaN,NaN,NaN
0.560331550095714,0.435281735139756,0.363202913735598,0.217585005381844,NaN,NaN
0.455992299356612,0.397536969103478,0.307500091059206,0.375193739877243,NaN,NaN
0.577621168805823,0.249229994096632,NaN,NaN,NaN,NaN
0.577920449907235,0.253525451580832,NaN,NaN,NaN,NaN
0.569373169809714,0.29213150295034,NaN,NaN,NaN,NaN
0.334709413543091,0.282234103824863,NaN,NaN,NaN,NaN
0.630567412812939,0.347606251355477,NaN,NaN,NaN,NaN
0.487361865243517,0.304111069648167,NaN,NaN,NaN,NaN
0.655380694955846,0.194600435423169,NaN,NaN,NaN,NaN
0.635147864667407,0.221856108081234,NaN,NaN,NaN,NaN
0.664840529592646,0.333228837553828,NaN,NaN,NaN,NaN
0.531885835970974,0.461204597105705,0.260193289554638,0.385053413723585,0.375189043702852,0.260805565733342
0.462471806138595,0.305042734088764,0.290063017571956,NaN,NaN,NaN
0.530072099777066,NaN,NaN,NaN,NaN,NaN
0.592033892704608,0.371170014560888,NaN,NaN,NaN,NaN
0.436510989147954,0.257125585416537,NaN,NaN,NaN,NaN
0.373144095163108,0.195566916935696,NaN,NaN,NaN,NaN
0.718322936362214,0.51506677098957,0.353576989746412,0.220958560504309,0.265393955866718,0.246776659055755
0.476090679119063,NaN,NaN,NaN,NaN,NaN
0.650427648832587,0.430399789120735,0.255692475169219,NaN,NaN,NaN
0.490035480059289,0.476733850868226,NaN,NaN,NaN,NaN
0.701283511890597,0.315447163731291,0.365112972353237,0.362584794092809,NaN,NaN
0.65039663066027,0.368200598035015,0.232255724435625,NaN,NaN,NaN
0.515468403759015,0.212978065121811,NaN,NaN,NaN,NaN
0.494535123570016,0.278025307533772,NaN,NaN,NaN,NaN
0.505621987659332,0.244121916343395,NaN,NaN,NaN,NaN
0.504847987906547,0.230000643600443,NaN,NaN,NaN,NaN
0.454819766753229,0.291257356103986,NaN,NaN,NaN,NaN
0.507824144187421,0.536354487564872,0.35885688598469,NaN,NaN,NaN
0.471574495294014,0.262762194052215,NaN,NaN,NaN,NaN
0.61193147671319,0.244021103868733,NaN,NaN,NaN,NaN
0.568405908474778,0.331359179545652,NaN,NaN,NaN,NaN
0.523534027588067,0.388528137761432,0.365331671256554,NaN,NaN,NaN
0.550740030563844,0.238156125357743,NaN,NaN,NaN,NaN
0.444998066373552,0.495119367724339,NaN,NaN,NaN,NaN
0.555346252933698,0.292795091291954,NaN,NaN,NaN,NaN
0.537677100537477,0.290386901314727,NaN,NaN,NaN,NaN
0.602966096447871,0.305778222011846,NaN,NaN,NaN,NaN
0.474377851599423,0.314770960158166,0.410326904933962,NaN,NaN,NaN
0.469509253967212,0.312183724976688,NaN,NaN,NaN,NaN
0.552928775457899,0.251730829985505,NaN,NaN,NaN,NaN
0.35114236219252,NaN,NaN,NaN,NaN,NaN
0.665183837514383,0.323231372149343,0.379390062301198,NaN,NaN,NaN
0.244630702662579,0.634293371061021,NaN,NaN,NaN,NaN
0.551376570275473,0.396872374964223,NaN,NaN,NaN,NaN
0.568748526057988,0.198058964155899,NaN,NaN,NaN,NaN
0.557267111445121,0.248153415899027,NaN,NaN,NaN,NaN
0.448551737096107,0.288953861896191,NaN,NaN,NaN,NaN
0.441613372048398,0.330901117163602,NaN,NaN,NaN,NaN
0.920661705203533,0.430443334022927,0.348872536400055,0.803049075443613,NaN,NaN
0.461532869265753,0.271706639569687,0.397165460365693,NaN,NaN,NaN
0.527600515204486,0.28485753727503,0.314228704105583,NaN,NaN,NaN
0.498191686587607,0.269457916580139,NaN,NaN,NaN,NaN
0.409400221608084,NaN,NaN,NaN,NaN,NaN
0.560546863617425,0.264879254246455,NaN,NaN,NaN,NaN
0.493433964160599,0.267411994600707,NaN,NaN,NaN,NaN
0.514634837209463,0.253099357613451,0.362123589026123,NaN,NaN,NaN
0.359210720496543,NaN,NaN,NaN,NaN,NaN
0.503859375134789,0.450054287046716,0.206052139245928,NaN,NaN,NaN
0.699682362324519,0.412182466840559,0.322005994612719,0.324408589779593,NaN,NaN
0.480537846055348,0.322033668187879,NaN,NaN,NaN,NaN
0.417976385027941,NaN,NaN,NaN,NaN,NaN
0.425791005127702,0.264157612416568,NaN,NaN,NaN,NaN
0.469889628670511,0.448202999401887,0.367342216793668,NaN,NaN,NaN
0.464860863297417,0.372815563536558,NaN,NaN,NaN,NaN
0.451657421132944,0.334766453794284,NaN,NaN,NaN,NaN
0.35891217081535,NaN,NaN,NaN,NaN,NaN
0.477761310433002,0.329514119858522,0.482461108232974,NaN,NaN,NaN
0.562325225951966,NaN,NaN,NaN,NaN,NaN
0.489451994325428,0.379165658585128,0.381915515374771,NaN,NaN,NaN
0.576816452127676,0.298297248983455,NaN,NaN,NaN,NaN
0.467915662147164,NaN,NaN,NaN,NaN,NaN
0.450058448612656,0.240382118065753,NaN,NaN,NaN,NaN
0.465936408272231,0.233297212093171,NaN,NaN,NaN,NaN
0.492091023281999,0.435408484779035,0.278844066623807,0.415434261492554,NaN,NaN
0.485448390712593,0.414732358344046,0.418751362289939,NaN,NaN,NaN
0.565837146866925,0.234101907464534,NaN,NaN,NaN,NaN
0.635941273107906,0.241789566690881,NaN,NaN,NaN,NaN
0.708058486419433,0.346444157340804,NaN,NaN,NaN,NaN
0.667640403372692,0.254428047304625,0.421641316795355,NaN,NaN,NaN
0.616150363202218,0.258335416552007,NaN,NaN,NaN,NaN
0.63043137299217,0.286155414511283,NaN,NaN,NaN,NaN
0.5628051073341,0.304001703472573,NaN,NaN,NaN,NaN
0.475505649225593,0.296321621690074,0.374606457576045,0.372789283740334,NaN,NaN
0.497753307285203,0.177879220937605,NaN,NaN,NaN,NaN
0.673905882713194,0.424708130685311,NaN,NaN,NaN,NaN
0.554060091976934,0.280726604469197,NaN,NaN,NaN,NaN
0.586398331064848,0.231100986778447,NaN,NaN,NaN,NaN
0.662866718815128,NaN,NaN,NaN,NaN,NaN
0.543023623514489,0.408284503389495,NaN,NaN,NaN,NaN
0.559724311540043,0.255431447671253,NaN,NaN,NaN,NaN
0.70639518630345,0.293204195434319,0.342413680306003,NaN,NaN,NaN
0.466845418962955,0.276593690221886,NaN,NaN,NaN,NaN
0.494882714657289,0.317588943421217,NaN,NaN,NaN,NaN
0.520754611753884,0.258838004230384,NaN,NaN,NaN,NaN
0.440764032612653,0.212359203767259,NaN,NaN,NaN,NaN
0.578769157793661,NaN,NaN,NaN,NaN,NaN
0.452571890006668,NaN,NaN,NaN,NaN,NaN
0.527020869656141,0.320570281655643,NaN,NaN,NaN,NaN
0.605691380271487,0.468979074290983,0.396493833518614,0.217198945847582,NaN,NaN
0.481153318578051,0.362673064307902,0.405810475436696,NaN,NaN,NaN
0.543171246105443,0.278494254256076,NaN,NaN,NaN,NaN
0.666504970472656,0.352995083888389,0.461269732394795,NaN,NaN,NaN
0.548058883415429,0.157793408457827,NaN,NaN,NaN,NaN
0.667359666311848,0.251742607355575,NaN,NaN,NaN,NaN
0.54166546924417,0.292747200086363,NaN,NaN,NaN,NaN
0.583290208312394,0.351278463222582,0.405885003895551,NaN,NaN,NaN
0.665873033775738,0.289248659945105,0.207257119143421,NaN,NaN,NaN
0.68044499577369,0.186109637502364,NaN,NaN,NaN,NaN
0.497622307530441,0.255876427560939,NaN,NaN,NaN,NaN
0.556134931477707,0.364250436466626,0.346990616081549,NaN,NaN,NaN
0.431204375760002,NaN,NaN,NaN,NaN,NaN
0.483047098149112,0.263709360843076,NaN,NaN,NaN,NaN
0.592942424877357,0.292107914150079,NaN,NaN,NaN,NaN
0.410944249557322,NaN,NaN,NaN,NaN,NaN
0.43898482719214,0.335200045269372,0.333947043679976,NaN,NaN,NaN
0.480029554215071,0.271573352526871,NaN,NaN,NaN,NaN
0.609930207883192,0.394797656537136,NaN,NaN,NaN,NaN
0.4700102770848,0.291211142311741,NaN,NaN,NaN,NaN
0.413299115537397,0.286246236686671,0.394250529911293,NaN,NaN,NaN
0.665092425291217,0.473580175832588,0.349679813354061,NaN,NaN,NaN
0.547448082002374,0.357727131685079,NaN,NaN,NaN,NaN
0.530548719965213,0.393592703613723,0.337724962182315,NaN,NaN,NaN
0.460607549484043,0.234649653976225,NaN,NaN,NaN,NaN
0.438327526270143,0.216309978508972,NaN,NaN,NaN,NaN
0.526839664792242,0.286295336171185,NaN,NaN,NaN,NaN
0.586948562211494,0.483624306368718,0.20559313091969,NaN,NaN,NaN
0.600310159080726,0.357919152819112,0.372479547070572,NaN,NaN,NaN
0.456639245178963,NaN,NaN,NaN,NaN,NaN
0.506562679080897,0.261930603292345,0.373984947105542,NaN,NaN,NaN
0.603303473476744,0.437484257247825,0.565136487159889,NaN,NaN,NaN
0.565303946913295,0.280333523798372,NaN,NaN,NaN,NaN
0.435322027920396,0.343212906040408,NaN,NaN,NaN,NaN
0.620316794111589,0.383990269393611,0.200376917498124,0.28933981315092,NaN,NaN
0.7093224896995,0.254696837859916,0.317518233672067,NaN,NaN,NaN
0.397361897954748,0.3191932506339,NaN,NaN,NaN,NaN
0.463072401293461,0.415585233154604,NaN,NaN,NaN,NaN
0.557012445484766,0.374362246981114,0.228801598617004,NaN,NaN,NaN
0.630873930292075,0.388163769969892,NaN,NaN,NaN,NaN
0.573745902063505,0.291876743464512,NaN,NaN,NaN,NaN
0.501125178898079,0.244595206847083,NaN,NaN,NaN,NaN
0.393377691734848,0.329912459587576,NaN,NaN,NaN,NaN
0.457012730868692,0.332667891617226,NaN,NaN,NaN,NaN
0.578407405136832,0.268443969014543,NaN,NaN,NaN,NaN
0.721186942664139,0.447699370941383,NaN,NaN,NaN,NaN
0.362980809467637,0.339588876516592,NaN,NaN,NaN,NaN
0.678833433319454,0.279131522843101,0.37994371176643,NaN,NaN,NaN
0.506200346044547,0.192549798463813,NaN,NaN,NaN,NaN
0.26861798077383,NaN,NaN,NaN,NaN,NaN
0.449350099654714,0.884762553176339,0.79517826492496,NaN,NaN,NaN
0.629881879771302,0.339814227800587,NaN,NaN,NaN,NaN
0.670308035686628,0.251200047708861,NaN,NaN,NaN,NaN
0.645521943417516,0.290797092415521,NaN,NaN,NaN,NaN
0.496807355490427,0.26586940874601,NaN,NaN,NaN,NaN
0.518955331535991,0.377826570771614,NaN,NaN,NaN,NaN
0.679815644869905,0.28326115030378,NaN,NaN,NaN,NaN
0.490340655926542,0.384998090637276,0.260788928457571,NaN,NaN,NaN
0.898840984210646,0.643084392424671,0.648749077139629,0.606592258623778,0.615923612342711,NaN
0.59030645239559,0.322034541765421,0.5026979918178,NaN,NaN,NaN
0.437107410151253,0.336246951818147,NaN,NaN,NaN,NaN
0.562882912934364,0.277597493153245,NaN,NaN,NaN,NaN
0.562714269827845,0.439788773493783,NaN,NaN,NaN,NaN
0.489976424692891,0.243860970848424,NaN,NaN,NaN,NaN
0.518495025906753,0.366250787892938,0.254951184793108,0.518908846179743,NaN,NaN
0.326240108588869,0.516599779994045,NaN,NaN,NaN,NaN
0.560816165971685,0.434526298627272,0.268970135662876,NaN,NaN,NaN
0.533047702565927,0.293128757446268,NaN,NaN,NaN,NaN
0.406772389663288,0.182408912992684,NaN,NaN,NaN,NaN
0.481404731629032,0.375896597748744,NaN,NaN,NaN,NaN
0.695388257688782,0.333303416636742,0.337861939770587,0.239041552270956,NaN,NaN
0.672857911903109,0.29479040059341,NaN,NaN,NaN,NaN
0.551060866007225,NaN,NaN,NaN,NaN,NaN
0.527859583427244,0.368540389772586,NaN,NaN,NaN,NaN
0.51146417091454,NaN,NaN,NaN,NaN,NaN
0.471022274265336,0.482194625637731,NaN,NaN,NaN,NaN
0.312192786635403,0.460499018213456,0.455087539594383,NaN,NaN,NaN
0.529488240934697,NaN,NaN,NaN,NaN,NaN
0.540118410766954,0.274612344729076,NaN,NaN,NaN,NaN
0.596246391863658,0.319359069164165,NaN,NaN,NaN,NaN
0.441194281424821,NaN,NaN,NaN,NaN,NaN
0.308717452688344,0.486166611667124,NaN,NaN,NaN,NaN
0.607005636740108,0.257280175217926,NaN,NaN,NaN,NaN
0.387749445725027,0.33136397447541,NaN,NaN,NaN,NaN
0.239757267223929,0.382468100506095,NaN,NaN,NaN,NaN
0.540080243657281,0.29103155573966,NaN,NaN,NaN,NaN
0.578045894390683,0.37656509720929,NaN,NaN,NaN,NaN
0.494649498849923,0.301417702922078,NaN,NaN,NaN,NaN
0.506749455096259,0.263268539143469,NaN,NaN,NaN,NaN
0.571419158955098,0.482469107124105,0.227501852353687,NaN,NaN,NaN
0.444519595027484,0.265296867171974,NaN,NaN,NaN,NaN
0.518810091734251,0.484728739857663,0.28855294949888,0.369312339225532,0.456600479508118,NaN
0.516838128339906,NaN,NaN,NaN,NaN,NaN
0.447098270537851,0.34114860087591,0.302723285727551,NaN,NaN,NaN
0.410346138908228,0.390034836152142,NaN,NaN,NaN,NaN
0.621364336617819,0.413190471521814,NaN,NaN,NaN,NaN
0.474586804119709,0.245080866478119,NaN,NaN,NaN,NaN
0.486976311958146,0.341251783546345,NaN,NaN,NaN,NaN
0.530652346366396,0.31712836293336,0.250950126927693,NaN,NaN,NaN
0.431293504503039,0.23665371094761,NaN,NaN,NaN,NaN
0.724274993905252,0.291630282242928,NaN,NaN,NaN,NaN
0.352040503022369,NaN,NaN,NaN,NaN,NaN
0.514338983301733,0.316041866063374,NaN,NaN,NaN,NaN
0.610430341687586,0.278322121824774,NaN,NaN,NaN,NaN
0.54541726298575,0.372761887052344,NaN,NaN,NaN,NaN
0.532593494791552,0.296434690830853,NaN,NaN,NaN,NaN
0.307189555360765,0.38338270338711,0.363482409101774,NaN,NaN,NaN
0.507669319115559,0.280371085529087,NaN,NaN,NaN,NaN
0.37672900684111,NaN,NaN,NaN,NaN,NaN
0.552586772571995,0.293870253724865,0.291703692916725,NaN,NaN,NaN
0.316596264697653,0.533152365506222,0.410662205999531,0.375533085554348,NaN,NaN
0.418214946355098,0.277602246862416,NaN,NaN,NaN,NaN
0.608445193673959,0.25660514393017,NaN,NaN,NaN,NaN
0.523478253814928,0.224234787294324,NaN,NaN,NaN,NaN
0.313012114751233,0.377058545628273,NaN,NaN,NaN,NaN
0.611463871842604,0.349016508265444,NaN,NaN,NaN,NaN
0.583649488808257,0.28173376551893,NaN,NaN,NaN,NaN
0.576048534221205,0.2402964331071,NaN,NaN,NaN,NaN
0.553359884140288,0.391373744849295,NaN,NaN,NaN,NaN
0.553040886464893,0.326626433330963,NaN,NaN,NaN,NaN
0.545910962521053,0.327286957628968,NaN,NaN,NaN,NaN
0.496878573153528,0.271633280598933,0.327531000815219,NaN,NaN,NaN
0.619844710418972,0.394642113590462,0.413573035301342,NaN,NaN,NaN
0.556243449155465,0.186409560812885,NaN,NaN,NaN,NaN
0.506019705202973,0.324613046837034,0.445487085992848,NaN,NaN,NaN
0.406983465244946,0.532420797187175,NaN,NaN,NaN,NaN
0.364191708727019,0.366799206929027,NaN,NaN,NaN,NaN
0.470260794112436,0.299738072507289,NaN,NaN,NaN,NaN
0.547828473909855,0.363316478634686,0.29215257695585,NaN,NaN,NaN
0.403357955703904,NaN,NaN,NaN,NaN,NaN
0.620692730780903,0.225925185628455,NaN,NaN,NaN,NaN
0.492432077938344,0.231342282269542,NaN,NaN,NaN,NaN
0.632976693804501,0.272026842583392,NaN,NaN,NaN,NaN
0.606634120965785,0.410361735115024,0.373409170607861,NaN,NaN,NaN
0.467429029147029,0.494936830215812,0.349769179924151,0.368651883570085,0.257077375413495,NaN
0.506587215302162,0.31061465283576,NaN,NaN,NaN,NaN
0.480892070799601,NaN,NaN,NaN,NaN,NaN
0.486185120016735,0.299982470908722,NaN,NaN,NaN,NaN
0.576277870227644,0.254943327528943,0.445441398410393,NaN,NaN,NaN
0.671031973465744,0.43056040411327,0.725923954616674,0.278380301178791,NaN,NaN
0.500802947801269,0.3337203482886,NaN,NaN,NaN,NaN
0.57195027586302,0.345376894529396,NaN,NaN,NaN,NaN
0.523479665480913,0.194345824699222,NaN,NaN,NaN,NaN
0.441335496520491,0.270989230445197,NaN,NaN,NaN,NaN
0.566218756897029,0.384677891212478,0.421894118539384,0.239888147506706,0.287340405649813,NaN
0.374302299789246,NaN,NaN,NaN,NaN,NaN
0.495567547012594,0.262412799821213,NaN,NaN,NaN,NaN
0.472496268887031,NaN,NaN,NaN,NaN,NaN
0.505024485233311,0.227021456496373,NaN,NaN,NaN,NaN
0.491162774353966,0.322027961475247,NaN,NaN,NaN,NaN
0.565568664428855,0.330113864326653,NaN,NaN,NaN,NaN
0.508737694363358,0.283356123105812,0.352423924573656,0.334410952588819,NaN,NaN
0.518972045947939,0.241872514198234,0.275109511044779,0.312292698905306,NaN,NaN
0.421799215708527,0.434461453247899,NaN,NaN,NaN,NaN
0.414639951500125,0.328196188781513,NaN,NaN,NaN,NaN
0.615365680204951,0.416698327093963,0.368551707563981,NaN,NaN,NaN
0.525570643119861,0.355573865686856,NaN,NaN,NaN,NaN
0.5399592729787,0.301419072429833,NaN,NaN,NaN,NaN
0.266531765059321,NaN,NaN,NaN,NaN,NaN
0.699715323892013,0.381928631800799,0.407416300997944,NaN,NaN,NaN
0.721247039009718,0.370887656803646,NaN,NaN,NaN,NaN
0.534549921222712,0.310137871227943,NaN,NaN,NaN,NaN
0.43085089683238,0.313287252847753,NaN,NaN,NaN,NaN
0.524462042981284,0.377768406873001,NaN,NaN,NaN,NaN
0.471990160561007,0.332903844982866,NaN,NaN,NaN,NaN
0.718540483065916,0.350630450719318,NaN,NaN,NaN,NaN
0.44871213158299,0.310611846354464,NaN,NaN,NaN,NaN
0.493687593592033,0.262981267455956,NaN,NaN,NaN,NaN
0.83624470960839,0.589346043577541,0.711517957572871,NaN,NaN,NaN
0.308618301174066,0.295130295491191,NaN,NaN,NaN,NaN
0.541162208913657,0.281272315446002,NaN,NaN,NaN,NaN
0.635180801463335,0.261579327521295,NaN,NaN,NaN,NaN
0.439642646332697,NaN,NaN,NaN,NaN,NaN
0.474248250900326,0.307436858837533,NaN,NaN,NaN,NaN
0.440913573510058,0.330452106666884,NaN,NaN,NaN,NaN
0.515198073264718,0.28779926450284,NaN,NaN,NaN,NaN
0.630570347760366,0.290743151655767,0.399654732900074,NaN,NaN,NaN
0.459086563285988,0.249185707935309,NaN,NaN,NaN,NaN
0.522853667688224,0.355428634319594,0.197906405983111,NaN,NaN,NaN
0.425481345111299,NaN,NaN,NaN,NaN,NaN
0.550878812164657,NaN,NaN,NaN,NaN,NaN
0.416249342556654,0.395202083385211,NaN,NaN,NaN,NaN
0.531365023967853,0.456078006190553,0.224656697775318,NaN,NaN,NaN
0.613486463855313,0.238736946603235,NaN,NaN,NaN,NaN
0.545028375793229,0.338513706298194,0.30611350651571,0.29671036655007,NaN,NaN
0.584185129478446,0.236562990232517,NaN,NaN,NaN,NaN
0.654281202467756,NaN,NaN,NaN,NaN,NaN
0.507227714847609,0.271386320357914,NaN,NaN,NaN,NaN
0.506222645579288,0.289456096409279,NaN,NaN,NaN,NaN
0.546159050186021,0.246442684486308,NaN,NaN,NaN,NaN
0.282163238449543,0.442881557025804,NaN,NaN,NaN,NaN
0.703318542558851,0.255504946455262,NaN,NaN,NaN,NaN
0.625972273315179,0.304417557812092,NaN,NaN,NaN,NaN
0.329618194426887,0.521880029315633,NaN,NaN,NaN,NaN
0.498147674269367,0.304853816083423,NaN,NaN,NaN,NaN
0.428310286833471,NaN,NaN,NaN,NaN,NaN
0.647914573380713,1.17469966623461,1.2493373345405,NaN,NaN,NaN
0.63240058770149,0.400288639914815,NaN,NaN,NaN,NaN
0.687174154844533,0.332173911846966,NaN,NaN,NaN,NaN
0.45415828923246,0.33617541455223,NaN,NaN,NaN,NaN
0.471737683393509,0.386813036776497,NaN,NaN,NaN,NaN
0.684572115542461,0.236906481763663,NaN,NaN,NaN,NaN
0.437193372634421,0.290967578511397,NaN,NaN,NaN,NaN
0.541784530407155,0.322462614787865,0.237860351424157,NaN,NaN,NaN
0.612007529909695,NaN,NaN,NaN,NaN,NaN
0.395311501670686,0.379155025934661,NaN,NaN,NaN,NaN
0.348036236053731,NaN,NaN,NaN,NaN,NaN
0.496689927587288,0.245318131093228,NaN,NaN,NaN,NaN
0.625916173240008,0.531630388603327,0.353479236788185,NaN,NaN,NaN
0.719706608635354,NaN,NaN,NaN,NaN,NaN
0.611248353356745,0.521844190487834,NaN,NaN,NaN,NaN
0.564634416956592,0.297567204368347,NaN,NaN,NaN,NaN
0.770968246814812,0.397466871125583,NaN,NaN,NaN,NaN
0.731644799656065,0.336450017600964,NaN,NaN,NaN,NaN
0.588585343807993,0.24983911882418,NaN,NaN,NaN,NaN
0.530416829109081,0.265340531850224,NaN,NaN,NaN,NaN
0.676917796003559,0.262522590158625,NaN,NaN,NaN,NaN
0.521344202891203,0.322490082124742,NaN,NaN,NaN,NaN
0.554367931423918,0.321274162939273,NaN,NaN,NaN,NaN
0.324821660980874,0.478157615896843,NaN,NaN,NaN,NaN
0.497323427747981,0.189179011654084,NaN,NaN,NaN,NaN
0.500557209726299,NaN,NaN,NaN,NaN,NaN
0.492523590784448,0.371821660154494,NaN,NaN,NaN,NaN
0.417231487276218,0.405577952834067,NaN,NaN,NaN,NaN
0.141976841773387,0.580848066624388,NaN,NaN,NaN,NaN
0.380720791490703,0.487976892357474,0.13720803247196,NaN,NaN,NaN
0.453338462799977,0.305368839890102,NaN,NaN,NaN,NaN
0.493558665598289,0.264737657832741,NaN,NaN,NaN,NaN
0.540281216297973,0.362612414843001,NaN,NaN,NaN,NaN
0.474409240532462,0.244322365727301,NaN,NaN,NaN,NaN
0.618198533207238,0.196688027348478,0.396418733384594,NaN,NaN,NaN
0.554717530042374,0.328581102127158,0.368639125691569,0.370673342859864,NaN,NaN
0.367084822077914,0.204153582680793,NaN,NaN,NaN,NaN
0.412255717521999,0.441939743891021,NaN,NaN,NaN,NaN
0.527782331343059,0.33962978416525,NaN,NaN,NaN,NaN
0.527313442226901,0.395379305340258,NaN,NaN,NaN,NaN
0.635965047609767,0.355989968713548,NaN,NaN,NaN,NaN
0.296569577579857,0.452257544839745,0.481429406870624,0.254152417731893,NaN,NaN
0.538802445286917,0.20840674340299,NaN,NaN,NaN,NaN
0.582529488621949,0.401811353811785,NaN,NaN,NaN,NaN
0.366194179354639,NaN,NaN,NaN,NaN,NaN
0.51501709721577,0.316134446653167,NaN,NaN,NaN,NaN
0.56708609135277,0.33412092737642,NaN,NaN,NaN,NaN
0.35044707439871,NaN,NaN,NaN,NaN,NaN
0.495034491107234,0.329010977028714,NaN,NaN,NaN,NaN
0.520655205476044,0.469292223370192,0.197354180884311,NaN,NaN,NaN
0.434622142616597,0.297282520056584,NaN,NaN,NaN,NaN
0.571380997933967,0.314376525235261,0.232634198368495,NaN,NaN,NaN
0.504074778001232,NaN,NaN,NaN,NaN,NaN
0.599806924182007,0.275095665801503,NaN,NaN,NaN,NaN
0.518667343642724,0.270801288378502,NaN,NaN,NaN,NaN
0.514386862834286,0.303906880719542,NaN,NaN,NaN,NaN
0.2355435004328,0.490506949915165,NaN,NaN,NaN,NaN
0.500131998913484,0.238906006845518,NaN,NaN,NaN,NaN
0.559695143750637,0.236658765557721,NaN,NaN,NaN,NaN
0.578070632956675,0.208302426321115,NaN,NaN,NaN,NaN
0.413290482402284,0.295920549463809,0.365467604054914,NaN,NaN,NaN
0.468994831475878,0.345134165207973,NaN,NaN,NaN,NaN
0.457434526183271,NaN,NaN,NaN,NaN,NaN
0.412450919347592,0.208408759237448,NaN,NaN,NaN,NaN
0.629812362532535,0.316515031571861,NaN,NaN,NaN,NaN
0.323026706914705,0.596879657445384,0.280160026599621,0.284924401192187,0.352555741197204,0.234477479528018
0.560641603428279,0.303683728896078,0.467022621839941,NaN,NaN,NaN
0.574087816455183,0.229981153317519,NaN,NaN,NaN,NaN
0.562228015912617,0.266847627728386,NaN,NaN,NaN,NaN
0.672889798346388,0.383761038481889,0.496420908210546,NaN,NaN,NaN
0.484258445864413,0.422784874203515,0.335245316849518,NaN,NaN,NaN
0.570267072260471,0.253828644022285,NaN,NaN,NaN,NaN
0.581354497358601,0.33662102314481,NaN,NaN,NaN,NaN
0.637162077605185,0.308145042566619,NaN,NaN,NaN,NaN
0.490121351881229,0.201107128764962,NaN,NaN,NaN,NaN
0.645352303785416,0.35217363053652,NaN,NaN,NaN,NaN
0.634994333545787,0.36654730432236,0.373327816924286,NaN,NaN,NaN
0.767249172329162,NaN,NaN,NaN,NaN,NaN
0.406559845391184,0.424993039880537,NaN,NaN,NaN,NaN
0.567008396964977,0.30337562104382,NaN,NaN,NaN,NaN
0.605407398781009,0.333463323571317,0.423534370443161,NaN,NaN,NaN
0.608454450906539,0.349704280398331,0.389585600264979,NaN,NaN,NaN
0.433935834216357,0.310086184901233,0.402392476562816,NaN,NaN,NaN
0.525481582864709,0.45761582890386,NaN,NaN,NaN,NaN
0.360251066912105,0.481962575511829,NaN,NaN,NaN,NaN
0.427129230006421,0.323434368735637,0.26139488308847,NaN,NaN,NaN
0.601301575137417,0.275228062641645,NaN,NaN,NaN,NaN
0.598845686752842,0.304008839692778,NaN,NaN,NaN,NaN
0.483807308656123,0.286832702753756,NaN,NaN,NaN,NaN
0.519246759099409,0.38882181754069,0.30054229204486,NaN,NaN,NaN
0.568560675584528,0.272056465347955,NaN,NaN,NaN,NaN
0.513345603452306,0.498919314926488,NaN,NaN,NaN,NaN
0.490778898622827,0.173025395911608,NaN,NaN,NaN,NaN
0.518841394764696,0.341133700670439,0.341506266004731,NaN,NaN,NaN
0.52166352177769,0.280201437481501,NaN,NaN,NaN,NaN
0.400018881084111,NaN,NaN,NaN,NaN,NaN
0.431036243142109,0.410507142139208,0.252879474424763,NaN,NaN,NaN
0.542292657553858,1.04738521276873,0.628730082576151,1.00541150055359,NaN,NaN
0.517887380684228,0.260012578829048,NaN,NaN,NaN,NaN
0.416033348859352,0.486957156811093,NaN,NaN,NaN,NaN
0.319314227658748,0.416246669881786,0.414017654574609,NaN,NaN,NaN
0.635073163700474,0.264625638436685,NaN,NaN,NaN,NaN
0.645149133902657,0.367594702426495,NaN,NaN,NaN,NaN
0.421822312497909,NaN,NaN,NaN,NaN,NaN
0.67681660133078,0.311266817493323,NaN,NaN,NaN,NaN
0.651366293693113,0.212660203808832,NaN,NaN,NaN,NaN
0.2603890430496,0.460456624394607,NaN,NaN,NaN,NaN
0.579432255868847,0.375256205836207,0.4112791129031,0.347969525773559,NaN,NaN
0.370116134564552,NaN,NaN,NaN,NaN,NaN
0.304701438043842,0.499130396452168,0.24369765980985,NaN,NaN,NaN
0.509141231040629,0.244394301897221,NaN,NaN,NaN,NaN
0.363778192549629,0.317604948905258,NaN,NaN,NaN,NaN
0.504403867163019,0.420336991427825,NaN,NaN,NaN,NaN
0.514634029980039,0.289156309309294,NaN,NaN,NaN,NaN
0.44192243668505,0.328221328673141,NaN,NaN,NaN,NaN
0.498567802906441,0.234361779870675,NaN,NaN,NaN,NaN
0.474627790941494,NaN,NaN,NaN,NaN,NaN
0.547053011372365,0.28915393454908,NaN,NaN,NaN,NaN
0.681378396111867,0.365431221789395,NaN,NaN,NaN,NaN
0.451063374443654,NaN,NaN,NaN,NaN,NaN
0.698445828243313,0.365682584570776,0.210496404928122,NaN,NaN,NaN
0.563420498369902,0.237741213425967,NaN,NaN,NaN,NaN
0.565008506097131,0.353971771278781,0.250344582047938,NaN,NaN,NaN
0.427264842274891,0.305159793393391,NaN,NaN,NaN,NaN
0.481287778038317,0.477936492662361,0.412286288376366,NaN,NaN,NaN
0.619113204152185,0.526458263906719,0.388080698826494,0.493155156152933,0.20880078205477,0.365140760426287
0.551495457335047,0.328392890906793,NaN,NaN,NaN,NaN
0.519473847063334,0.512076844953978,0.354104989896043,0.236524987504851,NaN,NaN
0.468854212664174,0.351574488129682,NaN,NaN,NaN,NaN
0.605393705896026,0.474612138616537,NaN,NaN,NaN,NaN
0.669548193025095,0.313326575059542,NaN,NaN,NaN,NaN
0.468139644778539,0.306141883415628,NaN,NaN,NaN,NaN
0.673091337870318,0.418668842808811,0.351620474862769,NaN,NaN,NaN
0.569965416202483,0.261643029130407,0.279125169418567,NaN,NaN,NaN
0.502310569655669,0.259051931496736,NaN,NaN,NaN,NaN
0.602303658560195,0.300394833762671,NaN,NaN,NaN,NaN
0.439145771128205,0.308968293585188,NaN,NaN,NaN,NaN
0.555497459728464,0.422325674064206,0.270460070854859,NaN,NaN,NaN
0.57205066626704,0.227714897800608,NaN,NaN,NaN,NaN
0.509108062123865,0.273233669223094,0.490834569981922,NaN,NaN,NaN
0.610489555716904,0.31080096297034,NaN,NaN,NaN,NaN
0.449945289599634,NaN,NaN,NaN,NaN,NaN
0.43116318623421,0.310052439951818,NaN,NaN,NaN,NaN
0.467538871875925,0.47913479038359,0.412623090399018,NaN,NaN,NaN
0.619503443116042,0.287382931237034,0.281112476749757,NaN,NaN,NaN
0.456050407606786,NaN,NaN,NaN,NaN,NaN
0.514300516868868,0.306730240588709,0.27776080341988,NaN,NaN,NaN
0.591500995952797,0.219976520531318,NaN,NaN,NaN,NaN
0.548708258891695,0.236095105729689,NaN,NaN,NaN,NaN
0.451606740597218,0.548221747915418,0.322125374429086,0.201868343537736,NaN,NaN
0.687651894523571,0.232372362352875,NaN,NaN,NaN,NaN
0.654007931915215,0.443209283600184,NaN,NaN,NaN,NaN
0.445641754637554,0.344631421953125,NaN,NaN,NaN,NaN
0.513228504941843,0.37760311086728,NaN,NaN,NaN,NaN
0.508003159724588,0.35497293219604,0.310238905863406,NaN,NaN,NaN
0.50892866042364,0.278705637321242,NaN,NaN,NaN,NaN
0.507932449418736,NaN,NaN,NaN,NaN,NaN
0.894106195894077,0.449967381472817,0.971171975403166,NaN,NaN,NaN
0.44698160898331,0.204990441932254,NaN,NaN,NaN,NaN
0.36252423858249,NaN,NaN,NaN,NaN,NaN
0.513969942304683,0.329212020570511,NaN,NaN,NaN,NaN
0.568384578275452,0.317274214960481,0.271724547856439,NaN,NaN,NaN
0.564059669881318,0.275176203140149,NaN,NaN,NaN,NaN
0.500702794557367,0.223034093381655,NaN,NaN,NaN,NaN
0.579503060297732,0.384947082574567,NaN,NaN,NaN,NaN
0.321789780254785,0.414012574478226,NaN,NaN,NaN,NaN
0.436923001480248,0.310823367955783,NaN,NaN,NaN,NaN
0.577526628604266,0.329751599023966,NaN,NaN,NaN,NaN
0.554469481144582,0.354282539324812,NaN,NaN,NaN,NaN
0.564817329399699,0.216223783198453,0.334042772887731,0.46703937461577,NaN,NaN
0.585818459578266,0.402232988989089,0.334106943199138,NaN,NaN,NaN
0.433223310405844,0.308623131560912,0.332115541776323,NaN,NaN,NaN
0.500311221836242,0.300036248487469,NaN,NaN,NaN,NaN
0.698910037640224,0.2489719099989,NaN,NaN,NaN,NaN
0.381778923324481,0.274001650761702,NaN,NaN,NaN,NaN
0.702006090624287,0.348456008732846,NaN,NaN,NaN,NaN
0.558599006640266,0.411617277761506,0.312186821865783,NaN,NaN,NaN
0.723619005230479,0.447475034440506,0.243695661758755,NaN,NaN,NaN
0.562060832474021,0.311287974303568,NaN,NaN,NaN,NaN
0.567216040326924,0.312418151765738,NaN,NaN,NaN,NaN
0.598797610730792,0.357482895607356,NaN,NaN,NaN,NaN
0.669453462084274,0.323289735889585,NaN,NaN,NaN,NaN
0.540504884065811,0.272760635376676,NaN,NaN,NaN,NaN
0.554182749965488,0.286294658189292,NaN,NaN,NaN,NaN
0.444937285221872,0.302525171986951,NaN,NaN,NaN,NaN
0.364609456761508,0.328819411618207,NaN,NaN,NaN,NaN
0.536607821966272,0.312947702656341,NaN,NaN,NaN,NaN
0.411122093830793,NaN,NaN,NaN,NaN,NaN
0.42111271854776,0.322905319472631,0.277990143568799,NaN,NaN,NaN
0.564745469254728,NaN,NaN,NaN,NaN,NaN
0.509630632729309,0.256726376368569,NaN,NaN,NaN,NaN
0.617560687997947,0.358590280926149,NaN,NaN,NaN,NaN
0.531218452824789,0.208862243175743,0.338156559009363,NaN,NaN,NaN
0.477989330202043,0.27463417890549,NaN,NaN,NaN,NaN
0.575443537962639,0.3103022121512,NaN,NaN,NaN,NaN
0.488763812406673,0.32021990871939,NaN,NaN,NaN,NaN
0.751595878967377,0.214855264962456,NaN,NaN,NaN,NaN
0.563636094158343,0.336389037039565,NaN,NaN,NaN,NaN
0.656064159967132,0.2839417986112,0.466519340772963,NaN,NaN,NaN
0.470271673687398,0.354006799310671,NaN,NaN,NaN,NaN
0.505142809841818,0.457729262267549,NaN,NaN,NaN,NaN
0.577610270609127,0.276894294619585,NaN,NaN,NaN,NaN
0.318764826334572,0.338478799794409,0.25721705198334,0.33938660610019,0.200652942540007,NaN
0.431936708542963,NaN,NaN,NaN,NaN,NaN
0.533615486050506,0.272728464883891,NaN,NaN,NaN,NaN
0.620791032400786,0.358470259665601,NaN,NaN,NaN,NaN
0.543514525337909,0.381779144295115,0.196642264169542,NaN,NaN,NaN
0.731495394689744,0.289101433378254,NaN,NaN,NaN,NaN
0.500256553798109,0.357519290894459,NaN,NaN,NaN,NaN
0.624326925454447,0.314677719990515,NaN,NaN,NaN,NaN
0.381856598510891,0.159950683824747,NaN,NaN,NaN,NaN
0.872756422161852,0.553582392897561,0.337211059790943,0.428967870671393,NaN,NaN
0.669216392896497,0.290660750386797,NaN,NaN,NaN,NaN
0.407262037513509,0.480996156893253,NaN,NaN,NaN,NaN
0.552645364067442,0.381007221592285,0.384937682629381,NaN,NaN,NaN
0.537579977019211,0.329321783045054,NaN,NaN,NaN,NaN
0.494617489339355,0.340074796161162,NaN,NaN,NaN,NaN
0.576155732665783,0.322667758314297,NaN,NaN,NaN,NaN
0.393677467903358,0.513104601397252,0.412822254629239,0.307607345765426,0.404561621273834,NaN
0.685118427822709,0.338400523640822,NaN,NaN,NaN,NaN
0.343571823696732,0.332315676632245,0.346348656467981,NaN,NaN,NaN
0.547387156650381,0.318624127662973,NaN,NaN,NaN,NaN
0.353441039314715,NaN,NaN,NaN,NaN,NaN
0.582496596608457,0.170844916422465,0.28787405088964,NaN,NaN,NaN
0.438755797613663,0.227422414913174,NaN,NaN,NaN,NaN
0.656655707292309,0.323176781317734,0.253636921445364,NaN,NaN,NaN
0.546501009200035,0.231450417693007,0.421611681448594,NaN,NaN,NaN
0.647141447135998,0.347062764611345,NaN,NaN,NaN,NaN
0.649657980028521,0.356970718574249,0.235897987652424,NaN,NaN,NaN
0.678532942051082,0.307100904304731,NaN,NaN,NaN,NaN
0.63604083370484,0.230382219903539,NaN,NaN,NaN,NaN
0.420807777815846,0.318295047502907,NaN,NaN,NaN,NaN
0.708682488248147,0.312715024685717,0.640350203021562,0.588401376590061,0.585446411690358,NaN
0.384870354859563,0.291993307470241,NaN,NaN,NaN,NaN
0.601236684250493,0.31951832685414,NaN,NaN,NaN,NaN
0.298710375874662,0.418212893684125,NaN,NaN,NaN,NaN
0.509908684119086,0.186424557005473,NaN,NaN,NaN,NaN
0.500390439236342,0.232128010615265,NaN,NaN,NaN,NaN
0.447246063704854,0.348222920268005,NaN,NaN,NaN,NaN
0.555912157911558,NaN,NaN,NaN,NaN,NaN
0.479133330779527,0.342955820459066,0.374382849433115,NaN,NaN,NaN
0.302341886371819,0.404553472687232,NaN,NaN,NaN,NaN
0.539448879060419,0.290746479787819,NaN,NaN,NaN,NaN
0.559288159388663,0.27965211278766,NaN,NaN,NaN,NaN
0.416589396254708,0.174333491602744,NaN,NaN,NaN,NaN
0.301063023145959,0.763724164444694,1.09383064875782,1.13870231599261,0.314647318570199,0.65665841687678
0.53028401559014,1.063241594775,1.18392901183642,NaN,NaN,NaN
0.563751664096116,0.335397890800501,NaN,NaN,NaN,NaN
0.468006178239046,0.258761013142862,0.346399327883145,NaN,NaN,NaN
0.66509466937733,0.435940233839913,0.300774744667199,NaN,NaN,NaN
0.389413035827811,0.306322905264811,0.411187711629659,NaN,NaN,NaN
0.294541217502431,0.40352398856446,NaN,NaN,NaN,NaN
0.407223707016187,NaN,NaN,NaN,NaN,NaN
0.431616818416546,0.341686977432625,NaN,NaN,NaN,NaN
0.640466968973102,0.217807645159237,NaN,NaN,NaN,NaN
0.473656679190767,0.197399086016366,NaN,NaN,NaN,NaN
0.408892377543923,NaN,NaN,NaN,NaN,NaN
0.658356205411754,0.378933729050086,0.390505796119894,0.217548591913038,NaN,NaN
0.634312468312629,0.261472335950881,NaN,NaN,NaN,NaN
0.473517007473443,0.2028184095195,NaN,NaN,NaN,NaN
0.629146748766563,0.33187462030314,NaN,NaN,NaN,NaN
0.49226630546003,0.421856346381722,0.299361863615589,NaN,NaN,NaN
0.632174495705027,0.281984603947434,0.356079097484764,NaN,NaN,NaN
0.544920732640501,0.329811591249349,NaN,NaN,NaN,NaN
0.485033716908752,0.397688970312205,NaN,NaN,NaN,NaN
0.386581524134209,0.205169555736907,NaN,NaN,NaN,NaN
0.437854142993163,0.367385320673774,0.459182281810846,NaN,NaN,NaN
0.649825901584962,0.412405406268451,NaN,NaN,NaN,NaN
0.453120514061005,0.395592343108684,NaN,NaN,NaN,NaN
0.384391432025754,0.417281723500304,0.240132806717884,NaN,NaN,NaN
0.518117452406333,0.233503428509914,NaN,NaN,NaN,NaN
0.549474079857462,0.298646882557775,NaN,NaN,NaN,NaN
0.583764815231453,0.38035172528138,NaN,NaN,NaN,NaN
0.437781970976287,0.244570394568409,0.406527004405364,NaN,NaN,NaN
0.471324899025745,0.320275593657429,NaN,NaN,NaN,NaN
0.611050318253785,0.398860503370061,NaN,NaN,NaN,NaN
0.498189426134488,0.281729045257297,NaN,NaN,NaN,NaN
0.519326645839913,0.294454557578693,NaN,NaN,NaN,NaN
0.316180755727319,NaN,NaN,NaN,NaN,NaN
0.513259676169328,0.251998633149324,NaN,NaN,NaN,NaN
0.234830392277295,0.396039122467369,NaN,NaN,NaN,NaN
0.448233682033351,0.368459323813021,0.240821358470095,NaN,NaN,NaN
0.707039583844582,0.264371510467897,NaN,NaN,NaN,NaN
0.389441872261598,NaN,NaN,NaN,NaN,NaN
0.365064810204587,0.210442579722735,NaN,NaN,NaN,NaN
0.558364095745808,0.264448268794422,0.404572877958203,NaN,NaN,NaN
0.413614502335805,0.333077362791492,NaN,NaN,NaN,NaN
0.543928299349133,0.377328091206026,0.236434233787418,NaN,NaN,NaN
0.416962384907662,0.334973792675827,NaN,NaN,NaN,NaN
0.473373088969273,0.224410460094302,NaN,NaN,NaN,NaN
0.605432180817721,0.238979333200867,NaN,NaN,NaN,NaN
0.43809147665605,0.388626208515276,NaN,NaN,NaN,NaN
0.601091299301075,0.279046092041733,NaN,NaN,NaN,NaN
0.501392271009363,0.372472630552323,NaN,NaN,NaN,NaN
0.482319721895679,0.310631940618311,NaN,NaN,NaN,NaN
0.490254349894783,NaN,NaN,NaN,NaN,NaN
0.514998579482912,0.286270743179739,NaN,NaN,NaN,NaN
0.510199725019901,0.375177599759781,NaN,NaN,NaN,NaN
0.511159170937846,0.408455086198715,NaN,NaN,NaN,NaN
0.437024954297662,0.202567313986979,NaN,NaN,NaN,NaN
0.474259663471705,0.333441960211908,NaN,NaN,NaN,NaN
0.420690178554091,0.290697870475027,NaN,NaN,NaN,NaN
0.381141123905002,NaN,NaN,NaN,NaN,NaN
0.568352198915446,0.369163157092589,NaN,NaN,NaN,NaN
0.526676492759998,0.293516114116653,NaN,NaN,NaN,NaN
0.608844493593991,0.394644618612412,0.340827549864061,NaN,NaN,NaN
0.439705650679933,0.338173204476984,0.340842022320463,NaN,NaN,NaN
0.84273051485449,0.436007500186257,0.41060419951061,0.343350277004877,0.391548521486184,0.348701571070652
0.492749392577203,0.374417175499098,NaN,NaN,NaN,NaN
0.545910342008901,NaN,NaN,NaN,NaN,NaN
0.438568311267365,0.297927151126459,NaN,NaN,NaN,NaN
0.289001015637524,0.484932499689128,NaN,NaN,NaN,NaN
0.504714590494148,NaN,NaN,NaN,NaN,NaN
0.52910989771516,0.333593422451478,NaN,NaN,NaN,NaN
0.514369318318662,0.390725191032646,NaN,NaN,NaN,NaN
0.424694897537895,0.29608623713177,NaN,NaN,NaN,NaN
0.566028418914695,0.384178787517509,NaN,NaN,NaN,NaN
0.44224540616301,0.30382781931588,NaN,NaN,NaN,NaN
0.597140891010376,0.383214485920111,0.226728798098713,NaN,NaN,NaN
0.554028098349991,0.298628606921201,NaN,NaN,NaN,NaN
0.463410161470609,0.262822172368273,NaN,NaN,NaN,NaN
0.579834823385955,0.298858944769788,0.207004208478356,NaN,NaN,NaN
0.33135023847903,0.464503672036263,NaN,NaN,NaN,NaN
0.493933170715149,0.324800288660982,NaN,NaN,NaN,NaN
0.438298682926925,0.230539972241164,NaN,NaN,NaN,NaN
0.443763638188923,0.395966717629249,0.331678598793371,NaN,NaN,NaN
0.520320663358786,NaN,NaN,NaN,NaN,NaN
0.51569142828677,0.279944206299837,NaN,NaN,NaN,NaN
0.579554772532251,0.349335269372204,NaN,NaN,NaN,NaN
0.504948417397174,0.516519517725605,0.19018101416438,NaN,NaN,NaN
0.528708635063279,0.473897288373201,0.293401455852233,0.204834860643611,NaN,NaN
0.551820869664026,0.423859662473654,0.430270556961864,0.214374450396164,0.305307649444189,NaN
0.531628433552706,0.308591291769939,NaN,NaN,NaN,NaN
0.567466526765812,0.425541515327968,NaN,NaN,NaN,NaN
0.49754524574786,0.314295596750173,NaN,NaN,NaN,NaN
0.474123799653728,0.253255033634516,NaN,NaN,NaN,NaN
0.438830911866413,0.36272887241153,NaN,NaN,NaN,NaN
0.54703165125514,0.342485320017347,NaN,NaN,NaN,NaN
0.631787547759711,0.265582586385381,NaN,NaN,NaN,NaN
0.722760809292267,NaN,NaN,NaN,NaN,NaN
0.43197830389565,0.41737877120603,NaN,NaN,NaN,NaN
0.41532024998457,0.341651073658123,NaN,NaN,NaN,NaN
0.588342415492269,0.38348706035473,0.308124184074723,NaN,NaN,NaN
0.480682909106977,0.372360049535536,0.28525079482054,NaN,NaN,NaN
0.530495840829464,0.291052233726893,NaN,NaN,NaN,NaN
0.402412616706464,NaN,NaN,NaN,NaN,NaN
0.687760648687417,0.270025356904412,NaN,NaN,NaN,NaN
0.681297648643795,0.358260855736028,NaN,NaN,NaN,NaN
0.608159616158803,0.2959880080376,NaN,NaN,NaN,NaN
0.486205355616287,0.21792834365217,NaN,NaN,NaN,NaN
0.483881365834683,0.285279848561338,NaN,NaN,NaN,NaN
0.373954178450149,0.416246998738044,NaN,NaN,NaN,NaN
0.628385484874323,0.279064380125978,NaN,NaN,NaN,NaN
0.438374852670707,0.262141417050419,NaN,NaN,NaN,NaN
0.554466675583024,0.226954394052501,NaN,NaN,NaN,NaN
0.475561846080096,0.333826674185829,NaN,NaN,NaN,NaN
0.461099178852487,0.2375532642182,NaN,NaN,NaN,NaN
0.575563378356574,0.279466937124241,0.243675724501544,NaN,NaN,NaN
0.541907216393365,0.260260041652928,NaN,NaN,NaN,NaN
0.561782080737064,0.266335480491675,NaN,NaN,NaN,NaN
0.425882938276761,0.399099245401769,0.363808372375687,NaN,NaN,NaN
0.577923982757444,0.366117243864334,0.438174805478871,0.340494274074755,NaN,NaN
0.538178406465559,0.226659802485214,NaN,NaN,NaN,NaN
0.531508572504885,0.411139771500108,0.331098938792242,NaN,NaN,NaN
0.500650703953593,NaN,NaN,NaN,NaN,NaN
0.640933660607294,0.540521623262803,0.271387753020574,NaN,NaN,NaN
0.584148747079024,0.335780600750897,NaN,NaN,NaN,NaN
0.558357796463064,0.16472724490271,NaN,NaN,NaN,NaN
0.586489561554125,0.500836145137175,NaN,NaN,NaN,NaN
0.633827312334672,0.411588570851018,0.249567252453217,0.202710308965028,NaN,NaN
0.629208835035018,0.585295892209114,0.170164194407554,NaN,NaN,NaN
0.603665060129854,0.264081849901547,NaN,NaN,NaN,NaN
0.708429339630226,0.369918328034793,NaN,NaN,NaN,NaN
0.393670835375024,0.297991512226781,NaN,NaN,NaN,NaN
0.448889066707514,NaN,NaN,NaN,NaN,NaN
0.678145706221824,0.338625927195223,NaN,NaN,NaN,NaN
0.535263091137803,0.218960333850197,NaN,NaN,NaN,NaN
0.591310638649353,0.308768572270686,NaN,NaN,NaN,NaN
0.449724751550351,0.308744619722141,0.306710769693558,0.2944551431741,NaN,NaN
0.56389800013508,0.388922008300383,NaN,NaN,NaN,NaN
0.462167754031108,0.277931362854732,0.386859529809208,NaN,NaN,NaN
0.511026630205578,0.250589350941949,NaN,NaN,NaN,NaN
0.589279292803234,0.242402075134821,NaN,NaN,NaN,NaN
0.694509410577569,0.393865016559964,0.406747912119263,NaN,NaN,NaN
0.430504937157479,0.242560396886822,NaN,NaN,NaN,NaN
0.542561539097005,0.418168418484175,0.252943363489904,NaN,NaN,NaN
0.584208112771405,0.248507326520923,NaN,NaN,NaN,NaN
0.475564012354035,NaN,NaN,NaN,NaN,NaN
0.611467026267531,0.348632550704742,0.505777603810777,NaN,NaN,NaN
0.474964392722354,0.295260727744318,NaN,NaN,NaN,NaN
0.497146239682509,0.216810848024206,NaN,NaN,NaN,NaN
0.52651746715343,0.409216144318646,NaN,NaN,NaN,NaN
0.550909716059047,0.177804891227955,0.290034364083845,NaN,NaN,NaN
0.45796750644838,0.216055783483345,NaN,NaN,NaN,NaN
0.600301497552834,0.387880623523749,NaN,NaN,NaN,NaN
0.495965645085462,0.385453841829318,NaN,NaN,NaN,NaN
0.354117266051604,NaN,NaN,NaN,NaN,NaN
0.669489013006945,0.248411614360359,NaN,NaN,NaN,NaN
0.41684357789285,0.290942572428143,NaN,NaN,NaN,NaN
0.664864614248743,0.440511516195962,0.40412241955104,NaN,NaN,NaN
0.432112317382158,0.21639004594137,NaN,NaN,NaN,NaN
0.59811100621295,0.292481823179994,NaN,NaN,NaN,NaN
0.458943711666437,0.274391511756664,NaN,NaN,NaN,NaN
0.564222440248061,0.446454485003524,0.53340266084831,NaN,NaN,NaN
0.5286312396884,NaN,NaN,NaN,NaN,NaN
0.48416589816293,0.404835497713065,NaN,NaN,NaN,NaN
0.565673491021126,0.197163554639334,NaN,NaN,NaN,NaN
0.687161707395966,0.271863411506506,NaN,NaN,NaN,NaN
0.422741077100496,0.269778509821024,NaN,NaN,NaN,NaN
0.347974631407566,0.353407999036743,NaN,NaN,NaN,NaN
0.47809115551201,0.336274942083557,NaN,NaN,NaN,NaN
0.640087825668851,0.774113960439907,1.06325103559769,0.337876455691054,NaN,NaN
0.574464464168541,0.419110612743716,0.291637645289825,0.356778925778823,0.36680695389603,NaN
0.470637182841178,0.57838030368305,NaN,NaN,NaN,NaN
0.487612603128994,0.31735517015701,NaN,NaN,NaN,NaN
0.735212332390885,0.276671901848038,NaN,NaN,NaN,NaN
0.572016431487677,0.355612891666531,0.289311778197449,0.423745557095526,NaN,NaN
0.429360638638618,0.329780611448902,NaN,NaN,NaN,NaN
0.74935561629943,0.526675845629573,0.418992944558642,0.347272593023808,0.176418462714761,NaN
0.478833316970256,0.474591223263344,0.198309647282483,NaN,NaN,NaN
0.500850972254652,0.361501196111047,NaN,NaN,NaN,NaN
0.813947797470924,NaN,NaN,NaN,NaN,NaN
0.491224397027063,0.279482270191744,NaN,NaN,NaN,NaN
0.676744536250344,0.291802669576415,NaN,NaN,NaN,NaN
0.575461264022199,0.244948327346038,NaN,NaN,NaN,NaN
0.382706395204797,NaN,NaN,NaN,NaN,NaN
0.493536835779642,0.291964047000849,NaN,NaN,NaN,NaN
0.452303213846771,0.45800301726522,NaN,NaN,NaN,NaN
0.482691211798826,0.380479169897354,NaN,NaN,NaN,NaN
0.427736892039301,0.263059813100915,NaN,NaN,NaN,NaN
0.42816941410477,NaN,NaN,NaN,NaN,NaN
0.592676576225298,0.388430644671112,NaN,NaN,NaN,NaN
0.607962995579854,0.291591878626955,NaN,NaN,NaN,NaN
0.4882452965582,0.197852701145694,NaN,NaN,NaN,NaN
0.627805948444187,0.387418202671739,NaN,NaN,NaN,NaN
0.263408390231013,NaN,NaN,NaN,NaN,NaN
0.464227406820369,0.326705018733923,NaN,NaN,NaN,NaN
0.454363438092885,0.254803731381676,NaN,NaN,NaN,NaN
0.57553787471867,0.414345295102817,NaN,NaN,NaN,NaN
0.394993912169879,0.289062972408861,NaN,NaN,NaN,NaN
0.520626953843117,0.380027690600693,NaN,NaN,NaN,NaN
0.31120142920125,NaN,NaN,NaN,NaN,NaN
0.566982896143473,0.235953052838875,NaN,NaN,NaN,NaN
0.325491140676438,0.351956447059101,NaN,NaN,NaN,NaN
0.507194249309252,0.285429344948951,0.260445146773579,NaN,NaN,NaN
0.533837011824899,0.292271923499117,NaN,NaN,NaN,NaN
0.324150692317918,0.524398020021716,0.419791390744935,0.429644987383524,NaN,NaN
0.556775417219911,0.445311834857671,NaN,NaN,NaN,NaN
0.418441154832793,0.349600969345678,NaN,NaN,NaN,NaN
0.546565904354042,0.325975842864564,NaN,NaN,NaN,NaN
0.445113508608747,0.401372907718165,NaN,NaN,NaN,NaN
0.651042863440936,0.321047818801559,0.255689827634103,NaN,NaN,NaN
0.438296143238004,0.415559351015075,NaN,NaN,NaN,NaN
0.590010492266479,0.283395862893861,NaN,NaN,NaN,NaN
0.447315777591079,0.252495714486087,NaN,NaN,NaN,NaN
0.467484713907925,0.307886008881382,NaN,NaN,NaN,NaN
0.354988427642283,0.344709741321596,NaN,NaN,NaN,NaN
0.591617557847346,0.20046305083607,NaN,NaN,NaN,NaN
0.689008079210558,0.275832974462024,0.401989824487693,NaN,NaN,NaN
0.441057178922622,0.203520783297913,NaN,NaN,NaN,NaN
0.359745909197174,0.394705767372246,NaN,NaN,NaN,NaN
0.485047006109849,0.217107961107056,NaN,NaN,NaN,NaN
0.65931606926864,NaN,NaN,NaN,NaN,NaN
0.660164693401947,0.226732054055827,NaN,NaN,NaN,NaN
0.526576700432018,0.255491470298432,NaN,NaN,NaN,NaN
0.549487083299732,0.29103216268993,NaN,NaN,NaN,NaN
0.549804653596749,0.292466640041392,NaN,NaN,NaN,NaN
0.495502583989501,0.466986896864821,0.327065012645391,NaN,NaN,NaN
0.690489405850711,0.217602421559948,0.346061333464195,NaN,NaN,NaN
0.463523743002117,0.428514626603774,0.412092490861463,NaN,NaN,NaN
0.701768349126359,0.222151688277524,NaN,NaN,NaN,NaN
0.549884869688882,0.310183544971963,NaN,NaN,NaN,NaN
0.635399945440183,0.276657146625164,NaN,NaN,NaN,NaN
0.62029469700352,0.257741033836934,0.391164770755065,NaN,NaN,NaN
0.357803609122915,0.407786567772243,NaN,NaN,NaN,NaN
0.598369454356756,0.37647331588524,0.445428951747141,NaN,NaN,NaN
0.524408230918339,NaN,NaN,NaN,NaN,NaN
0.529888165933939,0.300565630223444,NaN,NaN,NaN,NaN
0.496815277082881,NaN,NaN,NaN,NaN,NaN
0.566722501782422,0.374114257385126,NaN,NaN,NaN,NaN
0.493289997338224,NaN,NaN,NaN,NaN,NaN
0.711026831641349,0.460958975355028,NaN,NaN,NaN,NaN
0.581731942056626,0.346355031714402,NaN,NaN,NaN,NaN
0.435598849364777,0.26832951560309,NaN,NaN,NaN,NaN
0.504497161104767,0.46411628600457,0.520419847227257,0.383791415852917,0.284834541988203,NaN
0.57800361359022,0.293244838023509,NaN,NaN,NaN,NaN
0.516645913278269,0.346792514254415,0.490534928922183,0.434794984971376,NaN,NaN
0.326874548091789,NaN,NaN,NaN,NaN,NaN
0.45371978338746,0.367472591055914,NaN,NaN,NaN,NaN
0.377159989124752,0.284213604260494,NaN,NaN,NaN,NaN
0.592908867583922,0.233524737816506,NaN,NaN,NaN,NaN
0.565094796947012,0.351785855761056,NaN,NaN,NaN,NaN
0.548646366599139,0.275852789938006,NaN,NaN,NaN,NaN
0.35408770153819,0.540747071719673,NaN,NaN,NaN,NaN
0.577849605947858,0.307546442293047,NaN,NaN,NaN,NaN
0.504897144407512,0.227082740160349,NaN,NaN,NaN,NaN
0.313789517448507,NaN,NaN,NaN,NaN,NaN
0.468324977751747,0.281880415550432,NaN,NaN,NaN,NaN
0.686787761240143,0.296713363901495,0.328975784817757,NaN,NaN,NaN
0.480465318216087,0.300751522171149,NaN,NaN,NaN,NaN
0.501479346612188,0.252904294802696,0.262660642212161,NaN,NaN,NaN
0.532106892656371,0.312350917655352,0.215647068543275,NaN,NaN,NaN
0.628709342659509,0.327225458373068,NaN,NaN,NaN,NaN
0.369318014359174,0.496367698806582,0.418785545234921,0.421548105078493,0.281979646128489,NaN
0.609031619687268,0.20260850355717,NaN,NaN,NaN,NaN
0.47054413194865,0.199507504137133,NaN,NaN,NaN,NaN
0.436325726217373,0.25725740650103,NaN,NaN,NaN,NaN
0.508100598749933,0.390393292570332,0.352292075065923,0.251893308225484,NaN,NaN
0.59308556017129,0.293218530299504,NaN,NaN,NaN,NaN
0.417585007241081,NaN,NaN,NaN,NaN,NaN
0.527215874053079,0.326852419799596,0.184144539136499,NaN,NaN,NaN
0.503735862364193,0.315982592178548,NaN,NaN,NaN,NaN
0.540313089163381,0.383185813583592,0.369268140045891,0.302364967401393,0.296656624553302,NaN
0.493986029338155,0.463125276365479,NaN,NaN,NaN,NaN
0.527505543552128,NaN,NaN,NaN,NaN,NaN
0.509661842051572,0.311354383071675,NaN,NaN,NaN,NaN
0.513850229891359,0.263297234744698,NaN,NaN,NaN,NaN
0.628837592142791,0.368696675194097,NaN,NaN,NaN,NaN
0.477462380964231,0.359270898746302,0.277314051544761,NaN,NaN,NaN
0.394589166023377,0.447834154030694,NaN,NaN,NaN,NaN
0.3803824842627,0.409534548126059,NaN,NaN,NaN,NaN
0.460558433336119,0.367002874735519,0.3448543405853,NaN,NaN,NaN
0.595907170433754,0.322430432455858,NaN,NaN,NaN,NaN
0.394543384598228,0.36201758774858,NaN,NaN,NaN,NaN
0.593240609033453,0.315273344677153,0.29146306236852,NaN,NaN,NaN
0.337966460064061,0.357840879281494,NaN,NaN,NaN,NaN
0.557839394681773,0.255246834471818,NaN,NaN,NaN,NaN
0.41517821655579,0.257831142386437,NaN,NaN,NaN,NaN
0.534703993746551,0.384820323127742,0.132641299162624,0.373055320578782,NaN,NaN
0.622231080063383,0.334611414042009,NaN,NaN,NaN,NaN
0.613382086628692,0.495428292862628,0.367621385360435,NaN,NaN,NaN
0.651946017771188,0.220834557531045,NaN,NaN,NaN,NaN
0.353642669886837,0.370196604912609,0.172494276891108,NaN,NaN,NaN
0.618774060269027,0.396973480856027,0.357909540446533,NaN,NaN,NaN
0.502543454002199,0.263922143440331,NaN,NaN,NaN,NaN
0.470488326367186,0.240557003323407,NaN,NaN,NaN,NaN
0.467428130820562,0.27468705997036,NaN,NaN,NaN,NaN
0.5289768855127,NaN,NaN,NaN,NaN,NaN
0.479469961957112,0.30575430174799,NaN,NaN,NaN,NaN
0.542018060999024,0.288679006834824,NaN,NaN,NaN,NaN
0.323195510138893,0.245826145117638,NaN,NaN,NaN,NaN
0.280511778242561,0.427345305729016,NaN,NaN,NaN,NaN
0.44283207580794,0.44919802374455,NaN,NaN,NaN,NaN
0.439847505261204,NaN,NaN,NaN,NaN,NaN
0.576205571651233,0.368844293687469,NaN,NaN,NaN,NaN
0.383139852252661,0.466674176645539,NaN,NaN,NaN,NaN
0.415691836657156,NaN,NaN,NaN,NaN,NaN
0.516919906805005,0.273130436210304,NaN,NaN,NaN,NaN
0.613200527808884,0.400627293805199,NaN,NaN,NaN,NaN
0.476171226405288,0.457429828366141,0.401163691600829,NaN,NaN,NaN
0.599253567249698,0.268660594540822,NaN,NaN,NaN,NaN
0.529088023244982,0.287685177644647,NaN,NaN,NaN,NaN
0.591384376500424,0.341815716992989,NaN,NaN,NaN,NaN
0.541857440415781,NaN,NaN,NaN,NaN,NaN
0.504548308592653,0.324492395624325,NaN,NaN,NaN,NaN
0.276670856439105,0.470811898271693,NaN,NaN,NaN,NaN
0.610486423173012,0.434152859230378,0.267920313626939,0.381422784991356,NaN,NaN
0.585896931945485,0.268132842069364,NaN,NaN,NaN,NaN
0.586937526317326,0.380039514508175,0.216538061057357,NaN,NaN,NaN
0.603160547550657,0.225078436205916,NaN,NaN,NaN,NaN
0.637887660569002,NaN,NaN,NaN,NaN,NaN
0.672669799059858,0.25048666190258,NaN,NaN,NaN,NaN
0.544689773648537,0.238584843083587,NaN,NaN,NaN,NaN
0.463320574683395,0.179060252342754,NaN,NaN,NaN,NaN
0.397850542032607,0.246352450304644,NaN,NaN,NaN,NaN
0.626452212957539,0.367880467267472,NaN,NaN,NaN,NaN
0.496937825511132,0.21358470262303,NaN,NaN,NaN,NaN
0.534701166716863,0.231748066787692,NaN,NaN,NaN,NaN
0.597473917090618,NaN,NaN,NaN,NaN,NaN
0.567850654116866,0.311851582964737,NaN,NaN,NaN,NaN
0.523580201758995,0.239842097396507,NaN,NaN,NaN,NaN
0.498466026336812,0.378435012444074,0.340412524516288,0.317849872603,NaN,NaN
0.524958108152963,0.329274066976967,NaN,NaN,NaN,NaN
0.555172125084471,0.374263446161849,0.251606839005312,NaN,NaN,NaN
0.560855969571594,0.318179651606135,NaN,NaN,NaN,NaN
0.616395347152878,NaN,NaN,NaN,NaN,NaN
0.625576407513941,0.26575780706795,NaN,NaN,NaN,NaN
0.491336891465708,0.241694052718154,NaN,NaN,NaN,NaN
0.70774271299753,0.740093746861599,0.774161002783991,NaN,NaN,NaN
0.423364066879795,0.159230336801521,NaN,NaN,NaN,NaN
0.548521307035629,0.273319415548434,NaN,NaN,NaN,NaN
0.606890337061221,0.218579155994991,0.314668484091614,NaN,NaN,NaN
0.679624297151509,0.312179917444408,NaN,NaN,NaN,NaN
0.532551972400134,0.292845731400395,NaN,NaN,NaN,NaN
0.528367525569302,0.263543008400202,NaN,NaN,NaN,NaN
0.413737492809913,0.379103997445623,NaN,NaN,NaN,NaN
0.441569545956678,0.371616973205563,NaN,NaN,NaN,NaN
0.348888176494509,0.316327693313863,NaN,NaN,NaN,NaN
0.46674967209202,NaN,NaN,NaN,NaN,NaN
0.461835139175423,0.322604171710547,NaN,NaN,NaN,NaN
0.59938425715023,NaN,NaN,NaN,NaN,NaN
0.575099828938258,0.26552213743734,NaN,NaN,NaN,NaN
0.532620717681159,0.219980011079036,NaN,NaN,NaN,NaN
0.75388627865918,0.363733474424656,0.602876623088655,0.381275276475221,NaN,NaN
0.446947644086902,0.5316779048499,NaN,NaN,NaN,NaN
0.550357722310482,0.249492263601656,0.444759974670976,NaN,NaN,NaN
0.60717817834287,0.276259026352196,NaN,NaN,NaN,NaN
0.418601333240602,NaN,NaN,NaN,NaN,NaN
0.614130167918819,0.241549341549276,NaN,NaN,NaN,NaN
0.53633142572656,0.359706742448851,NaN,NaN,NaN,NaN
0.362756355658087,0.461360965532461,NaN,NaN,NaN,NaN
0.488343343859326,0.315841299360173,NaN,NaN,NaN,NaN
0.624695958203753,0.283169374203775,NaN,NaN,NaN,NaN
0.524080331165213,0.259309028902541,NaN,NaN,NaN,NaN
0.464653519170823,0.234212215733458,NaN,NaN,NaN,NaN
0.515915651707577,0.206722796735934,NaN,NaN,NaN,NaN
0.509886459696703,0.363153291072803,NaN,NaN,NaN,NaN
0.535492827239524,0.240886314674535,NaN,NaN,NaN,NaN
0.491690670111919,NaN,NaN,NaN,NaN,NaN
0.482124049476961,0.324530758543815,0.206681946006014,NaN,NaN,NaN
0.371717367721466,0.316941900281709,NaN,NaN,NaN,NaN
0.417072591795049,0.22136559961303,NaN,NaN,NaN,NaN
0.551067106197599,0.289002274004532,NaN,NaN,NaN,NaN
0.485607468282051,NaN,NaN,NaN,NaN,NaN
0.603321291880414,0.263094524126862,NaN,NaN,NaN,NaN
0.423904965234813,0.305127727223634,NaN,NaN,NaN,NaN
0.597880977531265,0.332952445144927,NaN,NaN,NaN,NaN
0.505983710194735,0.312666676117752,NaN,NaN,NaN,NaN
0.520524462962818,0.27850459227052,NaN,NaN,NaN,NaN
0.490054401771951,0.297463233098568,NaN,NaN,NaN,NaN
0.395482594080317,0.363314909321535,NaN,NaN,NaN,NaN
0.443969984310973,NaN,NaN,NaN,NaN,NaN
0.497591361672112,0.177427062956806,NaN,NaN,NaN,NaN
0.444474646513271,0.284666760451072,NaN,NaN,NaN,NaN
0.62073844461517,0.310635967751515,0.336108992731119,NaN,NaN,NaN
0.501244097523518,0.469469660789316,0.493893669042555,NaN,NaN,NaN
0.57368856668343,0.236524997602156,NaN,NaN,NaN,NaN
0.559824488752586,0.289193458680228,NaN,NaN,NaN,NaN
0.728841299877324,0.467125635473651,0.341030171823431,0.285205231176331,0.463828386174525,NaN
0.432475083453783,0.223017710008608,NaN,NaN,NaN,NaN
0.511649683449238,0.230795363011908,0.398492044193062,NaN,NaN,NaN
0.539827064619321,0.269821146601525,0.366470950127963,NaN,NaN,NaN
0.554079036047727,0.439500500981363,0.323477136179425,0.377063754727975,NaN,NaN
0.651018760341565,0.296251476710836,0.332100821416756,NaN,NaN,NaN
0.554181241555824,0.435993153198161,0.256714744169137,NaN,NaN,NaN
0.491838619120469,0.268150123889588,0.313232291188235,NaN,NaN,NaN
0.618455881043928,0.269804212149795,NaN,NaN,NaN,NaN
0.572041618456286,0.318286959459577,NaN,NaN,NaN,NaN
0.555167516646656,NaN,NaN,NaN,NaN,NaN
0.734344412831041,0.187771243808267,NaN,NaN,NaN,NaN
0.418064756753408,0.393245902893452,NaN,NaN,NaN,NaN
0.476375897209488,0.38280706435712,0.353784604061618,NaN,NaN,NaN
0.581304460126967,0.547712918466896,0.561586767898942,0.329441691468818,NaN,NaN
0.502245099640753,0.265031269627647,NaN,NaN,NaN,NaN
0.292291882700775,0.544074101399525,NaN,NaN,NaN,NaN
0.558082646850766,0.375768616447121,0.214735674387122,NaN,NaN,NaN
0.637141243300079,0.314546233441057,NaN,NaN,NaN,NaN
0.702768551686664,1.00085752008772,0.891493012956575,NaN,NaN,NaN
0.415629641124505,0.490791015952818,0.258584230929092,NaN,NaN,NaN
0.555780058187719,0.348434367258951,0.388228925354779,NaN,NaN,NaN
0.528532642335861,0.305832385040464,NaN,NaN,NaN,NaN
0.47253793408375,0.372798899972751,NaN,NaN,NaN,NaN
0.505096306813603,0.410459390505778,0.283558286000911,NaN,NaN,NaN
0.465359986678756,0.243673043324749,NaN,NaN,NaN,NaN
0.50983411530792,0.27296022834398,0.311699931545433,NaN,NaN,NaN
0.415617406328233,0.588492714546994,0.281231768808051,NaN,NaN,NaN
0.373244156695537,0.318236560776833,NaN,NaN,NaN,NaN
0.555606376855822,0.51457170008492,0.379032945604658,NaN,NaN,NaN
0.521716262310821,0.32279250326605,0.266394347658996,0.330548501584961,0.32578071120673,NaN
0.510017684628421,0.314037749258241,NaN,NaN,NaN,NaN
0.637110749487569,0.428690999472824,0.221878100969068,0.402801307782321,NaN,NaN
0.441156862727122,0.289737678147081,0.298437911161313,NaN,NaN,NaN
0.414014354209011,0.277448281908276,NaN,NaN,NaN,NaN
0.532073418630594,0.263321233079531,NaN,NaN,NaN,NaN
0.508984325821155,0.256780101262215,NaN,NaN,NaN,NaN
0.69181612954237,0.44031202679278,0.507564021843957,0.285434487246789,0.299478639521644,NaN
0.649479614730868,0.407653471368152,0.32977567627809,NaN,NaN,NaN
0.580775986584935,0.282002662338793,NaN,NaN,NaN,NaN
0.475867718188685,0.37181488915998,NaN,NaN,NaN,NaN
0.438425347778118,0.408324451733408,0.362476424414575,NaN,NaN,NaN
0.473601590025381,0.475824458136092,0.435590713607607,0.509126921186284,NaN,NaN
0.341374673641496,0.334705322447533,0.350451732079781,NaN,NaN,NaN
0.643395992868755,0.324635978067483,0.264643049723179,NaN,NaN,NaN
0.488219571676923,0.208989740177652,NaN,NaN,NaN,NaN
0.567549860663766,NaN,NaN,NaN,NaN,NaN
0.444971016909451,0.393008875964277,0.297374927446884,NaN,NaN,NaN
0.512544758132955,0.238288692661159,NaN,NaN,NaN,NaN
0.50718865011248,0.218703275734962,NaN,NaN,NaN,NaN
0.612138734606604,0.266604495359557,NaN,NaN,NaN,NaN
0.561660431116096,0.152658737432066,NaN,NaN,NaN,NaN
0.510472099100864,0.234878963154077,NaN,NaN,NaN,NaN
0.455738694048301,0.232671114765005,NaN,NaN,NaN,NaN
0.456862148358173,0.33274237580075,NaN,NaN,NaN,NaN
0.423506493966938,0.324910472631424,NaN,NaN,NaN,NaN
0.542848152455327,0.337605781031011,NaN,NaN,NaN,NaN
0.55655257243121,0.230371147325572,NaN,NaN,NaN,NaN
0.46414060738857,0.439758695075617,NaN,NaN,NaN,NaN
0.544302612121262,0.51866938679942,0.341502546710051,0.371635980019327,NaN,NaN
0.706343679083016,0.44680847913406,0.196160454493688,NaN,NaN,NaN
0.479209888528037,0.305266617628536,NaN,NaN,NaN,NaN
0.629188013174528,0.227540745746379,NaN,NaN,NaN,NaN
0.649453259088271,0.402253032798558,0.510497757465547,0.364062888971369,NaN,NaN
0.517231403162813,0.384611132318009,NaN,NaN,NaN,NaN
0.529358176268469,0.27966589097169,NaN,NaN,NaN,NaN
0.655411099751253,0.277592512925621,NaN,NaN,NaN,NaN
0.416507804610356,0.291364750851058,NaN,NaN,NaN,NaN
0.500950727578384,0.295589737663319,NaN,NaN,NaN,NaN
0.498216115003594,0.220824114943867,NaN,NaN,NaN,NaN
0.560134304823031,0.260054402208299,NaN,NaN,NaN,NaN
0.681707488953931,0.23536565332053,NaN,NaN,NaN,NaN
0.456224433576881,0.422367296995016,0.359316746734503,NaN,NaN,NaN
0.58060174799326,0.25293338667662,NaN,NaN,NaN,NaN
0.605105069924114,0.381765300738411,0.397934722924679,0.308139182302434,NaN,NaN
0.400230678290067,NaN,NaN,NaN,NaN,NaN
0.527892040027456,0.325523587904292,NaN,NaN,NaN,NaN
0.482386155814473,0.206500563371562,NaN,NaN,NaN,NaN
0.46337609160562,0.355796995679003,NaN,NaN,NaN,NaN
0.703345008090267,0.251521861701492,NaN,NaN,NaN,NaN
0.377389947513933,0.2736403357667,NaN,NaN,NaN,NaN
0.395544422767401,0.193384064155441,NaN,NaN,NaN,NaN
0.607812663367934,0.25548296456486,NaN,NaN,NaN,NaN
0.549832547299013,0.26361932738781,NaN,NaN,NaN,NaN
0.559597505585695,0.367267113729833,NaN,NaN,NaN,NaN
0.371696768855991,NaN,NaN,NaN,NaN,NaN
0.411641736027967,0.156409602678846,NaN,NaN,NaN,NaN
0.581342119106595,0.272844634461232,0.294493552830865,NaN,NaN,NaN
0.515658418464489,0.29419633804554,NaN,NaN,NaN,NaN
0.424666523374332,0.226985925601796,NaN,NaN,NaN,NaN
0.634132182699956,0.466351265742413,0.316458740599507,NaN,NaN,NaN
0.776927839188682,0.454879763595106,0.225239179972212,NaN,NaN,NaN
0.58094157822704,0.433110219241906,0.473946256352416,NaN,NaN,NaN
0.409322940252522,0.487400345977984,NaN,NaN,NaN,NaN
0.613862513366164,0.456275314481665,0.212510089849192,0.531629313382425,NaN,NaN
0.46398017988808,0.244391899896112,NaN,NaN,NaN,NaN
0.632443693987428,0.286581383336899,NaN,NaN,NaN,NaN
0.701722851202529,0.306940998474498,NaN,NaN,NaN,NaN
0.501392038255618,0.394690280170426,NaN,NaN,NaN,NaN
0.584045698298609,0.302519569640932,NaN,NaN,NaN,NaN
0.622324960605072,0.317904343856011,0.249432229073931,NaN,NaN,NaN
0.446221032543303,0.233965867037534,NaN,NaN,NaN,NaN
0.479845409261559,0.219168816337501,NaN,NaN,NaN,NaN
0.652539784763912,0.341348822487152,NaN,NaN,NaN,NaN
0.389175757271024,NaN,NaN,NaN,NaN,NaN
0.407705620950117,0.350979714136665,0.40015903432706,NaN,NaN,NaN
0.547455440004573,0.27392256135458,NaN,NaN,NaN,NaN
0.678945836100317,0.346700476885376,NaN,NaN,NaN,NaN
0.463474887912874,0.443449718732356,0.45805007720229,0.34214317359306,NaN,NaN
0.611365899388175,0.265681226762431,NaN,NaN,NaN,NaN
0.453280452544892,0.241266794736565,NaN,NaN,NaN,NaN
0.447494312075916,0.263933816005237,NaN,NaN,NaN,NaN
0.532918412776682,0.283429364298088,NaN,NaN,NaN,NaN
0.425547317793634,0.36990476636362,NaN,NaN,NaN,NaN
0.531764723396205,0.293480989839125,NaN,NaN,NaN,NaN
0.42044747439345,0.403293030939596,NaN,NaN,NaN,NaN
0.547361578295217,0.419562270914321,0.301554344358574,NaN,NaN,NaN
0.474752929644818,0.466100618289253,NaN,NaN,NaN,NaN
0.40063426117727,0.36080372812492,0.383537270682647,0.181634720166771,NaN,NaN
0.464491039330263,0.308682155880369,NaN,NaN,NaN,NaN
0.39929203226978,0.355298745370719,NaN,NaN,NaN,NaN
0.591773374166519,0.360652770108853,0.285295122369757,NaN,NaN,NaN
0.419395857064377,0.287114119885963,NaN,NaN,NaN,NaN
0.499070230458835,0.247521479998057,NaN,NaN,NaN,NaN
0.331147643711617,0.664497997612723,0.894483826481453,NaN,NaN,NaN
0.325926876092876,0.300274286176754,NaN,NaN,NaN,NaN
0.512027747308149,0.16767072731416,NaN,NaN,NaN,NaN
0.534597806979311,0.213535510488097,NaN,NaN,NaN,NaN
0.57709057104885,0.315957859134859,0.219188940177561,0.355806407983762,NaN,NaN
0.481012656364609,0.330771784829201,NaN,NaN,NaN,NaN
0.533049018405041,0.340412741708808,NaN,NaN,NaN,NaN
0.594202116164892,0.34806091885787,NaN,NaN,NaN,NaN
0.474157352961459,0.368650587973242,NaN,NaN,NaN,NaN
0.5303762300077,0.222185420488951,NaN,NaN,NaN,NaN
0.536994672282571,0.317428521090252,NaN,NaN,NaN,NaN
0.412988510549496,0.267140106364356,NaN,NaN,NaN,NaN
0.662819240858054,0.400714525885444,0.278258686725352,NaN,NaN,NaN
0.420486415510772,0.295688651791179,0.328137596997812,NaN,NaN,NaN
0.716149405330585,0.445294838213612,0.537195943765083,0.211344290280044,NaN,NaN
0.457877916736387,0.366181335493779,0.290746373262126,NaN,NaN,NaN
0.538068611977065,0.353019449493232,NaN,NaN,NaN,NaN
0.584232798739275,0.427187229016898,NaN,NaN,NaN,NaN
0.238362276990189,0.570343365781451,NaN,NaN,NaN,NaN
0.353118837989052,0.269402008298217,0.270140792781224,NaN,NaN,NaN
0.435852557285138,0.276505526870131,0.259152630177772,NaN,NaN,NaN
0.471197929554258,0.266922822422302,NaN,NaN,NaN,NaN
0.655726372692217,0.436320478683985,0.272112450589865,NaN,NaN,NaN
0.304196401546552,0.390864705638924,NaN,NaN,NaN,NaN
0.467046431849448,0.242628408849902,NaN,NaN,NaN,NaN
0.554084903064558,0.297521007738557,0.444051198680494,NaN,NaN,NaN
0.593706092268183,0.21775591433835,NaN,NaN,NaN,NaN
0.507114703000618,0.396740577003655,0.170901863741343,0.338959793782623,NaN,NaN
0.496254797038968,0.42585893268668,0.258969968314774,NaN,NaN,NaN
0.482815004855203,0.447186948888198,0.387575493111601,0.226827277780038,NaN,NaN
0.391264840780791,NaN,NaN,NaN,NaN,NaN
0.500647888578744,0.413745453758781,NaN,NaN,NaN,NaN
0.491110895202393,0.336798639865142,NaN,NaN,NaN,NaN
0.446407997766246,0.250147582687087,NaN,NaN,NaN,NaN
0.571433249812911,0.244065471138312,NaN,NaN,NaN,NaN
0.582626820076131,0.328845202352997,NaN,NaN,NaN,NaN
0.610966009922314,0.297942218828038,NaN,NaN,NaN,NaN
0.404671762861473,0.477449366927883,NaN,NaN,NaN,NaN
0.480657214632701,0.213407394919201,NaN,NaN,NaN,NaN
0.550503767486945,0.204298562623101,NaN,NaN,NaN,NaN
0.454198822395355,0.333094070112758,NaN,NaN,NaN,NaN
0.39327011452528,0.441957413775823,0.380435106795523,0.433039439051645,0.221396261771718,NaN
0.473774293139279,0.304976527840189,NaN,NaN,NaN,NaN
0.435629426410744,0.274841953338811,NaN,NaN,NaN,NaN
0.325757522012295,0.289120023926163,NaN,NaN,NaN,NaN
0.56291890404105,0.294683188382985,NaN,NaN,NaN,NaN
0.522549741807709,NaN,NaN,NaN,NaN,NaN
0.586493774245191,0.287589102901809,0.255473389309279,NaN,NaN,NaN
0.560910007168168,NaN,NaN,NaN,NaN,NaN
0.450542686703843,0.19581860668226,NaN,NaN,NaN,NaN
0.409040754082778,0.295053123068455,NaN,NaN,NaN,NaN
0.494234395553678,NaN,NaN,NaN,NaN,NaN
0.508614907611887,0.324550394825245,NaN,NaN,NaN,NaN
0.417964418021395,0.300945701205065,NaN,NaN,NaN,NaN
0.460173674210932,0.236714861955935,NaN,NaN,NaN,NaN
0.552585831300999,0.239306750839111,NaN,NaN,NaN,NaN
0.512394483528613,0.287965876020025,NaN,NaN,NaN,NaN
0.722780901316977,NaN,NaN,NaN,NaN,NaN
0.536841041949224,0.313172666761479,NaN,NaN,NaN,NaN
0.619801806924715,0.500849129322822,0.141340803264301,NaN,NaN,NaN
0.509843225377969,0.232862459257914,NaN,NaN,NaN,NaN
0.65210156162841,0.177396828686443,NaN,NaN,NaN,NaN
0.545962639532138,0.424624767479493,0.26759418736184,NaN,NaN,NaN
0.493910209464724,0.276468845252081,NaN,NaN,NaN,NaN
0.436769913093224,0.224042827650903,NaN,NaN,NaN,NaN
0.507085095660248,0.314107241705157,NaN,NaN,NaN,NaN
0.56459423569401,0.277017835963028,NaN,NaN,NaN,NaN
0.370427133861487,0.19640525769759,NaN,NaN,NaN,NaN
0.560862803707278,0.353123018736494,0.206783649208302,NaN,NaN,NaN
0.410954712958721,NaN,NaN,NaN,NaN,NaN
0.538240309619197,0.242936074270452,NaN,NaN,NaN,NaN
0.386310444603329,NaN,NaN,NaN,NaN,NaN
0.592360595505024,NaN,NaN,NaN,NaN,NaN
0.330684818426003,NaN,NaN,NaN,NaN,NaN
0.580295003214268,0.301556357940735,NaN,NaN,NaN,NaN
0.519630743340981,0.359246924765603,NaN,NaN,NaN,NaN
0.57738746823013,0.315823361270358,0.439256299012834,0.447600037866952,NaN,NaN
0.502719393549828,0.24076417241483,NaN,NaN,NaN,NaN
0.456405321672392,0.263056848270957,NaN,NaN,NaN,NaN
0.540783831736748,NaN,NaN,NaN,NaN,NaN
0.651769680966267,NaN,NaN,NaN,NaN,NaN
0.568713726367162,0.436273284962267,0.236312801000529,NaN,NaN,NaN
0.548613145430607,0.343810073846264,0.355753740654355,0.382287512671888,0.285784265713188,NaN
0.35129019783738,0.500611343323944,NaN,NaN,NaN,NaN
0.529776908932461,0.365313344005917,NaN,NaN,NaN,NaN
0.507382876470302,0.231980775972094,NaN,NaN,NaN,NaN
0.559526867290116,0.244026553540593,NaN,NaN,NaN,NaN
0.509010442715266,0.32451760900072,NaN,NaN,NaN,NaN
0.645333332231568,0.401263740069305,NaN,NaN,NaN,NaN
0.558035386059073,0.29098534469363,NaN,NaN,NaN,NaN
0.506713729149359,0.255281320239625,NaN,NaN,NaN,NaN
0.346773289250079,0.302752932598252,NaN,NaN,NaN,NaN
0.390346754219734,0.25315116249436,NaN,NaN,NaN,NaN
0.505398921555784,0.260198796630106,0.327800774812856,NaN,NaN,NaN
0.571805253101901,NaN,NaN,NaN,NaN,NaN
0.469222753723117,0.241703128098927,NaN,NaN,NaN,NaN
0.477845471481905,0.246548306862371,NaN,NaN,NaN,NaN
0.43680042763377,0.190844120094931,NaN,NaN,NaN,NaN
0.428739987289861,0.38041959733832,NaN,NaN,NaN,NaN
0.498965263748066,NaN,NaN,NaN,NaN,NaN
0.628051903664793,0.392398773191017,NaN,NaN,NaN,NaN
0.621020758626251,0.451835814315913,NaN,NaN,NaN,NaN
0.379742343743819,0.426496792389244,NaN,NaN,NaN,NaN
0.547869568316818,0.249901215096073,0.305172094364625,NaN,NaN,NaN
0.469302660136961,0.204114435535247,NaN,NaN,NaN,NaN
0.618538961239187,0.323557990841614,NaN,NaN,NaN,NaN
0.38192203908304,0.172697309539196,NaN,NaN,NaN,NaN
0.483902436779057,0.343224591589462,NaN,NaN,NaN,NaN
0.432397831072325,0.214068024346266,NaN,NaN,NaN,NaN
0.742764323061019,0.401114519025399,0.397740679031624,NaN,NaN,NaN
0.616941757338674,0.987792997325548,1.29719519454804,NaN,NaN,NaN
0.30273298322671,0.237603354784236,NaN,NaN,NaN,NaN
0.521208144857814,0.381632334473078,NaN,NaN,NaN,NaN
0.446850394500239,0.277951086137073,0.293601101698366,NaN,NaN,NaN
0.695891111803901,0.27892262898246,NaN,NaN,NaN,NaN
0.507774524289041,0.462054686508966,NaN,NaN,NaN,NaN
0.558909676475404,0.380243682538817,0.315839173778635,0.495314054286434,NaN,NaN
0.447974427026181,0.242204097722085,NaN,NaN,NaN,NaN
0.563769508428619,0.278566890199524,NaN,NaN,NaN,NaN
0.306516713731805,NaN,NaN,NaN,NaN,NaN
0.611517209159362,0.216920193214172,NaN,NaN,NaN,NaN
0.376096454799152,0.278890868988587,NaN,NaN,NaN,NaN
0.551189122527046,0.372462733087816,0.412500898294561,0.326821356657505,NaN,NaN
0.573649849426964,0.308234651620381,NaN,NaN,NaN,NaN
0.18749133991861,0.622389646923479,NaN,NaN,NaN,NaN
0.277771380211714,NaN,NaN,NaN,NaN,NaN
0.459818436121241,0.245276331417854,NaN,NaN,NaN,NaN
0.415199838103115,0.238526353026784,NaN,NaN,NaN,NaN
0.460558531284523,0.277581530841759,NaN,NaN,NaN,NaN
0.523498956630719,0.377360354299765,NaN,NaN,NaN,NaN
0.547637671098614,0.347991595051394,0.40369475788584,0.340597006821534,NaN,NaN
0.545070464264196,0.285745863548072,NaN,NaN,NaN,NaN
0.518178041298298,0.227316606927733,NaN,NaN,NaN,NaN
0.480013712866253,0.367028616905435,NaN,NaN,NaN,NaN
0.504217019456374,0.262336308040487,NaN,NaN,NaN,NaN
0.547898925650318,0.201088063294391,NaN,NaN,NaN,NaN
0.625250268552382,0.232654157644176,NaN,NaN,NaN,NaN
0.517323689327879,0.259297554362413,NaN,NaN,NaN,NaN
0.465015134641923,0.249478516320794,NaN,NaN,NaN,NaN
0.424785242453181,0.260664886204043,NaN,NaN,NaN,NaN
0.654033820314058,0.254373970978473,NaN,NaN,NaN,NaN
0.613274593016472,0.317298304596757,NaN,NaN,NaN,NaN
0.645809161673568,0.550228305922673,0.413171826215847,0.359820735038905,NaN,NaN
0.553015929392722,0.331161842298673,NaN,NaN,NaN,NaN
0.533697657095624,0.504156294395286,0.26721343502736,0.163153354830976,NaN,NaN
0.441038360965595,0.21753196585389,NaN,NaN,NaN,NaN
0.541935353256637,0.30499913447333,NaN,NaN,NaN,NaN
0.433692137800423,0.207851836207915,NaN,NaN,NaN,NaN
0.442376021796341,0.227872774724684,NaN,NaN,NaN,NaN
0.694392857451578,0.517033776775718,0.520695410789588,0.339425498994826,NaN,NaN
0.497762101542743,0.26736246331996,0.339203595415387,NaN,NaN,NaN
0.635597734110225,0.274308477743909,NaN,NaN,NaN,NaN
0.562911885402876,0.383870085629286,NaN,NaN,NaN,NaN
0.546100253678868,0.304482202557547,NaN,NaN,NaN,NaN
0.642942476755454,0.347380188709841,NaN,NaN,NaN,NaN
0.59685577411151,0.443131803613089,0.360128709442456,NaN,NaN,NaN
0.55028835537819,0.228822050871205,0.335346267096303,NaN,NaN,NaN
0.629171158437449,0.438891507305312,NaN,NaN,NaN,NaN
0.601876132972409,0.310413513980422,0.389526269461247,NaN,NaN,NaN
0.430761020248989,0.237972757576164,NaN,NaN,NaN,NaN
0.619403429959336,0.388459947064795,0.242811537490066,NaN,NaN,NaN
0.347019457130122,NaN,NaN,NaN,NaN,NaN
0.672865431426499,0.405352057180931,0.340190601051227,NaN,NaN,NaN
0.441329160658064,0.21633335289216,0.356718063240816,NaN,NaN,NaN
0.509214691125912,0.296405134261768,0.292562706666445,NaN,NaN,NaN
0.404923599039242,NaN,NaN,NaN,NaN,NaN
0.461640117357089,0.258379858065617,NaN,NaN,NaN,NaN
0.448548875912981,NaN,NaN,NaN,NaN,NaN
0.444630835955599,0.347554416053026,NaN,NaN,NaN,NaN
0.549835604495479,0.232834001645293,NaN,NaN,NaN,NaN
0.532026124936962,0.273583169006418,NaN,NaN,NaN,NaN
0.4241838930961,NaN,NaN,NaN,NaN,NaN
0.587782105959606,0.338004089098418,NaN,NaN,NaN,NaN
0.517877571358794,0.239729500653488,NaN,NaN,NaN,NaN
0.593288397266289,0.36474888926646,0.35727364741602,0.27476314482712,0.236766460842251,NaN
0.538172943384279,0.347382302328582,NaN,NaN,NaN,NaN
0.566044369028789,0.313387350214785,NaN,NaN,NaN,NaN
0.422822701039519,NaN,NaN,NaN,NaN,NaN
0.488407293279025,0.215751538176331,NaN,NaN,NaN,NaN
0.581975679778384,0.293066080612459,NaN,NaN,NaN,NaN
0.514839528927458,0.537366231422102,0.41172270837994,NaN,NaN,NaN
0.464636549937667,0.233980102167691,NaN,NaN,NaN,NaN
0.297468205700292,0.474976202959079,NaN,NaN,NaN,NaN
0.55382737847772,0.303779726459859,NaN,NaN,NaN,NaN
0.267710885585417,0.565045834003236,0.421141301453643,0.53439166925181,0.305098932349925,NaN
0.539559079905764,0.287737704381477,NaN,NaN,NaN,NaN
0.67267368324728,0.266890867903309,NaN,NaN,NaN,NaN
0.498294851707706,0.215117837933699,NaN,NaN,NaN,NaN
0.634425039887962,0.388834166524361,0.288687454025166,0.295430177067984,NaN,NaN
0.53990334212185,0.304424807772972,NaN,NaN,NaN,NaN
0.406268040681513,0.500970090685873,0.267811803288572,NaN,NaN,NaN
0.627727577883769,0.23725708852835,0.365699020895956,NaN,NaN,NaN
0.383775745963165,0.162266158531614,NaN,NaN,NaN,NaN
0.517382891664021,0.229856231775162,NaN,NaN,NaN,NaN
0.589616188466103,0.227721749934328,NaN,NaN,NaN,NaN
0.683766833143771,0.40564255686933,NaN,NaN,NaN,NaN
0.575609367960047,0.370930791396665,0.212933846212685,0.289064344410496,NaN,NaN
0.543899894001445,0.49548269008122,0.285378952024988,NaN,NaN,NaN
0.486317038458541,0.35609884444017,0.536650226670701,NaN,NaN,NaN
0.533824624731034,0.562557016088443,0.31420019534556,0.302159751940536,NaN,NaN
0.483646726532806,0.290324680253224,NaN,NaN,NaN,NaN
0.41534308912618,0.336324422030593,NaN,NaN,NaN,NaN
0.382610560906979,0.230497237927204,NaN,NaN,NaN,NaN
0.4803371753404,0.404212815164889,0.377681265893952,NaN,NaN,NaN
0.442990665278974,0.254790288872663,NaN,NaN,NaN,NaN
0.423081416093628,0.286780747057258,NaN,NaN,NaN,NaN
0.608238793904589,0.145405419504916,NaN,NaN,NaN,NaN
0.416941399052582,0.376857992286052,0.211960008402035,NaN,NaN,NaN
0.384427399283055,0.29787494055732,NaN,NaN,NaN,NaN
0.615464751319403,0.262892943970382,NaN,NaN,NaN,NaN
0.595705222504681,0.363122729568379,0.199869719823488,NaN,NaN,NaN
0.40758191937084,NaN,NaN,NaN,NaN,NaN
0.532114095461959,0.401510529748128,NaN,NaN,NaN,NaN
0.615549101641401,0.288327199191538,NaN,NaN,NaN,NaN
0.490665288670445,NaN,NaN,NaN,NaN,NaN
0.516997167992082,0.323764884243954,0.198187389384701,NaN,NaN,NaN
0.608572181778276,0.355581218116464,NaN,NaN,NaN,NaN
0.63605071492862,0.462863344486038,0.212380504765539,NaN,NaN,NaN
0.561549510194894,0.341729721043898,NaN,NaN,NaN,NaN
0.585216982116794,0.169192678504862,NaN,NaN,NaN,NaN
0.609774331181872,0.372510342421477,NaN,NaN,NaN,NaN
0.552209289525443,0.399851241039479,NaN,NaN,NaN,NaN
0.462135797845999,0.459133429539569,NaN,NaN,NaN,NaN
0.57480948346931,0.322728839239106,NaN,NaN,NaN,NaN
0.58413292318602,0.310675794734166,0.414144776610684,0.217706923854971,NaN,NaN
0.516914036484182,0.35387025592553,NaN,NaN,NaN,NaN
0.51408520018632,0.327325781588879,0.44612474244379,NaN,NaN,NaN
0.518001316124849,0.274390482812824,NaN,NaN,NaN,NaN
0.511791607133091,0.336007187816968,NaN,NaN,NaN,NaN
0.535336249899331,0.271306239250136,NaN,NaN,NaN,NaN
0.668698324290974,NaN,NaN,NaN,NaN,NaN
0.652732508849992,0.278009581055571,NaN,NaN,NaN,NaN
0.33518546075038,NaN,NaN,NaN,NaN,NaN
0.626617099030658,0.357967766536329,0.278227466317054,NaN,NaN,NaN
0.581423097732387,0.450658720471558,0.330385669430549,0.32007447470508,0.33769369448153,NaN
0.638639390009743,0.378689838210829,0.308403413807752,NaN,NaN,NaN
0.423905302895625,0.229686922021893,NaN,NaN,NaN,NaN
0.502959987901549,0.193797896746199,NaN,NaN,NaN,NaN
0.567007978254679,0.359808989197349,0.361098414017957,NaN,NaN,NaN
0.573344617967911,0.270365831208508,NaN,NaN,NaN,NaN
0.588312830540679,0.338788788183456,0.391011069746148,NaN,NaN,NaN
0.438661152750362,0.222569046197303,NaN,NaN,NaN,NaN
0.46850134941586,0.411619989236801,0.507484478233843,0.322867502904675,NaN,NaN
0.434500180628207,0.448899920503848,NaN,NaN,NaN,NaN
0.5059517442392,0.393746342532031,NaN,NaN,NaN,NaN
0.305228028301098,0.429130615899754,NaN,NaN,NaN,NaN
0.357173935203396,0.299328561798346,NaN,NaN,NaN,NaN
0.565066800082111,0.368787534985707,NaN,NaN,NaN,NaN
0.48097210379365,0.228131728122022,NaN,NaN,NaN,NaN
0.61015161855589,0.367559601684986,0.404619500355099,0.168084273175902,NaN,NaN
0.282155641747598,NaN,NaN,NaN,NaN,NaN
0.551518160612554,0.219608160886305,NaN,NaN,NaN,NaN
0.545941543026707,0.346149542667146,NaN,NaN,NaN,NaN
0.532904380112178,0.345002812319037,NaN,NaN,NaN,NaN
0.613152105065994,0.269669792257612,NaN,NaN,NaN,NaN
0.699424614789904,0.211646674355709,NaN,NaN,NaN,NaN
0.466216415222527,0.453976002217851,NaN,NaN,NaN,NaN
0.630867332366173,0.351288186448922,NaN,NaN,NaN,NaN
0.429173441505487,0.3253365495529,NaN,NaN,NaN,NaN
0.579399654520673,0.376017678118357,0.283386319054281,NaN,NaN,NaN
0.531917770295045,0.453316411218682,NaN,NaN,NaN,NaN
0.539892047771593,0.288272460964104,0.390240574963617,NaN,NaN,NaN
0.627913061374862,NaN,NaN,NaN,NaN,NaN
0.404098326842271,0.292603660175045,NaN,NaN,NaN,NaN
0.553275162875503,0.359763868121217,NaN,NaN,NaN,NaN
0.399977603808099,NaN,NaN,NaN,NaN,NaN
0.627410974880311,0.276792364103113,NaN,NaN,NaN,NaN
0.448032503395497,NaN,NaN,NaN,NaN,NaN
0.507948331096599,0.239366147039802,NaN,NaN,NaN,NaN
0.5517545201345,0.279795687284218,0.421403369247035,NaN,NaN,NaN
0.398045591141349,0.452363489018927,0.327801216738132,0.360228049016596,NaN,NaN
0.523679931177721,0.31351339502946,NaN,NaN,NaN,NaN
0.553561463223288,0.361360988572671,0.25484091995655,NaN,NaN,NaN
0.410642501903934,0.275737791297343,NaN,NaN,NaN,NaN
0.560039624287327,0.305121496642917,NaN,NaN,NaN,NaN
0.500083055242213,0.315808557307338,NaN,NaN,NaN,NaN
0.631149947504193,0.445951017561964,0.218112765940002,NaN,NaN,NaN
0.46357239682769,0.389522926303616,0.317302935939726,0.346722247960089,NaN,NaN
0.450382613436667,0.376461917001147,NaN,NaN,NaN,NaN
0.597598275219045,0.340271338107474,NaN,NaN,NaN,NaN
0.912113770514774,0.627702942212908,0.325826116959599,1.33902333581352,NaN,NaN
0.901380543467678,0.503134638377014,0.651296235032397,NaN,NaN,NaN
0.537263454869705,0.183221552476229,NaN,NaN,NaN,NaN
0.538646668412529,0.497038945990539,0.281662816006472,NaN,NaN,NaN
0.512399899112271,0.220984131062435,NaN,NaN,NaN,NaN
0.657608208043866,0.275721287915829,0.240654785065578,NaN,NaN,NaN
0.661208648981581,0.323215532006506,NaN,NaN,NaN,NaN
0.575160018607164,0.297045702374262,NaN,NaN,NaN,NaN
0.602136710922652,0.439808581395729,0.15136006990299,NaN,NaN,NaN
0.337541472660229,0.328452521168735,NaN,NaN,NaN,NaN
0.590789611648825,0.367769744017143,0.308358230204397,NaN,NaN,NaN
0.583403983038982,0.279506677933515,NaN,NaN,NaN,NaN
0.525020866034333,0.340123752386986,NaN,NaN,NaN,NaN
0.342324315608322,0.237161032060607,NaN,NaN,NaN,NaN
0.567604289272548,0.227483380000023,NaN,NaN,NaN,NaN
0.644650179156947,0.305837513386851,0.361515808589072,NaN,NaN,NaN
0.567166005263298,0.282583269282838,NaN,NaN,NaN,NaN
0.63110635439614,0.581934412265067,0.418329280387175,0.290824012350879,0.250219137997101,NaN
0.729977837877375,NaN,NaN,NaN,NaN,NaN
0.35435256114922,NaN,NaN,NaN,NaN,NaN
0.627618270276728,0.286358012187214,NaN,NaN,NaN,NaN
0.47485056439156,0.12453512345528,NaN,NaN,NaN,NaN
0.5461864080434,0.316950888892185,NaN,NaN,NaN,NaN
0.580143644306117,0.280020103451461,NaN,NaN,NaN,NaN
0.528941835072634,0.367747918569334,0.236172989241532,NaN,NaN,NaN
0.535052321811628,NaN,NaN,NaN,NaN,NaN
0.420123247223042,0.257533402216831,NaN,NaN,NaN,NaN
0.597655451768414,0.249862443880126,0.352456754522549,NaN,NaN,NaN
0.587770849359901,0.245558828060369,NaN,NaN,NaN,NaN
0.353375951981805,0.333610295671846,NaN,NaN,NaN,NaN
0.53788908771811,0.308069110038897,NaN,NaN,NaN,NaN
0.555687065820845,1.33646170114277,1.3335540790396,NaN,NaN,NaN
0.670450835542551,0.265078851467194,NaN,NaN,NaN,NaN
0.618348136478745,0.354380174124358,NaN,NaN,NaN,NaN
0.752871412937992,0.466508026671374,0.198428540301277,0.375078900671629,NaN,NaN
0.373663549283925,0.384970073534724,NaN,NaN,NaN,NaN
0.464550058493824,0.289512132587765,NaN,NaN,NaN,NaN
0.389678621360318,0.563678847632073,0.209107907108494,0.387993683185801,NaN,NaN
0.466743235424923,0.359948112069313,NaN,NaN,NaN,NaN
0.436447624704082,0.317331381937011,NaN,NaN,NaN,NaN
0.537239501240495,0.270164298847813,NaN,NaN,NaN,NaN
0.542480963205358,0.330522813927003,NaN,NaN,NaN,NaN
0.675223360415478,0.480281826904191,0.400473232046947,NaN,NaN,NaN
0.509543571733834,NaN,NaN,NaN,NaN,NaN
0.599529724537597,0.33801660014541,0.32085458409797,0.210389745588215,NaN,NaN
0.550740765883614,0.307746481580437,NaN,NaN,NaN,NaN
0.496832338466918,0.244960911032851,0.303545040916412,NaN,NaN,NaN
0.407583527351251,0.212289026294685,NaN,NaN,NaN,NaN
0.444937076034716,0.321798583593841,NaN,NaN,NaN,NaN
0.613445028681513,0.296116756081064,NaN,NaN,NaN,NaN
0.533362648008471,0.343916327857397,NaN,NaN,NaN,NaN
0.46441813812428,0.518094723985413,NaN,NaN,NaN,NaN
0.524210862771819,0.348554239637492,NaN,NaN,NaN,NaN
0.606950688456535,0.291085453552907,NaN,NaN,NaN,NaN
0.624929230149827,0.259795097316173,NaN,NaN,NaN,NaN
0.605213864789667,0.38665850949652,0.521570708079692,0.416927657857634,NaN,NaN
0.362357134883054,NaN,NaN,NaN,NaN,NaN
0.552829404843276,0.397178872506073,0.224964229446388,0.377790211450973,NaN,NaN
0.4509169551186,0.277256896359824,NaN,NaN,NaN,NaN
0.638179951437247,0.330412560304551,0.367482885616491,NaN,NaN,NaN
0.541007469628175,0.30792487971078,NaN,NaN,NaN,NaN
0.442541969478944,0.313078543443519,NaN,NaN,NaN,NaN
0.514194184025627,0.260436303570285,0.276978692136634,0.275838193155136,NaN,NaN
0.64568222477264,0.286770236864869,NaN,NaN,NaN,NaN
0.495716949867692,0.253249949014914,NaN,NaN,NaN,NaN
0.507018203643722,0.248191515846153,NaN,NaN,NaN,NaN
0.503336457166133,0.290508272982888,NaN,NaN,NaN,NaN
0.539147193793353,0.221386728940812,NaN,NaN,NaN,NaN
0.632145158462769,0.44521104522869,NaN,NaN,NaN,NaN
0.647172811648678,NaN,NaN,NaN,NaN,NaN
0.552630511119751,0.231135632186784,NaN,NaN,NaN,NaN
0.60440432068835,0.360057345307573,NaN,NaN,NaN,NaN
0.436079107287625,0.29027010651953,0.330381585832028,NaN,NaN,NaN
0.419747644671364,0.566394696967897,NaN,NaN,NaN,NaN
0.483141497672481,0.461139700702111,0.569907176120854,0.526664879191115,0.423411692235923,0.539693220700562
0.483893015692082,0.321827663476351,NaN,NaN,NaN,NaN
0.35312974942564,0.322035504744908,NaN,NaN,NaN,NaN
0.543850115559558,0.30410491048459,NaN,NaN,NaN,NaN
0.574424744467794,0.371731134473135,0.337717039209252,NaN,NaN,NaN
0.559928076714922,NaN,NaN,NaN,NaN,NaN
0.473848257543283,0.329407514289483,NaN,NaN,NaN,NaN
0.509360896818395,0.30468822598444,NaN,NaN,NaN,NaN
0.620793955074605,0.44593732749472,0.352774923072764,NaN,NaN,NaN
0.466232362368549,0.282029823252305,NaN,NaN,NaN,NaN
0.459292616743299,0.267123266633375,NaN,NaN,NaN,NaN
0.454826411814875,NaN,NaN,NaN,NaN,NaN
0.445488450527719,0.335609151913023,NaN,NaN,NaN,NaN
0.733830898274281,0.49902009390968,0.444633805638118,0.474693370935905,0.30275918137464,0.272581962907642
0.491261163886927,0.31823858102897,NaN,NaN,NaN,NaN
0.390816430713916,0.368048124707544,NaN,NaN,NaN,NaN
0.617890957154223,0.277711481735255,NaN,NaN,NaN,NaN
0.602595227872791,0.179752777500784,0.310837237835126,NaN,NaN,NaN
0.467349637115232,0.250292276062703,NaN,NaN,NaN,NaN
0.452972756471851,0.316881461818576,0.271839424680196,NaN,NaN,NaN
0.509899306589472,0.347383042027438,NaN,NaN,NaN,NaN
0.380518078143591,0.348913947494111,NaN,NaN,NaN,NaN
0.551791558434118,NaN,NaN,NaN,NaN,NaN
0.264268014552899,0.380169229662684,0.311386568272509,NaN,NaN,NaN
0.509649748876394,0.349281738522119,NaN,NaN,NaN,NaN
0.372948102649091,NaN,NaN,NaN,NaN,NaN
0.365899909136895,0.35854717327372,NaN,NaN,NaN,NaN
0.580281637251956,0.244177550787956,NaN,NaN,NaN,NaN
0.548986057834424,0.372714877111,NaN,NaN,NaN,NaN
0.518340337978372,0.363205511846118,NaN,NaN,NaN,NaN
0.605512437750261,0.437891026482498,NaN,NaN,NaN,NaN
0.63497260031408,0.31395112746412,NaN,NaN,NaN,NaN
0.556844671415936,0.321484338116285,NaN,NaN,NaN,NaN
0.62256671026664,0.257536413054077,NaN,NaN,NaN,NaN
0.608384997058432,0.261727750009585,NaN,NaN,NaN,NaN
0.534671329664492,0.271101396978093,NaN,NaN,NaN,NaN
0.554408636923057,0.233790136035526,NaN,NaN,NaN,NaN
0.562820143383376,0.447982713559918,0.301373042492052,0.29270870467331,NaN,NaN
0.280917508323787,0.525824747546719,NaN,NaN,NaN,NaN
0.54868727508084,0.441558205428482,NaN,NaN,NaN,NaN
0.476122946301662,0.161709381040787,0.324474487331063,NaN,NaN,NaN
0.455131053754208,NaN,NaN,NaN,NaN,NaN
0.51768135443555,0.350160303036273,0.276153310196023,NaN,NaN,NaN
0.599152479686654,0.231041994294452,NaN,NaN,NaN,NaN
0.591442925096638,0.183479361459952,NaN,NaN,NaN,NaN
0.602556072984161,0.328206700503957,NaN,NaN,NaN,NaN
0.430456783002987,NaN,NaN,NaN,NaN,NaN
0.548936940249034,0.271628001542438,0.546752459987681,NaN,NaN,NaN
0.542376330243497,0.286338956041759,NaN,NaN,NaN,NaN
0.56984955072811,0.391218349437793,0.307005601336699,0.367582661658397,0.429608447863129,NaN
0.589236833822443,0.245107342659152,NaN,NaN,NaN,NaN
0.575828763362779,0.239250025459038,NaN,NaN,NaN,NaN
0.462373578292791,0.19313801508264,NaN,NaN,NaN,NaN
0.619804652186119,0.296422613003057,NaN,NaN,NaN,NaN
0.477303018560328,NaN,NaN,NaN,NaN,NaN
0.561894941774956,0.350478336946388,NaN,NaN,NaN,NaN
0.626997206458999,0.363004468034073,NaN,NaN,NaN,NaN
0.673340336396585,0.427313537560462,0.268291275664407,NaN,NaN,NaN
0.865461912161511,0.625494821189052,0.692629600659753,NaN,NaN,NaN
0.549810856829195,0.279505941472199,0.295460249117093,NaN,NaN,NaN
0.282581698722631,0.361553763957453,NaN,NaN,NaN,NaN
0.517616432887117,NaN,NaN,NaN,NaN,NaN
0.526107145248959,0.213187464313995,NaN,NaN,NaN,NaN
0.630634063118231,0.286875743233287,NaN,NaN,NaN,NaN
0.591031516172026,NaN,NaN,NaN,NaN,NaN
0.548423844830694,0.308127980132109,NaN,NaN,NaN,NaN
0.72251694311911,0.246103307984199,0.331643372281247,NaN,NaN,NaN
0.486442673793127,0.200459512720914,NaN,NaN,NaN,NaN
0.492720469220644,0.534783127148274,0.210015651178913,0.216369314904252,NaN,NaN
0.342847104449995,NaN,NaN,NaN,NaN,NaN
0.408232975382322,0.286052424728814,0.234467637685194,NaN,NaN,NaN
0.401926710401335,0.337529633764204,NaN,NaN,NaN,NaN
0.497400121101356,0.321610348963664,NaN,NaN,NaN,NaN
0.451877914931942,0.386979462123159,NaN,NaN,NaN,NaN
0.497576686922642,0.273727731267172,NaN,NaN,NaN,NaN
0.375595625854932,NaN,NaN,NaN,NaN,NaN
0.502613720103296,0.554008226087844,0.325767954941437,NaN,NaN,NaN
0.533424145662887,0.311099017377206,NaN,NaN,NaN,NaN
0.51217639475696,0.398992864341108,NaN,NaN,NaN,NaN
0.458098715515284,0.468030555280446,0.660982728333142,NaN,NaN,NaN
0.384093419621838,0.303124839511701,NaN,NaN,NaN,NaN
0.584802717708022,0.300500403849859,NaN,NaN,NaN,NaN
0.426219544088383,NaN,NaN,NaN,NaN,NaN
0.496418596696813,0.316713906239999,NaN,NaN,NaN,NaN
0.474161329443198,NaN,NaN,NaN,NaN,NaN
0.607185074897013,0.272988169060442,0.322856686363401,NaN,NaN,NaN
0.624921915387478,0.286879400637847,NaN,NaN,NaN,NaN
0.549016433227627,0.371837988505754,NaN,NaN,NaN,NaN
0.502218156746932,0.359232618597314,0.275446150746008,NaN,NaN,NaN
0.556754722465689,0.302685836541825,NaN,NaN,NaN,NaN
0.44801122256319,0.274294988166878,NaN,NaN,NaN,NaN
0.511069276255377,0.313892494722213,NaN,NaN,NaN,NaN
0.666456159422799,0.465316690003322,0.419476291608064,0.592249460676661,NaN,NaN
0.375374738525805,0.222127743601243,NaN,NaN,NaN,NaN
0.350303057879631,NaN,NaN,NaN,NaN,NaN
0.755554689529725,0.294407773520001,NaN,NaN,NaN,NaN
0.505057848033166,0.387360712755929,NaN,NaN,NaN,NaN
0.406115239658437,0.262451123613486,NaN,NaN,NaN,NaN
0.644938743771325,0.236209364640065,NaN,NaN,NaN,NaN
0.563340010750378,0.234207020228524,0.394478884593935,NaN,NaN,NaN
0.496561543096205,0.208720605809397,NaN,NaN,NaN,NaN
0.449151139196249,NaN,NaN,NaN,NaN,NaN
0.522157817305577,0.372489960284759,NaN,NaN,NaN,NaN
0.347140426867222,NaN,NaN,NaN,NaN,NaN
0.420392639088579,0.328748919669467,NaN,NaN,NaN,NaN
0.633747161332756,0.36304630166353,0.347321400193845,NaN,NaN,NaN
0.663243998493297,0.32192049385825,NaN,NaN,NaN,NaN
0.500094184757923,0.213065964830718,NaN,NaN,NaN,NaN
0.520175986681616,0.375581864104906,0.151366422014249,NaN,NaN,NaN
0.549436399220135,0.231762039544531,NaN,NaN,NaN,NaN
0.377616047024028,0.493364223515917,NaN,NaN,NaN,NaN
0.549091796285495,0.227660947156566,NaN,NaN,NaN,NaN
0.382321496964741,0.542776181581394,0.366416417251546,NaN,NaN,NaN
0.554391028805853,NaN,NaN,NaN,NaN,NaN
0.472622608161836,0.339594688408193,NaN,NaN,NaN,NaN
0.519590719313905,0.352705783962479,NaN,NaN,NaN,NaN
0.417020378337854,NaN,NaN,NaN,NaN,NaN
0.598691582114552,0.368825496883663,NaN,NaN,NaN,NaN
0.531156317834206,0.250953744582352,NaN,NaN,NaN,NaN
0.655188841354019,0.347156815091517,0.372281859186756,NaN,NaN,NaN
0.653744674122373,0.287506281557352,NaN,NaN,NaN,NaN
0.512307301563679,0.239931178874312,NaN,NaN,NaN,NaN
0.450311091264472,0.436589912626008,NaN,NaN,NaN,NaN
0.630115032649725,0.340662972123431,NaN,NaN,NaN,NaN
0.470223675682844,0.287800057510531,NaN,NaN,NaN,NaN
0.473168262233021,0.192539865449142,NaN,NaN,NaN,NaN
0.530153471105767,NaN,NaN,NaN,NaN,NaN
0.52948326323074,0.294853691498461,NaN,NaN,NaN,NaN
0.543429403974212,0.2577795044022,NaN,NaN,NaN,NaN
0.553530113782323,0.230313502261735,NaN,NaN,NaN,NaN
0.51615153808262,0.336753022388949,NaN,NaN,NaN,NaN
0.526651397990943,0.342603847835181,NaN,NaN,NaN,NaN
0.39536344493231,0.54873598333944,NaN,NaN,NaN,NaN
0.486261689025999,0.167383453958372,NaN,NaN,NaN,NaN
0.652166671832866,0.285555376276229,NaN,NaN,NaN,NaN
0.505475344761166,0.38202505417944,NaN,NaN,NaN,NaN
0.612210889747352,0.412525166963637,0.439223591923383,NaN,NaN,NaN
0.632770092461561,NaN,NaN,NaN,NaN,NaN
0.578726826290634,0.213432286113278,NaN,NaN,NaN,NaN
0.448587319688653,0.239529758546374,NaN,NaN,NaN,NaN
0.60533537943453,0.440421353923273,0.289191509180823,NaN,NaN,NaN
0.550408010149575,0.336814693977011,NaN,NaN,NaN,NaN
0.267921320540072,NaN,NaN,NaN,NaN,NaN
0.60875525642537,0.406620058836562,0.232944419883668,NaN,NaN,NaN
0.394261703226173,0.309924187629355,NaN,NaN,NaN,NaN
0.522995811817359,0.250548418689186,0.326288340388722,NaN,NaN,NaN
0.768071196756735,0.269807032060116,NaN,NaN,NaN,NaN
0.624426847917935,0.348442930097906,NaN,NaN,NaN,NaN
0.414304454169831,0.253931983125653,0.342128928042867,NaN,NaN,NaN
0.865318121386807,0.580285395061661,0.492028891268745,0.788110343743576,NaN,NaN
0.565811895281742,0.254445266628868,NaN,NaN,NaN,NaN
0.557937619368787,NaN,NaN,NaN,NaN,NaN
0.505787136949095,0.222379870749579,NaN,NaN,NaN,NaN
0.558229203889584,0.311125861771053,NaN,NaN,NaN,NaN
0.511070068708041,0.297267504279122,NaN,NaN,NaN,NaN
0.797390724709751,0.622945653359676,0.660522601657319,NaN,NaN,NaN
0.669239799467204,0.263878627503206,NaN,NaN,NaN,NaN
0.429578561354826,0.430249056578193,0.469955284499171,NaN,NaN,NaN
0.495032384674852,0.273056604348962,NaN,NaN,NaN,NaN
0.688177429866319,0.427566898085807,0.230227372485468,NaN,NaN,NaN
0.398288976619457,0.406254251060019,0.262662140275826,NaN,NaN,NaN
0.363787181010624,0.270586494733361,NaN,NaN,NaN,NaN
0.456466809989004,0.317543286470147,0.285183963875721,NaN,NaN,NaN
0.634309445331311,0.248385733204946,NaN,NaN,NaN,NaN
0.672564566896053,0.351368974242753,NaN,NaN,NaN,NaN
0.561255205759622,0.438673743969,0.247582916720033,NaN,NaN,NaN
0.563939522292375,0.240719093117701,NaN,NaN,NaN,NaN
0.470795602956947,0.427127386313731,0.300876276708254,NaN,NaN,NaN
0.559391014416695,0.317098428802251,NaN,NaN,NaN,NaN
0.449737745575033,0.335194334384911,NaN,NaN,NaN,NaN
0.453104408506767,0.224588729519049,NaN,NaN,NaN,NaN
0.610252312078864,0.243802332921793,0.425892918442354,NaN,NaN,NaN
0.517413022625934,0.333428484146774,0.306284236574126,0.382253438835516,NaN,NaN
0.545039890823373,0.300665894472128,NaN,NaN,NaN,NaN
0.526953881989717,0.282472834190203,0.400533219518103,NaN,NaN,NaN
0.571857324121313,0.193752901374881,NaN,NaN,NaN,NaN
0.649623643736323,0.325243593693334,NaN,NaN,NaN,NaN
0.482159564929064,0.188009327611258,NaN,NaN,NaN,NaN
0.374452996051022,0.200572736949125,NaN,NaN,NaN,NaN
0.510558016569437,0.317836800474573,NaN,NaN,NaN,NaN
0.719229296212926,0.408615297636921,0.248079021903893,NaN,NaN,NaN
0.533156748955894,0.416123895112592,0.231685655034925,NaN,NaN,NaN
0.558511136040573,0.296017700665007,NaN,NaN,NaN,NaN
0.641905459258908,0.607318309511178,0.461865332681474,NaN,NaN,NaN
0.60360012495438,0.366022140550505,NaN,NaN,NaN,NaN
0.532897338178717,0.268800260353125,0.416396227151826,NaN,NaN,NaN
0.443528503625745,0.341367581276303,0.329725010974611,0.270624275918192,NaN,NaN
0.454163537249946,0.312772474968436,NaN,NaN,NaN,NaN
0.547007822494983,0.357846450919833,NaN,NaN,NaN,NaN
0.517155699217492,0.302141473116028,NaN,NaN,NaN,NaN
0.466421864166381,0.300754983823389,0.34905450782672,NaN,NaN,NaN
0.54131651853016,0.292174027098392,0.244433165248736,NaN,NaN,NaN
0.454148434457202,0.317523537553647,NaN,NaN,NaN,NaN
0.608623772791722,0.41818628661635,0.401625949369901,0.414528024883842,NaN,NaN
0.383523841863822,0.215927307012519,NaN,NaN,NaN,NaN
0.502447332031786,0.385085970141091,NaN,NaN,NaN,NaN
0.461701211595918,NaN,NaN,NaN,NaN,NaN
0.485046116339307,0.169401324165766,NaN,NaN,NaN,NaN
0.563258318141466,0.288968351822826,NaN,NaN,NaN,NaN
0.542018200780458,0.320055964795377,NaN,NaN,NaN,NaN
0.545003140062949,0.326428913905253,NaN,NaN,NaN,NaN
0.568834232353268,NaN,NaN,NaN,NaN,NaN
0.443555304814547,0.22278352632087,NaN,NaN,NaN,NaN
0.485693550190326,0.291127954929325,NaN,NaN,NaN,NaN
0.491671557457632,0.446547184926642,NaN,NaN,NaN,NaN
0.622620970350388,0.324225291580416,NaN,NaN,NaN,NaN
0.41340387758368,0.347883255925457,NaN,NaN,NaN,NaN
0.570110298326394,0.215900126594436,NaN,NaN,NaN,NaN
0.556669720265358,0.389948503809374,NaN,NaN,NaN,NaN
0.648854737707049,0.361126781284772,NaN,NaN,NaN,NaN
0.546134739596481,0.255149719285737,NaN,NaN,NaN,NaN
0.603207659065263,0.278128145333373,NaN,NaN,NaN,NaN
0.511074800339688,0.262818937636104,NaN,NaN,NaN,NaN
0.599905770433792,0.376903644704891,NaN,NaN,NaN,NaN
0.554107458683361,0.285248345949212,NaN,NaN,NaN,NaN
0.514512646758012,0.270632016847786,NaN,NaN,NaN,NaN
0.404170047167836,0.349659190338548,0.3718308435921,NaN,NaN,NaN
0.426232589072495,0.375009892480983,NaN,NaN,NaN,NaN
0.580575656608306,0.303625583542475,NaN,NaN,NaN,NaN
0.558928878679047,0.273702792663876,NaN,NaN,NaN,NaN
0.468971629686095,0.27797454289162,NaN,NaN,NaN,NaN
0.503249664084475,0.292781876857006,NaN,NaN,NaN,NaN
0.604947362018109,0.246398210324491,NaN,NaN,NaN,NaN
0.534936892503265,0.249930053222516,NaN,NaN,NaN,NaN
0.536824469556835,0.351545089512718,NaN,NaN,NaN,NaN
0.551732209102931,0.208055357446019,NaN,NaN,NaN,NaN
0.63710620759732,0.352146739949772,0.389762186756059,0.250349943850626,NaN,NaN
0.558583354767469,0.312539227780044,NaN,NaN,NaN,NaN
0.400506709254947,0.321767712561444,NaN,NaN,NaN,NaN
0.540768307175738,NaN,NaN,NaN,NaN,NaN
0.537190984503548,0.315330202483322,NaN,NaN,NaN,NaN
0.647132050131393,0.239961886111829,NaN,NaN,NaN,NaN
0.442301555710171,0.337434065250433,NaN,NaN,NaN,NaN
0.503575404381334,0.53676860323887,0.342206182842816,NaN,NaN,NaN
0.52988215414225,0.227268927557507,NaN,NaN,NaN,NaN
0.561575137712545,0.231540516250696,NaN,NaN,NaN,NaN
0.435205282414,0.391720839742106,0.409711129380268,0.337603447058774,NaN,NaN
0.386518427523219,0.412651164141549,NaN,NaN,NaN,NaN
0.373877269985541,0.368905470857691,NaN,NaN,NaN,NaN
0.472644821983062,0.369694857417514,NaN,NaN,NaN,NaN
0.582660579011127,0.213472358969936,NaN,NaN,NaN,NaN
0.470948859197694,0.406902945524051,0.344929398363051,NaN,NaN,NaN
0.517437512889392,0.303256147379047,NaN,NaN,NaN,NaN
0.537133739183068,0.221117760065096,NaN,NaN,NaN,NaN
0.262806283932161,0.290233911513737,0.357619061967542,NaN,NaN,NaN
0.679591276282152,0.345192934300542,0.364358893708036,0.414861460287775,NaN,NaN
0.640917488803143,0.274163927497048,NaN,NaN,NaN,NaN
0.408917125438135,0.313537739639692,NaN,NaN,NaN,NaN
0.498008086032892,0.329866109257748,NaN,NaN,NaN,NaN
0.463570433595814,0.198709247291915,NaN,NaN,NaN,NaN
0.511309513255329,0.371705112396844,0.24726118073463,NaN,NaN,NaN
0.62720888289835,0.488479424829543,0.168699009444188,NaN,NaN,NaN
0.595654877933897,0.491044024731637,0.415708289789575,0.266608204154494,NaN,NaN
0.547768778240996,0.325395853439177,NaN,NaN,NaN,NaN
0.555383794741371,0.461928266295488,0.401738684991774,0.176695884711468,NaN,NaN
0.686867024132902,0.236623482824006,NaN,NaN,NaN,NaN
0.576591351285069,0.248999526891092,NaN,NaN,NaN,NaN
0.380534182408962,0.250758108194111,NaN,NaN,NaN,NaN
0.706700926282348,0.283571575460397,NaN,NaN,NaN,NaN
0.477068037267622,0.35308959222249,0.251932526268876,NaN,NaN,NaN
0.469370724886215,NaN,NaN,NaN,NaN,NaN
0.565502663269746,0.304241385713645,NaN,NaN,NaN,NaN
0.3408501984682,0.227434272992818,0.165297048424265,0.378542640076351,NaN,NaN
0.48035098435599,0.593557194175267,0.238995770734673,NaN,NaN,NaN
0.573198300546952,NaN,NaN,NaN,NaN,NaN
0.502840761717542,0.406544735332569,0.156349943680895,0.37755751942115,0.463672599878342,NaN
0.739431510644197,NaN,NaN,NaN,NaN,NaN
0.577750105272096,0.264802541181066,NaN,NaN,NaN,NaN
0.608777681470618,0.335406057826287,NaN,NaN,NaN,NaN
0.353312763470905,0.265374704149029,NaN,NaN,NaN,NaN
0.412141587984273,0.371842293316053,NaN,NaN,NaN,NaN
0.450714237878737,0.257037590383648,NaN,NaN,NaN,NaN
0.516405746132277,NaN,NaN,NaN,NaN,NaN
0.621093655831757,0.27153266151676,0.232063315256679,NaN,NaN,NaN
0.639233912629258,0.24216676041155,NaN,NaN,NaN,NaN
0.592100881285688,0.450179481529133,0.378956847019099,0.184431441443736,NaN,NaN
0.402868792832114,NaN,NaN,NaN,NaN,NaN
0.55498038371774,0.217249584852171,NaN,NaN,NaN,NaN
0.5899690502569,0.304092179941524,NaN,NaN,NaN,NaN
0.447277181337493,0.304095161480913,NaN,NaN,NaN,NaN
0.507239351996138,0.182537780512973,NaN,NaN,NaN,NaN
0.492256257867566,0.198306933712119,NaN,NaN,NaN,NaN
0.577085793216039,0.314954247433145,NaN,NaN,NaN,NaN
0.472385048014697,0.307869082654651,0.438949376982077,NaN,NaN,NaN
0.62858388057607,0.232392855832579,NaN,NaN,NaN,NaN
0.533858906787536,0.285937030616406,NaN,NaN,NaN,NaN
0.567806217932054,0.372805984360226,NaN,NaN,NaN,NaN
0.544832052630211,0.342282268899511,NaN,NaN,NaN,NaN
0.580009658011363,NaN,NaN,NaN,NaN,NaN
0.534904422123643,0.325292500618207,NaN,NaN,NaN,NaN
0.342158995367501,0.398840942070013,NaN,NaN,NaN,NaN
0.549025581944101,0.312924033608191,0.282246015430421,NaN,NaN,NaN
0.552386934387456,0.308498612754218,NaN,NaN,NaN,NaN
0.475336022272706,0.35338197079108,NaN,NaN,NaN,NaN
0.480739403554643,0.32099572664864,NaN,NaN,NaN,NaN
0.589468140764937,0.242301860576942,NaN,NaN,NaN,NaN
0.461917131684029,0.329747186344578,NaN,NaN,NaN,NaN
0.597665151661257,0.2886822678184,0.267656339992436,NaN,NaN,NaN
0.693888039571841,0.386182750484859,NaN,NaN,NaN,NaN
0.535992302388311,0.277793607418029,NaN,NaN,NaN,NaN
0.497326333651206,0.367427176065192,0.235850577387878,NaN,NaN,NaN
0.38917442420508,0.458551006587003,NaN,NaN,NaN,NaN
0.36924166229853,0.618520879174548,NaN,NaN,NaN,NaN
0.485561498656079,0.286876329345391,NaN,NaN,NaN,NaN
0.516630519989685,0.226904147566836,0.226175981567491,NaN,NaN,NaN
0.586959016284579,0.503502850807607,0.305143467912865,0.250169128936646,NaN,NaN
0.567296025557333,0.289845257986768,NaN,NaN,NaN,NaN
0.483308494052485,0.30948060735079,0.388847975378334,NaN,NaN,NaN
0.527606837087177,0.216197133136372,NaN,NaN,NaN,NaN
0.30495260538421,NaN,NaN,NaN,NaN,NaN
0.592662988483882,0.381785215162356,0.490184251988595,0.261510680112397,0.378722057596289,NaN
0.383271776039522,NaN,NaN,NaN,NaN,NaN
0.494888352971965,0.190837049449593,NaN,NaN,NaN,NaN
0.559826726229897,0.306296309776193,NaN,NaN,NaN,NaN
0.702977032126145,0.27719633199772,NaN,NaN,NaN,NaN
0.463815715994674,0.190067312494052,0.393237116246773,NaN,NaN,NaN
0.585768446023607,0.355797295028221,0.347020684609833,NaN,NaN,NaN
0.612361448260648,0.262244293062485,NaN,NaN,NaN,NaN
0.445068403398699,0.286648860939668,NaN,NaN,NaN,NaN
0.562597216325396,0.3564767237355,0.227087582364696,NaN,NaN,NaN
0.298222756782684,NaN,NaN,NaN,NaN,NaN
0.621544839886036,0.253362488121677,0.312638648799599,NaN,NaN,NaN
0.479650015526036,0.326345521152416,NaN,NaN,NaN,NaN
0.518206623474268,0.264828420574231,NaN,NaN,NaN,NaN
0.52731895046895,0.225012379552687,NaN,NaN,NaN,NaN
0.447715066145949,NaN,NaN,NaN,NaN,NaN
0.470333061598545,NaN,NaN,NaN,NaN,NaN
0.586084351024901,0.349077631438978,0.217974077986346,NaN,NaN,NaN
0.584827804759582,0.307731650572931,NaN,NaN,NaN,NaN
0.595588203452105,0.214908743226369,NaN,NaN,NaN,NaN
0.537956374729087,0.330181225350696,NaN,NaN,NaN,NaN
0.561528531618194,0.288486291115954,NaN,NaN,NaN,NaN
0.478755378575654,0.356121485652066,0.169699415949331,NaN,NaN,NaN
0.521762326258395,0.333724198542716,NaN,NaN,NaN,NaN
0.481272141422824,0.220039335401889,NaN,NaN,NaN,NaN
0.265675174871284,NaN,NaN,NaN,NaN,NaN
0.546983225944695,0.195139161120928,NaN,NaN,NaN,NaN
0.494026108150954,0.232895712057478,0.364537989119313,NaN,NaN,NaN
0.538562445018662,0.370629571413102,NaN,NaN,NaN,NaN
0.552933055281437,0.238806097906007,NaN,NaN,NaN,NaN
0.401472907996634,0.466189898143984,NaN,NaN,NaN,NaN
0.513800785769261,0.362782881925688,NaN,NaN,NaN,NaN
0.429558582800998,0.383156061686073,NaN,NaN,NaN,NaN
0.459528452207511,0.198918719749188,NaN,NaN,NaN,NaN
0.336137352755389,0.380848498419618,NaN,NaN,NaN,NaN
0.594597326129332,0.289629943847246,NaN,NaN,NaN,NaN
0.54512768951935,0.275502163591484,NaN,NaN,NaN,NaN
0.485985319753504,NaN,NaN,NaN,NaN,NaN
0.378274936590229,NaN,NaN,NaN,NaN,NaN
0.454929410779832,0.239043138698233,NaN,NaN,NaN,NaN
0.533586341970018,0.381883047553577,NaN,NaN,NaN,NaN
0.594625871648997,0.363738112180294,NaN,NaN,NaN,NaN
0.477359288294574,0.395314854341608,NaN,NaN,NaN,NaN
0.567912088595491,0.280057704361444,NaN,NaN,NaN,NaN
0.589615299847698,0.381154002699184,0.309906058319989,NaN,NaN,NaN
0.606368126473523,0.300775389027239,NaN,NaN,NaN,NaN
0.471987598248589,NaN,NaN,NaN,NaN,NaN
0.542180926496835,0.456360315108389,0.402615563023916,NaN,NaN,NaN
0.58014176128578,0.385258646893329,0.450557873028655,0.320739118224294,NaN,NaN
0.299987032283168,0.5134039422514,NaN,NaN,NaN,NaN
0.58862735685596,0.20123705001332,0.374692961934396,NaN,NaN,NaN
0.569741547957342,0.270610006165266,NaN,NaN,NaN,NaN
0.348011210394127,NaN,NaN,NaN,NaN,NaN
0.417120028067096,0.213610550989126,NaN,NaN,NaN,NaN
0.591560324649824,0.261808896267175,NaN,NaN,NaN,NaN
0.470562233274667,0.276456002004737,0.484637698492843,0.455862841759065,NaN,NaN
0.387021953040207,NaN,NaN,NaN,NaN,NaN
0.492456885783853,0.442286323284234,0.210779239835614,NaN,NaN,NaN
0.57274950816995,0.224392416427495,NaN,NaN,NaN,NaN
0.371922533628085,0.237802301539879,NaN,NaN,NaN,NaN
0.545965584852754,0.263707221083834,NaN,NaN,NaN,NaN
0.266886949785281,0.343449651137926,0.569586755287759,NaN,NaN,NaN
0.571608297737122,0.496278351853883,0.366769710739481,NaN,NaN,NaN
0.489218760751851,0.300382888780447,NaN,NaN,NaN,NaN
0.563237557934601,0.265048161044935,NaN,NaN,NaN,NaN
0.530080421066319,0.368265033500876,NaN,NaN,NaN,NaN
0.548304975844102,0.347164721783064,NaN,NaN,NaN,NaN
0.533246087731798,0.263667288214381,NaN,NaN,NaN,NaN
0.569603718568341,0.299366173127252,NaN,NaN,NaN,NaN
0.450829250398976,0.441648396293093,NaN,NaN,NaN,NaN
0.50863318155926,0.229387817777074,NaN,NaN,NaN,NaN
0.403271514401145,NaN,NaN,NaN,NaN,NaN
0.558037144004006,0.243308309799803,NaN,NaN,NaN,NaN
0.249959408691776,0.384622635259401,NaN,NaN,NaN,NaN
0.283473254743468,0.433098729235967,NaN,NaN,NaN,NaN
0.576845198982264,0.371652290302667,0.232416896015568,NaN,NaN,NaN
0.568388786732943,0.2855199562015,NaN,NaN,NaN,NaN
0.479980349981658,0.234810774200045,NaN,NaN,NaN,NaN
0.547962446581429,0.346547022347303,NaN,NaN,NaN,NaN
0.537038842029801,0.409788653798844,0.24981217733057,NaN,NaN,NaN
0.402836663533833,NaN,NaN,NaN,NaN,NaN
0.45287563032476,0.354401115199664,NaN,NaN,NaN,NaN
0.525777460952058,0.342727325345992,NaN,NaN,NaN,NaN
0.536577397903913,0.187484569944946,NaN,NaN,NaN,NaN
0.463198024467058,NaN,NaN,NaN,NaN,NaN
0.507525608541236,0.335310354991308,NaN,NaN,NaN,NaN
0.426967684348989,0.405447032707178,0.369630953783789,0.349091186513318,0.344371299843001,0.481361578972168
0.615764564093324,0.520029541875922,0.444909174331091,NaN,NaN,NaN
0.564345337068179,0.42824911771334,0.236785115365684,NaN,NaN,NaN
0.516028300867759,NaN,NaN,NaN,NaN,NaN
0.386339448107952,0.313867370751086,NaN,NaN,NaN,NaN
0.337133894459834,0.347542514317007,NaN,NaN,NaN,NaN
0.561209692063178,0.275671673280614,NaN,NaN,NaN,NaN
0.554648750061785,0.275315127449251,NaN,NaN,NaN,NaN
0.575309063843217,0.317634033101846,NaN,NaN,NaN,NaN
0.599619182737985,0.253885272603414,NaN,NaN,NaN,NaN
0.557225057380939,0.347918581640799,NaN,NaN,NaN,NaN
0.621108764234277,0.291876093846501,NaN,NaN,NaN,NaN
0.609913040718936,0.216999338828079,NaN,NaN,NaN,NaN
0.561603532643958,0.301074181474277,NaN,NaN,NaN,NaN
0.779040840128249,0.67149388002856,0.394377034392667,0.45213359525428,0.54151999015008,NaN
0.512682387642565,0.275993337138055,NaN,NaN,NaN,NaN
0.453628128018072,0.337951709771057,NaN,NaN,NaN,NaN
0.505436927853178,0.309211254197174,NaN,NaN,NaN,NaN
0.636735552389775,0.314406953374432,0.148402153428845,NaN,NaN,NaN
0.507474941219121,0.279270197635693,NaN,NaN,NaN,NaN
0.370542806720344,NaN,NaN,NaN,NaN,NaN
0.457431010962293,0.294616493549327,NaN,NaN,NaN,NaN
0.572268075700085,0.420160185030616,0.365022620279461,NaN,NaN,NaN
0.478873673653594,0.352286038938981,NaN,NaN,NaN,NaN
0.54722679916751,0.268952651161902,NaN,NaN,NaN,NaN
0.513046295157669,NaN,NaN,NaN,NaN,NaN
0.544539356939063,0.359055414816754,NaN,NaN,NaN,NaN
0.483329803933163,0.258274577803001,NaN,NaN,NaN,NaN
0.6934349287428,0.440556303628051,0.351746674662221,0.274853976610926,NaN,NaN
0.403368174977449,0.441852540352608,NaN,NaN,NaN,NaN
0.562734120695334,0.246267440205688,NaN,NaN,NaN,NaN
0.527247945436035,0.284061818851733,NaN,NaN,NaN,NaN
0.57091222368077,0.263809357109276,0.258832942507047,NaN,NaN,NaN
0.610157606595329,0.249455948841457,0.304101762277944,NaN,NaN,NaN
0.44494874313273,0.280002031566441,NaN,NaN,NaN,NaN
0.4482997891976,0.382003663960593,0.269137288810199,NaN,NaN,NaN
0.59500954239902,0.285995881319858,NaN,NaN,NaN,NaN
0.554160782631294,0.410413121847569,0.371779351730494,NaN,NaN,NaN
0.485506184659044,0.237569378343366,NaN,NaN,NaN,NaN
0.477486853608465,0.27184942000055,NaN,NaN,NaN,NaN
0.390900198183951,0.477713900890001,0.284897949888791,NaN,NaN,NaN
0.270269230126092,0.402449979516315,NaN,NaN,NaN,NaN
0.532405264798593,0.333320678108672,NaN,NaN,NaN,NaN
0.483883476720059,0.433673843912856,NaN,NaN,NaN,NaN
0.709642988241155,0.489021153427691,0.248123120487179,NaN,NaN,NaN
0.615724311307068,NaN,NaN,NaN,NaN,NaN
0.515313679468871,NaN,NaN,NaN,NaN,NaN
0.393065040732035,0.396015041048554,NaN,NaN,NaN,NaN
0.513615207295613,0.292853583793972,NaN,NaN,NaN,NaN
0.461089819634061,0.35929531413133,NaN,NaN,NaN,NaN
0.560571844462041,0.356029310368261,NaN,NaN,NaN,NaN
0.468648171878784,0.22794021413771,NaN,NaN,NaN,NaN
0.683115430161152,0.303977348226147,NaN,NaN,NaN,NaN
0.538812966521067,0.308951324664174,NaN,NaN,NaN,NaN
0.6520961445706,0.442953004597407,0.461930579349673,0.349397313965011,NaN,NaN
0.328924112608019,0.546547486981787,0.454346110067366,NaN,NaN,NaN
0.570813306736178,0.253049229951962,NaN,NaN,NaN,NaN
0.783751114250909,0.467688534538936,0.317241432086056,NaN,NaN,NaN
0.58541577233752,0.234430338681184,NaN,NaN,NaN,NaN
0.540813163190072,0.200078891513863,0.377051795736583,0.457932284924286,NaN,NaN
0.424348752779061,0.442301360003252,NaN,NaN,NaN,NaN
0.529115982083499,0.28187463960987,NaN,NaN,NaN,NaN
0.624074586613209,0.206122227610906,NaN,NaN,NaN,NaN
0.66899206154871,0.236521162669388,NaN,NaN,NaN,NaN
0.357050838096189,0.279416231829013,0.371211223513189,NaN,NaN,NaN
0.548692276028782,0.39537245036709,NaN,NaN,NaN,NaN
0.539498715323723,0.443581965958575,0.35657287613541,0.307872989528287,NaN,NaN
0.595658045179338,0.263177870897021,NaN,NaN,NaN,NaN
0.470128161242584,0.381863430440408,0.407023258442524,0.388623271762883,NaN,NaN
0.42290515988856,0.307300553161147,0.35590271275117,NaN,NaN,NaN
0.63377972837655,0.208681254463736,NaN,NaN,NaN,NaN
0.657101636537207,0.222884962744662,0.211708238440447,NaN,NaN,NaN
0.451938250749241,0.262126232813399,NaN,NaN,NaN,NaN
0.365673688116423,0.263624628542295,NaN,NaN,NaN,NaN
0.503958809828909,0.425015518440955,NaN,NaN,NaN,NaN
0.589300138302044,0.475861707409925,0.242829462391974,0.504923341412731,0.223269891640132,NaN
0.574150451460511,0.278082970346706,NaN,NaN,NaN,NaN
0.50361233898484,0.413055948516848,NaN,NaN,NaN,NaN
0.385643877919627,NaN,NaN,NaN,NaN,NaN
0.438322851416455,NaN,NaN,NaN,NaN,NaN
0.604815107710769,0.258586229153379,NaN,NaN,NaN,NaN
0.345331944984474,NaN,NaN,NaN,NaN,NaN
0.567801819375108,0.372476931758284,0.354630508861246,0.311161509878987,NaN,NaN
0.440248154946501,0.202090150065412,NaN,NaN,NaN,NaN
0.677969690530602,NaN,NaN,NaN,NaN,NaN
0.556684826795511,0.328570793842084,NaN,NaN,NaN,NaN
0.485805160186565,0.504423849846277,NaN,NaN,NaN,NaN
0.441172405578867,0.469561077762329,NaN,NaN,NaN,NaN
0.637652381603912,0.334813491918485,NaN,NaN,NaN,NaN
0.566743320439136,0.329031950430024,NaN,NaN,NaN,NaN
0.62074568930474,0.500285026713153,0.183729516444641,NaN,NaN,NaN
0.547950422110627,0.292985244313658,NaN,NaN,NaN,NaN
0.532802459330403,0.34108258436469,NaN,NaN,NaN,NaN
0.45928702268042,0.313930904573614,NaN,NaN,NaN,NaN
0.518429288412522,0.373544453500326,NaN,NaN,NaN,NaN
0.690802682706287,0.234227653408091,NaN,NaN,NaN,NaN
0.629259279466004,0.370210375192864,0.541751434475297,0.154799050660815,NaN,NaN
0.457606115521336,0.363279134506728,NaN,NaN,NaN,NaN
0.474554443971864,0.167576422975946,NaN,NaN,NaN,NaN
0.45484989571634,0.306948029016663,NaN,NaN,NaN,NaN
0.447045328107433,0.299088304666982,NaN,NaN,NaN,NaN
0.46956858569585,0.404077519968308,NaN,NaN,NaN,NaN
0.491156398568172,0.280350391146203,NaN,NaN,NaN,NaN
0.42274757276778,0.283363359526938,0.293231152386733,NaN,NaN,NaN
0.478682828297886,0.486464152366404,0.264880237671781,0.529310393061459,NaN,NaN
0.625366557100911,0.413110392708807,0.3093533631053,0.370112720048202,NaN,NaN
0.565631086211047,0.337225222184561,NaN,NaN,NaN,NaN
0.510681194857492,0.244844857429015,NaN,NaN,NaN,NaN
0.323234515285512,NaN,NaN,NaN,NaN,NaN
0.628584369408705,0.213975784189393,NaN,NaN,NaN,NaN
0.512470778764633,0.407204117718839,0.45383151455153,0.266595670138951,0.387021380158191,NaN
0.508068648895791,0.300301289730135,0.347672396056362,NaN,NaN,NaN
0.703948551591818,0.438842579657609,0.284580851830339,NaN,NaN,NaN
0.576495503610095,0.411247124531464,NaN,NaN,NaN,NaN
0.564057711163149,NaN,NaN,NaN,NaN,NaN
0.575806576559559,0.37578717051541,NaN,NaN,NaN,NaN
0.432036735756667,0.294351324216727,NaN,NaN,NaN,NaN
0.45571316716799,0.270981799147361,NaN,NaN,NaN,NaN
0.42950614593323,0.349861330708167,NaN,NaN,NaN,NaN
0.583381768229042,0.295381139945054,NaN,NaN,NaN,NaN
0.352878924702643,0.435975646468592,NaN,NaN,NaN,NaN
0.439557854580991,0.242081633919097,NaN,NaN,NaN,NaN
0.446017750375718,0.340907477049861,0.268148289295006,NaN,NaN,NaN
0.47248084147833,0.260995932274274,0.385250166526566,NaN,NaN,NaN
0.647018524129728,0.246522471839429,NaN,NaN,NaN,NaN
0.382147201839168,NaN,NaN,NaN,NaN,NaN
0.569645606895923,NaN,NaN,NaN,NaN,NaN
0.615719554401179,0.458588166502139,0.327652962517861,0.405761936758311,NaN,NaN
0.540609132910406,0.315433400082874,NaN,NaN,NaN,NaN
0.310114730738094,0.50881468877453,NaN,NaN,NaN,NaN
0.517954455017049,0.439124602157621,0.267159324409584,NaN,NaN,NaN
0.412846428757449,0.321523261177014,NaN,NaN,NaN,NaN
0.497402814931235,0.310030039228572,NaN,NaN,NaN,NaN
0.42737361925114,0.255277537246446,NaN,NaN,NaN,NaN
0.608082950385636,0.366676919872465,NaN,NaN,NaN,NaN
0.419580439359536,0.234798602981063,NaN,NaN,NaN,NaN
0.487504794348354,0.23461263417651,NaN,NaN,NaN,NaN
0.577744724324144,0.432426149900834,NaN,NaN,NaN,NaN
0.387369222038123,NaN,NaN,NaN,NaN,NaN
0.674928693982,0.195774193212691,NaN,NaN,NaN,NaN
0.62359757116299,0.338702708279393,0.394895368846917,NaN,NaN,NaN
0.582129773569184,0.204873799387806,NaN,NaN,NaN,NaN
0.602652902859783,0.302418359938062,NaN,NaN,NaN,NaN
0.393131875867334,0.381039385556434,0.191489153462153,NaN,NaN,NaN
0.544540912016342,0.345102012425608,NaN,NaN,NaN,NaN
0.459747989142909,0.335125055546687,NaN,NaN,NaN,NaN
0.387318936869766,0.196803394926567,NaN,NaN,NaN,NaN
0.471042512010088,0.275945587144047,NaN,NaN,NaN,NaN
0.627053091498481,0.346905704000557,NaN,NaN,NaN,NaN
0.598669467085393,0.431247441804155,NaN,NaN,NaN,NaN
0.609412327902206,0.294731648753274,NaN,NaN,NaN,NaN
0.433810541992957,0.2893192101188,NaN,NaN,NaN,NaN
0.488103201015608,0.24194033657774,NaN,NaN,NaN,NaN
0.482953695825077,0.20908303107293,NaN,NaN,NaN,NaN
0.417057148726057,0.283758034627356,NaN,NaN,NaN,NaN
0.562296415193476,0.256582037986346,NaN,NaN,NaN,NaN
0.629972511964108,0.60079849630821,0.431215834377174,0.404254705112634,NaN,NaN
0.645926413949669,0.292252980894287,0.166876412103048,NaN,NaN,NaN
0.635419892033934,0.338509247811653,0.202734152437626,NaN,NaN,NaN
0.520041398613968,0.270515568274464,NaN,NaN,NaN,NaN
0.456504080711198,0.313361996592301,NaN,NaN,NaN,NaN
0.678788202067709,0.273257660068295,NaN,NaN,NaN,NaN
0.612084948452374,0.333215023634954,0.253283526384984,NaN,NaN,NaN
0.501322223286315,NaN,NaN,NaN,NaN,NaN
0.518405088330316,0.262956960591657,NaN,NaN,NaN,NaN
0.393210885413297,0.369327917389725,NaN,NaN,NaN,NaN
0.516758852704921,0.278258335289193,NaN,NaN,NaN,NaN
0.607121361100238,0.437479771711412,0.267562152168294,0.261385360851782,NaN,NaN
0.414507580999321,0.373096956870515,NaN,NaN,NaN,NaN
0.532519188676925,NaN,NaN,NaN,NaN,NaN
0.637918940454171,0.358986704643443,NaN,NaN,NaN,NaN
0.52844570399138,0.241156868315227,NaN,NaN,NaN,NaN
0.553887618244211,0.358728220819213,NaN,NaN,NaN,NaN
0.500734394899039,NaN,NaN,NaN,NaN,NaN
0.524323939736293,0.339784296535537,NaN,NaN,NaN,NaN
0.487250907265022,0.268183817737152,NaN,NaN,NaN,NaN
0.623546216834493,0.595820802922448,0.39430522003046,NaN,NaN,NaN
0.44634357887634,0.400271660685222,NaN,NaN,NaN,NaN
0.488083259533717,0.581933149008636,NaN,NaN,NaN,NaN
0.477389768030615,0.359774697212988,0.443414378668284,NaN,NaN,NaN
0.548068593191277,0.323860235485926,NaN,NaN,NaN,NaN
0.65072608753756,0.394926185593704,0.255794348449199,NaN,NaN,NaN
0.542392232237194,0.300575540877787,NaN,NaN,NaN,NaN
0.458201751293618,0.171635005828597,NaN,NaN,NaN,NaN
0.55663727434382,0.350036594470932,0.446252323073506,0.18724519095132,NaN,NaN
0.48133202625867,0.250518331918355,NaN,NaN,NaN,NaN
0.459452266585355,0.371345323683981,0.413345152115632,0.261146350618242,NaN,NaN
0.531772229128602,0.21676430769417,NaN,NaN,NaN,NaN
0.445635349126753,0.369503555341091,NaN,NaN,NaN,NaN
0.590950528313716,0.383682152354022,NaN,NaN,NaN,NaN
0.418615233735187,0.15786112254903,NaN,NaN,NaN,NaN
0.546085585517732,0.284970410424859,0.328309266464592,NaN,NaN,NaN
0.63930376043005,0.254770706675424,NaN,NaN,NaN,NaN
0.613020028988683,0.368811790733063,NaN,NaN,NaN,NaN
0.404250257315953,0.28410841584277,NaN,NaN,NaN,NaN
0.356304088821919,0.385210363838508,0.354005551981309,NaN,NaN,NaN
0.44559876093819,0.160989987485065,NaN,NaN,NaN,NaN
0.533521441313047,0.347859289271463,NaN,NaN,NaN,NaN
0.703967080364847,0.172841273287704,NaN,NaN,NaN,NaN
0.492259062632113,0.282951655051173,NaN,NaN,NaN,NaN
0.507308099180522,0.164780413343611,NaN,NaN,NaN,NaN
0.639866565265063,0.409238891765582,NaN,NaN,NaN,NaN
0.479466299303845,NaN,NaN,NaN,NaN,NaN
0.396284915552995,0.360880291296165,NaN,NaN,NaN,NaN
0.461238387643022,0.267132638836658,NaN,NaN,NaN,NaN
0.629860226903759,0.517729257180759,0.371163772788672,NaN,NaN,NaN
0.668873361320958,0.367292228714538,NaN,NaN,NaN,NaN
0.643130568911016,0.251558598012143,NaN,NaN,NaN,NaN
0.593393950140511,0.26957455294575,NaN,NaN,NaN,NaN
0.62776575886571,NaN,NaN,NaN,NaN,NaN
0.449036097523034,0.302188359394927,NaN,NaN,NaN,NaN
0.572884402519723,0.222402436573692,NaN,NaN,NaN,NaN
0.463568193865633,0.498477812270417,0.493371894500291,NaN,NaN,NaN
0.692558914950232,0.30403264643467,0.269852006211007,NaN,NaN,NaN
0.719999069812057,0.495910350583478,0.381200113139382,0.306867165533255,NaN,NaN
0.415582324144938,0.360753851745224,NaN,NaN,NaN,NaN
0.631856185318921,0.395172924279075,NaN,NaN,NaN,NaN
0.420956037717806,0.29445166880502,0.309615110044604,NaN,NaN,NaN
0.593829646967104,0.239616980123646,NaN,NaN,NaN,NaN
0.52189589903922,NaN,NaN,NaN,NaN,NaN
0.493329878231002,NaN,NaN,NaN,NaN,NaN
0.568799430560666,0.345535723682327,NaN,NaN,NaN,NaN
0.460891369806195,0.251587646646256,NaN,NaN,NaN,NaN
0.568088253806237,0.409792755296795,0.234088883943728,NaN,NaN,NaN
0.526739846352419,0.301181609647154,NaN,NaN,NaN,NaN
0.442986687210726,0.373017490412824,NaN,NaN,NaN,NaN
0.370322902023119,0.36621432215938,0.262145083502315,NaN,NaN,NaN
0.677571350481333,0.333555221830567,NaN,NaN,NaN,NaN
0.508386957012266,0.296501441869396,NaN,NaN,NaN,NaN
0.532497320003541,0.493859612685308,0.316250174015052,NaN,NaN,NaN
0.402104717803487,0.348935083146084,NaN,NaN,NaN,NaN
0.532389138518752,0.416068038248604,NaN,NaN,NaN,NaN
0.377094849434777,0.268172681381581,NaN,NaN,NaN,NaN
0.663179860104114,0.276137995302858,NaN,NaN,NaN,NaN
0.555880135371388,0.40441032763721,0.431373451845677,0.261705239981539,NaN,NaN
0.250749391598879,0.640991893588029,NaN,NaN,NaN,NaN
0.502795924730769,0.388615458324061,NaN,NaN,NaN,NaN
0.587968998676081,0.337163278982504,NaN,NaN,NaN,NaN
0.612446767931916,0.392371935563108,0.298162074414168,NaN,NaN,NaN
0.631344871487505,0.51361872097145,0.348394366685435,0.43592713438041,NaN,NaN
0.614956589292394,0.29630469260556,NaN,NaN,NaN,NaN
0.522506596392836,0.370404565463309,NaN,NaN,NaN,NaN
0.700671063726053,0.300301658608316,NaN,NaN,NaN,NaN
0.529411285052364,0.500277084943776,0.33440440213252,0.342888092470896,NaN,NaN
0.482025618864937,0.183675923516078,NaN,NaN,NaN,NaN
0.732621348101396,0.322915094455337,0.243689400649063,NaN,NaN,NaN
0.558726357254884,0.631113614338391,0.791475274756065,NaN,NaN,NaN
0.600195803940023,0.261259270255977,0.356147170119076,0.538471295774159,0.274262405945245,NaN
0.617248905066066,0.298110414660943,NaN,NaN,NaN,NaN
0.412641595465208,0.163253524481967,NaN,NaN,NaN,NaN
0.532288448635936,0.355392731833526,NaN,NaN,NaN,NaN
0.448134113846972,0.228680117411813,NaN,NaN,NaN,NaN
0.579918901083445,0.255174632631107,NaN,NaN,NaN,NaN
0.672993150477177,0.226402418990036,NaN,NaN,NaN,NaN
0.645717167525376,NaN,NaN,NaN,NaN,NaN
0.43624970685088,0.216699845203954,NaN,NaN,NaN,NaN
0.380401119869148,0.205915659313551,NaN,NaN,NaN,NaN
0.672360548096237,0.404045123355507,NaN,NaN,NaN,NaN
0.620208464247366,0.305244129827038,0.420563001472547,NaN,NaN,NaN
0.539953203307563,0.355427952834866,NaN,NaN,NaN,NaN
0.602826223142764,0.386875890357923,0.177357613326807,NaN,NaN,NaN
0.553128959751193,0.257232933413374,NaN,NaN,NaN,NaN
0.338394920321594,0.262688436733551,NaN,NaN,NaN,NaN
0.487399250391403,0.25847286866823,NaN,NaN,NaN,NaN
0.485002725942056,0.27168152685293,NaN,NaN,NaN,NaN
0.623277950795547,0.43762405392195,0.279190321422051,NaN,NaN,NaN
0.602187819585619,0.333035173877018,NaN,NaN,NaN,NaN
0.441184447209551,0.277926868529674,NaN,NaN,NaN,NaN
0.714368341570584,0.258677351868588,NaN,NaN,NaN,NaN
0.587013716579075,0.341067939990208,NaN,NaN,NaN,NaN
0.657171359913351,0.391740894196703,0.346732079304868,0.260282661458928,NaN,NaN
0.507212125285471,0.350628761626647,NaN,NaN,NaN,NaN
0.514048630084615,NaN,NaN,NaN,NaN,NaN
0.417648912687902,NaN,NaN,NaN,NaN,NaN
0.424693642830604,0.342023644982081,0.410274940384741,0.357332465779595,NaN,NaN
0.364528962132124,0.232178160456706,NaN,NaN,NaN,NaN
0.5263106749727,0.23346740208715,NaN,NaN,NaN,NaN
0.564179078483158,0.44251482904159,0.473245324852556,NaN,NaN,NaN
0.514468665647626,0.383269397159885,0.537489398195492,NaN,NaN,NaN
0.419694667515523,0.635764373094093,0.374588928372347,NaN,NaN,NaN
0.692546564597145,0.23683105185652,NaN,NaN,NaN,NaN
0.57214568787574,0.2870464463691,NaN,NaN,NaN,NaN
0.519532815519885,0.304379802278687,NaN,NaN,NaN,NaN
0.416100853492084,0.242720909732435,NaN,NaN,NaN,NaN
0.536585938340992,0.349860408861293,NaN,NaN,NaN,NaN
0.600697225514964,0.382633694021725,NaN,NaN,NaN,NaN
0.689398944884981,0.305090836369654,NaN,NaN,NaN,NaN
0.567338817594223,0.415996999320236,0.2842131267327,NaN,NaN,NaN
0.486675997489277,0.342076782797505,0.345174371889177,NaN,NaN,NaN
0.418952408606738,NaN,NaN,NaN,NaN,NaN
0.57318115651856,0.437344452952353,0.306914963121046,NaN,NaN,NaN
0.387154408214488,NaN,NaN,NaN,NaN,NaN
0.467692035219449,NaN,NaN,NaN,NaN,NaN
0.395691449413426,NaN,NaN,NaN,NaN,NaN
0.480622719336156,0.43119093579031,NaN,NaN,NaN,NaN
0.550051972224967,0.449962014584546,0.236878916235939,NaN,NaN,NaN
0.484521595753655,0.242284994334508,NaN,NaN,NaN,NaN
0.39858829262807,NaN,NaN,NaN,NaN,NaN
0.613740817467902,0.514192156234502,NaN,NaN,NaN,NaN
0.614232748306382,0.42960900333154,0.274716589355993,NaN,NaN,NaN
0.616268611344668,0.273510933383389,NaN,NaN,NaN,NaN
0.476257022834915,0.27746083471602,NaN,NaN,NaN,NaN
0.505243286229083,0.409094435322877,NaN,NaN,NaN,NaN
0.565566776661395,0.336104280166931,NaN,NaN,NaN,NaN
0.509852935619944,0.317134571785219,NaN,NaN,NaN,NaN
0.594941731920282,0.24187612328039,NaN,NaN,NaN,NaN
0.525911915282215,0.447724936645694,0.397842031882533,NaN,NaN,NaN
0.536596713315454,0.322966070004497,NaN,NaN,NaN,NaN
0.452257442427593,NaN,NaN,NaN,NaN,NaN
0.573400261483152,0.243562587041991,NaN,NaN,NaN,NaN
0.557891456785922,0.312874409361159,0.270157377307737,NaN,NaN,NaN
0.582313949851392,0.33140822152987,0.456733944933298,0.324950105247813,NaN,NaN
0.582887341712059,0.365447749654956,NaN,NaN,NaN,NaN
0.487323208382379,0.199576063292843,NaN,NaN,NaN,NaN
0.475687741640179,0.435784979587577,0.35051581443649,NaN,NaN,NaN
0.526449774331124,0.272638410813477,NaN,NaN,NaN,NaN
0.469530008332355,0.441280722975869,0.213628866889147,NaN,NaN,NaN
0.527876614036379,0.336783840529279,NaN,NaN,NaN,NaN
0.548082112611621,0.209518207898969,NaN,NaN,NaN,NaN
0.565743595735838,0.280518241785914,0.264472127829371,0.43711730684101,NaN,NaN
0.548821309507382,0.364283092555044,0.397731342325485,NaN,NaN,NaN
0.439266853057878,0.275970391566115,NaN,NaN,NaN,NaN
0.482589540865887,0.351015293423362,NaN,NaN,NaN,NaN
0.558271179196855,0.292192988662887,NaN,NaN,NaN,NaN
0.526499665474463,NaN,NaN,NaN,NaN,NaN
0.53127181839624,0.535383494383418,0.287786660776695,NaN,NaN,NaN
0.246471021713035,0.457540532019794,0.382158283119363,NaN,NaN,NaN
0.485153176395485,0.310001227516029,NaN,NaN,NaN,NaN
0.574098402836904,0.32017847555688,NaN,NaN,NaN,NaN
0.456612908627572,0.307504588473494,NaN,NaN,NaN,NaN
0.586242528566739,0.315707433061732,NaN,NaN,NaN,NaN
0.469562189672196,0.405829599182405,0.262705742636486,NaN,NaN,NaN
0.495161381042132,0.271037100088673,NaN,NaN,NaN,NaN
0.586163569695549,0.336892450476207,NaN,NaN,NaN,NaN
0.51359383540493,0.319163040823539,NaN,NaN,NaN,NaN
0.471453359592606,0.249081225159991,NaN,NaN,NaN,NaN
0.525288530412239,0.265421447233103,NaN,NaN,NaN,NaN
0.55829970425676,0.296151254959256,NaN,NaN,NaN,NaN
0.408362339230624,NaN,NaN,NaN,NaN,NaN
0.652520522361312,0.252803533526277,NaN,NaN,NaN,NaN
0.669020687829045,0.336946884980176,0.384401112550891,NaN,NaN,NaN
0.570860190156139,0.283442682175689,NaN,NaN,NaN,NaN
0.354573463462167,NaN,NaN,NaN,NaN,NaN
0.590976960825669,0.278630699470621,NaN,NaN,NaN,NaN
0.498853370231888,0.274068622701587,NaN,NaN,NaN,NaN
0.302468305936437,NaN,NaN,NaN,NaN,NaN
0.379880811916395,0.26459927861295,NaN,NaN,NaN,NaN
0.561193620230245,0.408521179827727,0.282091787448171,NaN,NaN,NaN
0.69732787159742,0.323523891342021,NaN,NaN,NaN,NaN
0.409129270954136,0.355813092012717,0.223940372484282,NaN,NaN,NaN
0.540272140515311,0.262314545431236,NaN,NaN,NaN,NaN
0.636510658683867,0.301649347890377,NaN,NaN,NaN,NaN
0.612978250766954,0.418421035666569,0.325261838564619,NaN,NaN,NaN
0.535406511904478,0.223366602867068,NaN,NaN,NaN,NaN
0.578280887806957,0.307456450235398,0.208099220321715,NaN,NaN,NaN
0.426234127139709,NaN,NaN,NaN,NaN,NaN
0.512694728308997,0.226924935449432,0.401268426196947,NaN,NaN,NaN
0.515128640683257,0.175892007621072,NaN,NaN,NaN,NaN
0.586350465375776,0.322645672121224,NaN,NaN,NaN,NaN
0.417492319474259,0.414642431919955,0.469431945100985,NaN,NaN,NaN
0.481012044580924,0.273054261710809,NaN,NaN,NaN,NaN
0.518241624595152,0.27920612854626,NaN,NaN,NaN,NaN
0.452233282100687,0.273314173483878,0.313566275944065,0.354735000875246,NaN,NaN
0.446447449642581,NaN,NaN,NaN,NaN,NaN
0.502958775657332,0.219504687340236,NaN,NaN,NaN,NaN
0.449418375126846,0.243885189171858,NaN,NaN,NaN,NaN
0.507698234464796,0.279810288273922,NaN,NaN,NaN,NaN
0.753341837141447,0.613652107216857,0.709681000011061,NaN,NaN,NaN
0.661238244842928,0.274064452340075,NaN,NaN,NaN,NaN
0.489756964082855,0.262178140347291,NaN,NaN,NaN,NaN
0.40960986661081,0.27616344768768,NaN,NaN,NaN,NaN
0.581683862049548,0.277222587601461,NaN,NaN,NaN,NaN
0.354327858193966,0.258012490826959,NaN,NaN,NaN,NaN
0.499342984327869,0.195678942558078,NaN,NaN,NaN,NaN
0.623229506672213,0.419252359267402,0.235975116381351,0.340546112542237,NaN,NaN
0.505040163952583,0.348038646158181,NaN,NaN,NaN,NaN
0.412608070348511,NaN,NaN,NaN,NaN,NaN
0.259915549208382,0.428085186615867,0.253075984353386,NaN,NaN,NaN
0.346297729425383,0.312123202883328,NaN,NaN,NaN,NaN
0.730619051917401,0.438405557928977,0.304061771894109,NaN,NaN,NaN
0.702502293727645,0.456318107055534,0.36178395749513,0.542416848175739,0.526341282046968,NaN
0.489173148158964,0.355431633155124,NaN,NaN,NaN,NaN
0.509065284194234,0.188606273609405,NaN,NaN,NaN,NaN
0.552610892821379,0.186589401558208,NaN,NaN,NaN,NaN
0.637238919240608,0.292737062848453,NaN,NaN,NaN,NaN
0.532693353052769,0.261895719984143,NaN,NaN,NaN,NaN
0.417229734660259,0.611384765904185,0.445103240554114,0.576119892870715,NaN,NaN
0.324820203239052,0.416620078187268,NaN,NaN,NaN,NaN
0.482280163113173,0.278140578087582,NaN,NaN,NaN,NaN
0.334121734951222,NaN,NaN,NaN,NaN,NaN
0.461056120881554,0.334276147054402,NaN,NaN,NaN,NaN
0.733206678913091,1.51268961731222,1.58595712612326,NaN,NaN,NaN
0.498339779855996,0.265234474636343,NaN,NaN,NaN,NaN
0.594733329526914,0.327668469425575,NaN,NaN,NaN,NaN
0.486326480824574,0.304331062899812,NaN,NaN,NaN,NaN
0.653213357517157,0.285743299288053,NaN,NaN,NaN,NaN
0.486597496014071,0.196770732754693,0.339818739927072,NaN,NaN,NaN
0.435581272151051,0.294620623817985,NaN,NaN,NaN,NaN
0.529750083575192,0.301453775303302,NaN,NaN,NaN,NaN
0.455279421088648,0.269726413031621,0.30197906080513,NaN,NaN,NaN
0.43378579250919,0.373450347639073,NaN,NaN,NaN,NaN
0.441266543336656,0.292230002093817,NaN,NaN,NaN,NaN
0.345203137248936,NaN,NaN,NaN,NaN,NaN
0.40120438120696,0.204343828407789,NaN,NaN,NaN,NaN
0.487797126231085,NaN,NaN,NaN,NaN,NaN
0.541468561175103,0.297695641514539,NaN,NaN,NaN,NaN
0.371276175390424,NaN,NaN,NaN,NaN,NaN
0.635783318209296,0.346391543528973,NaN,NaN,NaN,NaN
0.529482477815059,0.313683967996201,NaN,NaN,NaN,NaN
0.528978468014005,0.395811046511592,0.325432870199917,NaN,NaN,NaN
0.418473799699878,NaN,NaN,NaN,NaN,NaN
0.632913472899816,0.474982636177635,0.36354598641324,NaN,NaN,NaN
0.569165018247426,0.278642140815869,NaN,NaN,NaN,NaN
0.554064813978772,0.29658815143798,NaN,NaN,NaN,NaN
0.680554203674777,0.229820755948462,NaN,NaN,NaN,NaN
0.604486094759374,0.291865310954557,NaN,NaN,NaN,NaN
0.865905260272297,0.448721785092325,0.291758392461399,0.702522969938712,NaN,NaN
0.667712142133617,0.284227789007021,0.438020453783991,NaN,NaN,NaN
0.416024054543911,0.270344051392188,NaN,NaN,NaN,NaN
0.488874195382918,0.327081213472402,NaN,NaN,NaN,NaN
0.537637481276782,0.382215384414471,NaN,NaN,NaN,NaN
0.495576983033069,0.321995813291121,0.282343326463278,NaN,NaN,NaN
0.629948857950718,0.337646506376517,NaN,NaN,NaN,NaN
0.511868031694648,0.283304653155442,NaN,NaN,NaN,NaN
0.510983572667576,0.424252319601454,0.281878951535126,NaN,NaN,NaN
0.545168862179885,0.291333742436197,NaN,NaN,NaN,NaN
0.437189116781548,0.215677911262409,NaN,NaN,NaN,NaN
0.523865334937396,0.302646091316048,NaN,NaN,NaN,NaN
0.525077859665972,0.22598960459551,NaN,NaN,NaN,NaN
0.620352372871995,0.362950330460274,0.288199359218344,NaN,NaN,NaN
0.487719444815109,0.204734620169211,NaN,NaN,NaN,NaN
0.333643080882716,0.475806351871298,NaN,NaN,NaN,NaN
0.573655911704028,0.300938151861888,NaN,NaN,NaN,NaN
0.518189142163618,0.232260611204674,NaN,NaN,NaN,NaN
0.588215555339487,0.213055295802177,NaN,NaN,NaN,NaN
0.56602118675719,0.57213821240129,0.415573752491456,NaN,NaN,NaN
0.623363107692098,0.37745729425235,0.233910137547309,NaN,NaN,NaN
0.715438016991751,0.279481248798402,0.37247614723439,NaN,NaN,NaN
0.472985428747936,0.372904112853349,0.438354684261121,NaN,NaN,NaN
0.477720014008332,0.422317899256222,NaN,NaN,NaN,NaN
0.592093651781074,1.0397389619228,0.618637253176231,0.900049064858299,NaN,NaN
0.467956809602436,0.256484522063113,NaN,NaN,NaN,NaN
0.378629812068892,NaN,NaN,NaN,NaN,NaN
0.614561629238567,0.238363659867099,NaN,NaN,NaN,NaN
0.545579812559015,1.05331614435084,0.924811281544364,NaN,NaN,NaN
0.600602863752284,0.249821488792955,NaN,NaN,NaN,NaN
0.531681357481666,0.2734772292032,NaN,NaN,NaN,NaN
0.47945120190807,0.361171354792836,NaN,NaN,NaN,NaN
0.603766733269848,0.376331571692055,NaN,NaN,NaN,NaN
0.729864996318577,0.212195649402836,0.349103345443559,NaN,NaN,NaN
0.547985556990804,0.290769596475853,NaN,NaN,NaN,NaN
0.717477009826361,0.51392245255633,0.409767826794099,0.518152545943399,NaN,NaN
1.47369955200128,1.36640836313218,NaN,NaN,NaN,NaN
0.671102347285627,0.302146375337497,0.324555478262953,NaN,NaN,NaN
0.619511227514322,0.261451333097391,NaN,NaN,NaN,NaN
0.476614528161144,0.216565338883974,0.297777851369545,NaN,NaN,NaN
0.567073174536174,0.425454983778292,0.413409306155476,NaN,NaN,NaN
0.497970436178775,0.330158158716249,NaN,NaN,NaN,NaN
0.553152701521557,0.366315995885665,NaN,NaN,NaN,NaN
0.690163866821046,0.40543178600165,0.267688832608888,NaN,NaN,NaN
0.494752157687006,NaN,NaN,NaN,NaN,NaN
0.479852545756517,0.341113740193755,0.317509308834753,0.296741902312053,NaN,NaN
0.42282210752402,0.240681447042572,NaN,NaN,NaN,NaN
0.415128986365308,0.261047183320979,NaN,NaN,NaN,NaN
0.398987046368339,0.226892493793965,NaN,NaN,NaN,NaN
0.326916450527168,0.350019428482373,NaN,NaN,NaN,NaN
0.606065212984807,0.370917135958399,NaN,NaN,NaN,NaN
0.506738522435773,0.25427220085432,NaN,NaN,NaN,NaN
0.89497510495429,0.641457334735463,0.658618499044251,0.626105866618491,0.47751840745763,NaN
0.545684511734504,0.285853271638501,NaN,NaN,NaN,NaN
0.582961028783153,0.458473872289943,0.407088912707078,NaN,NaN,NaN
0.327868743638786,0.317228700750134,NaN,NaN,NaN,NaN
0.660747607874468,0.325901098877173,0.363593686797899,0.160098841337245,NaN,NaN
0.471107997616799,0.401900315791155,NaN,NaN,NaN,NaN
0.429474554440257,0.334462085623162,NaN,NaN,NaN,NaN
0.333132628769569,0.191231966576929,NaN,NaN,NaN,NaN
0.706449444061682,0.499485248303515,NaN,NaN,NaN,NaN
0.532639660252367,0.916490242719647,0.544869468334342,0.803917124578122,0.416516016373734,NaN
0.39805812293884,NaN,NaN,NaN,NaN,NaN
0.574441065805495,0.385168290862674,0.308879306890052,0.389482539755268,NaN,NaN
0.574471915662991,0.315508966408465,NaN,NaN,NaN,NaN
0.61226295786829,0.428807427015727,NaN,NaN,NaN,NaN
0.631686184195923,0.214422180457215,NaN,NaN,NaN,NaN
0.588626208640077,NaN,NaN,NaN,NaN,NaN
0.620102152787098,0.342356591073449,NaN,NaN,NaN,NaN
0.483967433271902,0.184327486928504,NaN,NaN,NaN,NaN
0.56413809406446,0.325309650562401,NaN,NaN,NaN,NaN
0.552505086409141,0.316818462243752,NaN,NaN,NaN,NaN
0.441121229628131,0.335352904222921,NaN,NaN,NaN,NaN
0.530147235326347,0.214579059265621,NaN,NaN,NaN,NaN
0.705617646161392,0.450720626447907,NaN,NaN,NaN,NaN
0.651586801631724,0.405927267929724,0.445612681410782,0.344309590355135,NaN,NaN
0.41872517218882,NaN,NaN,NaN,NaN,NaN
0.458883799436184,NaN,NaN,NaN,NaN,NaN
0.666300978049446,0.583194692982836,0.399980871247019,0.435936262112567,0.436915057790737,NaN
0.480829947774444,0.487579982569439,0.40640610397746,NaN,NaN,NaN
0.552724436031079,0.262123751411435,NaN,NaN,NaN,NaN
0.480517312927272,0.305979348934983,NaN,NaN,NaN,NaN
0.399747822318201,0.489519401022124,NaN,NaN,NaN,NaN
0.603357897862602,0.496409660012144,0.366614119911695,0.209327324493891,NaN,NaN
0.425133420808879,0.218177628255212,NaN,NaN,NaN,NaN
0.354886948863191,0.275248976342559,NaN,NaN,NaN,NaN
0.462614870489371,0.424609168442891,NaN,NaN,NaN,NaN
0.316771071991349,0.521790799462213,0.300379747033165,NaN,NaN,NaN
0.513869122981121,0.425018654636416,0.23289731637807,NaN,NaN,NaN
0.590837045775684,0.28314637344101,NaN,NaN,NaN,NaN
0.58127279382696,0.370217089706144,0.364601826993008,0.273800263057504,0.283032343901653,NaN
0.459281867122786,NaN,NaN,NaN,NaN,NaN
0.448523989774641,0.266219202872083,NaN,NaN,NaN,NaN
0.545150831112547,0.305886072046992,NaN,NaN,NaN,NaN
0.574961337856389,0.334034912036896,NaN,NaN,NaN,NaN
0.485312540435861,NaN,NaN,NaN,NaN,NaN
0.560494336169116,0.255841093335119,NaN,NaN,NaN,NaN
0.61468211613164,0.30297393044372,0.247273066446536,NaN,NaN,NaN
0.691901417121484,0.236299165611161,NaN,NaN,NaN,NaN
0.541316455786699,0.180150683014344,NaN,NaN,NaN,NaN
0.485238867825997,NaN,NaN,NaN,NaN,NaN
0.468744619508955,NaN,NaN,NaN,NaN,NaN
0.617421783152956,0.206733546290338,NaN,NaN,NaN,NaN
0.423227900298907,0.452513093705028,NaN,NaN,NaN,NaN
0.555182181173478,0.248830004235981,NaN,NaN,NaN,NaN
1.25215452569519,0.593515414533604,1.85225122831965,0.312091420529794,NaN,NaN
0.535252740514669,0.253638366202429,NaN,NaN,NaN,NaN
0.648836027924255,0.328737242118318,0.312494650457137,0.367306759230243,NaN,NaN
0.47625365277996,0.314504640691998,NaN,NaN,NaN,NaN
0.45540745463615,0.287660267350109,NaN,NaN,NaN,NaN
0.644915779574011,0.297040740412551,NaN,NaN,NaN,NaN
0.631890085136678,0.250905453904673,NaN,NaN,NaN,NaN
0.633169968281392,0.256289619335433,0.337028522219731,NaN,NaN,NaN
0.48199819237988,0.459951716564368,NaN,NaN,NaN,NaN
0.528252105608809,0.232082674430391,0.427252869715525,NaN,NaN,NaN
0.631689944201117,0.332897495327129,NaN,NaN,NaN,NaN
0.472340123980991,0.377306388823814,0.349325831214647,0.363151866012852,NaN,NaN
0.47615099405514,0.250192230206975,NaN,NaN,NaN,NaN
0.523474013968193,0.411463333415787,0.399990302344972,0.32522689877041,NaN,NaN
0.405926489246284,0.224459887439885,NaN,NaN,NaN,NaN
0.548925559641015,0.229856651871786,NaN,NaN,NaN,NaN
0.512944890264155,0.224994383070437,NaN,NaN,NaN,NaN
0.5737581733181,0.235190375559861,NaN,NaN,NaN,NaN
0.689236286254704,0.338391869048239,0.343867109170531,NaN,NaN,NaN
0.511152684096092,0.307296310406261,NaN,NaN,NaN,NaN
0.54089972921885,NaN,NaN,NaN,NaN,NaN
0.502068353677599,0.386109324058792,NaN,NaN,NaN,NaN
0.58762579008491,0.239597754794835,NaN,NaN,NaN,NaN
0.590071106682931,0.51290664122739,0.467092829199981,0.373170689061672,NaN,NaN
0.494234964777937,0.219369091538271,NaN,NaN,NaN,NaN
0.447412533410207,0.391566155470661,0.293208275296466,NaN,NaN,NaN
0.691885485586732,0.363475898588778,0.183387158266673,NaN,NaN,NaN
0.33517391101038,0.461524619286709,NaN,NaN,NaN,NaN
0.491557990067066,0.236008805185089,NaN,NaN,NaN,NaN
0.670380113067692,0.313702518369351,NaN,NaN,NaN,NaN
0.600706260351801,0.2766679256977,NaN,NaN,NaN,NaN
0.534504392670415,0.274031327365456,NaN,NaN,NaN,NaN
0.572839375906268,0.234451689977299,NaN,NaN,NaN,NaN
0.540416828484766,0.358543084912137,NaN,NaN,NaN,NaN
0.450927833141935,0.244189678856778,NaN,NaN,NaN,NaN
0.641348944266465,0.27962105353671,NaN,NaN,NaN,NaN
0.37834143068234,0.37737245313992,0.490993382787993,NaN,NaN,NaN
0.455433901623159,0.164428842428804,NaN,NaN,NaN,NaN
0.562281231229362,0.268057069933605,NaN,NaN,NaN,NaN
0.461235423300395,0.21266832811456,NaN,NaN,NaN,NaN
0.381121621808989,0.397236124216311,0.398532424944194,NaN,NaN,NaN
0.421377292134348,0.424150968403813,0.331597771524139,0.437336436129244,0.277903558206425,0.434178686268355
0.352091254396999,0.551770905641488,NaN,NaN,NaN,NaN
0.487040315246808,0.370202239465509,0.250418492740601,NaN,NaN,NaN
0.422387065818454,0.310701562435421,NaN,NaN,NaN,NaN
0.566878183058508,0.262394715522123,NaN,NaN,NaN,NaN
0.63245968307419,0.323055123767363,NaN,NaN,NaN,NaN
0.58728945591404,0.346969530243762,0.357328319189679,NaN,NaN,NaN
0.642806390447474,0.335483786586196,NaN,NaN,NaN,NaN
0.498586014327633,0.388958271087627,0.330935696996296,0.324110830411523,NaN,NaN
0.531851108900264,0.423730439067,0.200955030931822,NaN,NaN,NaN
0.601030730187332,0.360498096675306,NaN,NaN,NaN,NaN
0.387337029489483,NaN,NaN,NaN,NaN,NaN
0.595617861658388,0.284149161765138,NaN,NaN,NaN,NaN
0.451290037644113,0.217570126921784,NaN,NaN,NaN,NaN
0.685823049892698,0.443833501550756,0.320044266513906,NaN,NaN,NaN
0.520966177536701,0.282755765095197,0.378249263011374,NaN,NaN,NaN
0.426792754513065,0.379502567240593,NaN,NaN,NaN,NaN
0.641224101288854,0.208459765587397,NaN,NaN,NaN,NaN
0.322704422942045,0.313853370263728,NaN,NaN,NaN,NaN
0.63329754494023,0.489786658833582,0.350996439387595,NaN,NaN,NaN
0.502963916959146,0.278954610647036,0.19380138277685,NaN,NaN,NaN
0.549040911018462,0.338656432001428,0.412483671443559,NaN,NaN,NaN
0.533176268468253,0.327237693871479,NaN,NaN,NaN,NaN
0.462526188940642,0.261777286169232,NaN,NaN,NaN,NaN
0.573380221403488,0.424975823113389,NaN,NaN,NaN,NaN
0.316372883463715,0.453565253694226,NaN,NaN,NaN,NaN
0.397690023298435,0.357733021749553,NaN,NaN,NaN,NaN
0.435178540575341,0.244923313495038,NaN,NaN,NaN,NaN
0.562225854282352,0.359002748955137,0.39307746183326,NaN,NaN,NaN
0.590635511970288,0.324523558870626,0.38784569306049,NaN,NaN,NaN
0.560402955680149,0.239779783084493,NaN,NaN,NaN,NaN
0.529966161792759,0.247820014363759,NaN,NaN,NaN,NaN
0.695076991578085,0.28264988140186,NaN,NaN,NaN,NaN
0.601028070729835,0.422841764589401,0.182252910322682,NaN,NaN,NaN
0.549609502626978,0.480703067240006,0.416462740308044,NaN,NaN,NaN
0.481502862211459,0.37649061981276,NaN,NaN,NaN,NaN
0.408354169595657,0.297560645827477,0.258759025980392,NaN,NaN,NaN
0.584624152949051,0.360740843015276,NaN,NaN,NaN,NaN
0.421851870995186,0.283323448022066,0.246439785291792,NaN,NaN,NaN
0.737735969659363,0.288260422155978,0.29747287675814,NaN,NaN,NaN
0.53971507366575,0.313907792054103,NaN,NaN,NaN,NaN
0.305505502485256,0.295189342724608,NaN,NaN,NaN,NaN
0.577251690135514,0.394572681112607,0.296800649850565,0.292046341979267,NaN,NaN
0.490647804903787,0.212106148970548,NaN,NaN,NaN,NaN
0.613362505496596,0.270581435888489,0.429567007104126,NaN,NaN,NaN
0.555857444925295,0.282890827996021,NaN,NaN,NaN,NaN
0.262602107563931,0.384452375297624,NaN,NaN,NaN,NaN
0.427565667244662,0.226307837218443,NaN,NaN,NaN,NaN
0.404247269566594,0.3525332270289,NaN,NaN,NaN,NaN
0.4951319540761,0.322445529380658,NaN,NaN,NaN,NaN
0.598811482147384,0.465798737128311,0.403302249521302,0.314770726088299,NaN,NaN
0.562112371707677,0.413377345264227,0.328027547968594,NaN,NaN,NaN
0.631906440443975,0.365843140483878,0.449648641457388,NaN,NaN,NaN
0.277252462990673,0.357787897787612,0.472816106919656,NaN,NaN,NaN
0.532476612443081,0.435326414162237,0.165685615931234,NaN,NaN,NaN
0.367516958042663,NaN,NaN,NaN,NaN,NaN
0.530161183787049,0.498787716750025,NaN,NaN,NaN,NaN
0.51347207637619,0.351148026629775,0.538817238882291,NaN,NaN,NaN
0.542417458903312,0.42348256150032,NaN,NaN,NaN,NaN
0.485668071501601,0.347589344579283,NaN,NaN,NaN,NaN
0.511274804288731,0.34021222847963,0.448859224948529,NaN,NaN,NaN
0.645055532742575,0.491906340935867,0.389436886232262,0.462740995220545,NaN,NaN
0.585570900156759,0.283972724372514,0.383694448671595,0.355587540317924,NaN,NaN
0.460049474377734,0.381975637797248,NaN,NaN,NaN,NaN
0.396794270177641,NaN,NaN,NaN,NaN,NaN
0.518315483234253,0.294689069888266,NaN,NaN,NaN,NaN
0.633180719025553,0.233812195994448,NaN,NaN,NaN,NaN
0.620050318466454,0.433588072470255,0.423874584605684,0.317125994970097,NaN,NaN
0.664157837801531,0.315930562472685,NaN,NaN,NaN,NaN
0.496968072704967,0.327666677093896,0.338558071520683,NaN,NaN,NaN
0.630078341506293,0.257940070137125,NaN,NaN,NaN,NaN
0.303627244624385,0.521640762088714,NaN,NaN,NaN,NaN
0.531099335696095,0.273450516537383,NaN,NaN,NaN,NaN
0.438285790326348,0.225294864291589,NaN,NaN,NaN,NaN
0.868506227271863,0.674239572079124,0.931294500447666,0.720366148172217,NaN,NaN
0.37148086048414,NaN,NaN,NaN,NaN,NaN
0.499554525421588,0.279496258119032,NaN,NaN,NaN,NaN
0.309149084923012,0.433202809001755,NaN,NaN,NaN,NaN
0.524085953448834,0.223381242451086,NaN,NaN,NaN,NaN
0.684002946382246,0.325635832569001,NaN,NaN,NaN,NaN
0.730154372776295,0.269239941442634,0.470352502756836,0.414616228355121,0.291227823191718,0.330075161595954
0.565363073492034,0.403528199298923,NaN,NaN,NaN,NaN
0.670242223104988,0.273703362340091,NaN,NaN,NaN,NaN
0.589892136637757,0.209957567066015,NaN,NaN,NaN,NaN
0.617434304672151,NaN,NaN,NaN,NaN,NaN
0.588404305396897,0.322090798120095,0.217102814640704,NaN,NaN,NaN
0.505463768167983,0.345859489432443,NaN,NaN,NaN,NaN
0.523318014815457,0.27058430358955,NaN,NaN,NaN,NaN
0.523243146418233,0.261951498082807,NaN,NaN,NaN,NaN
0.456579602039739,0.320421040813947,NaN,NaN,NaN,NaN
0.556153011306869,0.50076573977118,NaN,NaN,NaN,NaN
0.473241471496859,0.270024378791491,NaN,NaN,NaN,NaN
0.468121544494471,0.39168282192678,NaN,NaN,NaN,NaN
0.597738436897113,0.308311583325357,NaN,NaN,NaN,NaN
0.377711321600721,0.266508073401723,0.272887879574099,NaN,NaN,NaN
0.442703381755822,0.24067012632,NaN,NaN,NaN,NaN
0.46788145578519,0.338234385337668,NaN,NaN,NaN,NaN
0.444977768209467,NaN,NaN,NaN,NaN,NaN
0.612947646266858,NaN,NaN,NaN,NaN,NaN
0.421008043721186,0.218901117977468,0.381609546483013,0.180381635351088,NaN,NaN
0.405052463887542,0.495037021654234,NaN,NaN,NaN,NaN
0.479921113633671,0.238635041761516,NaN,NaN,NaN,NaN
0.783271970853545,0.263269205168164,NaN,NaN,NaN,NaN
0.611016450647972,0.276743421091518,NaN,NaN,NaN,NaN
0.477953068486221,0.295215867713894,NaN,NaN,NaN,NaN
0.62055030853966,0.291454960337138,NaN,NaN,NaN,NaN
0.534335154125354,0.312707737522225,NaN,NaN,NaN,NaN
0.259259373774217,0.404758840750936,NaN,NaN,NaN,NaN
0.555822973720939,0.161457188276653,NaN,NaN,NaN,NaN
0.476851915715152,0.204550507674468,NaN,NaN,NaN,NaN
0.538232920018755,0.280844482041613,NaN,NaN,NaN,NaN
0.546358635211278,0.423407892707765,0.399352439348155,0.331457232502675,0.292085854749328,NaN
0.442791556509078,NaN,NaN,NaN,NaN,NaN
0.481117975013337,0.205145865557397,NaN,NaN,NaN,NaN
0.596408221680185,0.290835041832705,NaN,NaN,NaN,NaN
0.498148828256026,0.339178070782373,0.321621539749576,NaN,NaN,NaN
0.582680059802708,0.377414579100012,0.428446482009515,0.271568490119224,NaN,NaN
0.53616953620379,0.254100294959594,NaN,NaN,NaN,NaN
0.488726681313445,NaN,NaN,NaN,NaN,NaN
0.362480525146143,0.551305307239347,NaN,NaN,NaN,NaN
0.486905099672587,0.249945824651783,NaN,NaN,NaN,NaN
0.532088235863532,0.248391443050185,NaN,NaN,NaN,NaN
0.42840462840211,0.281310119458312,NaN,NaN,NaN,NaN
0.645426774962923,0.330241330492635,0.39089632779438,NaN,NaN,NaN
0.67841563940772,0.371951272729971,0.249617879615518,NaN,NaN,NaN
0.468635501123914,0.267189813020172,NaN,NaN,NaN,NaN
0.427701916908623,0.213270914390288,NaN,NaN,NaN,NaN
0.46199560624491,NaN,NaN,NaN,NaN,NaN
0.668538053715665,0.369405866657245,NaN,NaN,NaN,NaN
0.580328873698707,0.244834524734388,NaN,NaN,NaN,NaN
0.610150798284641,0.38863226872922,NaN,NaN,NaN,NaN
0.602810286194752,NaN,NaN,NaN,NaN,NaN
0.520642819536846,0.515028934650685,0.336945784871798,NaN,NaN,NaN
0.5426259207368,0.417698176321704,0.349774714403405,NaN,NaN,NaN
0.637823720076276,0.282138962302917,NaN,NaN,NaN,NaN
0.484651730618206,NaN,NaN,NaN,NaN,NaN
0.493033977716317,0.391197439428489,NaN,NaN,NaN,NaN
0.531230618270191,0.398687022638982,0.263991083310916,NaN,NaN,NaN
0.532865355464979,NaN,NaN,NaN,NaN,NaN
0.643954990617242,0.318418323610709,NaN,NaN,NaN,NaN
0.494891420087913,NaN,NaN,NaN,NaN,NaN
0.696803309607091,0.868861560006548,0.955575741712907,0.732007325092093,0.526274075020743,NaN
0.5543556504889,0.340290243269504,NaN,NaN,NaN,NaN
0.573959665404611,0.450091613569994,0.392124140855847,0.364435898866637,NaN,NaN
0.591676959266987,NaN,NaN,NaN,NaN,NaN
0.648972680472594,0.270465353694739,NaN,NaN,NaN,NaN
0.451286350103144,0.262280766429712,NaN,NaN,NaN,NaN
0.641958346846352,0.300902999703722,NaN,NaN,NaN,NaN
0.3691744935538,0.246107307483346,0.313676031007409,NaN,NaN,NaN
0.608925842529879,0.252671631625843,NaN,NaN,NaN,NaN
0.604797979443302,0.638166206432281,2.16992185650348,2.40585508707457,NaN,NaN
0.512286979477255,0.303873388720931,NaN,NaN,NaN,NaN
0.555858304212574,0.266237690545909,NaN,NaN,NaN,NaN
0.540653598353638,0.253984236999151,NaN,NaN,NaN,NaN
0.487615686927769,0.257415885375983,NaN,NaN,NaN,NaN
0.495878626363969,0.330694748448898,0.368595328086856,NaN,NaN,NaN
0.516529781119393,0.207031090449872,NaN,NaN,NaN,NaN
0.557995717567983,0.363157108029191,NaN,NaN,NaN,NaN
0.4746425509856,0.261838871929272,0.399527985164866,NaN,NaN,NaN
0.666056493840588,0.339408159910299,0.222635798535098,NaN,NaN,NaN
0.624041312909248,0.176223956838486,NaN,NaN,NaN,NaN
0.55845978146332,0.341454472160534,NaN,NaN,NaN,NaN
0.506836960114798,0.447026013768415,0.257456070468288,NaN,NaN,NaN
0.285532907172554,NaN,NaN,NaN,NaN,NaN
0.616424266678636,0.335810352148047,NaN,NaN,NaN,NaN
0.594538878225703,NaN,NaN,NaN,NaN,NaN
0.468484928409948,0.273487777809821,NaN,NaN,NaN,NaN
0.526011585144384,0.263258720651661,NaN,NaN,NaN,NaN
0.483996455923779,0.223429062106672,NaN,NaN,NaN,NaN
0.554298293907792,0.266565136730765,NaN,NaN,NaN,NaN
0.557253931363877,0.262941245951751,NaN,NaN,NaN,NaN
0.440238491425559,0.212225436089137,NaN,NaN,NaN,NaN
0.488815391591286,0.20793305718342,NaN,NaN,NaN,NaN
0.506806632518833,0.291126058243911,0.230794473657414,NaN,NaN,NaN
0.484509883943584,0.240140918947614,NaN,NaN,NaN,NaN
0.658915216252075,0.312088883504703,0.284641573075675,NaN,NaN,NaN
0.558448499088666,0.493584670628839,0.318865055313565,0.191705248647687,0.261809765783385,NaN
0.664831407428677,0.311039882582106,NaN,NaN,NaN,NaN
0.527346221855523,0.209706290893489,NaN,NaN,NaN,NaN
0.437711484016563,0.230737070022013,NaN,NaN,NaN,NaN
0.426906058860024,0.664876845201003,0.230645585119395,NaN,NaN,NaN
0.668520861574063,0.284997119493551,NaN,NaN,NaN,NaN
0.65081630635106,0.388748531706254,0.619565774713036,NaN,NaN,NaN
0.523371785943131,NaN,NaN,NaN,NaN,NaN
0.533958996307441,0.295846601162083,NaN,NaN,NaN,NaN
0.528986818724109,NaN,NaN,NaN,NaN,NaN
0.392517135353222,0.254118734140915,NaN,NaN,NaN,NaN
0.55176399848509,0.220172889640736,NaN,NaN,NaN,NaN
0.658737548432258,0.229640862731345,NaN,NaN,NaN,NaN
0.407056994762153,0.328363541518714,0.326646896375294,NaN,NaN,NaN
0.624023613822598,0.321974188481294,0.217419146770895,NaN,NaN,NaN
0.555470160975731,NaN,NaN,NaN,NaN,NaN
0.402010390681494,0.199281838809409,NaN,NaN,NaN,NaN
0.549606078000771,NaN,NaN,NaN,NaN,NaN
0.527762715672696,0.324229882785972,NaN,NaN,NaN,NaN
0.491305538233332,0.235112705391751,NaN,NaN,NaN,NaN
0.444343250088472,0.151615496877316,NaN,NaN,NaN,NaN
0.545845749611899,0.314001884445245,0.367211028087982,NaN,NaN,NaN
0.306427829910367,0.42178244445946,NaN,NaN,NaN,NaN
0.458797345344841,0.285358297522336,NaN,NaN,NaN,NaN
0.533209998144054,NaN,NaN,NaN,NaN,NaN
0.437366256613651,0.292052225780874,NaN,NaN,NaN,NaN
0.65594893074975,0.309100193278642,NaN,NaN,NaN,NaN
0.521609212013076,0.171720716235707,NaN,NaN,NaN,NaN
0.415019410774736,0.39731460151076,0.514128823277837,0.273318958383242,NaN,NaN
0.529131252190208,0.270501849959609,0.328556121582078,0.287124394450677,0.303007275298802,NaN
0.555851855891019,0.196404004001059,NaN,NaN,NaN,NaN
0.399591705766837,0.228419420645515,NaN,NaN,NaN,NaN
0.464965428369844,0.25685974670659,NaN,NaN,NaN,NaN
0.531312197307991,0.335610172028149,NaN,NaN,NaN,NaN
0.422272531244552,0.540816913603615,NaN,NaN,NaN,NaN
0.419324490197398,0.274805411889107,NaN,NaN,NaN,NaN
0.484437025220531,0.368900056722499,0.280138799755606,NaN,NaN,NaN
0.480654164897554,0.315667330489605,NaN,NaN,NaN,NaN
0.634463612160039,0.303117474133101,0.338942342816961,0.437061777213469,NaN,NaN
0.531517056353079,0.358252569781787,0.540248949098613,1.33645974630918,1.51885579464606,NaN
0.417526727596192,NaN,NaN,NaN,NaN,NaN
0.467668693260326,0.251754685527129,NaN,NaN,NaN,NaN
0.504568228381612,0.434701250166098,NaN,NaN,NaN,NaN
0.668755554785538,0.340247935067625,NaN,NaN,NaN,NaN
0.414261540746208,0.254240436551997,NaN,NaN,NaN,NaN
0.652714585868718,0.450639100472424,0.432366397955149,0.395789606882279,0.273408205803346,0.260332530957891
0.503205179265742,0.195236208176782,NaN,NaN,NaN,NaN
0.459448104174804,0.226175472697322,NaN,NaN,NaN,NaN
0.679268772141281,0.213317204755402,NaN,NaN,NaN,NaN
0.520754714059441,0.495716726614499,NaN,NaN,NaN,NaN
0.455679679064751,0.246514065064632,NaN,NaN,NaN,NaN
0.476079483761715,NaN,NaN,NaN,NaN,NaN
0.451393061856427,NaN,NaN,NaN,NaN,NaN
0.679644064556659,0.440128857449679,0.372402853138917,0.501694204063533,NaN,NaN
0.484724746099825,0.276434499039034,0.267496000845577,NaN,NaN,NaN
0.506456689618745,0.436368305151618,0.407835973222733,NaN,NaN,NaN
0.300581493048606,NaN,NaN,NaN,NaN,NaN
0.574528131791603,0.293333407519213,NaN,NaN,NaN,NaN
0.468656872356428,0.340795815406128,NaN,NaN,NaN,NaN
0.535394055033183,0.299623041701235,NaN,NaN,NaN,NaN
0.465425431101376,0.283897753862669,NaN,NaN,NaN,NaN
0.610523074090505,0.336616931556397,NaN,NaN,NaN,NaN
0.418357068776173,0.43177257213945,NaN,NaN,NaN,NaN
0.613577792829242,0.394092797198774,0.361297964466714,0.356611168789498,NaN,NaN
0.465986222077765,0.421670648356821,0.176434175983616,NaN,NaN,NaN
0.461112466784292,0.222927725235902,NaN,NaN,NaN,NaN
0.523571439135666,0.221650067833715,NaN,NaN,NaN,NaN
0.479343941185858,0.355793414577602,NaN,NaN,NaN,NaN
0.413634698446089,0.540779950359626,NaN,NaN,NaN,NaN
0.604441602352946,0.32868762535619,NaN,NaN,NaN,NaN
0.575243553463307,0.576713683718221,0.299956911718604,0.404206610601717,NaN,NaN
0.649618953204178,0.462568812429282,0.242301512155364,0.245331765874873,NaN,NaN
0.668342667864892,0.346487465681097,0.317955244901343,NaN,NaN,NaN
0.489225903543374,0.313524554209673,NaN,NaN,NaN,NaN
0.665837068102992,0.341270586772218,NaN,NaN,NaN,NaN
0.590953227286218,0.318343598102789,NaN,NaN,NaN,NaN
0.470988927382649,0.401864965099543,0.363293145997288,0.302628330661122,NaN,NaN
0.594063662914398,0.310690581172068,0.246227680521217,NaN,NaN,NaN
0.570239466370013,0.372799502180156,NaN,NaN,NaN,NaN
0.614030524621873,0.277209281200949,NaN,NaN,NaN,NaN
0.386181205398529,NaN,NaN,NaN,NaN,NaN
0.449397957729918,0.555119586266709,0.307076241515166,NaN,NaN,NaN
0.585366243629239,0.302281522663403,NaN,NaN,NaN,NaN
0.440352594578402,0.196146358207891,NaN,NaN,NaN,NaN
0.39627676426324,0.187323490068438,NaN,NaN,NaN,NaN
0.660609044656832,0.253872079885993,NaN,NaN,NaN,NaN
0.359018677375885,NaN,NaN,NaN,NaN,NaN
0.361484449302408,0.505372285306539,NaN,NaN,NaN,NaN
0.690086320217293,0.391017970938598,0.358104884159254,NaN,NaN,NaN
0.470049116343206,0.292854239943128,NaN,NaN,NaN,NaN
0.565616179936478,0.311432888628511,0.25725341143045,NaN,NaN,NaN
0.573773725510522,0.29348764755594,NaN,NaN,NaN,NaN
0.589374206339392,0.332738777449175,NaN,NaN,NaN,NaN
0.537163849171286,0.256284066638782,NaN,NaN,NaN,NaN
0.589590737540564,0.314049334779406,NaN,NaN,NaN,NaN
0.629568062639397,NaN,NaN,NaN,NaN,NaN
0.631254413776634,0.291859261781786,NaN,NaN,NaN,NaN
0.461645807371132,0.289555456506186,NaN,NaN,NaN,NaN
0.550861576131615,0.175026297420104,NaN,NaN,NaN,NaN
0.711966128727131,0.369832080148895,NaN,NaN,NaN,NaN
0.524507110271814,0.256288523763076,NaN,NaN,NaN,NaN
0.691871365487573,0.297925567509639,0.322117632294188,0.305904004514931,NaN,NaN
0.595314007082534,0.221418231948922,NaN,NaN,NaN,NaN
0.474818515247508,0.315343302029534,0.443229554704552,NaN,NaN,NaN
0.5342845514581,0.330946320852924,NaN,NaN,NaN,NaN
0.581615107243398,0.244339438973156,NaN,NaN,NaN,NaN
0.520430851706478,0.343671448307323,NaN,NaN,NaN,NaN
0.518546464975004,0.356803013541552,NaN,NaN,NaN,NaN
0.550830705564764,0.294892418304627,NaN,NaN,NaN,NaN
0.47187185681355,0.272111146786668,NaN,NaN,NaN,NaN
0.480249592198254,0.286600665843214,NaN,NaN,NaN,NaN
0.593231145725014,0.233378270361892,NaN,NaN,NaN,NaN
0.74804916332394,0.561155897105739,0.552108905843307,NaN,NaN,NaN
0.682418044020404,0.488224002823513,0.654431501473118,NaN,NaN,NaN
0.608698305220238,0.217230914649008,NaN,NaN,NaN,NaN
0.452685777229125,0.357808918203046,NaN,NaN,NaN,NaN
0.520093256647875,0.46167355666375,0.231921117899425,NaN,NaN,NaN
0.497837754100024,0.238445284470329,NaN,NaN,NaN,NaN
0.366776887243388,0.235289092979901,NaN,NaN,NaN,NaN
0.467024916240835,0.282264933948396,NaN,NaN,NaN,NaN
0.483943516164421,NaN,NaN,NaN,NaN,NaN
0.509866696672721,0.229571767092944,NaN,NaN,NaN,NaN
0.578847017358936,0.320821868882548,NaN,NaN,NaN,NaN
0.645836355503632,0.299774201667607,0.305404865661078,NaN,NaN,NaN
0.488097192384519,0.231225415051345,NaN,NaN,NaN,NaN
0.595663256021289,0.43537544250346,NaN,NaN,NaN,NaN
0.526427338767626,0.471793562863779,0.390004241618939,NaN,NaN,NaN
0.583122614483142,0.305889332908105,0.233881778554705,NaN,NaN,NaN
0.537406369713316,0.306833305763178,NaN,NaN,NaN,NaN
0.592278740197512,0.240418419375876,NaN,NaN,NaN,NaN
0.512432083701653,0.396796449931692,0.345728873098726,NaN,NaN,NaN
0.507103696242803,0.268389103113604,NaN,NaN,NaN,NaN
0.65324568222035,0.23665088228018,NaN,NaN,NaN,NaN
0.412718933825988,0.278878651937212,0.287361202938283,NaN,NaN,NaN
0.456410724802682,NaN,NaN,NaN,NaN,NaN
0.543782245825071,0.55038398033023,0.472922564275701,0.279178442579066,NaN,NaN
0.508155937835878,0.473905958501601,0.410666323328194,0.331830973608419,NaN,NaN
0.334154271365815,0.298172791527798,0.3845682110865,NaN,NaN,NaN
0.564495688366053,0.28574132342645,0.243273233309059,NaN,NaN,NaN
0.47948195728614,0.250220171063111,NaN,NaN,NaN,NaN
0.514655242743037,0.44560210246838,NaN,NaN,NaN,NaN
0.643767640528306,0.426531982392627,0.197858626100864,NaN,NaN,NaN
0.595873816028821,0.283971884536661,NaN,NaN,NaN,NaN
0.525653916560193,0.205847025617452,NaN,NaN,NaN,NaN
0.388582368536541,0.330192362011189,NaN,NaN,NaN,NaN
0.609770848076092,0.509169361669911,0.258044616512252,NaN,NaN,NaN
0.379714797713147,0.340552351659871,0.246024275983867,NaN,NaN,NaN
0.370226233235084,0.465193185226682,0.376086461924785,0.378914332926228,NaN,NaN
0.696234258788332,0.230727052547189,NaN,NaN,NaN,NaN
0.607776292600756,0.276382490884762,0.235855812554738,NaN,NaN,NaN
0.622764809534867,0.327836877982746,NaN,NaN,NaN,NaN
0.582630139848401,0.325970212839208,NaN,NaN,NaN,NaN
0.651514637803842,0.329435231635253,NaN,NaN,NaN,NaN
0.523940719941329,NaN,NaN,NaN,NaN,NaN
0.404162292545317,0.221438071999725,NaN,NaN,NaN,NaN
0.43805985684642,0.43665764054864,NaN,NaN,NaN,NaN
0.637930286492644,NaN,NaN,NaN,NaN,NaN
0.544311933568342,0.304455175874227,NaN,NaN,NaN,NaN
0.421941575746069,0.261264796402099,NaN,NaN,NaN,NaN
0.562363523310389,0.434388263711361,0.324723421656048,NaN,NaN,NaN
0.440195577166947,0.26414907273809,NaN,NaN,NaN,NaN
0.538149734797811,0.219986097406368,NaN,NaN,NaN,NaN
0.451089682415456,NaN,NaN,NaN,NaN,NaN
0.467392965504233,0.32924900540279,NaN,NaN,NaN,NaN
0.593778784384207,0.321468637698195,NaN,NaN,NaN,NaN
0.33452922215412,0.355848134009145,0.387217488642651,0.238466741260246,NaN,NaN
0.578745216803676,0.377289987461041,NaN,NaN,NaN,NaN
0.543077990181833,0.605165748088902,0.324608884898105,0.465007240417004,0.286127576983375,NaN
0.36053207776704,0.255112151735604,NaN,NaN,NaN,NaN
0.524421544698791,0.230581430947322,NaN,NaN,NaN,NaN
0.432375530694427,NaN,NaN,NaN,NaN,NaN
0.570976973138361,0.37563768220561,NaN,NaN,NaN,NaN
0.352707562915287,0.266031596887267,NaN,NaN,NaN,NaN
0.37555918617242,0.251720543655911,NaN,NaN,NaN,NaN
0.68303276289088,0.433614391930644,0.329227915946441,0.236014320281285,NaN,NaN
0.623342932472408,0.259307625383498,NaN,NaN,NaN,NaN
0.520710619039868,0.378435915920982,0.216287412221394,NaN,NaN,NaN
0.73399534251337,0.420012893318428,0.344929715916418,0.379117541838614,0.333240929143965,NaN
0.315796297203108,0.389386094189438,NaN,NaN,NaN,NaN
0.438357841404355,0.320801394082624,NaN,NaN,NaN,NaN
0.587716973052547,0.39492576931207,NaN,NaN,NaN,NaN
0.490521056241483,0.275980391157979,NaN,NaN,NaN,NaN
0.366594770257879,0.330299683991541,0.42764520589077,NaN,NaN,NaN
0.534229660398119,0.307724197005539,NaN,NaN,NaN,NaN
0.392602596219318,0.239303246470099,NaN,NaN,NaN,NaN
0.434810116848699,0.261875259105622,NaN,NaN,NaN,NaN
0.625378918349922,0.396698843500498,0.249291053610466,NaN,NaN,NaN
0.480698745945036,0.239406409693558,NaN,NaN,NaN,NaN
0.587283399152617,0.411947548990166,NaN,NaN,NaN,NaN
0.503996596821427,0.267415942057549,NaN,NaN,NaN,NaN
0.543368057227412,NaN,NaN,NaN,NaN,NaN
1.11079332360952,0.774167075049912,1.13072370946144,NaN,NaN,NaN
0.802025823964008,0.272113528933924,NaN,NaN,NaN,NaN
0.506519520522252,0.251602956552979,NaN,NaN,NaN,NaN
0.439332216634966,0.397206190229339,NaN,NaN,NaN,NaN
0.489269708308514,0.300699870371916,NaN,NaN,NaN,NaN
0.383636667991651,NaN,NaN,NaN,NaN,NaN
0.431536764156721,0.285554075365208,NaN,NaN,NaN,NaN
0.593152207293559,0.391267157274685,NaN,NaN,NaN,NaN
0.446400992944423,0.241053218646178,NaN,NaN,NaN,NaN
0.557830407910434,0.173850408954852,NaN,NaN,NaN,NaN
0.611616355435887,0.234451129940242,NaN,NaN,NaN,NaN
0.535169860077901,0.305693970563452,NaN,NaN,NaN,NaN
0.732906666004874,0.46494646626514,0.304311727328177,NaN,NaN,NaN
0.558213070583936,0.524547096541733,0.360139695849418,NaN,NaN,NaN
0.415565917780686,0.285501620298748,NaN,NaN,NaN,NaN
0.533690377332211,0.230759151213131,NaN,NaN,NaN,NaN
0.388266519182669,0.292249744812102,NaN,NaN,NaN,NaN
0.480122581443681,0.225047731824685,NaN,NaN,NaN,NaN
0.409029368144147,0.279720627941947,NaN,NaN,NaN,NaN
0.59580211361561,0.337483907594117,0.35904396930507,NaN,NaN,NaN
0.523419413882617,0.201791891933433,NaN,NaN,NaN,NaN
0.506572002317218,0.267191649601828,NaN,NaN,NaN,NaN
0.359028581174487,0.347590985540622,NaN,NaN,NaN,NaN
0.502488647914216,0.340211867642932,NaN,NaN,NaN,NaN
0.544343298910647,NaN,NaN,NaN,NaN,NaN
0.622530492456598,0.430701553038831,0.335035952426696,0.380735355844097,0.254491316962724,NaN
0.535816627250422,0.330604359306955,0.381646529500169,0.29850188180487,NaN,NaN
0.504449443996982,0.259898949123093,NaN,NaN,NaN,NaN
0.570752034719644,0.252868973201747,NaN,NaN,NaN,NaN
0.369243162266888,0.241662749784067,NaN,NaN,NaN,NaN
0.633098904224522,0.380208933187098,NaN,NaN,NaN,NaN
0.633283863265468,0.303754087072605,NaN,NaN,NaN,NaN
0.532393333751476,0.267371260801008,NaN,NaN,NaN,NaN
0.534773528810726,0.27793756049567,NaN,NaN,NaN,NaN
0.399260887020889,0.256981441691579,0.460734686710176,NaN,NaN,NaN
0.564982383585826,0.255112170290771,NaN,NaN,NaN,NaN
0.388567514858176,0.413196961523691,NaN,NaN,NaN,NaN
0.525236607564227,0.277009430830337,0.351833343324011,NaN,NaN,NaN
0.63848273280712,0.61250751030845,0.57995674528819,NaN,NaN,NaN
0.46970131449784,0.321805796551347,NaN,NaN,NaN,NaN
0.599868394175351,NaN,NaN,NaN,NaN,NaN
0.455341995968638,0.2274175958259,NaN,NaN,NaN,NaN
0.554450778268651,0.244116155381472,NaN,NaN,NaN,NaN
0.487324421296625,0.402219258613189,NaN,NaN,NaN,NaN
0.667145125753447,NaN,NaN,NaN,NaN,NaN
0.535132575666828,0.174527842952072,NaN,NaN,NaN,NaN
0.419225671797212,0.179895905123623,NaN,NaN,NaN,NaN
0.541150175920954,0.188970389280148,NaN,NaN,NaN,NaN
0.622381982447524,0.49176590778514,0.354010984265588,NaN,NaN,NaN
0.508605786474348,0.546162308809358,0.377744970170979,NaN,NaN,NaN
0.483481538534898,0.355693974835819,NaN,NaN,NaN,NaN
0.569424229540912,0.432153154207548,NaN,NaN,NaN,NaN
0.528484820132153,0.318419302104462,NaN,NaN,NaN,NaN
0.517944905654565,0.284989786575271,NaN,NaN,NaN,NaN
0.463766587241629,0.228459116058702,NaN,NaN,NaN,NaN
0.509094790149105,0.354554489378629,0.291753680108703,NaN,NaN,NaN
0.699303788892967,0.286317325564408,NaN,NaN,NaN,NaN
0.481066856788265,0.396129999351202,0.327721065635474,NaN,NaN,NaN
0.646826268781298,0.283534500720567,0.3303772151499,0.302961264677839,0.342092928362819,NaN
0.377883335313978,NaN,NaN,NaN,NaN,NaN
0.500301339913727,0.387301930251668,NaN,NaN,NaN,NaN
0.548278999877482,0.420968949369317,NaN,NaN,NaN,NaN
0.42449347893924,0.216113792686946,NaN,NaN,NaN,NaN
0.393416081693103,0.254643049310336,0.293450926801833,NaN,NaN,NaN
0.345861145701051,0.273503194788599,NaN,NaN,NaN,NaN
0.59153940749989,0.431650373283981,0.3494261408323,0.416360042882791,NaN,NaN
0.482604986535231,0.229697815727756,NaN,NaN,NaN,NaN
0.581281960020724,0.358562435679379,NaN,NaN,NaN,NaN
0.478096664646433,0.315315326085633,NaN,NaN,NaN,NaN
0.589725712382789,0.153516080646164,NaN,NaN,NaN,NaN
0.567600252467538,0.387250426543943,0.236443531232663,NaN,NaN,NaN
0.516376367211318,0.296654438574032,NaN,NaN,NaN,NaN
0.633539885045883,0.433943090163459,NaN,NaN,NaN,NaN
0.497175250325811,0.445393352867985,NaN,NaN,NaN,NaN
0.556242452937102,0.342547636783535,NaN,NaN,NaN,NaN
0.558792474529235,0.195158673697961,NaN,NaN,NaN,NaN
0.520960652138492,0.23495312867452,NaN,NaN,NaN,NaN
0.448803905486955,0.53944911653868,0.240246107062408,NaN,NaN,NaN
0.435175658238897,0.318664371870766,NaN,NaN,NaN,NaN
0.438955370512252,0.343108431297175,NaN,NaN,NaN,NaN
0.526980679755181,0.479558313820838,0.469072034284999,NaN,NaN,NaN
0.579096510766117,0.293437292324088,NaN,NaN,NaN,NaN
0.628524201609985,0.397236010401198,0.330740190661348,0.474230352380364,NaN,NaN
0.671202480384222,0.302849270593678,NaN,NaN,NaN,NaN
0.496210931125395,0.355444853043518,NaN,NaN,NaN,NaN
0.612898418749387,0.317398156788616,NaN,NaN,NaN,NaN
0.423788793478471,0.341362054151896,NaN,NaN,NaN,NaN
0.292234101566975,NaN,NaN,NaN,NaN,NaN
0.542686738683377,0.282488981379772,NaN,NaN,NaN,NaN
0.62727630879756,0.370046353347992,NaN,NaN,NaN,NaN
0.623520095452099,0.248008650223936,NaN,NaN,NaN,NaN
0.555705144410157,0.343033130714419,NaN,NaN,NaN,NaN
0.375605387805366,0.366829456215919,NaN,NaN,NaN,NaN
0.547540740159696,0.323661694450363,NaN,NaN,NaN,NaN
0.5971519191084,0.173491342494511,NaN,NaN,NaN,NaN
0.627775838919677,0.435039423293029,NaN,NaN,NaN,NaN
0.493820510754228,0.329547813751517,NaN,NaN,NaN,NaN
0.500159952676475,0.27352474675684,NaN,NaN,NaN,NaN
0.640238377831367,0.309519777523598,0.291393166178584,NaN,NaN,NaN
0.555193765548181,0.30610317197264,NaN,NaN,NaN,NaN
0.552366658478918,0.26752186112819,NaN,NaN,NaN,NaN
0.339471060475814,0.391102510504266,NaN,NaN,NaN,NaN
0.335218570986048,NaN,NaN,NaN,NaN,NaN
0.608657343204306,0.270037882528974,NaN,NaN,NaN,NaN
0.479217020365373,0.215503504954623,NaN,NaN,NaN,NaN
0.476430422884305,0.309733933093237,NaN,NaN,NaN,NaN
0.561868314843062,0.277214554498395,NaN,NaN,NaN,NaN
0.447253093474803,NaN,NaN,NaN,NaN,NaN
0.560368678287304,0.344720149169571,NaN,NaN,NaN,NaN
0.479809009656477,0.281912775833947,NaN,NaN,NaN,NaN
0.480274285441341,NaN,NaN,NaN,NaN,NaN
0.630999772385552,0.270417419384389,0.292460387018567,0.273624718790245,NaN,NaN
0.619669684737099,0.2865429664633,NaN,NaN,NaN,NaN
0.66306233780447,0.305107754919289,NaN,NaN,NaN,NaN
0.262952555260992,0.417939766421887,NaN,NaN,NaN,NaN
0.724676908519484,0.204949758055176,NaN,NaN,NaN,NaN
0.613145862658067,0.213140463360819,0.335835661380815,NaN,NaN,NaN
0.53107685641549,0.306395513897968,0.251688603328899,NaN,NaN,NaN
0.623617318008091,0.206722027120958,NaN,NaN,NaN,NaN
0.474194004849856,0.407523515051491,0.30198571530843,0.228548438462496,NaN,NaN
0.536254020617056,0.318789369331716,NaN,NaN,NaN,NaN
0.437785484687782,0.226884217261063,NaN,NaN,NaN,NaN
0.702345912404029,0.231785839300056,NaN,NaN,NaN,NaN
0.50333377465326,0.323216478766735,NaN,NaN,NaN,NaN
0.588080912944576,0.30896473278915,NaN,NaN,NaN,NaN
0.471426610342678,0.421403932663023,0.370076273954833,NaN,NaN,NaN
0.561941958355215,0.276733791023539,NaN,NaN,NaN,NaN
0.577635233816953,NaN,NaN,NaN,NaN,NaN
0.54905178538982,0.448558800035989,0.391634743200876,0.408973468619611,0.185834092996929,NaN
0.526148013161794,0.300301314411148,NaN,NaN,NaN,NaN
0.489038568322168,0.218895301616347,NaN,NaN,NaN,NaN
0.392787527282141,0.415443875219935,0.261879517482895,NaN,NaN,NaN
0.446895240247276,0.496607930522613,NaN,NaN,NaN,NaN
0.621663662531781,0.385974247378704,0.296769300071215,NaN,NaN,NaN
0.681114414652259,0.477409289509206,0.320097307957387,0.373736198601561,0.411717051441299,0.30248631786001
0.644457496657012,0.29080119918764,NaN,NaN,NaN,NaN
0.583938857248014,0.534660037020798,0.32933711524815,NaN,NaN,NaN
0.631359810376589,0.2631347083226,NaN,NaN,NaN,NaN
0.616701270930312,0.265669587378227,NaN,NaN,NaN,NaN
0.511227170858495,0.3003577559802,NaN,NaN,NaN,NaN
0.485190573485248,0.219638265317324,NaN,NaN,NaN,NaN
0.52330553984399,0.493896032775937,NaN,NaN,NaN,NaN
0.659090258193343,0.289332255481364,NaN,NaN,NaN,NaN
0.621862862780426,0.233537589764211,NaN,NaN,NaN,NaN
0.547327618857538,NaN,NaN,NaN,NaN,NaN
0.623052835164206,0.238097146510358,NaN,NaN,NaN,NaN
0.513996971788189,0.465366264875641,0.255829214508201,NaN,NaN,NaN
0.522963129631561,0.263550147446103,0.312145636244363,0.358422549769591,NaN,NaN
0.521368946550746,0.319474082841822,NaN,NaN,NaN,NaN
0.441296782114445,0.220236174950851,NaN,NaN,NaN,NaN
0.562042350409496,0.438677382176193,0.254634098654289,NaN,NaN,NaN
0.495900333388018,0.387551105112971,0.211886644837475,NaN,NaN,NaN
0.603379809520665,0.440134360093734,0.258373042571107,0.439134845981455,NaN,NaN
0.628056405286317,0.363466383188764,NaN,NaN,NaN,NaN
0.614854617376697,0.262435103093956,NaN,NaN,NaN,NaN
0.677438797554988,0.229328346174919,NaN,NaN,NaN,NaN
0.667187966065213,0.461779693494659,0.409570023016416,0.168715977777848,NaN,NaN
0.488577003940255,0.48038335059711,0.160402589571061,0.374132525062699,0.302883629693094,NaN
0.475932576154494,0.37403371768178,NaN,NaN,NaN,NaN
0.487238225320159,0.284510424320999,NaN,NaN,NaN,NaN
0.513167229900471,0.264392527088517,NaN,NaN,NaN,NaN
0.499308904105904,0.291573164351028,NaN,NaN,NaN,NaN
0.494961858723337,0.289021597334311,NaN,NaN,NaN,NaN
0.649371073763118,0.270979937089868,NaN,NaN,NaN,NaN
0.529293699991532,NaN,NaN,NaN,NaN,NaN
0.581007104740055,0.455673717809528,0.342092192508083,NaN,NaN,NaN
0.495781727450024,NaN,NaN,NaN,NaN,NaN
0.473099799919798,0.263126729839216,0.281984120318703,NaN,NaN,NaN
0.551094281609513,0.342187539786714,NaN,NaN,NaN,NaN
0.642030422042096,0.418780313188118,0.455927866333259,0.304861502339666,0.369102799470221,0.279155072793119
0.543764600513236,0.179074518837672,NaN,NaN,NaN,NaN
0.500058762266113,0.267080488424687,NaN,NaN,NaN,NaN
0.482098822853442,0.352459388193164,NaN,NaN,NaN,NaN
0.514354020976727,0.276084100911507,NaN,NaN,NaN,NaN
0.422669126334105,0.295509550334716,0.379123290133768,NaN,NaN,NaN
0.510161782284652,0.188149751094017,NaN,NaN,NaN,NaN
0.520756898010638,0.407808123989593,NaN,NaN,NaN,NaN
0.625454216256092,0.347453947481516,0.322793861505088,NaN,NaN,NaN
0.528937844938229,0.292297788595637,NaN,NaN,NaN,NaN
0.612005019840102,0.29327736906904,NaN,NaN,NaN,NaN
0.433748671792879,0.438574562842957,0.300178635192965,NaN,NaN,NaN
0.645863255341535,0.310471202338559,NaN,NaN,NaN,NaN
0.557609818222948,0.253212201309098,NaN,NaN,NaN,NaN
0.528015200251503,0.248590107137791,NaN,NaN,NaN,NaN
0.437507645604128,0.189188163058957,NaN,NaN,NaN,NaN
0.474398414973325,0.344387835797164,0.338769526053698,NaN,NaN,NaN
0.491672438788684,0.326389834615326,0.455273943172638,NaN,NaN,NaN
0.405853123186721,0.30836307295681,NaN,NaN,NaN,NaN
0.594553912728266,0.308931822749164,NaN,NaN,NaN,NaN
0.446086053678446,0.226974520581341,0.361826891863174,NaN,NaN,NaN
0.551258096581407,0.325363681642981,0.29117824568619,NaN,NaN,NaN
0.501993512255403,0.335769573003398,NaN,NaN,NaN,NaN
0.48868705958724,0.276566752894056,NaN,NaN,NaN,NaN
0.538431525489654,0.316529462979319,0.241869880224875,NaN,NaN,NaN
0.652960909646985,0.242633471579502,0.353048543802369,NaN,NaN,NaN
0.571723800681783,0.925325237328423,1.20362218784365,1.39285307060306,NaN,NaN
0.559444616892566,0.189906029220408,NaN,NaN,NaN,NaN
0.471894230060133,0.258576745958821,NaN,NaN,NaN,NaN
0.50486059321246,0.169922634251979,NaN,NaN,NaN,NaN
0.511085344996395,0.311520344731595,NaN,NaN,NaN,NaN
0.586396441526492,0.246297347362267,NaN,NaN,NaN,NaN
0.419511084474796,0.203584244766439,NaN,NaN,NaN,NaN
0.427330307740432,0.417255322840973,0.399203577856322,NaN,NaN,NaN
0.614514460416027,0.369845862082325,0.267428850482344,NaN,NaN,NaN
0.440851844684869,0.293504454696418,0.390355489836112,NaN,NaN,NaN
0.492898864894362,0.318954741426719,NaN,NaN,NaN,NaN
0.55849114608636,0.28584540202624,NaN,NaN,NaN,NaN
0.550795195173039,0.332381926043235,NaN,NaN,NaN,NaN
0.232859570577714,0.30170174937842,0.382252582797115,NaN,NaN,NaN
0.665519826935006,0.295430097909466,NaN,NaN,NaN,NaN
0.45703027027795,0.306196912531685,NaN,NaN,NaN,NaN
0.516370897879732,0.276473621497604,NaN,NaN,NaN,NaN
0.545053395040595,0.383148126055374,0.324746224941189,NaN,NaN,NaN
0.523036491728742,0.599654527857744,0.570133596780371,0.445406864134844,0.533230790822537,NaN
0.449129829268669,0.323595682478931,NaN,NaN,NaN,NaN
0.385126994412484,0.271492405064427,NaN,NaN,NaN,NaN
0.603692166974505,0.449362918600823,0.371577530972893,0.390262512174089,NaN,NaN
0.670283941884697,0.69077707366773,0.24392700703419,NaN,NaN,NaN
0.62190791265569,0.600357630956632,0.212059158663703,NaN,NaN,NaN
0.605020486602412,0.211320460891265,NaN,NaN,NaN,NaN
0.580012915876933,0.182306914666533,NaN,NaN,NaN,NaN
0.499174822592044,0.258912965444048,NaN,NaN,NaN,NaN
0.662222723081814,0.30134167772687,NaN,NaN,NaN,NaN
0.645122353025718,0.459153114101179,0.3017138841106,NaN,NaN,NaN
0.645941692076634,0.352374912679416,NaN,NaN,NaN,NaN
0.489069161464528,0.233203634328855,NaN,NaN,NaN,NaN
0.662780231296351,NaN,NaN,NaN,NaN,NaN
0.686853135983783,0.37394357185931,NaN,NaN,NaN,NaN
0.469509288326134,0.29188377108464,NaN,NaN,NaN,NaN
0.449762583766866,0.406259405813295,0.37633953952672,0.351009638573721,NaN,NaN
0.380273362134736,0.495946834243131,0.774655408770627,0.656518202676935,NaN,NaN
0.566691178432326,0.250483624358444,NaN,NaN,NaN,NaN
0.339585485409695,NaN,NaN,NaN,NaN,NaN
0.45938344411356,0.230407028847026,NaN,NaN,NaN,NaN
0.43081858666308,0.346250417229091,NaN,NaN,NaN,NaN
0.489435781496091,0.300002994868881,NaN,NaN,NaN,NaN
0.399422170263019,0.328638592011534,NaN,NaN,NaN,NaN
0.50890531452789,0.3721662440967,NaN,NaN,NaN,NaN
0.556165069360145,0.195408353378356,NaN,NaN,NaN,NaN
0.651123272643645,0.241348255558079,NaN,NaN,NaN,NaN
0.642552491294691,0.313119989299336,NaN,NaN,NaN,NaN
0.529508835897279,NaN,NaN,NaN,NaN,NaN
0.481851158114961,0.206070622389626,NaN,NaN,NaN,NaN
0.601917345668511,0.308765374721427,0.305693074825514,NaN,NaN,NaN
0.51026699514806,0.246072113782233,NaN,NaN,NaN,NaN
0.523668819900265,NaN,NaN,NaN,NaN,NaN
0.524509092352333,0.307456210059531,NaN,NaN,NaN,NaN
0.610245150188243,0.371459151015922,NaN,NaN,NaN,NaN
0.378103647293843,0.319212350399554,NaN,NaN,NaN,NaN
0.491976367551446,0.262216366523847,NaN,NaN,NaN,NaN
0.509870837273873,0.279548769399854,NaN,NaN,NaN,NaN
0.37175143421022,NaN,NaN,NaN,NaN,NaN
0.60173382527244,0.505641475394181,NaN,NaN,NaN,NaN
0.63050777842175,0.52034353648573,0.295880013404051,0.274615823452298,NaN,NaN
0.58080735071552,0.370706264814653,0.410132172656751,0.352143711093227,NaN,NaN
0.485156549443774,0.300353330124684,0.344598505836077,NaN,NaN,NaN
0.584049373179356,0.230287069713302,NaN,NaN,NaN,NaN
0.491532585207157,0.277777335775657,NaN,NaN,NaN,NaN
0.68813636540433,0.280848373447086,NaN,NaN,NaN,NaN
0.484714775717265,0.243082519508727,0.352234716264074,NaN,NaN,NaN
0.615532295940018,0.256386766384699,NaN,NaN,NaN,NaN
0.587171244246457,0.349980146145044,NaN,NaN,NaN,NaN
0.578445013486734,0.422689964812683,NaN,NaN,NaN,NaN
0.540357039168319,0.29205346262662,NaN,NaN,NaN,NaN
0.707921899405306,0.342796088473801,0.360096546220795,0.292917267526987,NaN,NaN
0.476198786824003,0.449967100192251,NaN,NaN,NaN,NaN
0.729607667148471,0.278564001134371,NaN,NaN,NaN,NaN
0.767024565327093,0.540432383715492,0.422834103061659,0.494542633610439,0.468991965044989,NaN
0.418725359734355,0.254208811549143,NaN,NaN,NaN,NaN
0.533566054934322,0.268282222778307,NaN,NaN,NaN,NaN
0.557704784947936,0.370959815100672,0.178070850175674,0.305712896021285,NaN,NaN
0.740719631633226,0.369689929125006,0.285073704666432,NaN,NaN,NaN
0.248389546690981,0.501317897011116,NaN,NaN,NaN,NaN
0.432616301584187,0.236148745799136,NaN,NaN,NaN,NaN
0.703184059832198,0.370133402602452,NaN,NaN,NaN,NaN
0.549202985944858,0.273275561508017,NaN,NaN,NaN,NaN
0.557104111442829,0.304044468890863,NaN,NaN,NaN,NaN
0.500928874560393,0.31377052892066,NaN,NaN,NaN,NaN
0.535597407725355,0.211841118875849,0.338510858898624,NaN,NaN,NaN
0.614970185399212,0.124473641153067,0.231694077278623,NaN,NaN,NaN
0.687618858132885,0.352441981132849,NaN,NaN,NaN,NaN
0.544074523298488,0.227919017350323,NaN,NaN,NaN,NaN
0.40427557206016,0.286847773650015,NaN,NaN,NaN,NaN
0.569133684350511,0.251173646163753,NaN,NaN,NaN,NaN
0.498048345463482,NaN,NaN,NaN,NaN,NaN
0.343429710591573,0.458803315370256,NaN,NaN,NaN,NaN
0.539736026694151,0.46745809953623,0.36240236883981,0.296890051567777,NaN,NaN
0.630462055779749,0.31240072895023,NaN,NaN,NaN,NaN
0.379664554934871,NaN,NaN,NaN,NaN,NaN
0.668347360238765,0.212578479352026,NaN,NaN,NaN,NaN
0.584552677307872,0.346131582393981,NaN,NaN,NaN,NaN
0.527452224992584,0.325598783959241,NaN,NaN,NaN,NaN
0.452638508151795,0.343659841041838,NaN,NaN,NaN,NaN
0.642033694473659,0.289018636608502,NaN,NaN,NaN,NaN
0.556014690877612,0.241864400854304,NaN,NaN,NaN,NaN
0.652887818496044,0.288744572860448,NaN,NaN,NaN,NaN
0.141631011950047,0.529805766905927,NaN,NaN,NaN,NaN
0.499522752591772,0.246187382105722,NaN,NaN,NaN,NaN
0.326863317537616,0.182999218021071,NaN,NaN,NaN,NaN
0.353130109731197,0.485848841499263,1.46693942750468,1.38832212430822,0.410741732082508,NaN
0.53549270063464,0.322111990744736,NaN,NaN,NaN,NaN
0.522735589400082,0.309015104320323,NaN,NaN,NaN,NaN
0.627168476506417,0.298439532952646,NaN,NaN,NaN,NaN
0.452700447438611,0.312628529572104,NaN,NaN,NaN,NaN
0.491647487289242,0.177210904768194,NaN,NaN,NaN,NaN
0.574424487775273,0.549089251655173,0.448872882891243,NaN,NaN,NaN
0.576546996713581,0.269008179552682,NaN,NaN,NaN,NaN
0.519099724913117,0.462883750061491,NaN,NaN,NaN,NaN
0.348629433748652,NaN,NaN,NaN,NaN,NaN
0.581832586219182,0.290414649384344,NaN,NaN,NaN,NaN
0.656572688589343,0.278587495552707,0.232721074127402,NaN,NaN,NaN
0.510035984246628,0.259542850016106,NaN,NaN,NaN,NaN
0.57272313629467,0.280634274137558,0.197792409412898,NaN,NaN,NaN
0.548548864847935,0.322465535587741,NaN,NaN,NaN,NaN
0.584212414491822,0.337922999365057,NaN,NaN,NaN,NaN
0.611352355518517,0.360024407695517,0.355774723452745,NaN,NaN,NaN
0.658892376842429,0.54442117588377,0.357105877335652,0.324822616983896,NaN,NaN
0.5071513012798,0.224679564961987,NaN,NaN,NaN,NaN
0.35848362776098,0.399397254472549,0.41027203439904,NaN,NaN,NaN
0.429449743036538,0.280014771311221,0.286914658630958,NaN,NaN,NaN
0.554349272580565,0.243527662763745,NaN,NaN,NaN,NaN
0.523572290767359,0.248397577476264,0.407166830525693,NaN,NaN,NaN
0.488513105737184,0.347980695314673,NaN,NaN,NaN,NaN
0.545165229294931,0.440149285034348,NaN,NaN,NaN,NaN
0.329009684332977,0.333239836720978,NaN,NaN,NaN,NaN
0.564240448800034,0.241503357186448,NaN,NaN,NaN,NaN
0.390362352923237,0.477826685783395,NaN,NaN,NaN,NaN
0.649767306426825,0.272734493908013,NaN,NaN,NaN,NaN
0.589159325841965,0.432408668710033,0.342087764976788,NaN,NaN,NaN
0.562988548291607,NaN,NaN,NaN,NaN,NaN
0.476071186488843,0.346742076393936,NaN,NaN,NaN,NaN
0.482094596714638,0.398582231302225,NaN,NaN,NaN,NaN
0.570649730633331,0.317637913339794,NaN,NaN,NaN,NaN
0.524989508885245,0.234198747969322,0.279995784236034,NaN,NaN,NaN
0.543142893197913,0.330392668844026,0.900873521792693,0.576601457750985,NaN,NaN
0.374967651587705,0.227508853272959,NaN,NaN,NaN,NaN
0.616305883646385,0.316449582532551,NaN,NaN,NaN,NaN
0.517226338985722,0.252728147128954,NaN,NaN,NaN,NaN
0.365304460578494,0.447378273096439,NaN,NaN,NaN,NaN
0.435918571041332,0.271505648673163,NaN,NaN,NaN,NaN
0.46590133282926,0.297549482060313,NaN,NaN,NaN,NaN
0.394668238040248,0.291926854747998,NaN,NaN,NaN,NaN
0.551232461944358,0.294045975524636,NaN,NaN,NaN,NaN
0.622117384924639,0.46459475970371,0.732002323824433,NaN,NaN,NaN
0.42384588488844,0.337518226632543,NaN,NaN,NaN,NaN
0.629186646490804,0.231413501308754,0.339392406535621,NaN,NaN,NaN
0.499005917027147,0.274199307617663,NaN,NaN,NaN,NaN
0.457377225836467,0.288609083990608,NaN,NaN,NaN,NaN
0.630831081642521,0.336761043202745,0.290833505718498,NaN,NaN,NaN
0.557436976485833,0.285824498357913,NaN,NaN,NaN,NaN
0.698111480695536,0.215453847229727,0.492326603209978,NaN,NaN,NaN
0.439279398186796,0.353887316409323,0.26254341661038,NaN,NaN,NaN
0.445047342612793,NaN,NaN,NaN,NaN,NaN
0.592713402718587,0.440256091357185,NaN,NaN,NaN,NaN
0.613767085848716,0.363790691120098,NaN,NaN,NaN,NaN
0.574725159063051,0.24667551639018,NaN,NaN,NaN,NaN
0.550956102635163,0.367784680988694,0.274210241034233,NaN,NaN,NaN
0.456320206778377,0.253464119063309,NaN,NaN,NaN,NaN
0.539637531525456,0.27554701547481,NaN,NaN,NaN,NaN
0.577427407231012,0.253972964226318,NaN,NaN,NaN,NaN
0.34591048620667,0.245014244436682,NaN,NaN,NaN,NaN
0.513132471835791,0.331615143679846,NaN,NaN,NaN,NaN
0.511691689020588,0.326074980537391,NaN,NaN,NaN,NaN
0.631607520512212,0.338280384642329,NaN,NaN,NaN,NaN
0.508200392826996,0.317187426321442,NaN,NaN,NaN,NaN
0.682480382478764,0.277045099574303,NaN,NaN,NaN,NaN
0.674968605882132,0.279993095867391,0.335661685704519,0.384757202416079,0.298563354224871,NaN
0.492849707534057,0.305458482816612,NaN,NaN,NaN,NaN
0.606993633600437,0.356778294373585,0.332773987583363,0.207784219154304,NaN,NaN
0.424756982364987,0.586841841998667,0.472480889032834,NaN,NaN,NaN
0.55692113863722,0.277093391956434,NaN,NaN,NaN,NaN
0.463100789412962,NaN,NaN,NaN,NaN,NaN
0.840976053337931,0.354485514269337,1.01730086902427,NaN,NaN,NaN
0.639709610621547,0.461482310696383,0.280532812744257,0.310429490446894,NaN,NaN
0.44617980698055,0.340031532292756,NaN,NaN,NaN,NaN
0.456907238918988,0.265372357105877,NaN,NaN,NaN,NaN
0.507680176552506,0.30876965738361,NaN,NaN,NaN,NaN
0.538833899165965,0.29156998268989,NaN,NaN,NaN,NaN
0.666460403356874,0.313786991042194,0.372182711860051,NaN,NaN,NaN
0.541829682095927,0.274072370249072,NaN,NaN,NaN,NaN
0.393037403274423,NaN,NaN,NaN,NaN,NaN
0.47826623735626,0.242844774728752,NaN,NaN,NaN,NaN
0.549804176810411,0.410433581752757,0.310677218359267,NaN,NaN,NaN
0.708995349725683,0.360799588804919,0.358459062463266,0.317273052850564,NaN,NaN
0.546481538347265,0.299257174741953,NaN,NaN,NaN,NaN
0.59720368140045,0.382111044194182,NaN,NaN,NaN,NaN
0.564458243344625,0.359714419483119,NaN,NaN,NaN,NaN
0.366624820763316,0.569224029166428,NaN,NaN,NaN,NaN
0.40782011725977,NaN,NaN,NaN,NaN,NaN
0.484937679885764,0.273389821547984,NaN,NaN,NaN,NaN
0.375582782731132,NaN,NaN,NaN,NaN,NaN
0.551019240218084,0.324924404599375,NaN,NaN,NaN,NaN
0.568390183633049,0.366384502004997,NaN,NaN,NaN,NaN
0.467693514481119,0.287459919492068,NaN,NaN,NaN,NaN
0.659328753258618,0.266124312209895,NaN,NaN,NaN,NaN
0.506382099771347,0.227048373758998,NaN,NaN,NaN,NaN
0.482091798971588,0.221951822258406,NaN,NaN,NaN,NaN
0.560868383625937,0.19199384945157,0.216337364030187,NaN,NaN,NaN
0.636425406618769,0.426358292739286,0.257532909925319,0.288711031112545,NaN,NaN
0.664486734698624,0.200554334747539,NaN,NaN,NaN,NaN
0.46254090715965,0.303681162553655,NaN,NaN,NaN,NaN
0.407051515160137,0.238799767486887,NaN,NaN,NaN,NaN
0.639059899517767,0.296074810710125,NaN,NaN,NaN,NaN
0.537873910237815,0.268384547293113,NaN,NaN,NaN,NaN
0.645146865979328,0.394645510838152,NaN,NaN,NaN,NaN
0.417390996785841,0.341205462183803,0.349095812858949,NaN,NaN,NaN
0.426569516134095,0.227281773863256,NaN,NaN,NaN,NaN
0.525064876349625,0.292300404095739,NaN,NaN,NaN,NaN
0.554917293441923,0.295520320321779,NaN,NaN,NaN,NaN
0.576965058133496,NaN,NaN,NaN,NaN,NaN
0.712014334478102,0.463540214150578,0.445727180904448,0.419942207662027,0.220028715671757,NaN
0.429173026624705,0.661223327294878,0.62703162649871,0.645783726911438,NaN,NaN
0.534070738730913,0.196538052783121,NaN,NaN,NaN,NaN
0.465888110440513,0.337509904562512,NaN,NaN,NaN,NaN
0.478712224486861,0.282982469714134,NaN,NaN,NaN,NaN
0.594309210875699,0.365217210520671,0.301481426394437,NaN,NaN,NaN
0.452574965718664,0.305327943842153,0.330651110719322,0.376673209142446,NaN,NaN
0.578249094490007,0.237991620716484,NaN,NaN,NaN,NaN
0.652399046681812,0.33870098329196,0.485913643424855,NaN,NaN,NaN
0.596867576874146,0.503344691331697,0.33281277573121,NaN,NaN,NaN
0.644858622533632,0.451256113879762,NaN,NaN,NaN,NaN
0.475261328341382,0.324795385647151,NaN,NaN,NaN,NaN
0.515447522674228,0.25979824495437,NaN,NaN,NaN,NaN
0.520872061571204,0.395736748646674,0.327166875359668,NaN,NaN,NaN
0.488605293560731,0.311896058027002,NaN,NaN,NaN,NaN
0.484122795454033,0.377658195229266,0.224466940929301,NaN,NaN,NaN
0.604240307779701,0.401655732409377,NaN,NaN,NaN,NaN
0.395268762080576,0.386767905120487,0.341832421636333,0.176030943812614,NaN,NaN
0.519447870445662,0.293307345265366,NaN,NaN,NaN,NaN
0.580840288101354,0.485483740425176,0.345202728073896,NaN,NaN,NaN
0.515280717978058,0.16020442650276,NaN,NaN,NaN,NaN
0.703221866014982,0.232036379628772,NaN,NaN,NaN,NaN
0.539766338075044,0.315279773695753,NaN,NaN,NaN,NaN
0.408948715406758,0.248022474927555,NaN,NaN,NaN,NaN
0.483923645582997,NaN,NaN,NaN,NaN,NaN
0.505623216488539,0.300583425648653,NaN,NaN,NaN,NaN
0.427415338667247,0.315525300022951,NaN,NaN,NaN,NaN
0.587990784692283,0.214149585008756,NaN,NaN,NaN,NaN
0.528345538498058,NaN,NaN,NaN,NaN,NaN
0.532767111931953,0.46920255242549,0.401139278498522,0.338920313759461,0.424914600876841,0.2453122686418
0.597836473521932,0.525466191493008,0.438655669739601,NaN,NaN,NaN
0.552629434607033,0.39468731628362,0.382474917862002,0.555185667097539,NaN,NaN
0.567092414393931,0.343425115689506,NaN,NaN,NaN,NaN
0.384204763034601,0.457533511987485,NaN,NaN,NaN,NaN
0.484344343971994,0.489113240990379,NaN,NaN,NaN,NaN
0.531272608680663,0.391626718581515,0.286458178197146,NaN,NaN,NaN
0.512650653121004,0.256545379233181,NaN,NaN,NaN,NaN
0.568746177962577,0.486251088692181,NaN,NaN,NaN,NaN
0.489467849471121,0.563668431967248,NaN,NaN,NaN,NaN
0.528554108481685,0.205311417923783,NaN,NaN,NaN,NaN
0.624608342412092,0.378056642119524,NaN,NaN,NaN,NaN
0.532863305152482,0.359921030894228,0.372350198019116,0.363762550456712,NaN,NaN
0.394808262819816,0.215097924723925,NaN,NaN,NaN,NaN
0.395623197864293,0.350414721260095,NaN,NaN,NaN,NaN
0.467788712097956,NaN,NaN,NaN,NaN,NaN
0.320871814159954,0.418405307232642,0.261666916468273,NaN,NaN,NaN
0.372982086899873,NaN,NaN,NaN,NaN,NaN
0.426887976202254,0.246923274549691,NaN,NaN,NaN,NaN
0.51636255678489,0.195656835752018,NaN,NaN,NaN,NaN
0.495476629438187,0.310704633250145,0.302775039609393,NaN,NaN,NaN
0.506919733371558,0.28161204845468,NaN,NaN,NaN,NaN
0.449174991850484,0.381783370508409,NaN,NaN,NaN,NaN
0.513185883992215,0.353145914826577,NaN,NaN,NaN,NaN
0.666956336768341,0.277446117297249,NaN,NaN,NaN,NaN
0.600686023024399,0.423442683160312,NaN,NaN,NaN,NaN
0.73482263568787,0.224202966921786,NaN,NaN,NaN,NaN
0.56499569437413,0.270988810131612,NaN,NaN,NaN,NaN
0.54044674243903,0.336985521143652,NaN,NaN,NaN,NaN
0.655082907416314,0.273931722493346,NaN,NaN,NaN,NaN
0.381415657758851,0.288718663289925,NaN,NaN,NaN,NaN
0.499145699469195,0.207110945428962,NaN,NaN,NaN,NaN
0.473034950127491,0.362898410906942,0.197311592824794,NaN,NaN,NaN
0.671705341338226,0.312720715730057,NaN,NaN,NaN,NaN
0.654255792519785,0.337083121386961,NaN,NaN,NaN,NaN
0.554055360038706,0.327745274840789,NaN,NaN,NaN,NaN
0.38516065067059,0.338743051214141,NaN,NaN,NaN,NaN
0.573282162014317,0.46656634020201,0.283400301175872,NaN,NaN,NaN
0.501761275680265,NaN,NaN,NaN,NaN,NaN
0.549421083614505,NaN,NaN,NaN,NaN,NaN
0.441958372027742,NaN,NaN,NaN,NaN,NaN
0.447673769702043,0.267532148948493,NaN,NaN,NaN,NaN
0.482124672773004,0.360705292373699,NaN,NaN,NaN,NaN
0.606122574705341,0.197358255213609,NaN,NaN,NaN,NaN
0.467638286721502,0.23220610058512,NaN,NaN,NaN,NaN
0.605233011397855,0.467985910255291,0.399430440431443,0.429330822968323,NaN,NaN
0.32976690838873,0.412733548581351,NaN,NaN,NaN,NaN
0.457269503349067,0.426684136656033,0.386553227087709,0.402488522097083,NaN,NaN
0.348963923352375,0.294108134970086,NaN,NaN,NaN,NaN
0.489768683673007,0.342159273940301,NaN,NaN,NaN,NaN
0.28000534152069,0.412639746718991,0.330545759842332,NaN,NaN,NaN
0.549584047938794,0.274912254432643,NaN,NaN,NaN,NaN
0.458790574937385,0.198802283758794,NaN,NaN,NaN,NaN
0.592414428180805,0.361011775942696,NaN,NaN,NaN,NaN
0.565989186536549,0.426903876625756,0.478776917332001,NaN,NaN,NaN
0.636245245033771,0.393358647981375,0.404696371598957,NaN,NaN,NaN
0.515530876016774,NaN,NaN,NaN,NaN,NaN
0.579879961480957,0.402239027191646,NaN,NaN,NaN,NaN
0.478635825014899,0.332898164646346,NaN,NaN,NaN,NaN
0.549584236301178,0.281949366225203,NaN,NaN,NaN,NaN
0.475408206357021,0.322849566696667,NaN,NaN,NaN,NaN
0.442832016098678,0.182694187854332,NaN,NaN,NaN,NaN
0.536474097440184,0.328754658909804,NaN,NaN,NaN,NaN
0.452447329327921,0.238122785231346,NaN,NaN,NaN,NaN
0.239596653370813,0.429265048171032,NaN,NaN,NaN,NaN
0.479766350703201,0.256472645349023,NaN,NaN,NaN,NaN
0.584860995004127,0.444930598662729,NaN,NaN,NaN,NaN
0.624614007063719,0.375287477193948,0.396808131971512,NaN,NaN,NaN
0.613211273550158,0.35525640382603,0.20970170889161,NaN,NaN,NaN
0.561611797413142,0.257733795504262,NaN,NaN,NaN,NaN
0.60027810828911,0.27331418766171,NaN,NaN,NaN,NaN
0.398867255793607,0.225229092949959,NaN,NaN,NaN,NaN
0.616919684177884,0.356128832524907,NaN,NaN,NaN,NaN
0.499126032356289,0.213128154206268,0.240904970572032,NaN,NaN,NaN
0.600240254686026,0.308495064263179,NaN,NaN,NaN,NaN
0.489362742647265,0.138890694205936,NaN,NaN,NaN,NaN
0.359231846918121,0.412382219668913,NaN,NaN,NaN,NaN
0.449316864335777,0.237641807063666,NaN,NaN,NaN,NaN
0.533850417702585,0.381068142962552,0.315566281601647,NaN,NaN,NaN
0.499550470949996,0.234686851894667,NaN,NaN,NaN,NaN
0.522311774259698,0.243348024420366,NaN,NaN,NaN,NaN
0.379452298947061,0.264150648572074,NaN,NaN,NaN,NaN
0.406488109224278,NaN,NaN,NaN,NaN,NaN
0.480564778776041,0.29622623648093,0.216579364010338,NaN,NaN,NaN
0.563715804635223,0.291274246079928,NaN,NaN,NaN,NaN
0.545139149254504,0.239889573995115,NaN,NaN,NaN,NaN
0.529157456802615,0.246090826045984,NaN,NaN,NaN,NaN
0.525149226128614,0.298366563797963,NaN,NaN,NaN,NaN
0.563323330700019,0.311721883435026,NaN,NaN,NaN,NaN
0.41341135503126,NaN,NaN,NaN,NaN,NaN
0.616209524671344,0.16387292995307,NaN,NaN,NaN,NaN
0.335359672519962,0.283602982866833,NaN,NaN,NaN,NaN
0.513219533680407,0.191701645829206,NaN,NaN,NaN,NaN
0.520230770105854,0.186321794519392,NaN,NaN,NaN,NaN
0.581646689939194,0.323236414055687,NaN,NaN,NaN,NaN
0.550953749138893,0.237821050382607,NaN,NaN,NaN,NaN
0.534057016035211,0.513737411329599,0.230100917155564,0.302449032685968,NaN,NaN
0.640814531814351,0.355448808321891,0.22552576839175,0.524564034109169,NaN,NaN
0.669909799544202,0.397012912409199,0.33486979793273,NaN,NaN,NaN
0.298240519823006,0.470023775037261,NaN,NaN,NaN,NaN
0.451045990532818,0.297379058006352,NaN,NaN,NaN,NaN
0.267609338624865,0.415620474759519,NaN,NaN,NaN,NaN
0.415495796873347,0.258648349644326,NaN,NaN,NaN,NaN
0.483936644558372,0.231158980294011,NaN,NaN,NaN,NaN
0.576633526908835,0.429208645254288,0.308727200843373,0.352864861641296,0.312797410657446,NaN
0.488746674276569,0.41184100824506,NaN,NaN,NaN,NaN
0.615735301450273,0.302832502206474,0.253820351796499,0.334256961105707,NaN,NaN
0.530880358688926,0.317725461365696,0.167727433747739,0.236688582087983,NaN,NaN
0.535873059847186,0.271830388061938,0.375325291115014,NaN,NaN,NaN
0.43541646880273,0.512904112736248,0.268682695344904,NaN,NaN,NaN
0.528157262614459,0.402226717956551,NaN,NaN,NaN,NaN
0.623283134749947,0.26154397024846,NaN,NaN,NaN,NaN
0.384530937391306,0.239509155054327,NaN,NaN,NaN,NaN
0.456727909760509,0.211787797648567,0.196379417233191,NaN,NaN,NaN
0.530966717898798,0.354084365645097,0.318109013120575,NaN,NaN,NaN
0.564662355643615,0.235900248361825,NaN,NaN,NaN,NaN
0.414157689239156,0.391595988831334,NaN,NaN,NaN,NaN
0.526095720871101,0.313151476792021,NaN,NaN,NaN,NaN
0.326764483581695,0.31179325196388,NaN,NaN,NaN,NaN
0.504498642335916,0.376304168068195,NaN,NaN,NaN,NaN
0.573369573561054,0.309918849463331,NaN,NaN,NaN,NaN
0.562478099793201,0.465922395689743,0.238391502983019,NaN,NaN,NaN
0.207777593115946,0.628264709644129,NaN,NaN,NaN,NaN
0.486470465297864,0.323584518359126,NaN,NaN,NaN,NaN
0.611558538822018,0.503395647410327,0.290654609847636,NaN,NaN,NaN
0.502481351142418,0.368912477259491,NaN,NaN,NaN,NaN
0.442691683943973,0.277649357852849,NaN,NaN,NaN,NaN
0.531515629355586,0.254209452457014,NaN,NaN,NaN,NaN
0.357427760217102,0.481125849756088,NaN,NaN,NaN,NaN
0.601919488707449,0.314579150391948,0.276871717442118,NaN,NaN,NaN
0.551039479200395,0.333565966616555,NaN,NaN,NaN,NaN
0.508662488827298,0.395430721981204,NaN,NaN,NaN,NaN
0.481699079635805,0.20049104662034,NaN,NaN,NaN,NaN
0.488830034935723,0.246843275141807,NaN,NaN,NaN,NaN
0.382023547261747,0.493459715015965,0.381411417383608,NaN,NaN,NaN
0.532192762048757,0.568758900221054,NaN,NaN,NaN,NaN
0.473165639274452,0.24814106951498,NaN,NaN,NaN,NaN
0.735469899362744,0.320676301870182,NaN,NaN,NaN,NaN
0.552136685240268,0.274240702686486,0.428730714172041,NaN,NaN,NaN
0.612604688697385,0.360522745550037,0.318136825582233,NaN,NaN,NaN
0.679413641127804,0.27537523723075,0.159261605436442,NaN,NaN,NaN
0.264146068744095,0.476548087643125,NaN,NaN,NaN,NaN
0.417053515208023,NaN,NaN,NaN,NaN,NaN
0.583648296362162,0.481786429379404,NaN,NaN,NaN,NaN
0.575650844085023,0.37606973790851,NaN,NaN,NaN,NaN
0.415959996902443,0.256924988276653,NaN,NaN,NaN,NaN
0.453038141958151,0.362947490888698,NaN,NaN,NaN,NaN
0.730510177919929,0.3351457601274,NaN,NaN,NaN,NaN
0.396193937856572,0.270630059280892,NaN,NaN,NaN,NaN
0.534729241900001,0.438596667651596,0.343016671135471,NaN,NaN,NaN
0.621182014411172,0.292343740963111,NaN,NaN,NaN,NaN
0.542596498794094,0.45602923683704,NaN,NaN,NaN,NaN
0.34044238215866,NaN,NaN,NaN,NaN,NaN
0.539062377533944,0.464967121816824,0.335460254001139,NaN,NaN,NaN
0.468274081670493,0.349427102691993,NaN,NaN,NaN,NaN
0.545008319618545,0.273425227027875,NaN,NaN,NaN,NaN
0.546701499246416,0.250975642247428,NaN,NaN,NaN,NaN
0.555090448020613,0.192638611468678,NaN,NaN,NaN,NaN
0.550756181071518,0.303306980093329,NaN,NaN,NaN,NaN
0.601080778157152,0.280127783630853,NaN,NaN,NaN,NaN
0.331971839621018,0.419008652975453,NaN,NaN,NaN,NaN
0.57448737995719,0.23938623357909,NaN,NaN,NaN,NaN
0.549538464036356,0.263865187671818,NaN,NaN,NaN,NaN
0.347080356243012,0.656687071089297,NaN,NaN,NaN,NaN
0.493741199866409,0.319230523353003,NaN,NaN,NaN,NaN
0.416988150453439,0.287248805613975,NaN,NaN,NaN,NaN
0.322960349641945,0.367848444322406,0.383827120937915,NaN,NaN,NaN
0.627763943696108,0.181159977054513,NaN,NaN,NaN,NaN
0.259823436880599,0.713265696917113,NaN,NaN,NaN,NaN
0.603359716343851,0.221893910080243,NaN,NaN,NaN,NaN
0.481941198521936,0.268232831556038,NaN,NaN,NaN,NaN
0.420104583614944,0.238199472744137,NaN,NaN,NaN,NaN
0.716654236897577,0.265789640452972,NaN,NaN,NaN,NaN
0.457486685414824,0.309106003421242,NaN,NaN,NaN,NaN
0.56330042478755,0.315729992398934,NaN,NaN,NaN,NaN
0.466721871525453,0.411514239097642,NaN,NaN,NaN,NaN
0.334204666599296,NaN,NaN,NaN,NaN,NaN
0.692200291715859,0.290684974629629,NaN,NaN,NaN,NaN
0.633186588075025,0.366174339032093,0.226927350198976,NaN,NaN,NaN
0.549740414457456,0.22560588189965,NaN,NaN,NaN,NaN
0.625123081627382,0.313751852014819,NaN,NaN,NaN,NaN
0.703429535011551,1.3428847923729,1.25655379863506,NaN,NaN,NaN
0.446060471369699,0.377663094878101,NaN,NaN,NaN,NaN
0.497950044432171,0.308292812200608,0.379310534620247,NaN,NaN,NaN
0.550674149079496,0.395385368093655,NaN,NaN,NaN,NaN
0.567402544900453,0.526139268673858,0.399567869082286,NaN,NaN,NaN
0.445850910535658,0.359731317904798,NaN,NaN,NaN,NaN
0.446417237082998,0.22885503803704,NaN,NaN,NaN,NaN
0.457819443090573,0.21875111111522,NaN,NaN,NaN,NaN
0.470613164715868,NaN,NaN,NaN,NaN,NaN
0.481473417636202,0.321738800275245,NaN,NaN,NaN,NaN
0.641156497249254,0.327131767957826,NaN,NaN,NaN,NaN
0.336191750139945,0.37007017290274,NaN,NaN,NaN,NaN
0.591922288230593,0.251065932951817,NaN,NaN,NaN,NaN
0.64581679580735,0.346150904199609,0.389010197905434,0.394647268643757,0.195649247801612,NaN
0.564769809686342,0.315547841373905,NaN,NaN,NaN,NaN
0.615674885948508,0.415879795849601,0.290585008575409,NaN,NaN,NaN
0.546265832790417,0.262326562990547,NaN,NaN,NaN,NaN
0.700034414246826,0.256766156118853,0.196762532132098,NaN,NaN,NaN
0.433475843028598,0.236096392383214,NaN,NaN,NaN,NaN
0.57786392432998,0.465822130705988,0.403479272459818,NaN,NaN,NaN
0.477036659587238,0.383828183585752,NaN,NaN,NaN,NaN
0.46064846902647,0.221098443367802,NaN,NaN,NaN,NaN
0.572796938559687,0.208171631806894,NaN,NaN,NaN,NaN
0.542321710277957,0.336123962092938,NaN,NaN,NaN,NaN
0.286731614605169,0.250799157626712,NaN,NaN,NaN,NaN
0.610117340257989,0.467047318788331,0.299659667880473,NaN,NaN,NaN
0.561707941078688,0.21314229860041,NaN,NaN,NaN,NaN
0.461409578082032,0.293632742548812,NaN,NaN,NaN,NaN
0.620342211127346,0.210864058180734,NaN,NaN,NaN,NaN
0.594825708480422,0.304179014772977,NaN,NaN,NaN,NaN
0.696276162466679,0.686734647546544,0.455188777139215,NaN,NaN,NaN
0.440677050242957,0.294132058956703,NaN,NaN,NaN,NaN
0.496945411001417,0.265019013902548,NaN,NaN,NaN,NaN
0.279973312577762,NaN,NaN,NaN,NaN,NaN
0.707889776970167,0.364552172395158,0.317348744690549,0.407377478645564,NaN,NaN
0.606479055428522,0.293831734354976,NaN,NaN,NaN,NaN
0.484813033441758,0.470225544638555,0.481751707303602,NaN,NaN,NaN
0.689235164068393,0.318441433236763,0.215978983283377,NaN,NaN,NaN
0.540145706143012,0.375392128920005,NaN,NaN,NaN,NaN
0.437605004589286,0.289070783199414,NaN,NaN,NaN,NaN
0.55110434762157,0.343843383382391,NaN,NaN,NaN,NaN
0.588055574966213,0.184162304421003,NaN,NaN,NaN,NaN
0.549395488129306,0.30908876709178,0.370133925713058,NaN,NaN,NaN
0.40737285628925,0.295971511417017,NaN,NaN,NaN,NaN
0.720706281911874,0.378258843396181,NaN,NaN,NaN,NaN
0.430374452163782,NaN,NaN,NaN,NaN,NaN
0.618931003395688,0.214980021122565,NaN,NaN,NaN,NaN
0.522476743800874,0.322418659043702,NaN,NaN,NaN,NaN
0.630877081063212,0.315891622462231,NaN,NaN,NaN,NaN
0.485272995491263,0.323510405274639,NaN,NaN,NaN,NaN
0.670187603036666,0.233069409523348,NaN,NaN,NaN,NaN
0.508597237084184,0.328066293822112,NaN,NaN,NaN,NaN
0.50685567749002,0.233377232003312,NaN,NaN,NaN,NaN
0.412516987472882,0.243596212347355,NaN,NaN,NaN,NaN
0.589884929961731,0.452698515766508,0.306247289953173,NaN,NaN,NaN
0.590582959390698,0.271879311137852,NaN,NaN,NaN,NaN
0.535126696789515,0.517133648539232,0.232107502503107,NaN,NaN,NaN
0.427004085692537,0.176992931395576,NaN,NaN,NaN,NaN
0.492924498523729,0.188399963388634,NaN,NaN,NaN,NaN
0.44327493933962,0.220609890031609,NaN,NaN,NaN,NaN
0.495576947776344,0.292341858932817,NaN,NaN,NaN,NaN
0.581321660475883,0.283961616074308,NaN,NaN,NaN,NaN
0.363360064552814,0.274426472456411,0.259908389852049,0.279161754822502,NaN,NaN
0.522559812483243,0.435394535417882,0.13135306019287,0.436930518811945,NaN,NaN
0.404122778067317,0.477438689920013,NaN,NaN,NaN,NaN
0.531836348062354,0.547270282220391,0.540529051216093,NaN,NaN,NaN
0.465105484552209,0.246150778149756,NaN,NaN,NaN,NaN
0.489693363108742,0.195171969052366,NaN,NaN,NaN,NaN
0.535331440757702,0.287642159010322,NaN,NaN,NaN,NaN
0.439250628239837,0.252290102813957,0.388712164441132,0.449516939636867,NaN,NaN
0.459057291238284,0.283195460537776,NaN,NaN,NaN,NaN
0.489653034801938,0.262468492975294,NaN,NaN,NaN,NaN
0.486864041040106,0.453867836184088,NaN,NaN,NaN,NaN
0.511011863190223,0.458226371945339,NaN,NaN,NaN,NaN
0.400041248143669,0.334713754487853,NaN,NaN,NaN,NaN
0.67719933745977,0.189532776383832,NaN,NaN,NaN,NaN
0.419350389259667,NaN,NaN,NaN,NaN,NaN
0.434586262167518,0.316525305515975,NaN,NaN,NaN,NaN
0.489494730446249,0.370616344025614,0.236833756225349,NaN,NaN,NaN
0.467523966676392,NaN,NaN,NaN,NaN,NaN
0.47247273981892,0.234264699641278,NaN,NaN,NaN,NaN
0.523060147744307,0.328407636840736,0.278925821380861,0.325042135017081,NaN,NaN
0.546141946251232,0.249441919452488,NaN,NaN,NaN,NaN
0.524275728149206,0.301804266284664,0.440382815676956,0.35770809791593,NaN,NaN
0.400888656487243,0.185741697316025,NaN,NaN,NaN,NaN
0.538319677247557,0.32514225641042,NaN,NaN,NaN,NaN
0.715739033820987,0.352208411456402,0.331737062937245,NaN,NaN,NaN
0.485878927416453,0.341016315749669,NaN,NaN,NaN,NaN
0.596719804175712,0.251720107908707,NaN,NaN,NaN,NaN
0.53520614167431,0.374621716154884,NaN,NaN,NaN,NaN
0.532667387144353,0.253268443210315,NaN,NaN,NaN,NaN
0.526652478726739,0.350382431241558,NaN,NaN,NaN,NaN
0.373873977505486,0.258381284912156,NaN,NaN,NaN,NaN
0.575352899866922,0.296913729474797,NaN,NaN,NaN,NaN
0.380694147675087,0.17707008446339,NaN,NaN,NaN,NaN
0.647408539423547,0.285118371309136,0.393297202461221,NaN,NaN,NaN
0.455545756065123,0.342513098284838,NaN,NaN,NaN,NaN
0.69906067325057,0.27061224555937,0.370008610626586,NaN,NaN,NaN
0.54696019415657,0.324362882885179,NaN,NaN,NaN,NaN
0.576042258156189,0.31417699145145,NaN,NaN,NaN,NaN
0.336675602446095,NaN,NaN,NaN,NaN,NaN
0.520380585920306,0.327438585964036,0.250384415745323,NaN,NaN,NaN
0.579648414995656,NaN,NaN,NaN,NaN,NaN
0.479194449102768,0.221320373360518,0.353742929359176,NaN,NaN,NaN
0.718673628346387,0.458103851955773,0.406556386185373,0.438278302708224,0.289247912489707,NaN
0.423636157365041,0.291132234557412,NaN,NaN,NaN,NaN
0.515044416954834,0.422087219489388,NaN,NaN,NaN,NaN
0.602525500521564,0.302491791727849,0.392015630927181,NaN,NaN,NaN
0.446658437289987,0.328473829129936,NaN,NaN,NaN,NaN
0.542953104453633,0.311003392900516,NaN,NaN,NaN,NaN
0.527331874829581,0.489113883762515,0.423296425640631,NaN,NaN,NaN
0.492552917234294,0.427236103950836,NaN,NaN,NaN,NaN
0.475932383162339,0.237139830057981,NaN,NaN,NaN,NaN
0.623675609533216,0.320007767810601,NaN,NaN,NaN,NaN
0.603810045700826,0.274768542678072,NaN,NaN,NaN,NaN
0.436585977506168,0.270460390654571,NaN,NaN,NaN,NaN
0.667457501092602,0.560395759396769,0.485385833794049,0.368800396640362,0.291001130538094,NaN
0.48215193144402,0.181285008076718,NaN,NaN,NaN,NaN
0.470748272403099,0.203570377792789,NaN,NaN,NaN,NaN
0.578922807099538,0.259036278331257,NaN,NaN,NaN,NaN
0.420404273552671,NaN,NaN,NaN,NaN,NaN
0.585629768535485,0.366011266292789,0.247978067715811,0.474967099630149,NaN,NaN
0.346696069308609,NaN,NaN,NaN,NaN,NaN
0.569307896555494,0.191822587095243,NaN,NaN,NaN,NaN
0.552373747704029,0.270925086615746,NaN,NaN,NaN,NaN
0.507557502757919,0.191773735587049,NaN,NaN,NaN,NaN
0.604236144380612,0.367340621807451,NaN,NaN,NaN,NaN
0.555096879208433,0.386616388910835,0.29844904675638,NaN,NaN,NaN
0.441952141696567,NaN,NaN,NaN,NaN,NaN
0.381353525847143,0.244968667353497,NaN,NaN,NaN,NaN
0.47227717143258,0.429734974674486,0.266364584137695,NaN,NaN,NaN
0.517647895787452,NaN,NaN,NaN,NaN,NaN
0.415291928966865,0.447989244391126,NaN,NaN,NaN,NaN
0.428890272274843,NaN,NaN,NaN,NaN,NaN
0.563391787876089,0.290370527824177,NaN,NaN,NaN,NaN
0.370876475315859,0.227266484341872,NaN,NaN,NaN,NaN
0.646134057969544,0.427305669572742,NaN,NaN,NaN,NaN
0.397323330361562,0.234152897231242,NaN,NaN,NaN,NaN
0.423930387791976,0.317177550368362,0.374636844606339,0.29056426095306,NaN,NaN
0.594297911374647,NaN,NaN,NaN,NaN,NaN
0.56413076198943,0.227950167473508,NaN,NaN,NaN,NaN
0.571637120444246,0.210991102504068,NaN,NaN,NaN,NaN
0.710415510034465,0.440751162908826,0.221129429385059,NaN,NaN,NaN
0.53136817264571,0.294935509623542,NaN,NaN,NaN,NaN
0.682782764266961,0.242368803202287,0.406652968284566,0.205491494334879,NaN,NaN
0.557346453257433,0.292229015844942,NaN,NaN,NaN,NaN
0.536100652118762,0.369203755726689,0.33404457155986,NaN,NaN,NaN
0.382644995303469,0.610777395735625,0.413495065491982,NaN,NaN,NaN
0.636272822750663,0.369423126348234,NaN,NaN,NaN,NaN
0.591391688738746,0.345492626694582,NaN,NaN,NaN,NaN
0.982284526234777,0.53302498522197,0.812133019494733,0.280309178267244,NaN,NaN
0.37533277869215,0.400459386484729,NaN,NaN,NaN,NaN
0.390177207524936,0.502769540079521,0.364186306071628,NaN,NaN,NaN
0.52674448805706,0.358447372395678,NaN,NaN,NaN,NaN
0.44141421645708,0.245238215376058,NaN,NaN,NaN,NaN
0.467011002458973,0.258526349546463,NaN,NaN,NaN,NaN
0.482262159306354,0.32936034995389,NaN,NaN,NaN,NaN
0.502700042396976,0.157555195577331,NaN,NaN,NaN,NaN
0.428142609505079,NaN,NaN,NaN,NaN,NaN
0.420010100386149,NaN,NaN,NaN,NaN,NaN
0.580704022275897,0.327621184650958,NaN,NaN,NaN,NaN
0.619167350575845,NaN,NaN,NaN,NaN,NaN
0.386274697268394,0.428471921340616,NaN,NaN,NaN,NaN
0.541969827314297,0.399145584461006,0.333445504395809,NaN,NaN,NaN
0.473701824977221,0.195189570528402,0.34915986515721,NaN,NaN,NaN
0.46640753511023,0.144077037130912,NaN,NaN,NaN,NaN
0.578403653559758,0.242949312183275,NaN,NaN,NaN,NaN
0.478485656607207,0.373031324522376,NaN,NaN,NaN,NaN
0.500911048149696,0.399491745846846,0.234568134618498,NaN,NaN,NaN
0.463645705974885,0.292045126002637,NaN,NaN,NaN,NaN
0.536958424717084,0.238907048927459,NaN,NaN,NaN,NaN
0.52216332068019,0.257103841548446,NaN,NaN,NaN,NaN
0.555478127281753,0.245074327064847,NaN,NaN,NaN,NaN
0.364179561645763,NaN,NaN,NaN,NaN,NaN
0.504422885947328,0.281690771351419,NaN,NaN,NaN,NaN
0.509707965979004,0.27399511750198,0.37168835456382,NaN,NaN,NaN
0.751289095437756,0.283878392490476,0.441722860149784,NaN,NaN,NaN
0.542764885194726,0.314467369683899,NaN,NaN,NaN,NaN
0.352257138041468,NaN,NaN,NaN,NaN,NaN
0.445012862880104,0.260102052271129,NaN,NaN,NaN,NaN
0.535281829894338,0.365904380645686,NaN,NaN,NaN,NaN
0.473480701647031,0.230502863459816,NaN,NaN,NaN,NaN
0.532958038104285,0.324211561170408,0.412612669157963,NaN,NaN,NaN
0.479282937553858,0.290178409077918,NaN,NaN,NaN,NaN
0.319487481176696,NaN,NaN,NaN,NaN,NaN
0.383924482978386,0.296132042075113,NaN,NaN,NaN,NaN
0.489424033667361,0.211079786660579,NaN,NaN,NaN,NaN
0.858038783178514,1.09983163038301,1.38660509759817,NaN,NaN,NaN
0.513616840227777,0.209615220774693,NaN,NaN,NaN,NaN
0.427196690518348,0.181893422834811,NaN,NaN,NaN,NaN
0.478932325424242,0.348097673186805,0.207134575237041,NaN,NaN,NaN
0.517107293578915,0.484254361913158,0.267952434989022,0.323990725086501,NaN,NaN
0.379131391921574,0.256850244477097,NaN,NaN,NaN,NaN
0.575652433680041,0.295902658274019,NaN,NaN,NaN,NaN
0.391509381855669,0.265483255022242,NaN,NaN,NaN,NaN
0.542744577148642,0.337421913643858,0.274487466579286,NaN,NaN,NaN
0.690286361552454,0.283695991695757,NaN,NaN,NaN,NaN
0.473387619699944,0.368265027049792,NaN,NaN,NaN,NaN
0.709628332900152,0.440827947310577,0.308875317912598,NaN,NaN,NaN
0.375940761291192,0.266726021330046,NaN,NaN,NaN,NaN
0.54644361491986,0.316426903318242,NaN,NaN,NaN,NaN
0.378870218827931,0.230127572284502,NaN,NaN,NaN,NaN
0.54975504012894,0.308017176794484,NaN,NaN,NaN,NaN
0.6179654286918,0.427056777362662,0.236529762503792,NaN,NaN,NaN
0.367428534174356,0.342212819993839,NaN,NaN,NaN,NaN
0.416914431205804,NaN,NaN,NaN,NaN,NaN
0.566469920790013,0.325595794742772,NaN,NaN,NaN,NaN
0.540965795006048,0.374130918000144,0.562850668508266,0.307455221459727,NaN,NaN
0.493712227678071,0.445989866177812,0.309398030629554,NaN,NaN,NaN
0.325815795338829,0.287917812954749,NaN,NaN,NaN,NaN
0.472513980627194,0.460898113863972,0.267974711266487,NaN,NaN,NaN
0.498163559072401,0.251248377116248,NaN,NaN,NaN,NaN
0.437094576125517,0.284358821259241,0.363965711208955,NaN,NaN,NaN
0.447852430105135,0.395376645674056,0.233501430071415,NaN,NaN,NaN
0.533350573100451,0.199028508515043,NaN,NaN,NaN,NaN
0.629059206471723,0.34797375197537,NaN,NaN,NaN,NaN
0.639162809615157,0.352091067187224,NaN,NaN,NaN,NaN
0.536810977725359,NaN,NaN,NaN,NaN,NaN
0.621670166281895,0.302986726311589,NaN,NaN,NaN,NaN
0.381346413332149,0.532216958374934,NaN,NaN,NaN,NaN
0.53049730982257,0.42270279021299,0.42117001622737,0.435681937413776,NaN,NaN
0.698901517832567,0.374057557569454,NaN,NaN,NaN,NaN
0.478160165041652,0.295451379012205,0.344832744542726,NaN,NaN,NaN
0.501642296304497,NaN,NaN,NaN,NaN,NaN
0.505424600842035,0.361846106590291,NaN,NaN,NaN,NaN
0.469245787335667,0.318222726492838,NaN,NaN,NaN,NaN
0.345928642499941,NaN,NaN,NaN,NaN,NaN
0.479808593012481,0.522786406355357,0.413647904756053,0.353777933102745,NaN,NaN
0.563823069516797,0.282271740134929,0.357359108171139,NaN,NaN,NaN
0.493941034473406,0.393282956251383,0.322058027789286,0.3858810675312,NaN,NaN
0.574490430397744,0.345008312580523,0.217652834999039,NaN,NaN,NaN
0.551262166852688,0.318151872131702,NaN,NaN,NaN,NaN
0.606434796908219,0.292946489727452,0.449304971843398,0.378835784210167,NaN,NaN
0.560165926696001,0.557754225467807,0.260312305077312,NaN,NaN,NaN
0.560515503726971,0.342322684142222,NaN,NaN,NaN,NaN
0.615000472162281,0.344967095428509,NaN,NaN,NaN,NaN
0.479182292181713,0.283366941782453,NaN,NaN,NaN,NaN
0.412949934073206,0.257300015464036,NaN,NaN,NaN,NaN
0.589696327373068,0.322721740815351,NaN,NaN,NaN,NaN
0.50625308030796,0.313009170433879,NaN,NaN,NaN,NaN
0.445402685127009,0.394208792629051,0.209918484618571,NaN,NaN,NaN
0.443044869295902,0.328712385752101,NaN,NaN,NaN,NaN
0.518474591743703,0.251050577451658,NaN,NaN,NaN,NaN
0.453231392654917,0.344286710885952,0.371153797907872,NaN,NaN,NaN
0.619966551627073,0.356950922319997,NaN,NaN,NaN,NaN
0.433566007422435,0.279554209167143,NaN,NaN,NaN,NaN
0.442832827333571,0.245468618563696,NaN,NaN,NaN,NaN
0.476205763683,0.305365380225526,NaN,NaN,NaN,NaN
0.409029083515164,0.417077225476721,NaN,NaN,NaN,NaN
0.413450006700583,0.243749927720928,NaN,NaN,NaN,NaN
0.447557756434063,0.280754197966005,NaN,NaN,NaN,NaN
0.536731980124055,0.305092996044041,0.374330297159803,0.342654119443712,NaN,NaN
0.58345067492094,0.375619598128447,NaN,NaN,NaN,NaN
0.508802240124584,0.254424293720942,NaN,NaN,NaN,NaN
0.623131084425967,0.385482443632031,0.294679671039114,NaN,NaN,NaN
0.529985314562504,0.323207959294484,NaN,NaN,NaN,NaN
0.532541566282259,0.235082403180572,NaN,NaN,NaN,NaN
0.551652256869018,0.382908619997913,NaN,NaN,NaN,NaN
0.337473016188125,0.26702731296313,NaN,NaN,NaN,NaN
0.595066155550218,0.440794826246861,NaN,NaN,NaN,NaN
0.419984171037754,0.258960774562162,NaN,NaN,NaN,NaN
0.602184946032718,0.484510278338709,0.187818722919359,NaN,NaN,NaN
0.586103664100694,0.334042156557964,0.25427179991874,NaN,NaN,NaN
0.328292377426034,0.398367279001322,0.346370657443931,NaN,NaN,NaN
0.507567437950308,0.271518251826348,NaN,NaN,NaN,NaN
0.539702188220145,0.287166061362675,0.379650494189916,NaN,NaN,NaN
0.636158347084719,0.384995012384335,0.267677443471354,0.365343789454069,0.357271762912853,NaN
0.509681321123022,0.23657990232241,NaN,NaN,NaN,NaN
0.366883483224813,0.306849829101392,NaN,NaN,NaN,NaN
0.545214749909989,0.226557748965573,0.345259811391315,NaN,NaN,NaN
0.608341552960788,0.24615732822616,NaN,NaN,NaN,NaN
0.456296261534242,0.216253790203669,NaN,NaN,NaN,NaN
0.406171608301438,0.317320719842978,0.277866999445382,NaN,NaN,NaN
0.597661668839613,0.312937884001176,NaN,NaN,NaN,NaN
0.426383674585878,0.282118726415032,0.440264991072856,0.291045898518371,NaN,NaN
0.486728557789888,0.358746588990267,NaN,NaN,NaN,NaN
0.275488817347339,NaN,NaN,NaN,NaN,NaN
0.478664539988612,0.4354699251751,NaN,NaN,NaN,NaN
0.43309321367963,NaN,NaN,NaN,NaN,NaN
0.722382899455851,0.250703353145413,0.367703569067321,0.32995060585336,0.416889465302916,NaN
0.309251182803889,0.495857299894673,NaN,NaN,NaN,NaN
0.56467531358408,0.267938184806063,NaN,NaN,NaN,NaN
0.624036852942335,0.464965889468843,0.24976472482509,NaN,NaN,NaN
0.52905175214207,0.327486974896911,0.226460967758396,NaN,NaN,NaN
0.365981305831723,0.25451601483278,NaN,NaN,NaN,NaN
0.536499460589898,0.389143347163774,NaN,NaN,NaN,NaN
0.45600872522691,0.313720091257279,NaN,NaN,NaN,NaN
0.531974752974246,0.203857186111077,NaN,NaN,NaN,NaN
0.5897016826866,0.20137247034545,NaN,NaN,NaN,NaN
0.502832766359129,0.294748774168074,0.411094934408766,NaN,NaN,NaN
0.512865960433837,0.396369728546048,NaN,NaN,NaN,NaN
0.588191344662942,0.327236277164293,NaN,NaN,NaN,NaN
0.402191509584481,0.353962502625427,0.420436140820072,NaN,NaN,NaN
0.412961599044738,NaN,NaN,NaN,NaN,NaN
0.475777887975395,0.298914743684874,0.253069233371941,NaN,NaN,NaN
0.555997338284976,0.182922490738523,NaN,NaN,NaN,NaN
0.507017728859199,0.529009107055445,0.311062520127242,0.237237391572018,NaN,NaN
0.673762443136512,0.343087390190706,NaN,NaN,NaN,NaN
0.491817747039988,0.324711930460644,NaN,NaN,NaN,NaN
0.660935928580437,0.327112629725192,NaN,NaN,NaN,NaN
0.402238027477056,0.251586757240114,NaN,NaN,NaN,NaN
0.70866844714264,0.361774391732369,0.407790736854623,NaN,NaN,NaN
0.636596706216071,0.400125300952187,0.223935133619576,NaN,NaN,NaN
0.625706636100854,0.379473093794189,NaN,NaN,NaN,NaN
0.311208354360184,0.350090204313435,NaN,NaN,NaN,NaN
0.64795664691437,0.257647568155673,NaN,NaN,NaN,NaN
0.519072351661949,0.289606447770742,0.364667781971281,NaN,NaN,NaN
0.614785837241145,0.481545064251563,0.372343201072826,NaN,NaN,NaN
0.502190383546604,0.323255223913616,NaN,NaN,NaN,NaN
0.577407801573979,0.313359944938784,NaN,NaN,NaN,NaN
0.645166300160635,NaN,NaN,NaN,NaN,NaN
0.547262841874488,0.25049988682272,NaN,NaN,NaN,NaN
0.517487678285211,NaN,NaN,NaN,NaN,NaN
0.575240185326262,0.268805906715638,NaN,NaN,NaN,NaN
0.46747587374126,0.319414188567775,NaN,NaN,NaN,NaN
0.669685804356467,0.344971723125367,0.515373308310636,0.411995352962754,NaN,NaN
0.600764551847146,0.418748696678343,0.285511486039394,NaN,NaN,NaN
0.601480084497527,0.275535546140233,0.382235787362841,NaN,NaN,NaN
0.503873266539838,1.51983465767822,1.77067715027755,NaN,NaN,NaN
0.366097407235247,0.304089127301445,NaN,NaN,NaN,NaN
0.476244550333869,0.258029550904159,NaN,NaN,NaN,NaN
0.612878194097271,0.356375060413522,0.242821021075368,0.299688148456478,NaN,NaN
0.330864380098654,0.36300850136445,NaN,NaN,NaN,NaN
0.63642391367781,0.298648482738925,0.356011880453162,0.534543174567806,NaN,NaN
0.530786273955188,0.440545269319747,0.417406211644318,NaN,NaN,NaN
0.44848208221652,0.220875577707247,NaN,NaN,NaN,NaN
0.720698537438861,0.297242947115131,NaN,NaN,NaN,NaN
0.487851908312378,NaN,NaN,NaN,NaN,NaN
0.384444604055683,0.495898709925564,NaN,NaN,NaN,NaN
0.551089446331604,0.166983335897292,NaN,NaN,NaN,NaN
0.504887103558818,0.377503148793631,0.220382437288397,NaN,NaN,NaN
0.517544400178796,0.210531260078986,NaN,NaN,NaN,NaN
0.548669955265467,0.292790764461507,NaN,NaN,NaN,NaN
0.52313825449914,0.215608344231341,NaN,NaN,NaN,NaN
0.61186976765971,0.250781231729039,0.307540383624411,NaN,NaN,NaN
0.587078852966279,0.40090974650301,0.288697469074796,NaN,NaN,NaN
0.392363525294075,0.230564193821264,NaN,NaN,NaN,NaN
0.623630776422934,0.364268468087594,0.208357624736775,NaN,NaN,NaN
0.413152812847454,0.328373924429848,0.3471700897552,NaN,NaN,NaN
0.416439141025654,0.341419918225484,0.364965800151598,NaN,NaN,NaN
0.472386230459253,0.581680353576458,0.170198962397496,NaN,NaN,NaN
0.572015099183716,0.239548942880729,0.244974997164143,NaN,NaN,NaN
0.399463907032728,0.347036384422702,NaN,NaN,NaN,NaN
0.39618169516943,0.365745734789255,NaN,NaN,NaN,NaN
0.419764290328757,0.288990650334171,NaN,NaN,NaN,NaN
0.456101156883403,0.80127110448709,0.883340342523925,NaN,NaN,NaN
0.556035514364077,0.398546340315489,0.286832369090642,NaN,NaN,NaN
0.534520271104622,0.259259220513528,NaN,NaN,NaN,NaN
0.462032243330658,0.274932225974379,NaN,NaN,NaN,NaN
0.588695046969757,0.218670218919059,NaN,NaN,NaN,NaN
0.428798565459155,0.175014277061643,NaN,NaN,NaN,NaN
0.39950120780776,NaN,NaN,NaN,NaN,NaN
0.575951126756455,0.296531489727761,0.539585685646925,0.276128403647051,NaN,NaN
0.576906270413048,NaN,NaN,NaN,NaN,NaN
0.58895531330684,0.406115812910165,NaN,NaN,NaN,NaN
0.438782798540182,0.331421179939912,0.351032144428231,NaN,NaN,NaN
0.551648031092247,0.326091832721382,NaN,NaN,NaN,NaN
0.496775262098779,0.41264281922099,NaN,NaN,NaN,NaN
0.515790080779702,0.477247355997548,0.334080787162091,0.276962789238566,NaN,NaN
0.467536629564762,0.262937304464687,NaN,NaN,NaN,NaN
0.478119988807197,0.404277010698139,NaN,NaN,NaN,NaN
0.554700214503198,0.273100694985969,NaN,NaN,NaN,NaN
0.572274985665834,0.273739148605919,NaN,NaN,NaN,NaN
0.510064655676458,0.401418535010264,NaN,NaN,NaN,NaN
0.471021297972093,0.489233077859814,0.288408192569039,NaN,NaN,NaN
0.439105310905921,0.237520738437689,NaN,NaN,NaN,NaN
0.454440704890237,0.578354615065383,NaN,NaN,NaN,NaN
0.63397704716807,0.212571176886105,NaN,NaN,NaN,NaN
0.454409438644082,0.325256618156242,NaN,NaN,NaN,NaN
0.465144756307471,0.253324784266101,NaN,NaN,NaN,NaN
0.643463805147379,0.388409677972452,0.278675151818169,0.337109730080813,NaN,NaN
0.524302310003075,0.486127045045412,0.348040824427282,NaN,NaN,NaN
0.718903519396571,0.335112757737529,NaN,NaN,NaN,NaN
0.55581209535295,0.307209774144478,NaN,NaN,NaN,NaN
0.545126399238891,0.234880000882646,0.251005194921532,NaN,NaN,NaN
0.5173159001901,0.316701366614978,NaN,NaN,NaN,NaN
0.711910762424665,0.551367847982133,0.357852074320028,0.329106885173705,NaN,NaN
0.571968031827737,0.499180483223278,0.41042887314716,NaN,NaN,NaN
0.505086424764737,0.232612630018306,NaN,NaN,NaN,NaN
0.320956155057055,NaN,NaN,NaN,NaN,NaN
0.46633070449259,0.189858332095458,NaN,NaN,NaN,NaN
0.659740562819612,0.367672050606095,0.446255081853721,0.390878502236973,0.347220409795694,NaN
0.517947490669034,0.365028601452866,NaN,NaN,NaN,NaN
0.569462420514752,0.327274729958661,0.317046526012001,NaN,NaN,NaN
0.629335919464981,0.305139136321042,NaN,NaN,NaN,NaN
0.50562501938886,0.175306107252168,NaN,NaN,NaN,NaN
0.477933851334532,NaN,NaN,NaN,NaN,NaN
0.412138512442289,0.327808534173402,NaN,NaN,NaN,NaN
0.608378939257031,0.26898349145712,NaN,NaN,NaN,NaN
0.699610227893965,0.426670301985275,0.494777035290853,0.488101776037284,NaN,NaN
0.525470282462798,0.347731615560864,NaN,NaN,NaN,NaN
0.368856551823866,0.373317493357452,NaN,NaN,NaN,NaN
0.541802880279202,0.299774102230704,NaN,NaN,NaN,NaN
0.562514474815884,0.301380889269706,NaN,NaN,NaN,NaN
0.394679617960527,0.349354897479432,NaN,NaN,NaN,NaN
0.556466226077237,0.495270545870485,NaN,NaN,NaN,NaN
0.504783129584947,0.280667630998894,NaN,NaN,NaN,NaN
0.395269236166416,NaN,NaN,NaN,NaN,NaN
0.404956290988219,0.366240862763836,NaN,NaN,NaN,NaN
0.403352419108742,NaN,NaN,NaN,NaN,NaN
0.549802801687065,0.266530879662375,NaN,NaN,NaN,NaN
0.51106094688496,0.229825798680028,NaN,NaN,NaN,NaN
0.40746450520626,0.219959630742744,NaN,NaN,NaN,NaN
0.460950471316558,0.220285665736747,NaN,NaN,NaN,NaN
0.646711843264574,0.256232927306228,0.285053584650873,0.411084337813879,NaN,NaN
0.524338681605626,0.30690315510839,NaN,NaN,NaN,NaN
0.5413678138281,0.200689668744665,NaN,NaN,NaN,NaN
0.570968639135103,0.323170408465992,NaN,NaN,NaN,NaN
0.486615092247202,0.297180384343791,NaN,NaN,NaN,NaN
0.57304531587954,NaN,NaN,NaN,NaN,NaN
0.510193743252337,0.407337916734179,0.293034422375297,NaN,NaN,NaN
0.390325968501063,0.302849754181438,NaN,NaN,NaN,NaN
0.617098371594135,0.241494849980068,NaN,NaN,NaN,NaN
0.47864600098845,0.234673346903736,NaN,NaN,NaN,NaN
0.458968079114859,0.311965373555615,NaN,NaN,NaN,NaN
0.532585215357739,0.324881794694185,0.362019481715046,NaN,NaN,NaN
0.633070221988928,0.225940562048056,NaN,NaN,NaN,NaN
0.483820109195001,0.305179660093623,NaN,NaN,NaN,NaN
0.317300306087884,0.483526589236286,NaN,NaN,NaN,NaN
0.550490676477711,0.370267519772102,0.496114300458947,NaN,NaN,NaN
0.445778423022334,0.354721047429515,0.306091330877048,NaN,NaN,NaN
0.41017673620001,0.498917578129152,0.459548383063081,0.366298575864307,NaN,NaN
0.452465121564409,0.204589493715861,NaN,NaN,NaN,NaN
0.531533618042126,0.306149146872789,NaN,NaN,NaN,NaN
0.503679566203616,0.308323870512758,NaN,NaN,NaN,NaN
0.420371629159554,0.235813137965521,NaN,NaN,NaN,NaN
0.519256597890637,NaN,NaN,NaN,NaN,NaN
0.591888320473302,0.394210529287167,0.401560459993351,NaN,NaN,NaN
0.581578680214988,0.294431560006064,NaN,NaN,NaN,NaN
0.516334277340674,NaN,NaN,NaN,NaN,NaN
0.580205292940563,0.193457908324521,NaN,NaN,NaN,NaN
0.528896621860086,0.195363022687147,NaN,NaN,NaN,NaN
0.611931773714761,0.407043503413912,NaN,NaN,NaN,NaN
0.586386187186757,0.268374566011402,NaN,NaN,NaN,NaN
0.592093570865077,0.365157502003385,0.248659653059238,NaN,NaN,NaN
0.604037579186689,0.252509687900683,NaN,NaN,NaN,NaN
0.425280943880086,0.399307631138979,0.321809670507413,NaN,NaN,NaN
0.64688711481585,0.410849537232345,NaN,NaN,NaN,NaN
0.513555712953022,0.237380238525243,NaN,NaN,NaN,NaN
0.635986174969247,0.183083767629243,NaN,NaN,NaN,NaN
0.514970052359505,0.264748854778593,NaN,NaN,NaN,NaN
0.530827236161188,0.377780178501025,0.218715419565943,NaN,NaN,NaN
0.381311563119395,0.225647685695999,NaN,NaN,NaN,NaN
0.658780958114248,0.355735969935288,NaN,NaN,NaN,NaN
0.490116595520043,0.266715096032344,0.418536801214004,NaN,NaN,NaN
0.656239675445434,0.199777369779932,0.20420394954623,NaN,NaN,NaN
0.518331813232959,0.279559638838694,NaN,NaN,NaN,NaN
0.441813444000985,0.324503377776195,NaN,NaN,NaN,NaN
0.654370604155016,0.279551505156626,NaN,NaN,NaN,NaN
0.506398097549797,NaN,NaN,NaN,NaN,NaN
0.650495147538658,0.225688678731264,NaN,NaN,NaN,NaN
0.6994333817142,0.444171889910059,NaN,NaN,NaN,NaN
0.572290990874409,0.264011536876703,NaN,NaN,NaN,NaN
0.644765070666891,0.25079911730807,NaN,NaN,NaN,NaN
0.656591214727471,0.493217069892182,0.380282674290883,0.41488978617456,NaN,NaN
0.546080446028762,0.401778950294939,NaN,NaN,NaN,NaN
0.430800218050515,0.528311168696676,0.266308516284374,NaN,NaN,NaN
0.545397535577016,0.257191198562109,NaN,NaN,NaN,NaN
0.452206864610393,0.322030096441303,NaN,NaN,NaN,NaN
0.426573322078249,NaN,NaN,NaN,NaN,NaN
0.631307634250269,0.382305209006145,0.292175764996013,0.25296557742721,NaN,NaN
0.67206630379438,0.351853219022691,0.190870592615091,NaN,NaN,NaN
0.540976201246163,0.206463634309254,NaN,NaN,NaN,NaN
0.450746582705912,0.280649391036744,NaN,NaN,NaN,NaN
0.596082611593843,0.388423047987856,0.370688905565498,NaN,NaN,NaN
0.649894045610542,0.311817465249373,NaN,NaN,NaN,NaN
0.570092574819941,0.453127759999518,0.271568294068187,NaN,NaN,NaN
0.569361994563924,NaN,NaN,NaN,NaN,NaN
0.521059687258086,0.486905406379671,0.188537202714945,NaN,NaN,NaN
0.800440479554203,0.356490424659526,0.351928578401214,0.365949321740038,0.394113157532712,NaN
0.677401859019951,0.350708364428889,NaN,NaN,NaN,NaN
0.348759289641231,0.461783868418268,NaN,NaN,NaN,NaN
0.587007458236846,1.37754001553926,0.446375632225036,1.22882935364413,NaN,NaN
0.476578425894544,0.466715292220508,0.359925907042017,NaN,NaN,NaN
0.692765372144344,0.401398181320662,0.425901690898191,0.592396698099516,NaN,NaN
0.585808647285862,0.317270617503586,NaN,NaN,NaN,NaN
0.617200746298565,0.301952693139745,NaN,NaN,NaN,NaN
0.539130029508009,0.147059951834473,NaN,NaN,NaN,NaN
0.600220340837404,0.261148952607974,NaN,NaN,NaN,NaN
0.560966767202654,0.207462603854938,NaN,NaN,NaN,NaN
0.587609655696863,0.279285704735058,NaN,NaN,NaN,NaN
0.563414921997578,0.437572385521954,0.352318490438725,NaN,NaN,NaN
0.688901787186699,0.35139776570903,0.377662848522623,0.434337890910288,NaN,NaN
0.486573887344154,NaN,NaN,NaN,NaN,NaN
0.564733939722765,0.278809907945352,NaN,NaN,NaN,NaN
0.545592157260905,0.364873985567897,NaN,NaN,NaN,NaN
0.619698369112505,0.414583914232199,0.338382933645362,NaN,NaN,NaN
0.49910591875685,0.336972409853549,0.215146480213528,0.248759042753057,NaN,NaN
0.466674893093183,0.456853820520849,NaN,NaN,NaN,NaN
0.59784680342271,0.24493646351133,NaN,NaN,NaN,NaN
0.626349795431305,0.26391541504185,NaN,NaN,NaN,NaN
0.449256198519048,0.238182028241996,NaN,NaN,NaN,NaN
0.468773016396446,0.342097843422674,NaN,NaN,NaN,NaN
0.553122554711917,0.413419712749696,0.362938984294571,0.282105482679097,NaN,NaN
0.55793445188318,0.301087030810463,NaN,NaN,NaN,NaN
0.570351114134013,0.257852311397466,0.378180010350588,NaN,NaN,NaN
0.471690437686991,0.859173013924028,0.112832699485738,0.912686239746449,NaN,NaN
0.487600254198279,0.298484559878133,NaN,NaN,NaN,NaN
0.543095273766911,0.450753866758949,0.341915404051259,NaN,NaN,NaN
0.503626950053791,0.457497977846779,NaN,NaN,NaN,NaN
0.574211893010917,0.334609237893565,0.36638337156772,NaN,NaN,NaN
0.442728523655084,0.305720731515805,NaN,NaN,NaN,NaN
0.512455021006625,0.367899520824217,NaN,NaN,NaN,NaN
0.491025458214115,0.212799291651128,NaN,NaN,NaN,NaN
0.615564549939678,0.355702949150494,0.297093467187456,NaN,NaN,NaN
0.46211912699611,0.244449477446386,NaN,NaN,NaN,NaN
0.45788401752616,NaN,NaN,NaN,NaN,NaN
0.576569412226835,0.289660989192981,NaN,NaN,NaN,NaN
0.585738459802821,0.257941850013916,NaN,NaN,NaN,NaN
0.580716559323371,0.47054243756606,0.407860326625504,NaN,NaN,NaN
0.641549540586173,0.247500838121863,NaN,NaN,NaN,NaN
0.406247552754781,0.340869563513631,NaN,NaN,NaN,NaN
0.625385865690609,0.306942118996334,0.300367938168723,NaN,NaN,NaN
0.537598820464282,0.312298009828662,NaN,NaN,NaN,NaN
0.441632601952311,0.18450177215702,NaN,NaN,NaN,NaN
0.52253168765267,0.340673967942265,0.317298794019409,0.339695041953523,NaN,NaN
0.472509072844152,0.276620197834382,NaN,NaN,NaN,NaN
0.610976826686445,0.305600863366791,NaN,NaN,NaN,NaN
0.389304530531307,NaN,NaN,NaN,NaN,NaN
0.412909631701142,NaN,NaN,NaN,NaN,NaN
0.531581196110845,0.252927412360827,NaN,NaN,NaN,NaN
0.500931723857598,0.269722934940587,NaN,NaN,NaN,NaN
0.278810487963016,0.420915574477095,NaN,NaN,NaN,NaN
0.682895079982618,0.324155824822854,NaN,NaN,NaN,NaN
0.586028850076037,0.514432908230573,0.367301897714562,NaN,NaN,NaN
0.500350054807034,0.241193106833049,NaN,NaN,NaN,NaN
0.51219161031792,0.311859398468142,0.382060020035921,0.322693281302384,NaN,NaN
0.550629329196228,0.304900065717987,NaN,NaN,NaN,NaN
0.901900991571499,0.765068662262619,0.366041667677973,0.888869284719526,NaN,NaN
0.515868726832201,0.298059706744061,NaN,NaN,NaN,NaN
0.545103119044893,0.289533345442043,NaN,NaN,NaN,NaN
0.484025826241357,0.342681037571464,NaN,NaN,NaN,NaN
0.641202590628495,0.267492261207539,NaN,NaN,NaN,NaN
0.485302749357843,0.314344924070617,NaN,NaN,NaN,NaN
0.51087223633563,0.260668057629155,NaN,NaN,NaN,NaN
0.307075597188389,0.447614200530077,NaN,NaN,NaN,NaN
0.395480381754015,NaN,NaN,NaN,NaN,NaN
0.543159525520062,0.430354831243047,0.398051552815948,0.296622629796564,0.393689755996748,NaN
0.424010743696501,0.334433562325589,NaN,NaN,NaN,NaN
0.517780890518945,0.398959125379394,NaN,NaN,NaN,NaN
0.676862543338015,0.30171758775176,NaN,NaN,NaN,NaN
0.541412785413316,0.310764763416697,NaN,NaN,NaN,NaN
0.74657086711448,NaN,NaN,NaN,NaN,NaN
0.486400483023502,0.371661949873047,0.358809616864711,0.293227660600212,NaN,NaN
0.59128440770287,0.285834869500066,NaN,NaN,NaN,NaN
0.382031142504019,0.283286227919359,NaN,NaN,NaN,NaN
0.600929768934647,0.272834333405551,NaN,NaN,NaN,NaN
0.569504421959163,0.336039441843943,NaN,NaN,NaN,NaN
0.524008261313457,0.377294530934836,NaN,NaN,NaN,NaN
0.432881137061643,0.234046108718481,NaN,NaN,NaN,NaN
0.421235587376345,0.345918312669079,0.379828878417769,NaN,NaN,NaN
0.633985508446756,0.203757512316265,0.347454720778836,NaN,NaN,NaN
0.565038898398956,0.220273309403944,0.410241979737889,NaN,NaN,NaN
0.328916924776529,NaN,NaN,NaN,NaN,NaN
0.542612478416655,0.244057616419905,NaN,NaN,NaN,NaN
0.539427856989772,0.323638950693627,0.392416430766525,NaN,NaN,NaN
0.445282456056333,0.257388882089863,NaN,NaN,NaN,NaN
0.435671221124528,0.1820207850338,0.321078580722947,NaN,NaN,NaN
0.671649792616111,0.223443830517312,NaN,NaN,NaN,NaN
0.518192297205519,0.36535379539011,NaN,NaN,NaN,NaN
0.688464358385959,0.323054417836965,0.447679152452846,NaN,NaN,NaN
0.500800396116036,0.310617081118863,NaN,NaN,NaN,NaN
0.560971673270569,0.170992058906812,NaN,NaN,NaN,NaN
0.546225885636801,0.349083461584573,NaN,NaN,NaN,NaN
0.504064396520954,NaN,NaN,NaN,NaN,NaN
0.564668746355368,0.270141296289558,NaN,NaN,NaN,NaN
0.461891055421277,0.18117482465482,NaN,NaN,NaN,NaN
0.478416237969975,NaN,NaN,NaN,NaN,NaN
0.486605107234272,0.328051692592276,0.348364292400137,NaN,NaN,NaN
0.421982223763053,0.23092537631525,NaN,NaN,NaN,NaN
0.32630997788224,NaN,NaN,NaN,NaN,NaN
0.57261966429324,0.268967860818271,NaN,NaN,NaN,NaN
0.267894911953025,0.360529260363371,NaN,NaN,NaN,NaN
0.558688218412677,0.190351661601789,NaN,NaN,NaN,NaN
0.441070980155901,0.35033673813635,NaN,NaN,NaN,NaN
0.553648427353455,0.336575378901154,0.211682656415412,NaN,NaN,NaN
0.485265312710706,0.252795435127703,NaN,NaN,NaN,NaN
0.654351127327138,0.28770764141645,NaN,NaN,NaN,NaN
0.556084695019103,0.266279652942345,NaN,NaN,NaN,NaN
0.517179461474631,0.324631493742738,NaN,NaN,NaN,NaN
0.482002475697154,0.298728059871407,NaN,NaN,NaN,NaN
0.41243287160266,0.157241596419883,NaN,NaN,NaN,NaN
0.584844372320425,0.374325505944707,NaN,NaN,NaN,NaN
0.325079929252536,0.149723241132747,NaN,NaN,NaN,NaN
0.517492701406007,0.349734507220878,NaN,NaN,NaN,NaN
0.495069860850427,0.289925310950631,NaN,NaN,NaN,NaN
0.330591943061863,0.355961882059719,0.175170921837409,NaN,NaN,NaN
0.561881473104757,0.197708832896126,NaN,NaN,NaN,NaN
0.503957806116558,0.245773420790571,0.366848283835281,NaN,NaN,NaN
0.584488419338116,0.188560271234523,NaN,NaN,NaN,NaN
0.67518390728465,0.306887502547542,NaN,NaN,NaN,NaN
0.470079329157307,NaN,NaN,NaN,NaN,NaN
0.434269319928158,0.275569292371337,NaN,NaN,NaN,NaN
0.613222953750585,0.25866505275051,0.482915813461855,NaN,NaN,NaN
0.574315411856274,0.240154661226957,NaN,NaN,NaN,NaN
0.450250426258157,0.21852071043235,NaN,NaN,NaN,NaN
0.607815417222576,0.348693509738961,NaN,NaN,NaN,NaN
0.491915472062875,0.238550565466433,NaN,NaN,NaN,NaN
0.673943416153974,0.297370185705859,NaN,NaN,NaN,NaN
0.510094002346323,0.230923832016876,NaN,NaN,NaN,NaN
0.618619087056225,0.414874716368412,0.361401928777755,NaN,NaN,NaN
0.738143817886503,0.593577242931921,0.605548304161554,0.455138677106485,0.198312668168782,0.255173553902617
0.529532244509872,NaN,NaN,NaN,NaN,NaN
0.375451472197559,0.256796910101489,NaN,NaN,NaN,NaN
0.465958633890776,0.360840359582565,NaN,NaN,NaN,NaN
0.430580431787565,NaN,NaN,NaN,NaN,NaN
0.37455532655917,0.4318946530209,NaN,NaN,NaN,NaN
0.576680441012706,0.312086842855886,NaN,NaN,NaN,NaN
0.544414748555547,0.380691738909902,NaN,NaN,NaN,NaN
0.642410764286198,0.207091213131417,NaN,NaN,NaN,NaN
0.555984153974312,0.338086103666026,NaN,NaN,NaN,NaN
0.668564981803837,0.360086644249223,NaN,NaN,NaN,NaN
0.533769274060109,0.260274849713052,NaN,NaN,NaN,NaN
0.796578845148743,0.316621305405306,NaN,NaN,NaN,NaN
0.473755645746619,0.404065981056659,0.359868037742966,NaN,NaN,NaN
0.514378486930101,0.25043487868333,NaN,NaN,NaN,NaN
0.584404542143161,0.277827590324118,NaN,NaN,NaN,NaN
0.574075823318343,0.249370879319648,NaN,NaN,NaN,NaN
0.492862615232519,0.184161902283588,NaN,NaN,NaN,NaN
0.6166689914843,0.453362535748772,0.483341217685106,0.375688867005133,NaN,NaN
0.530318070459695,0.302434022705207,NaN,NaN,NaN,NaN
0.587265186581048,0.202523545179085,NaN,NaN,NaN,NaN
0.519915893738997,0.312248383211781,NaN,NaN,NaN,NaN
0.518742922536139,0.651045376924277,0.325382858199592,0.351998706842586,0.259917574023408,NaN
0.390404405616298,NaN,NaN,NaN,NaN,NaN
0.423182321514786,0.288459905763194,NaN,NaN,NaN,NaN
0.634967534745423,0.267243607032531,0.402183908003622,NaN,NaN,NaN
0.539639985149094,0.206025686913797,NaN,NaN,NaN,NaN
0.54223493773906,0.280437849123003,NaN,NaN,NaN,NaN
0.651039325417,0.364408819458307,NaN,NaN,NaN,NaN
0.532743441056658,0.2858783017207,0.408332431082803,NaN,NaN,NaN
0.375793643637105,NaN,NaN,NaN,NaN,NaN
0.607801038110728,0.367384725255751,NaN,NaN,NaN,NaN
0.428002320481934,0.328227763112424,NaN,NaN,NaN,NaN
0.470174954290247,0.379989802428049,NaN,NaN,NaN,NaN
0.471860064930671,0.23301280575802,0.358660454168943,NaN,NaN,NaN
0.514082092601265,0.190446203989514,NaN,NaN,NaN,NaN
0.598778493565062,0.441114055860976,0.447801552888618,NaN,NaN,NaN
0.405841457335558,0.460296541218155,0.214997495297558,NaN,NaN,NaN
0.529842865924071,0.341926577375471,0.348617251373879,NaN,NaN,NaN
0.547152558017034,0.402800350359416,0.238768376180211,NaN,NaN,NaN
0.599125393098023,0.295436682614762,NaN,NaN,NaN,NaN
0.610227732364091,0.300143507045493,NaN,NaN,NaN,NaN
0.57901550418095,0.438114476378896,0.194605087007423,NaN,NaN,NaN
0.637546620076396,0.437152658372552,NaN,NaN,NaN,NaN
0.517578326862639,0.174175968281861,NaN,NaN,NaN,NaN
0.434069200027477,0.260893833526442,NaN,NaN,NaN,NaN
0.45184392223446,0.28095531066597,NaN,NaN,NaN,NaN
0.371293522639947,0.36855119257274,0.408614954143475,0.429575872856727,NaN,NaN
0.456455357158974,0.344025020324183,NaN,NaN,NaN,NaN
0.590769736662518,0.249989349475217,NaN,NaN,NaN,NaN
0.552641577105822,0.265664234197672,NaN,NaN,NaN,NaN
0.497521020265807,0.39610899588611,NaN,NaN,NaN,NaN
0.543999866951544,0.32629848964136,0.161686240970669,NaN,NaN,NaN
0.456984211533489,0.207737202596862,NaN,NaN,NaN,NaN
0.549679364619657,0.316484055543829,NaN,NaN,NaN,NaN
0.618956965257636,0.343916328949073,0.330515364764063,0.294414887851125,NaN,NaN
0.367624149158947,NaN,NaN,NaN,NaN,NaN
0.562092132441938,0.212264503794503,NaN,NaN,NaN,NaN
0.513558547730906,0.34657557021418,0.473737812670523,NaN,NaN,NaN
0.672886589051208,0.453322465080295,0.313954780890258,NaN,NaN,NaN
0.57604859199981,0.281254345716688,NaN,NaN,NaN,NaN
0.38592403077608,0.454659334739688,0.40069454362087,NaN,NaN,NaN
0.33767726828143,0.334122947005713,NaN,NaN,NaN,NaN
0.606734838291759,0.316412247550242,NaN,NaN,NaN,NaN
0.501513982827567,0.319284453629132,NaN,NaN,NaN,NaN
0.548896016271323,0.293439882940018,NaN,NaN,NaN,NaN
0.6936740808742,0.28673377901099,NaN,NaN,NaN,NaN
0.506284032855509,0.196246981937544,NaN,NaN,NaN,NaN
0.463112387971599,0.24656511218846,NaN,NaN,NaN,NaN
0.708639712330467,0.253596102421771,NaN,NaN,NaN,NaN
0.541779122872136,0.370958375222034,NaN,NaN,NaN,NaN
0.380913561118017,0.230143146163953,NaN,NaN,NaN,NaN
0.620370069471063,0.217398773567756,0.336080611388596,NaN,NaN,NaN
0.535180940291414,0.254633080079475,0.373166265225947,NaN,NaN,NaN
0.6016945092648,0.405682766726448,NaN,NaN,NaN,NaN
0.479981813779669,NaN,NaN,NaN,NaN,NaN
0.600218164113651,0.274869718012122,NaN,NaN,NaN,NaN
0.471748245817214,0.344422581743706,NaN,NaN,NaN,NaN
0.45461546864809,0.342775773626567,NaN,NaN,NaN,NaN
0.580178735047184,0.363968360812819,NaN,NaN,NaN,NaN
0.51837228982941,0.300305876330403,NaN,NaN,NaN,NaN
0.521984053648187,0.209056524055058,NaN,NaN,NaN,NaN
0.47484091918594,0.410464833744988,0.315513219208928,NaN,NaN,NaN
0.511442821155496,0.346057216899692,NaN,NaN,NaN,NaN
0.603968892644362,0.248257612731726,NaN,NaN,NaN,NaN
0.445683802016812,0.34287591154464,0.342270296124926,NaN,NaN,NaN
0.552584944174864,0.268731575167527,NaN,NaN,NaN,NaN
0.677774109235934,0.607137775662463,0.314734415724994,0.259272066126492,0.370820851642193,NaN
0.470342201636689,0.291143413031383,NaN,NaN,NaN,NaN
0.615573328088025,0.40812175597804,0.396707015785923,NaN,NaN,NaN
0.50111189761059,0.199781440830319,NaN,NaN,NaN,NaN
0.657821567494329,0.438692379427856,0.199432494442669,NaN,NaN,NaN
0.493403754720957,0.221555913390795,NaN,NaN,NaN,NaN
0.515325342811275,0.470235300215342,0.185924274420466,NaN,NaN,NaN
0.466858195585341,0.360526842488237,0.338485423919549,0.286369396202031,NaN,NaN
0.435299499895655,0.294748776330406,NaN,NaN,NaN,NaN
0.610896318909171,0.343343881502956,NaN,NaN,NaN,NaN
0.309330963237748,0.477009842535604,NaN,NaN,NaN,NaN
0.404847289408167,0.528462088589511,0.314135703094124,NaN,NaN,NaN
0.431516766910412,0.295290918578432,NaN,NaN,NaN,NaN
0.494982534963067,0.249076192425889,NaN,NaN,NaN,NaN
0.491084363943188,0.301346142085767,NaN,NaN,NaN,NaN
0.565704044995417,0.294955665733212,0.286703886565111,NaN,NaN,NaN
0.350969385624596,0.301491620707235,0.388698230075754,NaN,NaN,NaN
0.536787521572641,0.318866952013185,NaN,NaN,NaN,NaN
0.630595334823988,0.304877676700527,NaN,NaN,NaN,NaN
0.372989318529771,NaN,NaN,NaN,NaN,NaN
0.519613017080429,0.34082562066692,NaN,NaN,NaN,NaN
0.684358589293076,0.344835415361503,NaN,NaN,NaN,NaN
0.532934337153688,0.443937349971231,0.411997013335026,0.23584761991402,0.434802064374406,NaN
0.424571901024623,0.198656508238925,NaN,NaN,NaN,NaN
0.70764826385314,0.556429513635149,0.284083644147128,NaN,NaN,NaN
0.350366280125587,NaN,NaN,NaN,NaN,NaN
0.267411550904095,0.646100833617173,NaN,NaN,NaN,NaN
0.51266189188677,0.26040139807806,NaN,NaN,NaN,NaN
0.526019186040998,0.26360130265439,NaN,NaN,NaN,NaN
0.616763056266209,0.254339760037722,NaN,NaN,NaN,NaN
0.557236726843717,0.386760979726951,0.264307913942132,NaN,NaN,NaN
0.421939481770816,0.243328894705864,NaN,NaN,NaN,NaN
0.287518162838987,0.366998066703185,NaN,NaN,NaN,NaN
0.609853649766576,0.542749524912667,0.450235793058322,0.475247737275408,NaN,NaN
0.420925069685019,NaN,NaN,NaN,NaN,NaN
0.539123753043913,0.401953372319109,NaN,NaN,NaN,NaN
0.441224572935848,0.228716350809449,NaN,NaN,NaN,NaN
0.503931623114877,NaN,NaN,NaN,NaN,NaN
0.508998568298292,0.207152999109027,NaN,NaN,NaN,NaN
0.6103857532108,0.320319533204527,NaN,NaN,NaN,NaN
0.607037500858309,0.288298875502465,NaN,NaN,NaN,NaN
0.547982242006131,0.346524136812862,0.429983345657955,NaN,NaN,NaN
0.573302779781442,0.226280156754936,NaN,NaN,NaN,NaN
0.579161896594302,0.327534568976058,NaN,NaN,NaN,NaN
0.600852349807334,0.21360260113357,NaN,NaN,NaN,NaN
0.40337734002334,0.288796723181238,NaN,NaN,NaN,NaN
0.60153529999289,0.301500057031714,0.29109923151588,NaN,NaN,NaN
0.571467401908684,0.345657878754483,NaN,NaN,NaN,NaN
0.457806260489845,0.937880696284418,0.99165639531658,0.647036006853637,NaN,NaN
0.371588071401147,NaN,NaN,NaN,NaN,NaN
0.427853486829384,0.286416958990853,NaN,NaN,NaN,NaN
0.437861173770254,0.260044826160711,NaN,NaN,NaN,NaN
0.567088085467941,0.277918571815422,NaN,NaN,NaN,NaN
0.52273097946392,0.247945681743587,NaN,NaN,NaN,NaN
0.574629356740726,0.599159274708834,0.245005613208983,NaN,NaN,NaN
0.496507586688879,0.257079812981625,NaN,NaN,NaN,NaN
0.544654723644693,0.233694836323766,NaN,NaN,NaN,NaN
0.592716831609613,0.214547112865287,NaN,NaN,NaN,NaN
0.510941768311974,0.26746169983349,NaN,NaN,NaN,NaN
0.588321352250688,0.232357267614384,0.371931633888941,NaN,NaN,NaN
0.593444436081218,0.283764284108752,NaN,NaN,NaN,NaN
0.565449479960389,0.206967770893198,NaN,NaN,NaN,NaN
0.507539529252388,0.275907021505514,NaN,NaN,NaN,NaN
0.477954657348345,0.270005088455193,NaN,NaN,NaN,NaN
0.479862486310023,NaN,NaN,NaN,NaN,NaN
0.42217338816664,0.246523125022898,0.404543013472404,NaN,NaN,NaN
0.342914911959363,0.415700155960608,NaN,NaN,NaN,NaN
0.434758948151375,0.174525262717111,NaN,NaN,NaN,NaN
0.778838905263182,0.333087077422688,0.41589349781337,0.316554525171799,NaN,NaN
0.636222069533483,0.385487575079447,NaN,NaN,NaN,NaN
0.48224098658174,0.213246430099236,NaN,NaN,NaN,NaN
0.671945660112404,0.380950135146398,0.514301303251231,0.301508266692899,NaN,NaN
0.500732077735152,0.304742131696897,NaN,NaN,NaN,NaN
0.574973801117616,0.309843541255676,NaN,NaN,NaN,NaN
0.482201330233966,0.340789248284782,NaN,NaN,NaN,NaN
0.737871747161005,0.46305231786675,0.45366430914757,0.312190622361939,0.361991637530092,NaN
0.288129947263705,NaN,NaN,NaN,NaN,NaN
0.491860222333636,0.259037780051269,NaN,NaN,NaN,NaN
0.615745116119344,0.227542592332752,NaN,NaN,NaN,NaN
0.351265897969601,0.337867165973039,NaN,NaN,NaN,NaN
0.522494310644363,0.277542251777995,NaN,NaN,NaN,NaN
0.344423103923881,NaN,NaN,NaN,NaN,NaN
0.451859983442121,0.302671475949652,NaN,NaN,NaN,NaN
0.591455600543046,0.3360616833258,NaN,NaN,NaN,NaN
0.552047384906582,0.288031661251611,NaN,NaN,NaN,NaN
0.456912085273585,0.47750754242248,0.429997500100636,NaN,NaN,NaN
0.618266878171506,0.251504533449126,NaN,NaN,NaN,NaN
0.52561580322838,0.202012168386324,NaN,NaN,NaN,NaN
0.596952501396235,0.350257101269359,NaN,NaN,NaN,NaN
0.694834221422449,0.467741752668885,0.285371905069795,0.267965120770312,0.382392246982231,NaN
0.675595236202641,0.252973504082515,0.434411847683239,NaN,NaN,NaN
0.423259235317213,0.286519986162414,NaN,NaN,NaN,NaN
0.531470759034732,0.267094687012324,0.255003594805721,NaN,NaN,NaN
0.649648308570778,0.352325794946139,NaN,NaN,NaN,NaN
0.707274097243984,0.387569455731848,0.268490883775277,NaN,NaN,NaN
0.463272973690663,0.275761496392305,NaN,NaN,NaN,NaN
0.497796613819109,0.245994603038695,NaN,NaN,NaN,NaN
0.588017731995004,0.383758337923943,NaN,NaN,NaN,NaN
0.399687378641737,0.495666358643616,NaN,NaN,NaN,NaN
0.392490860257454,NaN,NaN,NaN,NaN,NaN
0.630949837022116,0.376745407089453,0.663001025779886,NaN,NaN,NaN
0.50490273533717,0.327941315980896,NaN,NaN,NaN,NaN
0.667748575571725,0.361321289303681,NaN,NaN,NaN,NaN
0.492988071916309,0.224383408890478,NaN,NaN,NaN,NaN
0.594117079858273,0.548234157360554,0.434915068153352,0.378184279697348,0.252767939156364,NaN
0.546608259298874,0.243303829200465,NaN,NaN,NaN,NaN
0.360436548634192,NaN,NaN,NaN,NaN,NaN
0.51997346039202,0.314956399637511,0.312814876432347,NaN,NaN,NaN
0.636448988390773,0.534016043741318,0.269799537473331,NaN,NaN,NaN
0.698522868653794,0.385290722161738,NaN,NaN,NaN,NaN
0.723889194986001,0.332793474595555,NaN,NaN,NaN,NaN
0.491334743963431,0.241368657963877,NaN,NaN,NaN,NaN
0.417373437960622,0.20445371791943,NaN,NaN,NaN,NaN
0.485789923090656,0.358955406348334,0.365081445813806,NaN,NaN,NaN
0.518267817690065,0.308711187498549,NaN,NaN,NaN,NaN
0.445118578101031,0.488373114116873,0.179385235291664,0.273815032856571,NaN,NaN
0.630858599535889,0.352154040131194,NaN,NaN,NaN,NaN
0.56630979029546,0.238979423109793,NaN,NaN,NaN,NaN
0.428975068699961,0.308139941126816,NaN,NaN,NaN,NaN
0.521983548992233,0.299031212636217,NaN,NaN,NaN,NaN
0.554735660052817,0.23576967243521,NaN,NaN,NaN,NaN
0.608203148864194,0.414667649489108,0.306566640152639,NaN,NaN,NaN
0.408701211902017,0.212198538125897,NaN,NaN,NaN,NaN
0.619534622827076,0.260406881896541,NaN,NaN,NaN,NaN
0.466183413895772,0.359929924600195,NaN,NaN,NaN,NaN
0.301893880895778,0.547838796462646,NaN,NaN,NaN,NaN
0.523104337390405,0.366316026852145,NaN,NaN,NaN,NaN
0.492635940648977,0.337977905250412,NaN,NaN,NaN,NaN
0.57333921827935,0.51941396445066,0.220995292793869,0.439280379226358,0.344475990417182,NaN
0.42958820223481,0.169642863994608,0.248943028168867,NaN,NaN,NaN
0.465930397939208,0.286863424001248,0.361661074006942,NaN,NaN,NaN
0.508370068045433,NaN,NaN,NaN,NaN,NaN
0.647493540233782,0.32780207486602,NaN,NaN,NaN,NaN
0.639902933342002,0.397690788035916,0.279506489470406,NaN,NaN,NaN
0.561666606488905,0.239933829753795,NaN,NaN,NaN,NaN
0.415750725322245,0.157828665896954,NaN,NaN,NaN,NaN
0.551265919838279,0.324396212133382,NaN,NaN,NaN,NaN
0.418998991486992,0.391925300524008,NaN,NaN,NaN,NaN
0.49978147857802,NaN,NaN,NaN,NaN,NaN
0.569548317151638,0.248682346055297,0.409760811916078,NaN,NaN,NaN
0.524331384333676,0.285436885922113,NaN,NaN,NaN,NaN
0.557341264379552,0.38337441092195,NaN,NaN,NaN,NaN
0.490549108881524,0.220204755144405,NaN,NaN,NaN,NaN
0.61076255203845,0.213993815805235,NaN,NaN,NaN,NaN
0.529106537882081,0.288593463428865,NaN,NaN,NaN,NaN
0.462249322930835,0.414694163938621,0.334202679723203,0.263715132447342,0.250309572283088,NaN
0.575992666466448,0.223778151351615,NaN,NaN,NaN,NaN
0.559580701716935,0.368644017614329,NaN,NaN,NaN,NaN
0.419847943147436,0.351933032029235,0.170612897348772,NaN,NaN,NaN
0.545779415344645,0.319808796176499,NaN,NaN,NaN,NaN
0.601487571858232,0.275350688717309,NaN,NaN,NaN,NaN
0.515209067820218,0.261186201684335,NaN,NaN,NaN,NaN
0.504271775541221,0.287793131121348,NaN,NaN,NaN,NaN
0.477213903420811,0.193415923440604,NaN,NaN,NaN,NaN
0.468235672993441,0.354863518958828,0.304366144734672,NaN,NaN,NaN
0.697361676803756,0.381864220181897,0.40411332536264,0.6355507153539,NaN,NaN
0.477830866584005,0.261960367520727,NaN,NaN,NaN,NaN
0.624493750996655,0.2376903888671,NaN,NaN,NaN,NaN
0.380509080683245,0.61659733585084,0.346430479355523,0.367234902275348,NaN,NaN
0.702841376751607,0.242974223744191,NaN,NaN,NaN,NaN
0.521485798467702,0.278383075947896,NaN,NaN,NaN,NaN
0.46803006284004,0.361794039153988,NaN,NaN,NaN,NaN
0.412777728142855,0.412431193477818,NaN,NaN,NaN,NaN
0.445769957528843,0.298867978758345,NaN,NaN,NaN,NaN
0.494465885717436,0.220737137387047,NaN,NaN,NaN,NaN
0.517937094520698,0.272598765130806,0.291113616426782,NaN,NaN,NaN
0.473971798950018,0.382434730064798,NaN,NaN,NaN,NaN
0.519963118880214,0.363731217454443,NaN,NaN,NaN,NaN
0.581104685600407,0.29269801546394,NaN,NaN,NaN,NaN
0.586974663811544,0.234362841305333,NaN,NaN,NaN,NaN
0.343230721214976,0.389287949254731,NaN,NaN,NaN,NaN
0.693686447413597,0.326619385346176,NaN,NaN,NaN,NaN
0.474292130213362,NaN,NaN,NaN,NaN,NaN
0.602607427216602,0.390279380875415,NaN,NaN,NaN,NaN
0.563592669006908,0.247621509604478,NaN,NaN,NaN,NaN
0.459468999566554,0.247877983174275,NaN,NaN,NaN,NaN
0.468468766804053,0.319174100834278,NaN,NaN,NaN,NaN
0.536424686933502,0.340793894917202,NaN,NaN,NaN,NaN
0.696759384168604,0.29522302877793,0.281948019309523,NaN,NaN,NaN
0.604288752657411,0.288143023466709,NaN,NaN,NaN,NaN
0.540063485016588,0.28365276814888,NaN,NaN,NaN,NaN
0.445853277028651,NaN,NaN,NaN,NaN,NaN
0.676960739316685,0.336834988024008,NaN,NaN,NaN,NaN
0.515685850737786,0.227107361841525,NaN,NaN,NaN,NaN
0.368311656785685,0.341106073813439,0.427898567812525,0.277350592284211,NaN,NaN
0.595422555611653,0.385675410220509,NaN,NaN,NaN,NaN
0.421361339603889,NaN,NaN,NaN,NaN,NaN
0.589470712717096,0.26077948500632,0.311234862877051,NaN,NaN,NaN
0.788002852087293,0.373720097683717,0.205245063308359,NaN,NaN,NaN
0.605698204074824,0.329877733950775,NaN,NaN,NaN,NaN
0.578581594769396,0.30812648913148,0.403637889650042,NaN,NaN,NaN
0.50349873387045,NaN,NaN,NaN,NaN,NaN
0.62895699730843,0.327403280213267,NaN,NaN,NaN,NaN
0.498327500314803,NaN,NaN,NaN,NaN,NaN
0.409029614735419,NaN,NaN,NaN,NaN,NaN
0.540227422399956,0.254314976304581,NaN,NaN,NaN,NaN
0.489878694312188,0.263771297269812,NaN,NaN,NaN,NaN
0.641657301873078,0.329177009485189,NaN,NaN,NaN,NaN
0.439022428856743,0.279883811364635,0.390489014372176,NaN,NaN,NaN
0.639298995572633,0.324214121354432,NaN,NaN,NaN,NaN
0.672121091030286,0.310598739429662,NaN,NaN,NaN,NaN
0.653121555883311,0.194950923867018,NaN,NaN,NaN,NaN
0.615703762499414,0.498543590659799,0.447868777589149,0.352148367519489,NaN,NaN
0.286110513449529,0.494473590410675,0.261716316819175,NaN,NaN,NaN
0.421391211879835,0.221782782939834,NaN,NaN,NaN,NaN
0.497025357023687,0.394163703314708,0.40829252669792,0.438984290186626,0.268492339032127,NaN
0.661334407798446,0.260322081150257,NaN,NaN,NaN,NaN
0.50384540882905,0.595232106565881,0.441922986751784,0.394395316496353,NaN,NaN
0.471786881333684,0.260590312506268,NaN,NaN,NaN,NaN
0.442636576433709,0.338025466441042,NaN,NaN,NaN,NaN
0.548216879280952,0.347133792338688,NaN,NaN,NaN,NaN
0.513259977527826,0.215134485401174,NaN,NaN,NaN,NaN
0.615838214760691,0.233794165496799,NaN,NaN,NaN,NaN
0.63376640745698,0.405212445482734,0.246784926791454,NaN,NaN,NaN
0.447091854083452,0.177966503480843,0.196751750530917,NaN,NaN,NaN
0.502065873105153,0.337292428672927,0.207974058676887,NaN,NaN,NaN
0.522169081824813,NaN,NaN,NaN,NaN,NaN
0.489940944400967,0.511746717254271,0.271489767589622,NaN,NaN,NaN
0.445099068276717,0.243332104779319,NaN,NaN,NaN,NaN
0.552537102061793,0.39328761526097,NaN,NaN,NaN,NaN
0.421518423497329,0.516002010134423,0.187361810358673,NaN,NaN,NaN
0.451928705794658,0.257808913868811,NaN,NaN,NaN,NaN
0.299252618759383,0.452393185376735,NaN,NaN,NaN,NaN
0.328231865989688,NaN,NaN,NaN,NaN,NaN
0.579047516279059,0.448184051526162,0.410568735950807,0.270787496782284,NaN,NaN
0.538197874730369,0.559677547400106,0.260077758793391,NaN,NaN,NaN
0.463497513780127,0.310686020858349,0.36870616677229,NaN,NaN,NaN
0.581442603621998,0.259484507230522,NaN,NaN,NaN,NaN
0.572978242775943,0.455420712666212,0.257035545433912,NaN,NaN,NaN
0.387258990676028,0.24385063856364,NaN,NaN,NaN,NaN
0.427369750997198,0.290034687073859,NaN,NaN,NaN,NaN
0.49750520245135,NaN,NaN,NaN,NaN,NaN
0.685801023850418,0.444581085768966,0.239374831033471,0.330782668058128,NaN,NaN
0.57616230157553,0.281759167900667,0.253298559400792,NaN,NaN,NaN
0.454979868218514,0.235856681786008,NaN,NaN,NaN,NaN
0.61127129849972,0.291205087505642,NaN,NaN,NaN,NaN
0.296724391686485,0.378224034673621,0.499084487809512,NaN,NaN,NaN
0.59392513211478,0.353228506216455,0.239789833644262,NaN,NaN,NaN
0.631546543058971,0.238676846097026,NaN,NaN,NaN,NaN
0.858734056953942,0.900195567624631,0.720074744440078,0.944395671252012,NaN,NaN
0.480293211722707,0.253925800668648,NaN,NaN,NaN,NaN
0.564513948644655,0.275492788393934,NaN,NaN,NaN,NaN
0.606517418618318,0.353338475369676,NaN,NaN,NaN,NaN
0.538203395186539,0.224246446230859,NaN,NaN,NaN,NaN
0.554099307652117,0.308692365234153,0.330844168502652,NaN,NaN,NaN
0.494819317180622,0.187387950352302,NaN,NaN,NaN,NaN
0.444215010350311,0.247117654879257,NaN,NaN,NaN,NaN
0.720429568045778,0.330526102706808,NaN,NaN,NaN,NaN
0.746984140462088,0.620596906073153,0.247317962596991,NaN,NaN,NaN
0.458411423545464,0.309329196399562,NaN,NaN,NaN,NaN
0.580820833367649,0.514666959938272,0.242333387114438,NaN,NaN,NaN
0.585200051691086,0.41320326881942,0.262489080346972,NaN,NaN,NaN
0.538986120148836,0.516782746062997,0.314894914754134,NaN,NaN,NaN
0.599455754342315,0.454482396416733,NaN,NaN,NaN,NaN
0.545033755808904,0.16436357266318,NaN,NaN,NaN,NaN
0.530304528644812,0.340275891332795,NaN,NaN,NaN,NaN
0.551269477883492,0.358797799132569,NaN,NaN,NaN,NaN
0.61078560354053,0.1990606700977,NaN,NaN,NaN,NaN
0.420027212000579,0.330330682427143,NaN,NaN,NaN,NaN
0.589111323370751,0.385859621550312,NaN,NaN,NaN,NaN
0.57036413324789,0.228538617550295,NaN,NaN,NaN,NaN
0.622490535195735,0.317921500145414,NaN,NaN,NaN,NaN
0.506423888739311,0.277652773452551,NaN,NaN,NaN,NaN
0.399067121020677,NaN,NaN,NaN,NaN,NaN
0.532660302191367,0.264261004481305,NaN,NaN,NaN,NaN
0.630114949440852,0.253429504148622,NaN,NaN,NaN,NaN
0.600946734754266,0.218804095964113,0.322013586845962,NaN,NaN,NaN
0.754851640335082,0.407785601231241,NaN,NaN,NaN,NaN
0.538248435763918,0.188657471961418,NaN,NaN,NaN,NaN
0.626305355416393,0.303194831320066,NaN,NaN,NaN,NaN
0.540837695955248,0.306519847803817,NaN,NaN,NaN,NaN
0.554082946642073,0.332377106018624,0.263688900724914,0.195679961993165,NaN,NaN
0.495688953152454,0.214945115914386,NaN,NaN,NaN,NaN
0.501010429407793,0.280053375097836,NaN,NaN,NaN,NaN
0.548666369453339,0.312599308736362,NaN,NaN,NaN,NaN
0.485661977034445,NaN,NaN,NaN,NaN,NaN
0.506411732724414,0.34068960163548,NaN,NaN,NaN,NaN
0.532190817477001,0.418154438375876,0.290662247848819,NaN,NaN,NaN
0.485430817001963,0.313800336491735,NaN,NaN,NaN,NaN
0.641908674168305,0.465955841116255,0.709214799061432,0.428601083741459,0.341609963282229,0.358697842725548
0.644904310442972,0.427207838582042,0.313053179452975,NaN,NaN,NaN
0.416852324526227,0.212226964808814,NaN,NaN,NaN,NaN
0.484061109362623,0.288219988158585,NaN,NaN,NaN,NaN
0.628608105278702,0.288309668854393,NaN,NaN,NaN,NaN
0.539605774953616,0.327902913295296,NaN,NaN,NaN,NaN
0.371143223257247,0.444800855071709,NaN,NaN,NaN,NaN
0.561784147830429,0.419754396572419,NaN,NaN,NaN,NaN
0.35082774976816,0.254653719583926,NaN,NaN,NaN,NaN
0.550228577256032,0.218236817243834,NaN,NaN,NaN,NaN
0.584171501587553,0.315903503287596,NaN,NaN,NaN,NaN
0.450223088603708,0.277395191695628,NaN,NaN,NaN,NaN
0.635493285603633,0.324861958742563,NaN,NaN,NaN,NaN
0.401149095241469,0.32893522711788,NaN,NaN,NaN,NaN
0.592898941164268,0.254258614791165,NaN,NaN,NaN,NaN
0.59860684938794,0.271023040833707,NaN,NaN,NaN,NaN
0.606503337791081,0.353600822593464,NaN,NaN,NaN,NaN
0.442581319927607,0.27839698580484,NaN,NaN,NaN,NaN
0.430595524358807,NaN,NaN,NaN,NaN,NaN
0.594886923350273,0.39759303347122,0.369351145362087,NaN,NaN,NaN
0.524014650073369,0.274363697451135,NaN,NaN,NaN,NaN
0.524225939690827,0.511110982268356,NaN,NaN,NaN,NaN
0.441225446984201,0.274547800587792,NaN,NaN,NaN,NaN
0.453443864239799,0.307881897812769,NaN,NaN,NaN,NaN
0.489300363004846,0.3107027661382,NaN,NaN,NaN,NaN
0.271618225591334,0.448519034856379,NaN,NaN,NaN,NaN
0.50539662856425,0.236214707532782,NaN,NaN,NaN,NaN
0.67808163041777,0.274140319331034,NaN,NaN,NaN,NaN
0.564357809864726,0.266480566293916,0.315174265430936,NaN,NaN,NaN
0.637412572719702,0.224802819278962,NaN,NaN,NaN,NaN
0.563310427765501,0.950810638131765,1.03143046299837,NaN,NaN,NaN
0.522130962400003,0.299819349411172,NaN,NaN,NaN,NaN
0.534526359700664,0.325839935780537,0.426250272114576,0.255968495896022,NaN,NaN
0.449262013477422,0.271432919276299,NaN,NaN,NaN,NaN
0.490138781475454,0.280249018386271,NaN,NaN,NaN,NaN
0.495186888068242,0.313693114682773,0.303535855188325,NaN,NaN,NaN
0.510356147192566,0.343201737510473,NaN,NaN,NaN,NaN
0.69498837748453,0.270601521634565,NaN,NaN,NaN,NaN
0.586258083056465,0.233762886099459,NaN,NaN,NaN,NaN
0.520935263998727,0.272506941788795,NaN,NaN,NaN,NaN
0.334887052796172,0.285292230469248,NaN,NaN,NaN,NaN
0.413315331298588,NaN,NaN,NaN,NaN,NaN
0.639896387933487,0.401434202586639,0.209193730790824,NaN,NaN,NaN
0.522625442239765,0.281977419721767,NaN,NaN,NaN,NaN
0.530453124093349,0.257481072806151,NaN,NaN,NaN,NaN
0.491950544493256,0.256032231020017,NaN,NaN,NaN,NaN
0.610367357363274,0.254412297893596,NaN,NaN,NaN,NaN
0.541281479456356,0.371915710688281,NaN,NaN,NaN,NaN
0.603113704790324,0.525631906076174,0.240201597544585,NaN,NaN,NaN
0.429733426335052,0.218346143256365,NaN,NaN,NaN,NaN
0.494083581961526,0.256897373497948,NaN,NaN,NaN,NaN
0.514703190800583,0.249220099304964,NaN,NaN,NaN,NaN
0.552712078021341,0.330035777806478,0.256935261713854,NaN,NaN,NaN
0.708059544940554,0.210095638655049,NaN,NaN,NaN,NaN
0.516800376746444,0.174341557229465,0.35290355414285,NaN,NaN,NaN
0.347220241044208,0.286344165117593,NaN,NaN,NaN,NaN
0.552756460922126,0.381832298887712,NaN,NaN,NaN,NaN
0.386305437926692,NaN,NaN,NaN,NaN,NaN
0.516434161054739,0.36678710593938,0.329973638570794,0.479321028740602,NaN,NaN
0.605551323509423,0.2945794200651,NaN,NaN,NaN,NaN
0.536147420744476,0.37780534246569,NaN,NaN,NaN,NaN
0.653474075407893,0.394700499124317,0.409831155227265,NaN,NaN,NaN
0.534213024106998,0.33244068899265,0.35150532393782,0.225864683414778,NaN,NaN
0.295572449645497,0.427531767334035,NaN,NaN,NaN,NaN
0.529497978980254,0.371009677255174,NaN,NaN,NaN,NaN
0.478538704402061,NaN,NaN,NaN,NaN,NaN
0.757327760397042,0.27928597040196,NaN,NaN,NaN,NaN
0.57080418082124,0.23997027528381,NaN,NaN,NaN,NaN
0.330879630723284,NaN,NaN,NaN,NaN,NaN
0.542120699807493,0.213061614122484,NaN,NaN,NaN,NaN
0.487105047858848,0.300088770455143,NaN,NaN,NaN,NaN
0.510479466527662,0.367045370646285,NaN,NaN,NaN,NaN
0.391379508852765,0.561192615596119,0.287383451756931,NaN,NaN,NaN
0.504805169320279,0.234969723777401,NaN,NaN,NaN,NaN
0.471233885862316,0.28154034140905,0.308339870585112,NaN,NaN,NaN
0.379360294135719,0.236275967043251,NaN,NaN,NaN,NaN
0.610347922533284,0.35925573966316,0.414654581606033,0.424134617978286,NaN,NaN
0.514613250632761,0.338223001655381,NaN,NaN,NaN,NaN
0.619809048869775,0.347332732920786,NaN,NaN,NaN,NaN
0.645648265992285,0.348709628794856,0.192780631312944,NaN,NaN,NaN
0.563631425620057,0.461721143304165,0.291732077780693,NaN,NaN,NaN
0.415039369021567,NaN,NaN,NaN,NaN,NaN
0.610491284283214,0.30655425725298,NaN,NaN,NaN,NaN
0.61680389182255,0.323944506069039,0.3945773462717,0.24241010576187,NaN,NaN
0.427481048146089,NaN,NaN,NaN,NaN,NaN
0.402344033467549,0.288619518877044,NaN,NaN,NaN,NaN
0.669645891440321,0.475107861216075,0.201687120774507,NaN,NaN,NaN
0.485893306047365,0.253540028571601,NaN,NaN,NaN,NaN
0.508204312260189,0.372794164546574,NaN,NaN,NaN,NaN
0.575359129211296,0.330743286107013,NaN,NaN,NaN,NaN
0.437297794009287,0.291289977453159,NaN,NaN,NaN,NaN
0.553028799591538,0.348898213374523,NaN,NaN,NaN,NaN
0.485599728216254,NaN,NaN,NaN,NaN,NaN
0.42631174350752,0.297558589950446,NaN,NaN,NaN,NaN
0.379714274670959,0.354660808149718,NaN,NaN,NaN,NaN
0.58963998512543,0.278933635892645,NaN,NaN,NaN,NaN
0.522080799552324,0.429522564168497,NaN,NaN,NaN,NaN
0.553989378258533,0.304774692277666,NaN,NaN,NaN,NaN
0.506886142312486,0.232305975235249,NaN,NaN,NaN,NaN
0.548123241319379,0.295651459225145,NaN,NaN,NaN,NaN
0.637790712945247,0.351585608367226,NaN,NaN,NaN,NaN
0.735402262879206,0.334736765178058,NaN,NaN,NaN,NaN
0.320990062803216,0.428787234172193,NaN,NaN,NaN,NaN
0.505382926658769,0.392715566306894,0.3207105258796,NaN,NaN,NaN
0.558607162481236,0.477444536794356,0.325874016873281,0.307536834237277,NaN,NaN
0.33283522741594,NaN,NaN,NaN,NaN,NaN
0.440554484571027,0.317614605423617,NaN,NaN,NaN,NaN
0.548986338108784,0.241576219238319,0.271030703223737,0.332535399689077,NaN,NaN
0.361198110935143,0.268419321878045,NaN,NaN,NaN,NaN
0.665211115868891,0.478177207923019,0.272783866056198,NaN,NaN,NaN
0.431339970970139,NaN,NaN,NaN,NaN,NaN
0.489848419517265,0.287438345239653,NaN,NaN,NaN,NaN
0.457815447157321,0.239079844288655,NaN,NaN,NaN,NaN
0.46854136700989,0.295930832179944,NaN,NaN,NaN,NaN
0.475881855790419,0.321056742202847,NaN,NaN,NaN,NaN
0.58777287343706,0.348421659552447,NaN,NaN,NaN,NaN
0.495204572240657,0.212920527757166,NaN,NaN,NaN,NaN
0.482002753333244,0.241535300039082,NaN,NaN,NaN,NaN
0.694127107854348,0.396397791339664,0.509769635987748,NaN,NaN,NaN
0.322775854976147,NaN,NaN,NaN,NaN,NaN
0.360048189371919,0.272643181234092,0.405871865635274,NaN,NaN,NaN
0.510608209334652,0.360537655425344,0.196482426045381,NaN,NaN,NaN
0.439789686119544,0.22683424744477,NaN,NaN,NaN,NaN
0.525652573484646,0.272963284361959,NaN,NaN,NaN,NaN
0.527549944019508,0.240007769033251,NaN,NaN,NaN,NaN
0.602810333678969,0.609826541355202,0.258043431908821,0.848879064292006,NaN,NaN
0.671301008509609,0.366246036082267,NaN,NaN,NaN,NaN
0.561923963907308,0.203047510807562,NaN,NaN,NaN,NaN
0.53337592027256,0.274473603515317,NaN,NaN,NaN,NaN
0.689942867463891,0.354871742177128,NaN,NaN,NaN,NaN
0.487413851716231,0.388841823174674,0.280762177448638,NaN,NaN,NaN
0.412703233456382,NaN,NaN,NaN,NaN,NaN
0.44576127760782,0.219980713561199,0.289260770447527,NaN,NaN,NaN
0.596619824734391,0.266302658094486,NaN,NaN,NaN,NaN
0.516202488515096,NaN,NaN,NaN,NaN,NaN
0.557807317470697,NaN,NaN,NaN,NaN,NaN
0.486416144481764,0.216799580336049,NaN,NaN,NaN,NaN
0.499146259295287,0.414825356658508,NaN,NaN,NaN,NaN
0.398747845221458,0.288022256681043,0.342170397175196,0.342723649867522,NaN,NaN
0.415875552642531,0.369100231382501,NaN,NaN,NaN,NaN
0.655968969280399,0.330599891564107,0.394902154252574,NaN,NaN,NaN
0.527593107280165,0.377680303203052,0.192629648654219,NaN,NaN,NaN
0.466755726458752,NaN,NaN,NaN,NaN,NaN
0.550241151497449,0.270642268972438,0.365131085120561,NaN,NaN,NaN
0.531504065736362,0.279571368197661,NaN,NaN,NaN,NaN
0.553511077097779,0.254560462786119,NaN,NaN,NaN,NaN
0.648552299922954,0.381582503053653,NaN,NaN,NaN,NaN
