9.60138471934755,16.437166178987,NaN,NaN,NaN,NaN
9.67767188328269,17.9728573094645,NaN,NaN,NaN,NaN
9.90431376989178,18.1571355333114,33.5781584758044,NaN,NaN,NaN
11.1722557152349,21.0869524442068,32.4607008610802,NaN,NaN,NaN
10.0517855155908,20.398400522612,NaN,NaN,NaN,NaN
9.74367379548356,18.9134511214883,NaN,NaN,NaN,NaN
10.2531803462664,22.1357299000179,47.2900999992595,NaN,NaN,NaN
9.63118662260011,16.6709278896193,NaN,NaN,NaN,NaN
10.0785660925931,19.0704028204995,NaN,NaN,NaN,NaN
10.4307689263499,19.8625120908038,34.9482082456493,NaN,NaN,NaN
10.129822587932,43.6824005324905,17.0613429540247,NaN,NaN,NaN
10.5134707061118,20.4801975027143,NaN,NaN,NaN,NaN
10.8151716356992,24.0168677259727,NaN,NaN,NaN,NaN
9.3727980115155,20.6796801766895,NaN,NaN,NaN,NaN
10.1518199264476,21.3138609990679,41.6676437166453,NaN,NaN,NaN
9.45186937631285,17.7011766591244,NaN,NaN,NaN,NaN
10.99119221357,22.2022697500775,NaN,NaN,NaN,NaN
10.6558963038299,19.0969758755463,NaN,NaN,NaN,NaN
6.53651002442354,NaN,NaN,NaN,NaN,NaN
19.3048087249107,8.97813236676353,NaN,NaN,NaN,NaN
9.32693872679867,23.7205162434429,15.3211815864288,NaN,NaN,NaN
10.2397616806251,19.1899258655632,NaN,NaN,NaN,NaN
10.012543448094,19.1079006096427,NaN,NaN,NaN,NaN
10.0509549279972,13.5771683432352,19.9559703336643,NaN,NaN,NaN
9.66073074080999,16.2666952153826,NaN,NaN,NaN,NaN
10.1688935788603,18.4553729149005,NaN,NaN,NaN,NaN
11.2081724609057,18.8953705263951,23.596434830391,NaN,NaN,NaN
9.60384339488022,43.9605332714246,19.4423474574478,NaN,NaN,NaN
6.97892913750129,NaN,NaN,NaN,NaN,NaN
10.2132444665707,31.7808111132201,20.5087577291273,NaN,NaN,NaN
10.2300343969951,42.2431775120355,20.6966293712469,NaN,NaN,NaN
10.019223627128,15.9498567792653,NaN,NaN,NaN,NaN
10.6487862461489,18.2400645064106,33.1272261360197,24.0180305638747,NaN,NaN
10.143353509632,17.9561171139864,38.3973433854337,NaN,NaN,NaN
10.1493632998436,13.806870072629,NaN,NaN,NaN,NaN
10.1177631426628,22.5620426491054,NaN,NaN,NaN,NaN
10.4511112501222,18.2017244354753,37.2133312580497,NaN,NaN,NaN
9.61401671618529,17.4589549794894,NaN,NaN,NaN,NaN
10.5889860737486,17.4374395102831,24.4894480454953,NaN,NaN,NaN
10.8652216354374,NaN,NaN,NaN,NaN,NaN
9.6731478926706,19.6576435397226,NaN,NaN,NaN,NaN
20.7884854194696,10.3562878852465,NaN,NaN,NaN,NaN
10.0091452325389,19.4106828468578,NaN,NaN,NaN,NaN
9.92027736877085,20.6255048630759,NaN,NaN,NaN,NaN
10.2236474707587,19.0323150020049,NaN,NaN,NaN,NaN
9.69665295536113,15.1507247211717,25.1358112615558,47.479774010462,NaN,NaN
10.2872560108704,17.1257188857121,NaN,NaN,NaN,NaN
11.0067511628869,26.6514695627097,19.8232220331662,NaN,NaN,NaN
9.50791808893378,25.0210445754316,15.1981514490485,34.5353737649345,NaN,NaN
11.6746229011317,NaN,NaN,NaN,NaN,NaN
9.98621384617765,11.5555098976139,NaN,NaN,NaN,NaN
10.3114771190341,15.3289214496031,39.5161343678862,NaN,NaN,NaN
9.5635681800779,NaN,NaN,NaN,NaN,NaN
9.79519942987926,18.1466956760554,34.7480779189777,NaN,NaN,NaN
10.4805740168398,43.4179106692756,19.73335470265,32.0973060090603,NaN,NaN
10.6302270195111,18.7323744209758,NaN,NaN,NaN,NaN
9.78477090030925,20.1171840530765,46.7927186973985,NaN,NaN,NaN
10.7084458857178,18.7445155543835,26.1288053818795,NaN,NaN,NaN
10.3407165001286,20.2849804869509,NaN,NaN,NaN,NaN
10.1617018799124,13.5106058106935,19.9328384075515,NaN,NaN,NaN
9.88738088888492,16.2617029030899,NaN,NaN,NaN,NaN
9.6073788314621,20.17263362542,NaN,NaN,NaN,NaN
10.0117901653386,18.1895490333484,NaN,NaN,NaN,NaN
9.95350102942603,21.3438973108636,NaN,NaN,NaN,NaN
10.1071735822707,19.4018304970355,NaN,NaN,NaN,NaN
10.2883842969754,19.6514302992537,34.1316559265898,6.05636046932305,NaN,NaN
10.1168934032162,19.7927335781929,NaN,NaN,NaN,NaN
10.6330400871025,NaN,NaN,NaN,NaN,NaN
10.3259356165206,19.5550271938618,NaN,NaN,NaN,NaN
20.6858011391531,10.1010818261584,NaN,NaN,NaN,NaN
10.1116774336545,38.4343168360565,18.2449674861991,NaN,NaN,NaN
9.38618936690772,13.9162851460454,2.15820244397123,NaN,NaN,NaN
10.0953792619002,20.6884895060816,NaN,NaN,NaN,NaN
10.045329301196,20.111919281727,NaN,NaN,NaN,NaN
9.43692454882035,30.1952715161264,17.3499185765804,NaN,NaN,NaN
10.3287008442375,18.6569379293297,42.7067351579138,NaN,NaN,NaN
9.7817982415027,21.6336637922409,NaN,NaN,NaN,NaN
10.0873233247094,21.821076916848,NaN,NaN,NaN,NaN
10.4415767638857,20.3183758024384,NaN,NaN,NaN,NaN
9.72501665878045,19.3810684001394,NaN,NaN,NaN,NaN
9.63897489338589,18.2045214316383,NaN,NaN,NaN,NaN
10.0169123233172,19.0411250203568,NaN,NaN,NaN,NaN
10.1832549405874,20.225824762997,43.7644085083207,37.008847441678,31.8860205354381,NaN
9.90081911486197,18.0953564134765,NaN,NaN,NaN,NaN
10.5877766303654,21.0310294569929,41.4616028945662,NaN,NaN,NaN
9.56177727244354,18.4991242274896,NaN,NaN,NaN,NaN
9.86513882376959,18.737628089946,38.7944095683479,NaN,NaN,NaN
9.91425389305108,17.4146456869093,NaN,NaN,NaN,NaN
10.0762022499252,20.7295406436465,NaN,NaN,NaN,NaN
9.18193117373156,14.450520772624,42.0794494125316,NaN,NaN,NaN
10.621476131261,19.957183572178,NaN,NaN,NaN,NaN
9.96020040056429,19.1948382138329,NaN,NaN,NaN,NaN
10.1622985550154,15.6062237177071,NaN,NaN,NaN,NaN
9.62871937283478,19.4406577961544,NaN,NaN,NaN,NaN
9.88612689205936,15.3748442580401,NaN,NaN,NaN,NaN
10.5523376518341,20.6033404992292,NaN,NaN,NaN,NaN
10.0172702215499,28.5585325610428,16.6913086285776,NaN,NaN,NaN
10.7701823483911,6.37007739970297,8.56792266521108,45.556879967464,19.6093914568303,NaN
10.1187148348586,22.1528724117292,NaN,NaN,NaN,NaN
9.86720680314471,19.8527728422732,NaN,NaN,NaN,NaN
10.9676842260357,25.9601739735229,20.2343611102426,NaN,NaN,NaN
10.3673658751529,19.6604664817928,NaN,NaN,NaN,NaN
11.0535850308475,21.9675780364273,NaN,NaN,NaN,NaN
10.0669531859806,39.1159532538142,19.701353577844,NaN,NaN,NaN
9.35121508538466,17.5890931481379,NaN,NaN,NaN,NaN
15.5948162640409,10.0626825531472,NaN,NaN,NaN,NaN
10.0573494985057,19.1846883447455,NaN,NaN,NaN,NaN
10.1685953483756,18.7340693178473,NaN,NaN,NaN,NaN
10.0896791856488,21.9820636535889,NaN,NaN,NaN,NaN
10.1757912446008,NaN,NaN,NaN,NaN,NaN
10.328243440833,19.8409436592595,NaN,NaN,NaN,NaN
9.41227592052836,29.300471570686,14.2216814378824,NaN,NaN,NaN
9.78872556937261,19.5164345644465,NaN,NaN,NaN,NaN
10.6936164586464,37.251232623247,21.3449488544665,NaN,NaN,NaN
10.2416278193862,19.0802244327823,NaN,NaN,NaN,NaN
9.5321809754028,12.8370079387882,NaN,NaN,NaN,NaN
8.38233256796019,11.0627968095269,17.0492618086003,32.10005108016,NaN,NaN
10.1817693383225,17.1263648483455,46.7304797018673,NaN,NaN,NaN
16.146403450255,NaN,NaN,NaN,NaN,NaN
10.5434205774264,37.4510806937391,23.3548492829355,NaN,NaN,NaN
11.1619203751784,20.7771432087196,28.0224673035113,NaN,NaN,NaN
10.7332117519384,21.9733449674782,NaN,NaN,NaN,NaN
8.69536672959541,16.5861672514183,NaN,NaN,NaN,NaN
9.48406959211568,18.7387881432582,NaN,NaN,NaN,NaN
9.96928234782543,18.6226242154462,NaN,NaN,NaN,NaN
10.0808186473319,22.7112268778187,NaN,NaN,NaN,NaN
9.8706075808611,12.5375680831349,19.6325839064911,NaN,NaN,NaN
10.0125771739806,16.1548190453323,NaN,NaN,NaN,NaN
10.0575783813993,11.576161290931,38.3862339921899,NaN,NaN,NaN
9.98406781155388,16.8191260117971,NaN,NaN,NaN,NaN
10.3639524437311,18.239797169072,NaN,NaN,NaN,NaN
10.2053327779519,21.5064529953624,NaN,NaN,NaN,NaN
10.360143533922,20.4342749993613,NaN,NaN,NaN,NaN
10.1469517244927,19.1767825056806,NaN,NaN,NaN,NaN
10.188586390671,17.6389184824721,NaN,NaN,NaN,NaN
10.7397302352326,21.4558206948133,NaN,NaN,NaN,NaN
10.1985264683521,19.5848955085813,36.2971972658453,NaN,NaN,NaN
9.56141361768022,16.9781497598671,23.8894480405708,NaN,NaN,NaN
10.5235061232266,20.5458505037753,NaN,NaN,NaN,NaN
10.1336017577884,23.3056673324371,NaN,NaN,NaN,NaN
9.64131030914686,12.1333070398619,19.813316146411,NaN,NaN,NaN
9.8247902575841,18.6588677105743,NaN,NaN,NaN,NaN
9.81179899945427,41.6755538858558,19.802390180884,NaN,NaN,NaN
9.67928907132329,20.7048995712352,NaN,NaN,NaN,NaN
9.18531662241365,12.7881671624575,23.3131638896732,NaN,NaN,NaN
10.5233150734691,15.4804161376179,NaN,NaN,NaN,NaN
10.8412771330517,18.8949209128568,NaN,NaN,NaN,NaN
9.23354640857291,17.5355065777354,11.0523749307248,NaN,NaN,NaN
10.3256550015574,19.0524425097218,43.9535237900493,NaN,NaN,NaN
10.0724011143248,19.8982372469699,NaN,NaN,NaN,NaN
10.0350534178336,21.0836145844999,NaN,NaN,NaN,NaN
9.89377911852159,16.2278258255356,NaN,NaN,NaN,NaN
9.91582129452017,20.0798360008436,NaN,NaN,NaN,NaN
10.4234350566048,19.90827809052,NaN,NaN,NaN,NaN
10.2970081801776,20.0219337912056,28.1707613614542,NaN,NaN,NaN
9.84946020116747,17.3595589031419,NaN,NaN,NaN,NaN
10.6154428660253,21.3564617971279,NaN,NaN,NaN,NaN
9.29438466534107,12.2317783580941,20.5517074746168,NaN,NaN,NaN
9.96699307137842,21.9970383134455,NaN,NaN,NaN,NaN
9.44473431773842,19.3105672972953,NaN,NaN,NaN,NaN
9.74686742182804,20.1537628082493,NaN,NaN,NaN,NaN
11.4243508493822,NaN,NaN,NaN,NaN,NaN
9.99247124753618,13.9237954948348,NaN,NaN,NaN,NaN
9.28518584550284,10.8387710251828,20.5714669865243,3.93450501724881,37.8327757142655,NaN
11.6289975861031,21.10188005912,NaN,NaN,NaN,NaN
10.6291819808029,20.6958073614016,38.059193327477,NaN,NaN,NaN
10.366465348939,18.5304353126638,NaN,NaN,NaN,NaN
9.70872773442613,NaN,NaN,NaN,NaN,NaN
11.5586973700487,19.1011325126038,NaN,NaN,NaN,NaN
10.5287726375131,19.7575285384096,27.8719784302956,NaN,NaN,NaN
9.42512706510233,17.8360305937434,49.8677145331919,30.1650832190439,NaN,NaN
9.36824054881171,21.9272289369,13.3131459174585,NaN,NaN,NaN
9.98748785217173,19.8104696010438,NaN,NaN,NaN,NaN
10.2367063090732,37.4989405903204,22.5939687061533,NaN,NaN,NaN
9.62656463005471,16.1981219964129,35.2735438727873,NaN,NaN,NaN
10.8902876857674,19.0562772220435,NaN,NaN,NaN,NaN
10.1116583507833,19.408001298064,NaN,NaN,NaN,NaN
9.84434900020864,16.5734856724774,43.1242392694094,32.7461020917741,NaN,NaN
10.3907961374087,NaN,NaN,NaN,NaN,NaN
10.3324891097564,21.273706659256,NaN,NaN,NaN,NaN
9.85973177887669,19.5848034968404,NaN,NaN,NaN,NaN
9.76825793142208,18.7580342315889,27.1729092883063,NaN,NaN,NaN
10.4481532466803,25.9467235453631,18.5494260126609,NaN,NaN,NaN
9.39734650676537,29.4880525225279,NaN,NaN,NaN,NaN
9.85980722299507,19.0166810465945,NaN,NaN,NaN,NaN
10.4632085448373,19.2213265515116,NaN,NaN,NaN,NaN
18.2524674863545,10.2202510159744,NaN,NaN,NaN,NaN
11.0634856460431,20.4564215539179,NaN,NaN,NaN,NaN
9.96415694658055,16.4897820600584,NaN,NaN,NaN,NaN
11.0782695111169,19.3141823706907,NaN,NaN,NaN,NaN
9.61743153176236,16.4130403031383,NaN,NaN,NaN,NaN
10.2422291225811,20.5367636205844,NaN,NaN,NaN,NaN
9.91927204218036,17.0981466022655,NaN,NaN,NaN,NaN
10.3469941846871,19.118734753884,NaN,NaN,NaN,NaN
10.2543074420692,42.9996711012084,22.5226389300171,46.6269794956429,NaN,NaN
9.64354451964106,19.0699886090646,NaN,NaN,NaN,NaN
12.8842609169605,NaN,NaN,NaN,NaN,NaN
12.4060571826123,38.8630389598131,NaN,NaN,NaN,NaN
10.8653765050765,16.2412152245722,NaN,NaN,NaN,NaN
10.6497339492047,21.6532228523141,NaN,NaN,NaN,NaN
10.2662674402695,NaN,NaN,NaN,NaN,NaN
10.0583694251094,18.0743841648662,39.0185975451944,NaN,NaN,NaN
9.45855344242468,19.2733029784344,NaN,NaN,NaN,NaN
9.82801059891422,17.8689854965777,NaN,NaN,NaN,NaN
10.9349942826603,19.5165777696273,NaN,NaN,NaN,NaN
9.78521949203157,17.4610753980864,35.2525977074732,NaN,NaN,NaN
10.1006719742154,19.7067769102023,NaN,NaN,NaN,NaN
10.0955445699393,19.8642229233772,NaN,NaN,NaN,NaN
9.85031859476731,20.5465231528199,NaN,NaN,NaN,NaN
10.6810723550179,19.5719040619128,43.6019225021633,NaN,NaN,NaN
18.7766900568666,9.77536727526007,NaN,NaN,NaN,NaN
10.1051099127882,18.8084087405889,NaN,NaN,NaN,NaN
10.6628253550524,20.3304952203937,NaN,NaN,NaN,NaN
11.044729613977,22.1294111997962,NaN,NaN,NaN,NaN
8.46738240845989,17.4231836604667,38.8566241416296,47.0483472276146,NaN,NaN
9.52099159767886,18.2860680573185,NaN,NaN,NaN,NaN
9.32403425562983,14.965976303334,NaN,NaN,NaN,NaN
10.360773686297,17.9178830491431,NaN,NaN,NaN,NaN
9.91317927020949,20.6357500483676,45.4558042521547,NaN,NaN,NaN
9.40738527423879,17.8492174425844,NaN,NaN,NaN,NaN
10.5023892944795,19.1202634579131,NaN,NaN,NaN,NaN
10.2960065963739,18.7316010116437,NaN,NaN,NaN,NaN
9.95601398688344,24.3012534351181,NaN,NaN,NaN,NaN
10.3073032428201,11.6917543687365,NaN,NaN,NaN,NaN
9.24218167799208,12.0356603047089,18.814369731734,35.1989228848319,46.1086734943876,NaN
10.3894489332363,23.1822295536456,NaN,NaN,NaN,NaN
10.5886918708189,19.2628568829341,NaN,NaN,NaN,NaN
10.2218810059509,29.3759574704317,18.3867970985054,NaN,NaN,NaN
10.3664840968674,NaN,NaN,NaN,NaN,NaN
10.460275572795,22.5318279183993,NaN,NaN,NaN,NaN
10.0791153442987,17.6595188126972,24.7392553133744,32.9422065948824,NaN,NaN
10.5344903668836,19.7566256635023,NaN,NaN,NaN,NaN
10.0327740333718,21.3065040007031,33.9681671724633,16.6944181760312,NaN,NaN
9.80115891051528,18.6012120462838,NaN,NaN,NaN,NaN
10.2429056987033,13.6880767809316,NaN,NaN,NaN,NaN
10.5259451558597,48.0433956965921,20.4923493646949,NaN,NaN,NaN
9.84157456769543,17.5543090537988,37.5471918875108,25.7737672419297,NaN,NaN
10.121612808732,15.9694783870659,NaN,NaN,NaN,NaN
10.4200248995741,44.5108850668786,17.9979276729009,NaN,NaN,NaN
13.2402094023572,NaN,NaN,NaN,NaN,NaN
22.1285563764237,10.2077955575314,NaN,NaN,NaN,NaN
12.2622490707386,NaN,NaN,NaN,NaN,NaN
10.0296785372759,13.6103879051408,NaN,NaN,NaN,NaN
12.590471299332,19.4574415913631,9.6774675993885,NaN,NaN,NaN
10.769077783003,13.2637306407587,NaN,NaN,NaN,NaN
17.4581207075927,9.92745792725734,NaN,NaN,NaN,NaN
10.084147916361,32.2264081422882,18.1852331930791,1.82661085446545,NaN,NaN
8.18851160622299,NaN,NaN,NaN,NaN,NaN
10.1861561060749,18.6582185877273,45.1567924549188,34.9925619533948,NaN,NaN
10.3380038742706,18.357764734576,48.3613869146293,NaN,NaN,NaN
19.6770503350786,10.9745837130285,NaN,NaN,NaN,NaN
11.5358704105272,16.5091346940815,24.2640228480836,34.6505332086107,NaN,NaN
20.6220734766948,10.0155922925974,48.8538490762646,NaN,NaN,NaN
10.7290949536154,19.1826683517655,32.9824058683038,NaN,NaN,NaN
10.2480932780509,19.7908027065048,NaN,NaN,NaN,NaN
10.818952318431,13.5536913174089,NaN,NaN,NaN,NaN
9.31908760687412,18.6757592802726,NaN,NaN,NaN,NaN
9.75398577679732,14.2744089106044,NaN,NaN,NaN,NaN
10.0185245459321,17.6214806325561,NaN,NaN,NaN,NaN
11.221289369538,20.9807315272099,NaN,NaN,NaN,NaN
10.9568675095778,NaN,NaN,NaN,NaN,NaN
10.88007167683,18.3343921769592,25.208369991995,34.0436338508988,NaN,NaN
9.97980174548748,18.9574292235603,38.6045076077703,NaN,NaN,NaN
9.77280873898687,15.7674281674537,NaN,NaN,NaN,NaN
9.5025656649453,19.1972932369797,NaN,NaN,NaN,NaN
9.94586481079472,14.8798792717672,NaN,NaN,NaN,NaN
9.99220260527671,18.0482686885627,NaN,NaN,NaN,NaN
10.1378129500648,22.64287345363,14.0233700990403,NaN,NaN,NaN
10.3111372812838,NaN,NaN,NaN,NaN,NaN
9.71833847636207,17.2276467645245,NaN,NaN,NaN,NaN
9.66679884373378,18.3729185042126,NaN,NaN,NaN,NaN
10.5776414404798,17.7450143164831,NaN,NaN,NaN,NaN
9.14776697633309,16.8596434987253,NaN,NaN,NaN,NaN
10.2275346202247,48.4121899776111,33.0366448809558,19.5285596956557,NaN,NaN
10.5558961745739,20.6637201737149,NaN,NaN,NaN,NaN
9.8748350809817,19.13444277795,NaN,NaN,NaN,NaN
10.421570891827,18.5934108930191,NaN,NaN,NaN,NaN
9.96420577216635,19.2139578752294,NaN,NaN,NaN,NaN
10.1255025234108,19.547928614474,NaN,NaN,NaN,NaN
10.1150422152611,19.9991912657485,NaN,NaN,NaN,NaN
9.80483991310201,17.8025742767987,NaN,NaN,NaN,NaN
10.5240627109675,13.6098362921122,NaN,NaN,NaN,NaN
10.109515137364,45.8977687235402,17.7803283665661,NaN,NaN,NaN
10.2154145002804,18.8382969586882,NaN,NaN,NaN,NaN
9.12119983258852,19.2551229003635,2.19095469791565,NaN,NaN,NaN
10.3520339637859,18.7928319247875,NaN,NaN,NaN,NaN
9.99234247374383,18.2263885141534,NaN,NaN,NaN,NaN
11.0405054237207,20.4402357823459,41.7657669356171,26.477986274849,NaN,NaN
10.9290710929466,20.3628483875601,NaN,NaN,NaN,NaN
12.0147227456296,28.3418586412972,22.6693748206265,NaN,NaN,NaN
10.2416863715157,15.0243091471751,NaN,NaN,NaN,NaN
9.99366584029569,17.0200592831313,NaN,NaN,NaN,NaN
10.6639196375807,38.7275860870356,19.4082780012441,NaN,NaN,NaN
9.96619993514135,13.0000782737243,NaN,NaN,NaN,NaN
9.52167683757624,17.7644332179298,NaN,NaN,NaN,NaN
8.92632173196488,17.4250845400188,NaN,NaN,NaN,NaN
10.4699730464771,18.6523141934736,NaN,NaN,NaN,NaN
13.1927985597141,NaN,NaN,NaN,NaN,NaN
9.82259352209709,15.2719477473448,48.3195858019271,36.2589387326872,NaN,NaN
10.4668544804184,18.8425137772635,NaN,NaN,NaN,NaN
10.5364395490469,18.4664456990431,NaN,NaN,NaN,NaN
9.95566003928797,19.2524663551679,NaN,NaN,NaN,NaN
10.2139753983448,16.6125834263672,NaN,NaN,NaN,NaN
9.87155582125061,10.722811116819,NaN,NaN,NaN,NaN
10.2878429604486,17.6743043784497,38.7685809786416,18.6961256708686,NaN,NaN
9.52353961145248,19.1581086010716,NaN,NaN,NaN,NaN
10.2640263006515,20.6642780074134,NaN,NaN,NaN,NaN
6.50721463880322,16.0429645518197,10.203893309496,24.3393478447533,NaN,NaN
10.5821132905282,19.4052087523846,NaN,NaN,NaN,NaN
10.9428251935521,18.5385289191442,NaN,NaN,NaN,NaN
9.79137691915187,15.6475625068239,47.9034941030187,21.6502611978331,NaN,NaN
10.013021894766,14.1714772844785,NaN,NaN,NaN,NaN
10.0271868084313,16.0229532318248,NaN,NaN,NaN,NaN
10.2210986429074,19.997167256875,NaN,NaN,NaN,NaN
10.177615813686,18.8753178115221,NaN,NaN,NaN,NaN
10.1537374577625,20.0448559989814,NaN,NaN,NaN,NaN
9.61124681344647,47.4833231495214,21.834160289073,NaN,NaN,NaN
9.73268262414374,20.6988030970968,NaN,NaN,NaN,NaN
10.3795380801862,20.593503243582,NaN,NaN,NaN,NaN
9.60761470473813,NaN,NaN,NaN,NaN,NaN
10.3654542994633,11.3040399112364,NaN,NaN,NaN,NaN
10.8299582578734,20.1125748697254,NaN,NaN,NaN,NaN
8.78758670498675,21.6063480752838,11.9796383059122,NaN,NaN,NaN
19.0549155470742,9.73900167640759,47.9829197293358,NaN,NaN,NaN
10.6566878079653,20.311439933005,NaN,NaN,NaN,NaN
10.4521808303366,18.3509589015342,NaN,NaN,NaN,NaN
10.5408231298413,22.8401659002743,NaN,NaN,NaN,NaN
10.214042712643,19.470712646564,NaN,NaN,NaN,NaN
10.5088359555166,23.502566930203,17.6721769255988,NaN,NaN,NaN
9.4231005024835,22.8342954142517,42.9082729778675,NaN,NaN,NaN
10.320602856098,18.9022213411748,NaN,NaN,NaN,NaN
11.0032515014564,17.2911168768792,NaN,NaN,NaN,NaN
19.9889616830093,10.6985285999785,NaN,NaN,NaN,NaN
10.8899340846736,21.8001193569422,NaN,NaN,NaN,NaN
10.3181882700997,21.9039059989967,35.5685188353557,NaN,NaN,NaN
9.61732754661168,17.5553848233378,NaN,NaN,NaN,NaN
9.33626331175232,13.4928530959495,21.4703995860998,NaN,NaN,NaN
10.7952507682895,8.02463837003691,26.731619910335,NaN,NaN,NaN
10.5131957402365,11.0333297077547,NaN,NaN,NaN,NaN
10.8744567095834,7.35578809082794,18.5757925029939,NaN,NaN,NaN
9.87600714652834,22.7437402116978,16.3209308663922,NaN,NaN,NaN
9.90289343459644,46.9424173640391,15.7018553636009,NaN,NaN,NaN
11.6563035207451,20.0522706402279,40.0554075732076,26.0443607689329,NaN,NaN
10.5372694851968,NaN,NaN,NaN,NaN,NaN
10.8958435828673,20.4900334210829,NaN,NaN,NaN,NaN
9.95228965877779,19.08556274989,NaN,NaN,NaN,NaN
10.2134326958824,21.0265117416951,NaN,NaN,NaN,NaN
10.5060825558826,18.2215061749082,NaN,NaN,NaN,NaN
10.3703538323087,17.6333954424936,33.3422497362691,40.8370306770362,NaN,NaN
10.5904536245598,19.8230486606546,NaN,NaN,NaN,NaN
10.0755163429198,20.4934080270483,NaN,NaN,NaN,NaN
10.2018348687289,18.1232753528924,NaN,NaN,NaN,NaN
9.86917610938936,19.0860497150064,NaN,NaN,NaN,NaN
12.5892640626464,NaN,NaN,NaN,NaN,NaN
9.60203118536592,16.2739926677583,NaN,NaN,NaN,NaN
10.0179715892679,19.7968186134445,NaN,NaN,NaN,NaN
9.80622631279823,17.6584446363519,29.7646508640909,NaN,NaN,NaN
10.4483058001898,19.7424894588193,NaN,NaN,NaN,NaN
10.5073486836958,16.7155052133038,NaN,NaN,NaN,NaN
9.41941119812802,20.0472243105708,NaN,NaN,NaN,NaN
10.2108028083224,17.5698951802168,NaN,NaN,NaN,NaN
10.6458137084799,19.7177402277931,NaN,NaN,NaN,NaN
10.6051607078696,20.4490489912976,NaN,NaN,NaN,NaN
10.2838365313142,21.5034740024959,NaN,NaN,NaN,NaN
10.321885107205,20.6905202897439,NaN,NaN,NaN,NaN
11.3473320390809,17.3302756758752,20.4602281332956,30.4402294927999,NaN,NaN
12.9172459853393,NaN,NaN,NaN,NaN,NaN
11.4736452111011,NaN,NaN,NaN,NaN,NaN
11.0924973687573,12.189636685492,NaN,NaN,NaN,NaN
10.6456933355958,19.9962791869103,NaN,NaN,NaN,NaN
10.0051072078214,16.9297251027089,44.8748133002036,NaN,NaN,NaN
10.7279674824625,18.6832557499743,24.2811301327843,NaN,NaN,NaN
10.8990056292063,18.241763253846,21.6878533539825,45.2449042860381,28.1494006860546,NaN
10.0917689758362,19.6376201131466,NaN,NaN,NaN,NaN
10.8931108580831,20.118376861243,NaN,NaN,NaN,NaN
10.3786949062528,18.6526182558986,NaN,NaN,NaN,NaN
10.1710278370285,20.524317087398,NaN,NaN,NaN,NaN
10.0459680755831,19.8592649711036,NaN,NaN,NaN,NaN
10.0409191821992,19.094711067627,NaN,NaN,NaN,NaN
10.1416732894161,41.4194031412022,22.0225952244648,NaN,NaN,NaN
9.57667963622938,20.840535044284,NaN,NaN,NaN,NaN
9.55027117774206,20.409203740952,49.9996789755421,35.0077508254626,43.0410311322491,NaN
9.73965585173099,17.8214635227372,41.5673983920663,NaN,NaN,NaN
10.2645069991352,15.2735066766045,NaN,NaN,NaN,NaN
9.9129185724173,20.7872627881262,NaN,NaN,NaN,NaN
10.2288068679411,24.1741553339375,17.7575857271912,NaN,NaN,NaN
10.0699500106696,18.2150870853951,NaN,NaN,NaN,NaN
9.95184480882513,12.6631634021596,NaN,NaN,NaN,NaN
10.131664100207,17.3921207576602,NaN,NaN,NaN,NaN
10.0374169887646,12.5201269230683,NaN,NaN,NaN,NaN
21.2533078868212,10.0509124824245,NaN,NaN,NaN,NaN
10.4221293083075,20.4440690615797,46.7044769118919,28.9057481088591,NaN,NaN
10.5960097607108,20.8848685040235,NaN,NaN,NaN,NaN
10.8324004820994,18.0086349938258,NaN,NaN,NaN,NaN
10.4657832524439,14.1586358755981,NaN,NaN,NaN,NaN
9.79633669749147,19.5994900147877,30.4684458596253,47.9780218431107,NaN,NaN
10.6548816874321,NaN,NaN,NaN,NaN,NaN
22.2631674998776,10.8421746029634,32.5140468820288,16.5443821451902,NaN,NaN
10.5666633158855,19.3152103452818,NaN,NaN,NaN,NaN
10.1738046725494,21.6607170928852,42.5475079971571,NaN,NaN,NaN
10.2344417955818,20.188105918798,46.0452402325545,NaN,NaN,NaN
9.7678235844126,18.733013430143,41.3842112873717,34.021908555785,NaN,NaN
11.2866146777932,26.3957662319167,NaN,NaN,NaN,NaN
19.6982063975362,10.9612446175392,NaN,NaN,NaN,NaN
9.96314814234083,19.1912796119801,NaN,NaN,NaN,NaN
9.51891805123749,18.6889264567662,26.1738606835629,NaN,NaN,NaN
9.45648534072631,18.3030284221543,NaN,NaN,NaN,NaN
10.6652610445817,19.1110363797312,23.1618155494595,NaN,NaN,NaN
10.3829142702315,NaN,NaN,NaN,NaN,NaN
10.726495263014,46.6698261328372,22.3509580684294,NaN,NaN,NaN
10.4316284614917,18.615937040933,NaN,NaN,NaN,NaN
10.2749051884935,19.489740154208,NaN,NaN,NaN,NaN
10.1303363713551,NaN,NaN,NaN,NaN,NaN
10.3897987801692,11.3029248739626,NaN,NaN,NaN,NaN
9.84120157053452,22.3394120245686,NaN,NaN,NaN,NaN
10.0873955814398,18.3576618511698,NaN,NaN,NaN,NaN
10.0610784881799,19.0534244326117,NaN,NaN,NaN,NaN
10.2719320679547,19.1324685923801,NaN,NaN,NaN,NaN
9.97207658848771,19.5116165329393,NaN,NaN,NaN,NaN
10.7723045236496,22.4222123503874,NaN,NaN,NaN,NaN
10.0391328174521,20.0946714279104,29.0146365503979,NaN,NaN,NaN
10.0756104644588,19.0805774322009,NaN,NaN,NaN,NaN
10.5411935273937,17.9897282851572,25.1283247645003,5.97947385187357,NaN,NaN
10.2752357377498,20.2428080681907,NaN,NaN,NaN,NaN
11.4286988832023,18.5241343812904,NaN,NaN,NaN,NaN
10.1110252360028,16.4214566555781,NaN,NaN,NaN,NaN
10.1166904939976,21.0935471625383,36.6004441790416,NaN,NaN,NaN
11.1025400818436,23.7060857028216,41.2341249489526,NaN,NaN,NaN
10.4194732311944,20.2785019667872,NaN,NaN,NaN,NaN
9.83886575963573,19.3149839774918,43.0564595229118,NaN,NaN,NaN
9.96049159904322,17.5560922311311,NaN,NaN,NaN,NaN
9.68487997085417,21.1220877256329,NaN,NaN,NaN,NaN
9.95834995676443,22.4721774980002,NaN,NaN,NaN,NaN
10.1177914474661,20.0621804953273,NaN,NaN,NaN,NaN
9.4509332217136,20.868988137408,NaN,NaN,NaN,NaN
10.3770233474133,20.8627244214354,NaN,NaN,NaN,NaN
9.2700142032765,18.3377491577609,NaN,NaN,NaN,NaN
10.5772236917123,18.9077110514251,NaN,NaN,NaN,NaN
10.195048265367,21.3298173815621,NaN,NaN,NaN,NaN
9.90791451146825,21.6585993315877,NaN,NaN,NaN,NaN
8.51328519184958,12.0419491267071,17.3615764270983,28.1583983817445,NaN,NaN
10.3100987739521,17.9035683660782,5.44013866615438,NaN,NaN,NaN
10.211832834109,19.5609942755274,NaN,NaN,NaN,NaN
10.9998820283389,22.235163951548,NaN,NaN,NaN,NaN
11.0383539719634,NaN,NaN,NaN,NaN,NaN
10.0679667224577,27.2472517157648,17.1273742935205,NaN,NaN,NaN
9.29219804882361,18.9861495551468,NaN,NaN,NaN,NaN
10.3049944155035,16.4554684501205,NaN,NaN,NaN,NaN
10.5936346528006,21.766568586204,NaN,NaN,NaN,NaN
9.83860682660742,21.9133163874243,NaN,NaN,NaN,NaN
9.70892389573289,18.9696728063839,NaN,NaN,NaN,NaN
10.1993333425231,18.754191450187,41.3555224404779,NaN,NaN,NaN
9.92501723101662,18.0174149958664,45.0245076168067,NaN,NaN,NaN
9.75496258144831,12.2346937052259,21.3595527733899,NaN,NaN,NaN
9.69772886317967,19.2485252892023,40.7195157440499,NaN,NaN,NaN
10.1446695418961,21.6975537766563,NaN,NaN,NaN,NaN
9.62758386175824,23.0107962435198,15.7072518112407,NaN,NaN,NaN
21.7040204981658,9.97929733494891,16.0971742607995,NaN,NaN,NaN
10.876009800404,18.7738738365314,NaN,NaN,NaN,NaN
10.5690050048974,19.2872004347707,NaN,NaN,NaN,NaN
10.0001936664304,23.0050878973212,NaN,NaN,NaN,NaN
9.94069504907852,19.8347711218108,NaN,NaN,NaN,NaN
10.2401638072857,18.7337158853076,NaN,NaN,NaN,NaN
9.89823822974128,18.2360790738336,NaN,NaN,NaN,NaN
9.98554691747069,20.142591684838,NaN,NaN,NaN,NaN
10.5131565348111,19.9574622623324,NaN,NaN,NaN,NaN
10.5662147085387,21.6300737922411,NaN,NaN,NaN,NaN
9.86141072648252,19.6943279378074,31.0176564145875,NaN,NaN,NaN
10.1920129687381,18.9513030995745,NaN,NaN,NaN,NaN
11.2787605683988,NaN,NaN,NaN,NaN,NaN
10.4747412934128,17.2381951557005,38.0781802609409,45.3688691784363,3.53908739037023,NaN
10.162603936641,20.174971511421,NaN,NaN,NaN,NaN
10.1752490973881,19.8965030312275,NaN,NaN,NaN,NaN
10.7091009684284,20.6552047176102,NaN,NaN,NaN,NaN
9.00118899498686,14.5009048184982,NaN,NaN,NaN,NaN
9.90390430914858,20.2973896365925,42.9482776686772,NaN,NaN,NaN
9.33942061949604,18.5908083063328,NaN,NaN,NaN,NaN
9.90864218937099,18.6387878304944,NaN,NaN,NaN,NaN
9.95868980972818,18.5001534832379,NaN,NaN,NaN,NaN
10.5904873702981,13.2610280902623,NaN,NaN,NaN,NaN
9.79163631099126,21.1427253598608,NaN,NaN,NaN,NaN
11.499135671186,26.1260767147206,NaN,NaN,NaN,NaN
10.6628205556092,17.1375176677549,21.5974936337359,NaN,NaN,NaN
20.7748702352432,11.3393948120081,NaN,NaN,NaN,NaN
19.555661674361,10.6851943606377,NaN,NaN,NaN,NaN
10.048835863726,18.4879672813967,NaN,NaN,NaN,NaN
11.0491794183556,NaN,NaN,NaN,NaN,NaN
9.922908964831,20.9036921299768,NaN,NaN,NaN,NaN
10.96061660062,20.5630945334125,NaN,NaN,NaN,NaN
10.070147523147,20.3836026575913,NaN,NaN,NaN,NaN
10.915568211284,NaN,NaN,NaN,NaN,NaN
9.92893212769325,18.7001926172442,NaN,NaN,NaN,NaN
9.5589508166128,20.5509471127003,NaN,NaN,NaN,NaN
10.3574295093967,18.8960380784248,34.7598649419887,NaN,NaN,NaN
11.1366859063994,21.1652771084189,NaN,NaN,NaN,NaN
9.78458490091885,17.9407173828415,34.3426596788851,NaN,NaN,NaN
10.0649804164617,18.755445006796,NaN,NaN,NaN,NaN
10.6660258292941,20.9885333995967,27.6335811356327,NaN,NaN,NaN
10.9553096532651,23.1356898742442,NaN,NaN,NaN,NaN
9.51148405143556,15.5354718511427,NaN,NaN,NaN,NaN
10.3411705871833,16.4721889472766,21.3123061546659,34.4663561173115,NaN,NaN
9.66947732136085,19.7256240121476,NaN,NaN,NaN,NaN
10.2308866426929,28.2708769490106,19.62529867042,48.4055532652965,NaN,NaN
9.80217016696732,14.031377554112,NaN,NaN,NaN,NaN
10.098087239329,20.1176366652971,NaN,NaN,NaN,NaN
10.832907062249,19.355611693678,NaN,NaN,NaN,NaN
9.78541689439126,18.5312558003299,NaN,NaN,NaN,NaN
21.2145539019984,8.71210624618247,NaN,NaN,NaN,NaN
9.89724113777598,18.4947738591337,NaN,NaN,NaN,NaN
10.8077034983449,21.4116926994344,NaN,NaN,NaN,NaN
9.21099258744211,17.8680392207915,NaN,NaN,NaN,NaN
10.6901606229803,18.8657154494619,3.18894541367101,NaN,NaN,NaN
9.93936078541064,19.3722440113212,NaN,NaN,NaN,NaN
10.1951532826111,20.4277930536043,NaN,NaN,NaN,NaN
10.4073732719312,21.7788770776804,NaN,NaN,NaN,NaN
10.7314900679116,20.4536152993509,NaN,NaN,NaN,NaN
10.6066740607367,18.4196946590696,NaN,NaN,NaN,NaN
10.9518125870379,19.5623296613068,44.0701909725135,NaN,NaN,NaN
10.636390239438,20.6753621956769,NaN,NaN,NaN,NaN
14.1438771160875,10.7191558405139,NaN,NaN,NaN,NaN
9.80164621310788,19.1610090010593,NaN,NaN,NaN,NaN
10.7965812683418,NaN,NaN,NaN,NaN,NaN
10.3146572896042,21.0184484718029,NaN,NaN,NaN,NaN
10.2623155054322,17.9931639926356,NaN,NaN,NaN,NaN
10.6348574674659,19.9017554959506,NaN,NaN,NaN,NaN
10.2473186745973,21.4017844963373,NaN,NaN,NaN,NaN
13.3507104779353,NaN,NaN,NaN,NaN,NaN
9.37422561631064,21.0019766599465,NaN,NaN,NaN,NaN
9.99814192336179,20.2057576784527,27.5358374632152,40.5452276975836,NaN,NaN
10.4933843257671,20.2833219595608,43.386947923294,NaN,NaN,NaN
10.4606051307307,20.7978137489317,NaN,NaN,NaN,NaN
9.98067149852061,16.7647982795091,NaN,NaN,NaN,NaN
9.89466758222747,12.1855691287952,NaN,NaN,NaN,NaN
10.1497263906388,19.993249542481,NaN,NaN,NaN,NaN
7.67886270026597,NaN,NaN,NaN,NaN,NaN
9.88411619558593,47.268926843674,17.7542470909553,NaN,NaN,NaN
9.92426990073962,15.0823940167493,NaN,NaN,NaN,NaN
11.3897164979919,21.5638665998172,NaN,NaN,NaN,NaN
10.4154524706803,20.5932875338573,NaN,NaN,NaN,NaN
10.4711878277467,20.1611355752145,NaN,NaN,NaN,NaN
10.7240571516585,18.4542523649979,42.7585225816705,24.1130219690612,NaN,NaN
10.6663476324496,40.8410408096558,21.0731347425537,16.4652491338809,NaN,NaN
10.7883499364029,19.8829930177901,NaN,NaN,NaN,NaN
9.99394177603304,19.078882124614,NaN,NaN,NaN,NaN
9.44545055433834,18.6959822355456,NaN,NaN,NaN,NaN
10.355175213381,15.6935369579722,NaN,NaN,NaN,NaN
10.5168988016208,19.3058412122444,NaN,NaN,NaN,NaN
10.8582391354928,21.6733763131674,NaN,NaN,NaN,NaN
10.0220163071395,17.6525572369394,NaN,NaN,NaN,NaN
10.3289750208628,20.5211528948466,NaN,NaN,NaN,NaN
10.0672550000105,19.3538719942894,NaN,NaN,NaN,NaN
9.49651720248744,19.8792693984167,12.6708423191664,42.3729316035839,29.010914445718,34.2766012632188
9.8792827973142,19.1791880965169,34.8393698917846,NaN,NaN,NaN
10.4593210895597,NaN,NaN,NaN,NaN,NaN
10.0275305539115,18.1433571137118,NaN,NaN,NaN,NaN
9.68805684415821,19.1992625829423,NaN,NaN,NaN,NaN
10.9072613859779,14.3393128864738,NaN,NaN,NaN,NaN
10.7681756848895,17.5923834209256,35.3502217919537,42.6457713039082,27.9485643087367,21.6435759437256
12.9562679091453,NaN,NaN,NaN,NaN,NaN
10.0732416288767,41.3208440304002,20.2312235211015,NaN,NaN,NaN
10.0772228904799,11.6542451068148,NaN,NaN,NaN,NaN
10.4914919106012,20.217494732692,46.6194714432751,4.37183509621429,NaN,NaN
10.0214607487346,18.9723891926875,44.5232606131012,NaN,NaN,NaN
9.40786514409584,18.0080421933874,NaN,NaN,NaN,NaN
10.2449007699593,20.07746265677,NaN,NaN,NaN,NaN
10.4854760398252,18.9586432704234,NaN,NaN,NaN,NaN
10.1635072908117,19.8903674575641,NaN,NaN,NaN,NaN
10.3771097521378,17.2762651780253,NaN,NaN,NaN,NaN
10.0032795792443,49.042781343477,20.4344918075793,NaN,NaN,NaN
10.6640075296308,21.1803303238389,NaN,NaN,NaN,NaN
9.6565889915095,17.1031756992934,NaN,NaN,NaN,NaN
10.6531037710085,21.4233940435369,NaN,NaN,NaN,NaN
10.1605249118111,24.6587890565905,18.2722165087648,NaN,NaN,NaN
9.54472387874722,15.2558778037511,NaN,NaN,NaN,NaN
10.3269552924474,12.0516517223716,NaN,NaN,NaN,NaN
9.66022209769183,19.7858840749041,NaN,NaN,NaN,NaN
10.1845086309283,19.9831581353821,NaN,NaN,NaN,NaN
9.34331408262823,17.7630672091448,NaN,NaN,NaN,NaN
11.1012258984331,19.3667157376594,9.27342179174641,NaN,NaN,NaN
10.3484595028722,16.2398651785985,NaN,NaN,NaN,NaN
10.38273465678,16.9210131116043,NaN,NaN,NaN,NaN
14.134143089009,NaN,NaN,NaN,NaN,NaN
9.9740400026589,18.2030044796707,31.2783121487645,NaN,NaN,NaN
20.740305823341,10.8362718800007,NaN,NaN,NaN,NaN
10.2477421821573,19.488443737592,NaN,NaN,NaN,NaN
10.5448606966349,21.70112330371,NaN,NaN,NaN,NaN
9.57266009310965,18.1775340627093,NaN,NaN,NaN,NaN
10.0878036930038,17.5571369866305,NaN,NaN,NaN,NaN
10.6153607921793,33.75888317043,NaN,NaN,NaN,NaN
19.6350620919,9.13477323618684,38.3200277478524,49.9999936165206,NaN,NaN
10.7306865587069,21.4079400011058,16.2736753025479,NaN,NaN,NaN
10.1653834857531,35.3580902717341,14.9497938259348,NaN,NaN,NaN
11.2872673350398,22.0917371342665,NaN,NaN,NaN,NaN
13.7335760783436,NaN,NaN,NaN,NaN,NaN
9.77580642992486,18.1692816900491,NaN,NaN,NaN,NaN
9.75294910240872,18.3348332770835,NaN,NaN,NaN,NaN
9.87507982032104,16.8344793851071,33.7598170595811,NaN,NaN,NaN
13.2827286327018,NaN,NaN,NaN,NaN,NaN
10.3362276098349,47.485547211259,19.7252935055651,NaN,NaN,NaN
10.7971813670313,21.4341678533538,24.601149868031,32.9670587066635,NaN,NaN
10.2170629670312,18.1901312896729,NaN,NaN,NaN,NaN
10.4862335064571,NaN,NaN,NaN,NaN,NaN
11.8069297766837,21.8814971463394,NaN,NaN,NaN,NaN
9.66829072602005,21.302884684206,44.5272915893452,NaN,NaN,NaN
10.7783689219849,18.9629847834549,NaN,NaN,NaN,NaN
10.055044250439,21.1256029251555,NaN,NaN,NaN,NaN
13.2993512835165,NaN,NaN,NaN,NaN,NaN
9.66441218313021,20.272508585319,46.7340780818755,NaN,NaN,NaN
11.3019742296663,NaN,NaN,NaN,NaN,NaN
9.29079947147594,16.8579909435115,47.2215744020803,NaN,NaN,NaN
9.68793320580059,17.6578168800805,NaN,NaN,NaN,NaN
7.11235071643294,NaN,NaN,NaN,NaN,NaN
10.2454946865988,19.8976548086911,NaN,NaN,NaN,NaN
10.460567061149,19.5658697421658,NaN,NaN,NaN,NaN
9.91429042991292,19.7973876755822,36.6188366302246,45.4007623988227,NaN,NaN
9.53828550649675,14.0827844063032,29.2351426734975,NaN,NaN,NaN
10.6339586165968,18.4153463076904,NaN,NaN,NaN,NaN
9.90911286656956,19.5557315751782,NaN,NaN,NaN,NaN
10.9281945121343,8.77734849214056,NaN,NaN,NaN,NaN
10.302278399841,25.6271861734868,17.4111157421199,NaN,NaN,NaN
10.0121249924704,19.063793861568,NaN,NaN,NaN,NaN
10.5177689213561,18.041265455798,NaN,NaN,NaN,NaN
10.0137783735251,17.9760963670043,NaN,NaN,NaN,NaN
10.243375362392,20.5710507962529,45.0301191760877,39.3612036867144,NaN,NaN
10.4839083281127,18.8493738316381,NaN,NaN,NaN,NaN
9.79144056731539,19.2467518178665,NaN,NaN,NaN,NaN
10.4053550432667,15.3612748291842,NaN,NaN,NaN,NaN
10.6068892021543,20.3744775249198,NaN,NaN,NaN,NaN
10.7721403204481,NaN,NaN,NaN,NaN,NaN
10.5672510318406,22.1264445511523,NaN,NaN,NaN,NaN
9.98714236899118,21.0084502283083,NaN,NaN,NaN,NaN
10.3387166391424,28.8319425103205,18.5758003425361,NaN,NaN,NaN
10.39174726326,18.8173001815196,NaN,NaN,NaN,NaN
10.2217052233911,19.9100951062048,NaN,NaN,NaN,NaN
10.53847235845,18.2938662901374,NaN,NaN,NaN,NaN
10.2672303753496,21.2529240867004,NaN,NaN,NaN,NaN
9.98425747342978,NaN,NaN,NaN,NaN,NaN
11.6244580387459,NaN,NaN,NaN,NaN,NaN
9.78718088299058,17.2995221937559,NaN,NaN,NaN,NaN
19.9712836075437,10.2301186528813,27.4236252599715,49.3244267254166,NaN,NaN
11.2462500490292,21.319008744127,26.1027006143097,NaN,NaN,NaN
10.5070020580908,19.7148719489666,NaN,NaN,NaN,NaN
10.5708888210301,19.4175976521262,3.26061613126251,NaN,NaN,NaN
10.2894066450894,19.031759846715,NaN,NaN,NaN,NaN
10.5454072794541,17.4504012106637,NaN,NaN,NaN,NaN
9.70105360555152,18.7448541291759,NaN,NaN,NaN,NaN
10.4055118806224,18.1643500602101,36.3501500801431,NaN,NaN,NaN
10.4949241109585,19.3879600913951,38.5075214900881,NaN,NaN,NaN
10.3691155630226,20.5899821464394,NaN,NaN,NaN,NaN
10.3226155937048,17.6590392595161,NaN,NaN,NaN,NaN
10.4670689565003,20.861668650477,34.1121931755899,NaN,NaN,NaN
11.6033189837389,NaN,NaN,NaN,NaN,NaN
10.631924885411,15.466297553586,NaN,NaN,NaN,NaN
10.4482085951703,19.1812225423608,NaN,NaN,NaN,NaN
13.4801631647428,NaN,NaN,NaN,NaN,NaN
10.2399591504873,20.7076567799553,46.3109049097037,NaN,NaN,NaN
10.5819130114106,17.9513747141474,NaN,NaN,NaN,NaN
9.06132211148509,19.5984105667646,NaN,NaN,NaN,NaN
9.98994051625516,22.1285222575478,NaN,NaN,NaN,NaN
9.24449882578317,12.178758030949,23.8543883733875,NaN,NaN,NaN
9.95628094187957,13.0045800229398,19.8992596646571,NaN,NaN,NaN
10.5412031545995,18.5419662750783,NaN,NaN,NaN,NaN
10.0450112632172,19.0404597564449,43.6790424179647,NaN,NaN,NaN
10.5786676819139,19.4592989210674,NaN,NaN,NaN,NaN
10.2830991384784,19.2181202803993,NaN,NaN,NaN,NaN
10.0040527868726,20.7116268063146,NaN,NaN,NaN,NaN
10.0999251036189,23.656530600987,16.5359695804701,NaN,NaN,NaN
10.4644745687971,21.6675142740748,5.05241322844311,NaN,NaN,NaN
10.3330131554449,NaN,NaN,NaN,NaN,NaN
10.6729870030197,21.1051432598712,31.9569390360352,NaN,NaN,NaN
20.2032910040024,10.131394672323,47.7232295144685,NaN,NaN,NaN
10.3963747922746,19.6423128916097,NaN,NaN,NaN,NaN
10.5983913444464,16.4957924021688,NaN,NaN,NaN,NaN
10.4976281041806,20.467131195709,36.0884723783674,27.5021535358971,NaN,NaN
10.2532132442054,20.8632728036205,28.9579557761936,NaN,NaN,NaN
10.1783750477621,20.0954692935626,NaN,NaN,NaN,NaN
9.44277490059329,19.1957159265457,NaN,NaN,NaN,NaN
10.9173871378133,20.1945412004779,26.6683313037574,NaN,NaN,NaN
10.0403544675212,20.4901543621717,NaN,NaN,NaN,NaN
9.87757818413592,18.9073788671122,NaN,NaN,NaN,NaN
10.5482935013513,20.7831246041911,NaN,NaN,NaN,NaN
10.9172382480526,16.5315805466499,NaN,NaN,NaN,NaN
9.80083267484738,16.2297057090867,NaN,NaN,NaN,NaN
10.2809906629151,20.9344191583554,NaN,NaN,NaN,NaN
10.5647545020876,21.3664134143708,NaN,NaN,NaN,NaN
9.487194008619,14.9218653501369,NaN,NaN,NaN,NaN
10.148461019155,21.4614886512345,40.6826542434647,NaN,NaN,NaN
10.7949090331789,20.028339504872,NaN,NaN,NaN,NaN
12.9119641210092,NaN,NaN,NaN,NaN,NaN
10.1079461632846,19.891011627867,45.0577763316016,NaN,NaN,NaN
10.1153490029545,21.1705109303781,NaN,NaN,NaN,NaN
9.72575467890517,18.1097774772123,NaN,NaN,NaN,NaN
10.1035895380421,18.9796830107921,NaN,NaN,NaN,NaN
10.2160137736107,20.7205652512127,NaN,NaN,NaN,NaN
11.7540222415947,26.8889480342868,NaN,NaN,NaN,NaN
9.49312224864381,21.2891360479252,NaN,NaN,NaN,NaN
10.2490169183434,40.072153646117,17.1511175930121,NaN,NaN,NaN
11.2532964020219,18.7982187099143,25.8011388386258,34.2400286401898,47.2779131437951,NaN
11.0961881710003,20.7869455692179,35.0835363470692,NaN,NaN,NaN
10.1966914855761,18.4627649317286,NaN,NaN,NaN,NaN
10.8578045769433,19.0357699085302,NaN,NaN,NaN,NaN
10.5337533401505,20.672595494608,NaN,NaN,NaN,NaN
10.2709001728269,15.974164993367,NaN,NaN,NaN,NaN
9.98651392314392,17.2547669350197,24.0969620358708,39.3423725885873,NaN,NaN
19.7539849030899,9.4761289057051,NaN,NaN,NaN,NaN
10.2464852293741,24.445522215265,19.3444849402721,NaN,NaN,NaN
9.45887671169477,20.9354714082661,NaN,NaN,NaN,NaN
10.192666672682,17.8880092119356,NaN,NaN,NaN,NaN
10.5536350769577,19.905884680265,NaN,NaN,NaN,NaN
10.2113076157544,16.8402589722958,22.2588923712168,38.1128619981641,NaN,NaN
10.3114301532057,20.2856928213176,NaN,NaN,NaN,NaN
11.0126438469769,NaN,NaN,NaN,NaN,NaN
10.9627755770501,19.1762230577488,NaN,NaN,NaN,NaN
10.3917168018359,NaN,NaN,NaN,NaN,NaN
20.3600401185898,10.7866646126136,NaN,NaN,NaN,NaN
18.9600687612578,9.69361173649187,2.23686750281932,NaN,NaN,NaN
12.5298665375876,NaN,NaN,NaN,NaN,NaN
9.75998377962139,18.4663307303815,NaN,NaN,NaN,NaN
10.2825016144872,20.5780850051731,NaN,NaN,NaN,NaN
11.5452284340015,NaN,NaN,NaN,NaN,NaN
21.7637737142659,9.7508651143694,NaN,NaN,NaN,NaN
9.7435208330658,23.0029648205705,NaN,NaN,NaN,NaN
9.19781869282357,11.4103292616802,NaN,NaN,NaN,NaN
19.8358399027513,9.65025766931388,NaN,NaN,NaN,NaN
10.0706940597772,18.0806485226176,NaN,NaN,NaN,NaN
10.0943852388546,17.0460174956594,NaN,NaN,NaN,NaN
15.0855476392429,9.91173515113147,NaN,NaN,NaN,NaN
10.7219892555284,21.9828479178711,NaN,NaN,NaN,NaN
9.01001325863045,11.9296030076169,19.9784144487987,NaN,NaN,NaN
10.1083382892767,17.6442435795377,NaN,NaN,NaN,NaN
9.79335130368978,17.6908317080441,28.9147508937523,45.5037269148403,21.4627487459022,NaN
12.0445636847756,NaN,NaN,NaN,NaN,NaN
10.7826235027078,15.8161498546502,23.6291274482557,NaN,NaN,NaN
10.1092141876381,11.3636098022367,NaN,NaN,NaN,NaN
9.70915040947144,18.535390929874,NaN,NaN,NaN,NaN
9.84650296553707,17.0772636040685,NaN,NaN,NaN,NaN
10.2196894641974,20.3960601706319,NaN,NaN,NaN,NaN
11.4793588715723,20.9874188374195,47.853325654552,NaN,NaN,NaN
9.71002686952051,20.9004939182803,NaN,NaN,NaN,NaN
9.90579203988633,18.7685279574394,NaN,NaN,NaN,NaN
11.1508541921815,NaN,NaN,NaN,NaN,NaN
10.7648517092086,19.1088567080667,NaN,NaN,NaN,NaN
10.1812993023429,17.8376983328505,NaN,NaN,NaN,NaN
10.3305838493282,20.1573988793357,NaN,NaN,NaN,NaN
10.0611977392877,15.7953085395061,NaN,NaN,NaN,NaN
10.0410110150596,25.5386034294526,11.9718208563087,NaN,NaN,NaN
10.2528188495226,20.1488149436024,NaN,NaN,NaN,NaN
12.7205123364483,NaN,NaN,NaN,NaN,NaN
10.4850084030698,39.9909160722859,21.3302891683039,NaN,NaN,NaN
27.0520444079048,9.55294161312227,12.9337406106513,17.4970644517083,NaN,NaN
10.0511992780892,20.1691141729024,NaN,NaN,NaN,NaN
9.76199071428177,18.9376475043052,NaN,NaN,NaN,NaN
9.93580226538517,18.962148165416,NaN,NaN,NaN,NaN
9.91985413411858,14.2960563011527,NaN,NaN,NaN,NaN
11.1571174526903,21.2049401775082,NaN,NaN,NaN,NaN
10.2122083318533,12.5186134582328,NaN,NaN,NaN,NaN
10.5077146113464,17.4614080404059,NaN,NaN,NaN,NaN
10.6203734970222,19.6567060938575,NaN,NaN,NaN,NaN
10.1608575522916,18.5302339827204,NaN,NaN,NaN,NaN
10.3647194135401,20.5593878381029,NaN,NaN,NaN,NaN
9.54389762677758,18.0450719142857,42.258393041883,NaN,NaN,NaN
10.0023841067831,20.1857329703586,31.3442865656754,NaN,NaN,NaN
9.71884104137107,18.3136846360643,NaN,NaN,NaN,NaN
10.1595740882415,22.8198559699712,48.9929581589753,NaN,NaN,NaN
19.2413333737709,10.2261458799637,NaN,NaN,NaN,NaN
9.14999260595405,9.33392996007579,NaN,NaN,NaN,NaN
9.68284949128967,15.7078311680493,NaN,NaN,NaN,NaN
9.73019686124582,41.4047659685988,20.395827305159,NaN,NaN,NaN
12.3270342028256,NaN,NaN,NaN,NaN,NaN
10.1045896239748,18.0006285354636,NaN,NaN,NaN,NaN
10.5171644880622,16.8802404897288,NaN,NaN,NaN,NaN
10.4310771291775,18.8712100401912,NaN,NaN,NaN,NaN
9.81328624119947,11.9378271187791,39.3074301221951,NaN,NaN,NaN
10.240169602091,14.792464635275,46.8453758585186,20.4554043562181,25.9790988477772,NaN
10.5114549861168,20.4919832168446,NaN,NaN,NaN,NaN
10.5396961837376,NaN,NaN,NaN,NaN,NaN
10.5084929988872,12.5856821762465,NaN,NaN,NaN,NaN
11.1402243349946,20.8861111343349,42.7042425477384,NaN,NaN,NaN
10.171159278436,19.8660699506719,1.4168107587297,39.377242831846,NaN,NaN
9.99626199509988,18.5443759554824,NaN,NaN,NaN,NaN
10.1856805445153,19.8510046711805,NaN,NaN,NaN,NaN
10.4579838820942,19.1605021925138,NaN,NaN,NaN,NaN
10.8248644564631,21.5991262024892,NaN,NaN,NaN,NaN
9.78532817914203,19.3610649625401,47.3926696959124,26.4439189166432,41.1467273096056,NaN
13.0938404248179,NaN,NaN,NaN,NaN,NaN
10.1538101120232,20.4203881380414,NaN,NaN,NaN,NaN
11.2726580202139,NaN,NaN,NaN,NaN,NaN
10.0145879473979,22.0936044408893,NaN,NaN,NaN,NaN
10.3616981471388,19.9688921568519,NaN,NaN,NaN,NaN
10.8504535696039,20.2376759463556,NaN,NaN,NaN,NaN
9.69375201769427,19.5796845010561,32.7355200595997,46.9636105293445,NaN,NaN
9.85595532238878,15.9770337337988,31.7898925844046,22.2180580629058,NaN,NaN
20.0113674057178,9.75275800193307,NaN,NaN,NaN,NaN
8.79699137848352,15.7250656139269,NaN,NaN,NaN,NaN
9.98443184597831,28.0667152132407,19.677051086404,NaN,NaN,NaN
9.69244446079523,19.6746167517968,NaN,NaN,NaN,NaN
10.3105154853349,19.2714148990195,NaN,NaN,NaN,NaN
12.7572236156966,NaN,NaN,NaN,NaN,NaN
9.8965432570179,20.1375333887648,14.1275281566223,NaN,NaN,NaN
10.2563187469911,19.4377115288749,NaN,NaN,NaN,NaN
10.325634683746,19.1231609481629,NaN,NaN,NaN,NaN
10.1047369959094,14.892703687783,NaN,NaN,NaN,NaN
11.1075155382568,20.8604505956228,NaN,NaN,NaN,NaN
10.3728034278004,20.6129895220082,NaN,NaN,NaN,NaN
9.79960981627123,19.8159958643073,NaN,NaN,NaN,NaN
9.52949657677439,19.0722469070014,NaN,NaN,NaN,NaN
10.5875911581905,18.2615264850668,NaN,NaN,NaN,NaN
9.688852795944,18.9562130023863,39.6690656610598,NaN,NaN,NaN
10.9883514362575,14.6692862832909,NaN,NaN,NaN,NaN
10.050715245639,19.488900451732,NaN,NaN,NaN,NaN
10.3220304274439,19.3364701451151,NaN,NaN,NaN,NaN
11.1498608694059,NaN,NaN,NaN,NaN,NaN
9.67942919909566,15.3905111856491,NaN,NaN,NaN,NaN
10.4591713746247,20.9130123523863,NaN,NaN,NaN,NaN
9.80421380463401,19.9776546496576,NaN,NaN,NaN,NaN
9.94870236157259,21.9886488117662,33.178107911789,NaN,NaN,NaN
10.0375552641056,18.6899374442914,NaN,NaN,NaN,NaN
10.4678310636759,19.8951175410245,35.5286701207125,NaN,NaN,NaN
11.7850921160072,NaN,NaN,NaN,NaN,NaN
10.0562962690961,NaN,NaN,NaN,NaN,NaN
10.2877873621699,15.3707903556042,NaN,NaN,NaN,NaN
11.1080732554679,41.6560007345514,20.8785911850733,NaN,NaN,NaN
10.683698194509,19.9895991755906,NaN,NaN,NaN,NaN
11.1634029822952,21.1066086026325,32.8101521042908,49.1066817310389,NaN,NaN
9.87942969381197,20.0981638465184,NaN,NaN,NaN,NaN
7.91790363961872,NaN,NaN,NaN,NaN,NaN
10.8200185377103,19.1516126058316,NaN,NaN,NaN,NaN
9.19589869403188,17.6874563436527,NaN,NaN,NaN,NaN
10.7904137776461,21.1693921336268,NaN,NaN,NaN,NaN
21.8922990883152,10.2066719599595,NaN,NaN,NaN,NaN
9.98711646238356,19.4112187462909,NaN,NaN,NaN,NaN
10.1468454087226,19.2197931489225,NaN,NaN,NaN,NaN
20.1271918747974,10.660194330906,NaN,NaN,NaN,NaN
9.95713092383976,19.6243471764512,NaN,NaN,NaN,NaN
12.759365230859,NaN,NaN,NaN,NaN,NaN
9.90842008376554,21.1928816801298,49.9999995125062,NaN,NaN,NaN
10.4244083137684,17.648138889797,NaN,NaN,NaN,NaN
10.1714651135334,18.5485229825266,NaN,NaN,NaN,NaN
9.79771710490069,18.0554760724948,NaN,NaN,NaN,NaN
10.6676507109616,21.5050266448802,NaN,NaN,NaN,NaN
10.4424308130586,18.8580253813921,NaN,NaN,NaN,NaN
10.7454207873941,21.8592563936358,NaN,NaN,NaN,NaN
9.7683550925983,40.3899490481987,21.0014325812092,NaN,NaN,NaN
10.7068862453488,NaN,NaN,NaN,NaN,NaN
10.5243233185879,15.3352938701785,NaN,NaN,NaN,NaN
13.8841617417887,NaN,NaN,NaN,NaN,NaN
9.33715566712969,17.0657209720926,NaN,NaN,NaN,NaN
10.0544220470473,13.8312890402303,18.5242324201337,NaN,NaN,NaN
10.5798814098507,NaN,NaN,NaN,NaN,NaN
10.1840002278735,20.598238281824,NaN,NaN,NaN,NaN
10.2288082711448,19.2153388299499,NaN,NaN,NaN,NaN
9.78034501491152,21.091219361386,NaN,NaN,NaN,NaN
10.0829349841307,18.7793411303055,NaN,NaN,NaN,NaN
9.40670495204269,20.6681862596622,NaN,NaN,NaN,NaN
10.0672657148779,18.828482477132,NaN,NaN,NaN,NaN
9.6040851640865,20.6144892878447,NaN,NaN,NaN,NaN
10.1185246984489,18.9694715222662,NaN,NaN,NaN,NaN
10.2105271564032,18.9554588034174,NaN,NaN,NaN,NaN
21.1485695314694,10.0489409456958,NaN,NaN,NaN,NaN
10.1424180801359,19.2165447981145,NaN,NaN,NaN,NaN
12.0895906573118,NaN,NaN,NaN,NaN,NaN
10.4358067896795,20.0421076158947,NaN,NaN,NaN,NaN
19.1339507366871,11.3129467360856,NaN,NaN,NaN,NaN
19.2572638307441,9.93962807186463,NaN,NaN,NaN,NaN
16.8011598799517,10.2242564910968,26.9592908469892,NaN,NaN,NaN
10.1328583949301,21.2236740376673,NaN,NaN,NaN,NaN
10.3333995719351,20.5162559310013,NaN,NaN,NaN,NaN
9.8047378153642,20.2380993625156,NaN,NaN,NaN,NaN
10.6909445405912,17.1489297181685,NaN,NaN,NaN,NaN
9.68256739588036,31.1936679820741,18.2674547958069,NaN,NaN,NaN
9.62737907656359,38.4176101667493,18.551835256894,29.6310700705535,NaN,NaN
10.5937783537557,18.0924681485934,NaN,NaN,NaN,NaN
10.4890351128608,19.5679092698429,NaN,NaN,NaN,NaN
10.5805531293175,19.7369063498213,NaN,NaN,NaN,NaN
9.67182798822571,19.5907576254768,NaN,NaN,NaN,NaN
10.3283471869176,16.8032378031045,NaN,NaN,NaN,NaN
9.63226010588578,16.9049760683373,42.0348013531133,34.8987274544071,NaN,NaN
10.1840615218227,21.3223335887097,NaN,NaN,NaN,NaN
9.63843466083173,20.2079565721407,NaN,NaN,NaN,NaN
12.7528845009619,NaN,NaN,NaN,NaN,NaN
9.99073298829715,18.0155532065097,NaN,NaN,NaN,NaN
9.94317527215519,18.5454260225463,NaN,NaN,NaN,NaN
12.4841944270708,NaN,NaN,NaN,NaN,NaN
10.7062281326675,20.7182912609464,NaN,NaN,NaN,NaN
10.2550616052934,48.6532881767733,18.6324556485456,NaN,NaN,NaN
10.0664283923308,19.1600835909704,NaN,NaN,NaN,NaN
10.2752603977979,19.5881290645076,35.0486788895149,NaN,NaN,NaN
12.4686327688084,NaN,NaN,NaN,NaN,NaN
10.3080370862451,19.4324469166591,NaN,NaN,NaN,NaN
9.28288958617737,15.9940107280564,NaN,NaN,NaN,NaN
9.52690487478033,11.6685425346719,NaN,NaN,NaN,NaN
19.290090010327,9.75955738922328,NaN,NaN,NaN,NaN
9.99613200492536,20.1273069235174,NaN,NaN,NaN,NaN
10.2063244078991,21.2602918620698,NaN,NaN,NaN,NaN
10.2694308800248,20.0904744761494,NaN,NaN,NaN,NaN
9.50155088787658,16.8836537780873,42.7668593531849,NaN,NaN,NaN
10.1289660857124,16.8603669898962,NaN,NaN,NaN,NaN
12.8240053646067,NaN,NaN,NaN,NaN,NaN
9.38143359920102,15.9253314409055,NaN,NaN,NaN,NaN
11.0339910857749,20.3102123306172,NaN,NaN,NaN,NaN
9.22527560273989,10.8317587425274,18.2003413053922,23.5412807110925,46.2107236613083,38.6257076315044
10.4618585706589,15.9608330585003,8.02745817712303,NaN,NaN,NaN
9.79245175406805,17.0224385947709,NaN,NaN,NaN,NaN
9.72819409145998,19.5243740410626,NaN,NaN,NaN,NaN
10.6360088476283,19.9448949204605,14.9514666594472,NaN,NaN,NaN
10.1953412657459,43.5990587166203,23.7589197391526,NaN,NaN,NaN
9.83773279972552,18.4807892020428,NaN,NaN,NaN,NaN
10.1339766703046,18.5119795734943,NaN,NaN,NaN,NaN
10.1511928124378,20.3770684411667,NaN,NaN,NaN,NaN
9.89615973511518,17.9605661294854,NaN,NaN,NaN,NaN
10.291679530166,20.089950386624,NaN,NaN,NaN,NaN
10.1916461453158,19.9883618671584,28.7622312401041,NaN,NaN,NaN
7.19364122670501,NaN,NaN,NaN,NaN,NaN
10.5352142237714,10.1191873008241,NaN,NaN,NaN,NaN
9.37316221501157,19.4228616517973,NaN,NaN,NaN,NaN
10.2406406927555,20.5684162004603,35.5927086534052,NaN,NaN,NaN
10.6227024600082,19.444452072155,24.2811034343959,NaN,NaN,NaN
9.14514192477341,19.2073338068363,48.8820859341072,NaN,NaN,NaN
10.3151318058362,17.9627435491836,NaN,NaN,NaN,NaN
19.0045283941717,10.0082097098491,NaN,NaN,NaN,NaN
10.2622365617057,35.2412487215677,22.1422111893391,NaN,NaN,NaN
9.738027135859,19.2393997317461,NaN,NaN,NaN,NaN
10.5431729683784,19.3167518022916,NaN,NaN,NaN,NaN
10.720254606588,19.3945354000967,NaN,NaN,NaN,NaN
10.1649505613131,19.0561971062077,30.0913665751991,NaN,NaN,NaN
10.327331360086,19.4254680796517,NaN,NaN,NaN,NaN
10.1948144809165,20.3814218515601,NaN,NaN,NaN,NaN
9.71038569456507,19.1048646781119,NaN,NaN,NaN,NaN
11.4501644649224,28.0557810522434,19.7500305266311,NaN,NaN,NaN
10.3405305191019,22.1491505646843,NaN,NaN,NaN,NaN
14.2329376660628,NaN,NaN,NaN,NaN,NaN
10.3179023886905,16.3878099640813,23.4581333240887,NaN,NaN,NaN
8.91997907677709,16.5443388460017,48.3373762761356,39.5511964047264,NaN,NaN
10.0230324823028,18.6061640808044,NaN,NaN,NaN,NaN
20.1402440029551,11.9088575007783,NaN,NaN,NaN,NaN
10.3883205955483,23.0476674760043,12.8705298184859,NaN,NaN,NaN
10.2038922848545,19.4492757678063,NaN,NaN,NaN,NaN
10.5255724047434,19.5273479647797,NaN,NaN,NaN,NaN
12.1088131181825,NaN,NaN,NaN,NaN,NaN
10.0431904885746,19.353575422945,NaN,NaN,NaN,NaN
10.5794537148098,35.3041326892291,NaN,NaN,NaN,NaN
19.6401370040761,9.5207697272922,NaN,NaN,NaN,NaN
10.390719569684,17.3490656075043,21.5737526998619,26.4767098188998,NaN,NaN
9.34830173205757,NaN,NaN,NaN,NaN,NaN
18.0033924228735,10.0316732849258,26.5029635166446,NaN,NaN,NaN
10.3085853418076,23.1072851544118,NaN,NaN,NaN,NaN
10.1325776618905,14.2208741492786,NaN,NaN,NaN,NaN
9.69629929334363,13.6107495569689,NaN,NaN,NaN,NaN
9.51483778211472,19.7840362111487,NaN,NaN,NaN,NaN
9.75883202198902,18.5809553157591,NaN,NaN,NaN,NaN
9.71399562109153,18.2265525881062,NaN,NaN,NaN,NaN
14.0614140086916,NaN,NaN,NaN,NaN,NaN
10.4520019135628,18.6222486591615,NaN,NaN,NaN,NaN
7.42420434618974,35.0219666869066,NaN,NaN,NaN,NaN
10.3341912516503,NaN,NaN,NaN,NaN,NaN
10.4152687975018,19.6510040817581,33.4767097356962,NaN,NaN,NaN
9.76607084999108,19.8926655543091,NaN,NaN,NaN,NaN
9.86573228921234,19.3274719431884,39.932638763431,NaN,NaN,NaN
9.72565031900474,12.7272407643148,NaN,NaN,NaN,NaN
10.1240412196832,18.8059759791736,15.0216145018293,NaN,NaN,NaN
9.55968347210256,21.7937815488295,13.1208247720931,16.6593819628941,30.5942905589376,43.8674420881683
9.94716899881815,16.1186946167321,NaN,NaN,NaN,NaN
10.534406895049,16.7636055499037,22.0173944631312,45.7073164931705,NaN,NaN
9.70291739781149,17.2890873077777,NaN,NaN,NaN,NaN
10.2790839978136,20.2008313174992,NaN,NaN,NaN,NaN
10.251043786835,20.0097874307037,NaN,NaN,NaN,NaN
10.3223165194229,18.5394402640474,NaN,NaN,NaN,NaN
10.0864277795947,23.1890128962022,16.5556367568623,NaN,NaN,NaN
10.8263235113461,37.7589741958486,19.5811216340945,NaN,NaN,NaN
9.91578234983031,18.7394819903041,NaN,NaN,NaN,NaN
9.9331988588704,20.9711444220261,NaN,NaN,NaN,NaN
9.98131387844589,16.6372655656643,NaN,NaN,NaN,NaN
9.88996140614659,36.5575230335964,16.438458936201,NaN,NaN,NaN
9.03022721630807,18.1526496819567,NaN,NaN,NaN,NaN
10.2523243404318,18.2304993966329,48.2342533197626,NaN,NaN,NaN
10.8405299595648,20.1328722698909,NaN,NaN,NaN,NaN
8.50533870659714,NaN,NaN,NaN,NaN,NaN
10.1329356940196,18.0601519619886,NaN,NaN,NaN,NaN
11.8048943119165,19.5434739049082,24.9250659061364,NaN,NaN,NaN
10.188896349215,46.3995223735724,18.3965583286229,NaN,NaN,NaN
12.1732165485558,NaN,NaN,NaN,NaN,NaN
10.8180975394634,19.6190711675264,30.9641180657048,NaN,NaN,NaN
10.4248759544893,19.5819935565604,NaN,NaN,NaN,NaN
10.0572212641088,19.4452970274338,NaN,NaN,NaN,NaN
16.5775097321267,11.4106761522222,22.728878578788,32.4733094986852,NaN,NaN
10.0689921530218,19.4651418423495,NaN,NaN,NaN,NaN
10.8630855583269,19.9957501358513,NaN,NaN,NaN,NaN
8.93456502181872,18.1718134990862,NaN,NaN,NaN,NaN
10.7466962724014,19.08429240175,NaN,NaN,NaN,NaN
11.7092956320083,20.7400014910011,44.6246780455341,NaN,NaN,NaN
10.4135771018863,21.2698204933735,NaN,NaN,NaN,NaN
11.5679022401486,NaN,NaN,NaN,NaN,NaN
9.61810295664635,19.7452859183768,1.9265287156159,NaN,NaN,NaN
10.3750379225732,17.4165892590818,NaN,NaN,NaN,NaN
14.1373467148603,NaN,NaN,NaN,NaN,NaN
9.78243682236843,18.9977905891173,NaN,NaN,NaN,NaN
10.4355453429014,48.9201926046731,18.7888202096182,NaN,NaN,NaN
10.5421545989515,19.3026012114892,NaN,NaN,NaN,NaN
9.83704321965281,16.9706282302419,NaN,NaN,NaN,NaN
10.1033953418608,21.6939723184982,NaN,NaN,NaN,NaN
22.8434511186158,11.0906647547804,NaN,NaN,NaN,NaN
9.94504407228396,13.5804233054807,NaN,NaN,NaN,NaN
10.8128229281584,19.9633150702824,NaN,NaN,NaN,NaN
10.4970291829972,19.9441236275386,NaN,NaN,NaN,NaN
10.082098587826,18.9282492805414,35.5821620211819,3.17913098195775,NaN,NaN
10.0019722367583,18.6733802683823,25.1228209176185,NaN,NaN,NaN
10.0592832591898,17.5646107757051,40.3232964018916,NaN,NaN,NaN
10.8704477509942,18.4425489974173,NaN,NaN,NaN,NaN
10.0599693797413,20.5359950200621,NaN,NaN,NaN,NaN
10.3859944850221,14.7577864939494,NaN,NaN,NaN,NaN
9.90755008895114,20.0555372217279,NaN,NaN,NaN,NaN
9.96006070152307,3.12706668835,13.2212387278586,NaN,NaN,NaN
10.3742074176726,19.2552708835008,40.1629892034042,NaN,NaN,NaN
10.5844276312855,21.3757056147977,NaN,NaN,NaN,NaN
9.78126131655597,14.5693568243351,NaN,NaN,NaN,NaN
9.29101800480842,19.6852848184709,NaN,NaN,NaN,NaN
9.60761007776165,17.8308933638676,NaN,NaN,NaN,NaN
10.2185653620564,21.0825493433879,NaN,NaN,NaN,NaN
11.0474757988511,20.948596933059,NaN,NaN,NaN,NaN
10.4243734723643,17.2231678664527,NaN,NaN,NaN,NaN
10.1836663096577,19.0576401544314,NaN,NaN,NaN,NaN
11.1557190003675,20.6449200042562,NaN,NaN,NaN,NaN
15.29364944879,NaN,NaN,NaN,NaN,NaN
9.65963960456232,23.4986799417202,42.7778991391532,NaN,NaN,NaN
11.0477637798937,NaN,NaN,NaN,NaN,NaN
10.5351183533816,20.571470700456,NaN,NaN,NaN,NaN
9.87795365545321,19.7620667356799,NaN,NaN,NaN,NaN
10.1706777484202,19.8504137185526,41.7438991509686,NaN,NaN,NaN
10.0710762147367,17.818526482056,NaN,NaN,NaN,NaN
10.5644756230482,21.0271518529719,NaN,NaN,NaN,NaN
9.59219097722514,18.3197905312589,NaN,NaN,NaN,NaN
10.3445373560699,17.0686176840607,NaN,NaN,NaN,NaN
10.0505899114259,18.9632439334627,NaN,NaN,NaN,NaN
10.4030336966225,21.3326766340105,41.1998371272854,NaN,NaN,NaN
9.85574414823658,18.7053486100625,NaN,NaN,NaN,NaN
10.5213524336631,21.1530046757301,NaN,NaN,NaN,NaN
9.54947504670404,18.754851112886,NaN,NaN,NaN,NaN
9.88497058287976,15.8587236781786,24.3615348782935,44.8429834362275,36.8263966730587,NaN
10.344131076444,NaN,NaN,NaN,NaN,NaN
11.0032102389228,21.4409050718252,NaN,NaN,NaN,NaN
10.0858133097903,20.4844485640087,NaN,NaN,NaN,NaN
9.85860640323341,18.0472013594717,27.7326800621237,NaN,NaN,NaN
10.1440400482192,18.3966189437601,NaN,NaN,NaN,NaN
10.0321664933732,18.9194127819188,NaN,NaN,NaN,NaN
9.70837584803698,18.8204995008699,NaN,NaN,NaN,NaN
10.9970497934973,19.5890399837993,NaN,NaN,NaN,NaN
9.88800303101211,12.7359389891706,20.1257626523949,6.99192420983641,NaN,NaN
10.4049336799227,21.5757760027233,NaN,NaN,NaN,NaN
10.1176927232606,10.8812464540843,NaN,NaN,NaN,NaN
9.3908039987397,17.1857948597574,28.4192446631963,NaN,NaN,NaN
9.9243417616492,18.7966957399221,NaN,NaN,NaN,NaN
9.53285241839541,16.6039330300645,NaN,NaN,NaN,NaN
10.2917632863987,20.9909762052144,NaN,NaN,NaN,NaN
9.13186626370771,11.0690227947049,46.2334395217503,20.2949360705511,43.773625166796,NaN
10.3203060155185,19.9794022264509,NaN,NaN,NaN,NaN
10.2309014467147,12.7574908967195,30.1324560337216,NaN,NaN,NaN
9.22804914647243,16.4311028858995,NaN,NaN,NaN,NaN
12.553361080169,NaN,NaN,NaN,NaN,NaN
9.85460049372767,31.3788977141293,13.7497870269628,NaN,NaN,NaN
10.3017350476021,16.7902523825013,NaN,NaN,NaN,NaN
9.52154174526029,16.5021366345559,25.5398987630325,NaN,NaN,NaN
9.90974069996963,19.9150572032731,28.0757196175772,NaN,NaN,NaN
9.92910248285522,20.5740586452298,NaN,NaN,NaN,NaN
10.2962191650021,22.3805862646755,46.2878855816913,NaN,NaN,NaN
10.2876386028511,19.6801736026878,NaN,NaN,NaN,NaN
10.2744495490894,22.496329102703,NaN,NaN,NaN,NaN
11.691013993962,21.0037674660263,NaN,NaN,NaN,NaN
9.91431369103982,18.2745681515209,49.1936641010971,44.4716928545499,26.1343045706048,NaN
9.47402682562555,27.3298437458528,NaN,NaN,NaN,NaN
9.97282554611339,18.7765641062361,NaN,NaN,NaN,NaN
17.9074443621007,10.0470211219575,NaN,NaN,NaN,NaN
9.88897100589363,18.4506946331794,NaN,NaN,NaN,NaN
10.2801968236705,13.8163453659318,NaN,NaN,NaN,NaN
9.93648751061302,17.2399652384929,NaN,NaN,NaN,NaN
10.8387078454297,NaN,NaN,NaN,NaN,NaN
10.6016112076342,22.1869544781144,16.2684354840729,NaN,NaN,NaN
10.0386339486989,12.6572593285803,NaN,NaN,NaN,NaN
9.21937758936189,15.04657664344,NaN,NaN,NaN,NaN
10.4960555739651,18.8927341050878,NaN,NaN,NaN,NaN
10.3706528347484,19.5381636176058,NaN,NaN,NaN,NaN
7.57065118127004,10.2202975653819,18.9213461178141,46.8051073128407,23.8697345051549,31.3283850811797
9.76647609518876,20.9684182698798,45.5466731103718,NaN,NaN,NaN
9.71499184635899,19.0602138339292,NaN,NaN,NaN,NaN
10.4653808632942,18.8991548875486,26.9719062460597,NaN,NaN,NaN
9.72775114692881,14.0115486766139,19.3229423547226,NaN,NaN,NaN
10.2449803679648,12.5070999009828,42.8361304288007,NaN,NaN,NaN
20.092987680784,10.2422032245426,NaN,NaN,NaN,NaN
12.9831299669166,NaN,NaN,NaN,NaN,NaN
10.0200556573539,10.5240886519823,NaN,NaN,NaN,NaN
10.0406935880224,19.9945561887007,NaN,NaN,NaN,NaN
10.7381710888863,19.0629082073901,NaN,NaN,NaN,NaN
11.1841382202722,NaN,NaN,NaN,NaN,NaN
9.41483321262881,17.0797148557776,38.7618995862939,26.9515795719633,NaN,NaN
10.1259936689508,20.5668399591786,NaN,NaN,NaN,NaN
9.97450951104502,19.4744882115032,NaN,NaN,NaN,NaN
10.0077598401832,22.662811432274,NaN,NaN,NaN,NaN
9.74828769863239,24.1979669346157,15.9199813648022,NaN,NaN,NaN
10.0560742359298,21.6888551974399,44.4447239867164,NaN,NaN,NaN
10.9101884170248,21.9977987850609,NaN,NaN,NaN,NaN
10.4016732041345,17.9824489417375,NaN,NaN,NaN,NaN
9.78842320764502,20.0553029849162,NaN,NaN,NaN,NaN
21.0522510872839,11.0131349414781,41.8027641297915,NaN,NaN,NaN
9.94630619432936,18.705757964069,NaN,NaN,NaN,NaN
10.2177267105025,12.7853779987471,NaN,NaN,NaN,NaN
46.0787090746201,9.93822229872102,20.3804364244536,NaN,NaN,NaN
10.0745714524544,20.0730922197648,NaN,NaN,NaN,NaN
10.1789737524888,17.7961024731746,NaN,NaN,NaN,NaN
10.6307585502344,17.7940595718254,NaN,NaN,NaN,NaN
10.4159614855878,33.9705906508134,11.7388740122568,NaN,NaN,NaN
9.06552845934577,17.3431496730356,NaN,NaN,NaN,NaN
9.6380027817047,18.411874241596,NaN,NaN,NaN,NaN
10.2974852957054,19.3510557772483,NaN,NaN,NaN,NaN
10.7010494630483,18.9560379421312,NaN,NaN,NaN,NaN
14.5594631227704,NaN,NaN,NaN,NaN,NaN
9.41789689276055,20.5540717966134,NaN,NaN,NaN,NaN
16.1038561146045,10.4062904491263,NaN,NaN,NaN,NaN
9.55026516074008,32.4206155186499,20.8167677424864,NaN,NaN,NaN
10.4727854397775,19.8387728092203,NaN,NaN,NaN,NaN
11.8480910574319,NaN,NaN,NaN,NaN,NaN
10.795789351184,17.9424215121602,NaN,NaN,NaN,NaN
9.80056602965648,20.6984341404952,13.6927124483406,NaN,NaN,NaN
10.1408797476551,18.6088257856704,NaN,NaN,NaN,NaN
9.79792594221249,19.3793733955129,31.6436864291853,NaN,NaN,NaN
9.67438257588925,17.9856220592208,NaN,NaN,NaN,NaN
10.8359743861694,18.985840726052,NaN,NaN,NaN,NaN
10.27535853352,20.8294623272659,NaN,NaN,NaN,NaN
11.1125706273523,19.443701101216,NaN,NaN,NaN,NaN
10.2975065271809,16.5214142553293,NaN,NaN,NaN,NaN
9.98174285282379,16.9706414440905,NaN,NaN,NaN,NaN
10.9225629126692,19.2048385727794,NaN,NaN,NaN,NaN
10.8140961773429,NaN,NaN,NaN,NaN,NaN
9.96657962680889,16.6885351324103,NaN,NaN,NaN,NaN
9.51698533138364,16.3037045929272,NaN,NaN,NaN,NaN
10.618367280653,20.0574302917311,NaN,NaN,NaN,NaN
10.4327989082077,17.3574920658673,NaN,NaN,NaN,NaN
9.8900057487623,18.7823083674072,NaN,NaN,NaN,NaN
10.0874380884528,15.589902293841,NaN,NaN,NaN,NaN
14.3785399105979,NaN,NaN,NaN,NaN,NaN
19.0811287259544,10.5116319262929,NaN,NaN,NaN,NaN
9.98427473318062,20.630353826527,NaN,NaN,NaN,NaN
8.71512826499849,12.2686235042254,23.7343842002238,NaN,NaN,NaN
9.75959060545972,21.1055834228852,40.2080615823496,NaN,NaN,NaN
10.434669772865,16.1489218507974,20.069043582616,42.3210304195948,22.766169260033,7.64171707162921
9.82826065776403,20.8780933238119,NaN,NaN,NaN,NaN
10.0805445767381,NaN,NaN,NaN,NaN,NaN
9.30135075291601,20.2918583015634,NaN,NaN,NaN,NaN
18.4060931048638,10.2188688984619,NaN,NaN,NaN,NaN
10.2167218088749,NaN,NaN,NaN,NaN,NaN
9.8926023255147,19.8087320121263,NaN,NaN,NaN,NaN
11.0995942623318,23.2851278099326,NaN,NaN,NaN,NaN
9.42306962071159,18.5366522744865,NaN,NaN,NaN,NaN
10.1752648571629,19.6969904873046,NaN,NaN,NaN,NaN
9.10359088872301,18.5693712615357,NaN,NaN,NaN,NaN
9.99145548010996,18.4005211663874,45.3778457213909,NaN,NaN,NaN
9.38865916010616,13.9632299951736,NaN,NaN,NaN,NaN
10.4092393407443,16.9893968106795,NaN,NaN,NaN,NaN
10.3645694138383,42.5052175963627,18.0184041807332,NaN,NaN,NaN
21.130015044247,10.0912318923303,NaN,NaN,NaN,NaN
9.70459280900501,19.5195620924214,NaN,NaN,NaN,NaN
9.54545715716201,18.6404146599142,NaN,NaN,NaN,NaN
9.16209162700491,11.8412604247418,21.5090628163884,NaN,NaN,NaN
9.8368674100091,NaN,NaN,NaN,NaN,NaN
10.3509547420455,19.6332110919284,NaN,NaN,NaN,NaN
9.95968469746243,17.9549594044312,NaN,NaN,NaN,NaN
9.41399339494623,14.6607855825581,18.8108625050032,NaN,NaN,NaN
9.37010336117542,11.4219239106447,19.7737271231856,27.7131783341357,NaN,NaN
10.2209835581907,15.8810400815615,19.2349101696478,26.1416087269236,35.8706188849015,NaN
10.164267177999,17.6890850783663,NaN,NaN,NaN,NaN
9.05364423079748,20.1762650561928,NaN,NaN,NaN,NaN
10.2631848086861,18.7612703003061,NaN,NaN,NaN,NaN
10.3672461340757,19.4608748772019,NaN,NaN,NaN,NaN
11.1160501970509,20.6743670010833,NaN,NaN,NaN,NaN
10.6578475086693,20.6272978113958,NaN,NaN,NaN,NaN
10.7275210794221,19.758256779599,NaN,NaN,NaN,NaN
6.92343195250578,NaN,NaN,NaN,NaN,NaN
10.0227979821839,12.9535481388219,NaN,NaN,NaN,NaN
9.41577348991788,13.9145467223399,NaN,NaN,NaN,NaN
10.9187537610742,42.8464791807069,19.248880073849,NaN,NaN,NaN
9.83024668739058,32.5123475897382,17.1672481179436,NaN,NaN,NaN
10.7541951270341,19.1046193401165,NaN,NaN,NaN,NaN
11.0068979296691,NaN,NaN,NaN,NaN,NaN
10.297635492107,22.5387681150305,NaN,NaN,NaN,NaN
10.456625058843,17.2769032014998,NaN,NaN,NaN,NaN
10.070822171563,19.1760758054858,NaN,NaN,NaN,NaN
10.6771239027778,20.3704041651979,NaN,NaN,NaN,NaN
9.92924493935538,15.8336030990289,NaN,NaN,NaN,NaN
9.48541027842744,14.4691049326967,NaN,NaN,NaN,NaN
10.0616277670588,19.1716752862904,NaN,NaN,NaN,NaN
10.3721403469128,17.358564176883,NaN,NaN,NaN,NaN
10.6826926558586,20.6551975064788,NaN,NaN,NaN,NaN
9.69326006392158,16.0236410169981,NaN,NaN,NaN,NaN
10.2443703161611,17.5902532518534,NaN,NaN,NaN,NaN
10.9149372874639,46.5239100184899,20.3815641921902,NaN,NaN,NaN
9.60309829735163,20.9964421256818,NaN,NaN,NaN,NaN
10.8538318904007,20.7018675504899,NaN,NaN,NaN,NaN
17.040828991575,10.4240578118941,13.9862782423004,NaN,NaN,NaN
11.1126900725244,46.9237553322625,23.4294401659585,18.4703912424983,NaN,NaN
10.2445818122402,21.0236586033566,NaN,NaN,NaN,NaN
10.0565079271257,12.6949845004726,21.1082979074926,NaN,NaN,NaN
12.287808387581,NaN,NaN,NaN,NaN,NaN
10.4529890203081,16.4103780162032,20.5201409321937,NaN,NaN,NaN
9.41456654712062,20.1071254312746,NaN,NaN,NaN,NaN
10.2807964619107,19.8000276194227,NaN,NaN,NaN,NaN
10.1240481752895,17.5676361325804,NaN,NaN,NaN,NaN
9.73687272395018,12.6817892225659,18.6275913090941,35.1267565743823,NaN,NaN
14.0935650551287,9.89249291795912,21.8217032985239,NaN,NaN,NaN
9.92668164293578,20.9324908885442,NaN,NaN,NaN,NaN
10.0548360785022,19.548979192071,NaN,NaN,NaN,NaN
10.1086189333502,17.1303699029029,NaN,NaN,NaN,NaN
9.73098851878905,NaN,NaN,NaN,NaN,NaN
10.0273866860432,19.8054988744833,NaN,NaN,NaN,NaN
10.010510937917,17.5295527278899,NaN,NaN,NaN,NaN
10.6192480277999,19.9539295508061,NaN,NaN,NaN,NaN
11.3776754973683,16.6583543165492,47.5007362493071,23.2738454737234,NaN,NaN
10.6626663805304,21.9497999992072,NaN,NaN,NaN,NaN
9.84348151594829,17.8147576441166,42.770804544179,NaN,NaN,NaN
10.499143811941,15.9692609827136,NaN,NaN,NaN,NaN
9.72364011465621,20.6046494812796,NaN,NaN,NaN,NaN
10.567897407765,18.0821781717755,23.0396098277775,NaN,NaN,NaN
9.78471068391574,18.5370140583986,NaN,NaN,NaN,NaN
10.1653437900216,18.6289172306315,33.2151011141724,NaN,NaN,NaN
9.74822190979615,16.432772415183,NaN,NaN,NaN,NaN
10.084573849516,NaN,NaN,NaN,NaN,NaN
10.0560596080615,17.0023615530355,22.3539571167851,NaN,NaN,NaN
9.84371614095098,19.863460887055,NaN,NaN,NaN,NaN
10.1142626200486,14.536559210705,NaN,NaN,NaN,NaN
10.8797476700444,18.6742970939675,NaN,NaN,NaN,NaN
9.16602359394768,36.0599095929248,17.8869335510718,NaN,NaN,NaN
10.5669054090089,18.528843873651,NaN,NaN,NaN,NaN
10.5940110927298,19.910246746037,NaN,NaN,NaN,NaN
9.8829989453779,18.0415616191441,NaN,NaN,NaN,NaN
12.8258575541464,NaN,NaN,NaN,NaN,NaN
9.85382339045378,18.6304793444718,NaN,NaN,NaN,NaN
9.9564569822169,17.0621630326307,NaN,NaN,NaN,NaN
10.578259732575,23.6785006291836,20.0817033690599,NaN,NaN,NaN
10.322819606302,19.577838700008,NaN,NaN,NaN,NaN
10.0346338560968,18.4177257780194,NaN,NaN,NaN,NaN
9.50079812438497,16.367173711217,NaN,NaN,NaN,NaN
10.493210127717,41.7367642076057,18.8352779861084,NaN,NaN,NaN
9.9956158874671,NaN,NaN,NaN,NaN,NaN
9.36638433975441,20.6356030430158,NaN,NaN,NaN,NaN
9.88099781707703,22.4869049268387,NaN,NaN,NaN,NaN
10.4460301754611,19.0913981012324,NaN,NaN,NaN,NaN
9.92663400495476,17.3765983831186,NaN,NaN,NaN,NaN
10.0093495879511,10.5194751389823,NaN,NaN,NaN,NaN
10.5522812432375,19.9420908662494,NaN,NaN,NaN,NaN
9.39967220244215,15.088359318756,1.00001747602348,45.4782724826721,NaN,NaN
9.94253507596549,21.0130437451762,31.8460708720924,46.3304675371796,39.8339903920329,NaN
10.2688795446252,7.29821399858327,NaN,NaN,NaN,NaN
9.60304983095335,20.2397925330678,NaN,NaN,NaN,NaN
9.91592733344873,19.0191941552187,NaN,NaN,NaN,NaN
9.78261035663281,18.4824524675749,27.1355528546797,40.0886324976431,NaN,NaN
10.336340625319,13.0553129315418,NaN,NaN,NaN,NaN
9.69297915987351,12.5352603101857,30.4162487171814,24.5992248654491,19.2586501005548,NaN
10.4703009242734,16.0551049690644,21.8254003324053,NaN,NaN,NaN
10.5430442168466,19.1962341752108,NaN,NaN,NaN,NaN
6.30319583578018,NaN,NaN,NaN,NaN,NaN
10.136150043629,21.2961404940032,NaN,NaN,NaN,NaN
10.1730422249058,20.1376631534813,NaN,NaN,NaN,NaN
11.4969821765095,21.7613163419377,NaN,NaN,NaN,NaN
11.7929647009563,NaN,NaN,NaN,NaN,NaN
10.1875155430096,17.9816368886435,NaN,NaN,NaN,NaN
11.4901720689742,34.6069794280031,NaN,NaN,NaN,NaN
11.1441326646616,19.7355797245796,NaN,NaN,NaN,NaN
9.40084791639981,19.4316809506162,NaN,NaN,NaN,NaN
12.0985914776947,NaN,NaN,NaN,NaN,NaN
9.37372890326652,19.3092228355692,NaN,NaN,NaN,NaN
10.1561584989814,19.3360580022605,NaN,NaN,NaN,NaN
10.0167720650311,18.2765287654544,NaN,NaN,NaN,NaN
10.6257262030427,19.8397739993338,NaN,NaN,NaN,NaN
15.6301640863305,NaN,NaN,NaN,NaN,NaN
9.77742368418336,12.9398721805929,NaN,NaN,NaN,NaN
10.4567610144,14.2928915888334,NaN,NaN,NaN,NaN
10.4192219055378,19.3456191363612,NaN,NaN,NaN,NaN
9.5180163813132,13.6538607463242,NaN,NaN,NaN,NaN
10.3632395187639,17.7419509537822,NaN,NaN,NaN,NaN
13.5202750487364,NaN,NaN,NaN,NaN,NaN
10.2072958495681,18.1386240074265,NaN,NaN,NaN,NaN
10.3881846625747,13.0401027331334,NaN,NaN,NaN,NaN
10.1426915580399,12.3229129545964,35.1309222165571,NaN,NaN,NaN
10.3313692354694,19.3446870213916,NaN,NaN,NaN,NaN
9.37952556006696,10.5847292954522,21.3090241043366,26.739232039021,NaN,NaN
18.8467355024627,11.2910734471536,NaN,NaN,NaN,NaN
10.0241278590522,14.5428764904956,NaN,NaN,NaN,NaN
9.92287476473076,20.056420627676,NaN,NaN,NaN,NaN
9.90579223429394,18.6851682460284,NaN,NaN,NaN,NaN
10.1235682302298,19.8685500491887,45.6420495502037,NaN,NaN,NaN
10.5394766728456,12.6401167831363,NaN,NaN,NaN,NaN
10.639424572071,20.575807526701,NaN,NaN,NaN,NaN
10.1464256687366,19.2096634995662,NaN,NaN,NaN,NaN
10.4826298531907,15.5917242738845,NaN,NaN,NaN,NaN
9.91350706774249,12.7928238245439,NaN,NaN,NaN,NaN
9.45089775616268,18.9835077979282,NaN,NaN,NaN,NaN
10.5053745565369,28.5916198775742,18.862877088574,NaN,NaN,NaN
9.60626227434899,15.1859071482588,NaN,NaN,NaN,NaN
10.003050837045,11.2250480224539,NaN,NaN,NaN,NaN
10.4094918158385,20.7517173391521,NaN,NaN,NaN,NaN
9.65643944998761,NaN,NaN,NaN,NaN,NaN
10.8054105681609,19.5959993412585,NaN,NaN,NaN,NaN
10.8222132528387,21.1743769593397,NaN,NaN,NaN,NaN
9.93796656327932,19.2737332095075,NaN,NaN,NaN,NaN
9.90900280584616,21.9194748172657,NaN,NaN,NaN,NaN
9.67199464463122,18.3138844839548,25.8145322942438,NaN,NaN,NaN
10.2190903160321,19.4382935801809,38.0772289458045,NaN,NaN,NaN
22.1422892653657,10.3340492483018,17.4859970073059,NaN,NaN,NaN
9.83872819438343,18.9508592625229,NaN,NaN,NaN,NaN
9.82080242676773,18.2663821128511,NaN,NaN,NaN,NaN
10.2837999918656,20.0441829721998,NaN,NaN,NaN,NaN
10.0044008130418,22.137129190088,16.4574081524252,NaN,NaN,NaN
10.0750702291975,13.2432753652422,NaN,NaN,NaN,NaN
10.6051968415279,19.6351587588423,31.3385849698476,NaN,NaN,NaN
9.97257892888288,NaN,NaN,NaN,NaN,NaN
10.2234631616973,21.90692920634,NaN,NaN,NaN,NaN
11.9547242406866,NaN,NaN,NaN,NaN,NaN
11.0260126021701,17.4518430504835,NaN,NaN,NaN,NaN
10.0649588015968,NaN,NaN,NaN,NaN,NaN
10.1351140791221,18.9049571461939,NaN,NaN,NaN,NaN
9.5436560225603,18.9075173564887,NaN,NaN,NaN,NaN
9.71801276396717,16.1639851197151,NaN,NaN,NaN,NaN
11.2183130719833,49.5062200594289,21.3326839259104,42.5027642786128,27.7851815948533,NaN
10.5124328725597,19.3117847850959,NaN,NaN,NaN,NaN
9.99245906785034,20.2388080165131,47.2931240024448,32.9162752238298,NaN,NaN
11.1111536325335,NaN,NaN,NaN,NaN,NaN
10.9499615831495,42.5419960917974,NaN,NaN,NaN,NaN
10.1136889709385,15.8532057117445,NaN,NaN,NaN,NaN
10.1565335469104,18.7875635089495,NaN,NaN,NaN,NaN
9.9832636017153,19.0866248185975,NaN,NaN,NaN,NaN
10.68099818171,22.5149026591252,NaN,NaN,NaN,NaN
20.4128751889087,9.67013968974796,NaN,NaN,NaN,NaN
9.97094267910395,18.2084361544528,NaN,NaN,NaN,NaN
9.82471315148012,18.9084988927915,NaN,NaN,NaN,NaN
11.3826875872128,NaN,NaN,NaN,NaN,NaN
10.412422473112,18.7904088044396,NaN,NaN,NaN,NaN
10.0016242621592,20.479473310971,40.4710273470345,NaN,NaN,NaN
8.97592136615151,18.3536736698219,NaN,NaN,NaN,NaN
10.2328551706322,40.5908760335957,18.9172939785102,NaN,NaN,NaN
10.1124814529756,37.188619946131,22.2044436313062,NaN,NaN,NaN
10.3818709688984,18.6339584312065,NaN,NaN,NaN,NaN
8.07240669369308,11.5200487827166,20.3537432550225,25.1267371121221,35.9410040419542,NaN
9.83252954968436,17.4147904818928,NaN,NaN,NaN,NaN
10.3761153879241,22.3361022639873,NaN,NaN,NaN,NaN
9.71665129940043,19.6845352292014,NaN,NaN,NaN,NaN
9.85581373079386,18.6235074003822,49.45608793195,25.8848765199454,NaN,NaN
9.64655962733475,16.3997808892249,NaN,NaN,NaN,NaN
14.253757951726,NaN,NaN,NaN,NaN,NaN
10.1128079877258,18.606685476055,47.297616354524,NaN,NaN,NaN
10.3798950084917,19.1390098179979,NaN,NaN,NaN,NaN
10.5469251185182,23.0712202221563,16.4021249785753,36.3443261209448,5.18823526974887,NaN
10.3527434117181,20.2265132784669,NaN,NaN,NaN,NaN
11.5567181224674,NaN,NaN,NaN,NaN,NaN
10.6808247859196,20.9861302480565,NaN,NaN,NaN,NaN
10.5781454344815,14.5414283120543,NaN,NaN,NaN,NaN
11.1766472965057,20.8637703111094,NaN,NaN,NaN,NaN
10.0327403145453,48.4235057867165,19.8036166921287,NaN,NaN,NaN
9.6407419269917,7.22805735259439,NaN,NaN,NaN,NaN
22.7046576498117,10.9037769996685,NaN,NaN,NaN,NaN
9.98752977861296,33.7480333536334,12.6445803712427,NaN,NaN,NaN
10.1039587015097,17.6210156298775,NaN,NaN,NaN,NaN
9.28715989853246,19.0458594079415,NaN,NaN,NaN,NaN
9.83028285076237,40.3648745617692,20.0468701522987,NaN,NaN,NaN
9.9537939383342,18.6031818201679,NaN,NaN,NaN,NaN
10.3800678803883,19.8722017934103,NaN,NaN,NaN,NaN
10.4364701788886,19.1948021541222,NaN,NaN,NaN,NaN
11.0114087944332,18.3814406899286,41.9226520310605,23.0981002198613,NaN,NaN
10.4043189145949,18.7893295512838,NaN,NaN,NaN,NaN
11.3062787097184,22.3332045558615,45.0193633762778,NaN,NaN,NaN
10.527927253004,21.8888937839616,NaN,NaN,NaN,NaN
10.5402627099402,29.0375670894728,18.9443108679754,NaN,NaN,NaN
10.7612454758887,20.8520591373322,31.9866925144016,NaN,NaN,NaN
10.3831589787743,18.8732952907033,NaN,NaN,NaN,NaN
10.1960747541664,22.7375078241501,NaN,NaN,NaN,NaN
9.91219832506835,18.345948867502,NaN,NaN,NaN,NaN
11.0684157153174,NaN,NaN,NaN,NaN,NaN
10.2786407979202,21.1943595191676,NaN,NaN,NaN,NaN
10.2409901834888,20.9721758443358,NaN,NaN,NaN,NaN
10.2043601828763,14.8353035532258,NaN,NaN,NaN,NaN
19.9919984325593,9.83907573848299,NaN,NaN,NaN,NaN
9.80411374502636,15.1456319086338,NaN,NaN,NaN,NaN
14.4030932604308,NaN,NaN,NaN,NaN,NaN
10.8158861431568,19.0960704116963,NaN,NaN,NaN,NaN
18.3956566105213,10.372978533121,NaN,NaN,NaN,NaN
10.8622673961871,NaN,NaN,NaN,NaN,NaN
9.90995099702789,19.0512944371654,NaN,NaN,NaN,NaN
9.86937491705651,18.7271334153038,NaN,NaN,NaN,NaN
10.9783537569229,17.2139849703494,21.3050463229553,NaN,NaN,NaN
10.2841762617211,20.9336132166559,NaN,NaN,NaN,NaN
9.50789340911342,16.514800907654,NaN,NaN,NaN,NaN
10.0710269002808,19.8940354285442,NaN,NaN,NaN,NaN
11.1168126286628,NaN,NaN,NaN,NaN,NaN
9.82104298634637,18.4392041437646,NaN,NaN,NaN,NaN
19.8071300504293,10.1856841747791,NaN,NaN,NaN,NaN
8.13586503474329,10.8437057874325,20.2728514180733,3.81911306874969,NaN,NaN
10.1692001867077,17.575143744755,NaN,NaN,NaN,NaN
9.92695856379079,18.1792225318786,31.5733650728959,NaN,NaN,NaN
9.74638316579234,19.3253638351694,NaN,NaN,NaN,NaN
6.57817868570504,NaN,NaN,NaN,NaN,NaN
10.0622907135784,18.666081509933,NaN,NaN,NaN,NaN
10.6147403419301,21.4376020751353,NaN,NaN,NaN,NaN
10.0371351731797,18.2649174513412,NaN,NaN,NaN,NaN
9.6360117650104,16.4101481005213,NaN,NaN,NaN,NaN
10.5410624644446,18.5607607786239,NaN,NaN,NaN,NaN
10.0142358233698,17.5078629092012,NaN,NaN,NaN,NaN
10.1741038651817,19.3694499082597,NaN,NaN,NaN,NaN
9.11402780645183,NaN,NaN,NaN,NaN,NaN
10.8950966434101,19.8057828595746,NaN,NaN,NaN,NaN
9.89197708951939,19.902408971699,NaN,NaN,NaN,NaN
10.3508739264927,18.8987324709118,46.0044403450541,40.6787813105494,NaN,NaN
10.5989171250709,20.8452359058549,NaN,NaN,NaN,NaN
10.7396752374493,26.1935689399082,21.5881907380145,NaN,NaN,NaN
9.93347105017224,19.0791710766901,NaN,NaN,NaN,NaN
10.093960503732,NaN,NaN,NaN,NaN,NaN
9.87665269512893,19.2660462857214,NaN,NaN,NaN,NaN
10.207841059472,20.0402130744865,NaN,NaN,NaN,NaN
9.56509584634138,20.5939194304513,48.3511114151238,NaN,NaN,NaN
9.79463621732574,18.0025729732137,NaN,NaN,NaN,NaN
9.76244005955776,14.7557324512523,NaN,NaN,NaN,NaN
10.0528328072254,44.0119049522857,20.7268686632428,NaN,NaN,NaN
10.132779026357,19.0756377630485,NaN,NaN,NaN,NaN
11.0848605528617,18.6778324268051,NaN,NaN,NaN,NaN
11.1906560974664,21.2546732317616,NaN,NaN,NaN,NaN
9.47697413110172,10.248772059634,NaN,NaN,NaN,NaN
9.95305175301974,19.2624082639973,NaN,NaN,NaN,NaN
11.0267819748657,17.0566840268519,NaN,NaN,NaN,NaN
10.4791873091049,NaN,NaN,NaN,NaN,NaN
9.8339660417635,14.3840701300529,NaN,NaN,NaN,NaN
6.70435911435325,NaN,NaN,NaN,NaN,NaN
10.9228179273006,21.9768105353083,NaN,NaN,NaN,NaN
10.5610543169452,20.6313738331926,NaN,NaN,NaN,NaN
10.3816147997339,22.2658610402361,4.52812487572687,15.3220005922682,NaN,NaN
17.3080974975549,9.73676791469629,NaN,NaN,NaN,NaN
9.55174415330981,17.8879365806167,39.241040297588,NaN,NaN,NaN
10.7732878001428,22.5486179378726,NaN,NaN,NaN,NaN
12.0954910180264,NaN,NaN,NaN,NaN,NaN
10.2118633996443,18.863941832022,NaN,NaN,NaN,NaN
10.2267649340158,19.8643962904686,NaN,NaN,NaN,NaN
21.4312233818814,9.00201014797107,NaN,NaN,NaN,NaN
9.49987135224202,16.4786890530003,NaN,NaN,NaN,NaN
9.65501554538053,20.8766328282865,NaN,NaN,NaN,NaN
10.4697951439687,18.9256615276857,NaN,NaN,NaN,NaN
10.1036248493992,19.4215067681953,NaN,NaN,NaN,NaN
9.43610257489431,18.8862374750562,NaN,NaN,NaN,NaN
9.8842342595303,16.6975210935947,NaN,NaN,NaN,NaN
9.48205754778638,19.9863954322649,NaN,NaN,NaN,NaN
11.7370395897199,NaN,NaN,NaN,NaN,NaN
10.4529418351479,4.57781013824588,15.3292751097537,NaN,NaN,NaN
10.2452655077156,17.436786288119,NaN,NaN,NaN,NaN
10.0875231229982,18.5485968616617,NaN,NaN,NaN,NaN
10.6615971602175,20.1151614219142,NaN,NaN,NaN,NaN
10.4122318651221,NaN,NaN,NaN,NaN,NaN
9.69839544135036,19.5841502028404,NaN,NaN,NaN,NaN
10.2427739751579,14.3872109421165,NaN,NaN,NaN,NaN
10.5891437150078,20.5391505076125,NaN,NaN,NaN,NaN
10.1712879476581,18.8610384642304,NaN,NaN,NaN,NaN
10.0424355444784,18.5628122545391,NaN,NaN,NaN,NaN
10.2196673116338,16.0853407906246,NaN,NaN,NaN,NaN
9.79646234045552,19.9695753475636,NaN,NaN,NaN,NaN
13.747772452403,NaN,NaN,NaN,NaN,NaN
10.1396589867817,17.606202422859,NaN,NaN,NaN,NaN
9.42899052122456,19.5109396196264,NaN,NaN,NaN,NaN
10.0935084383509,17.5134364297325,24.2147702494925,NaN,NaN,NaN
22.5633115890433,10.4802631882604,18.4894193341863,NaN,NaN,NaN
10.4971769978554,21.735692830795,NaN,NaN,NaN,NaN
9.34839621657345,20.305037047385,NaN,NaN,NaN,NaN
9.84902595992268,3.05880488893253,20.047228557416,38.7611179627224,13.4858493061844,NaN
9.35276625686609,18.439015700334,NaN,NaN,NaN,NaN
9.96110884290627,17.6921785435588,34.5194924642732,NaN,NaN,NaN
10.7121729563496,21.6280451714631,42.204045617927,NaN,NaN,NaN
10.4137356314044,17.3857916576009,20.6614955844042,34.6041367039861,NaN,NaN
10.2422159884422,18.4675908581662,41.9251535325019,NaN,NaN,NaN
10.2318983678018,19.4726395971534,26.412783453663,NaN,NaN,NaN
9.00040275368314,17.6169863564352,43.8042454865367,NaN,NaN,NaN
10.1347512951273,22.9036774059349,NaN,NaN,NaN,NaN
10.2093922049201,21.1174080955462,NaN,NaN,NaN,NaN
10.0134018815145,NaN,NaN,NaN,NaN,NaN
10.4268693313875,20.2102145774219,NaN,NaN,NaN,NaN
10.0158972344492,18.3500989501753,NaN,NaN,NaN,NaN
8.84752459195374,43.4455439271776,12.7488445594396,NaN,NaN,NaN
10.5409591870161,22.575384213585,19.0856334005092,32.6336293527725,NaN,NaN
10.5392344103911,17.7348460290653,NaN,NaN,NaN,NaN
19.5226911365378,9.69136068724201,NaN,NaN,NaN,NaN
10.6308727541272,19.6147394535092,16.4701745986894,NaN,NaN,NaN
9.82404264557255,18.2907552859912,NaN,NaN,NaN,NaN
10.5115324855138,45.4921949693242,21.9907645896913,NaN,NaN,NaN
10.3189452177277,49.0278614551147,21.6823976509049,NaN,NaN,NaN
9.92934619688685,20.4928203213049,33.5374537423165,NaN,NaN,NaN
10.9951036331718,22.0736601639898,NaN,NaN,NaN,NaN
10.1405313047961,14.1675330177225,NaN,NaN,NaN,NaN
21.6779940076479,9.5600212402234,14.6144313298867,NaN,NaN,NaN
10.3798659338853,20.8499368840393,NaN,NaN,NaN,NaN
10.1789257098707,19.7469485872352,47.5177828495465,NaN,NaN,NaN
20.9996131917354,10.6948481180297,30.8464758849922,NaN,NaN,NaN
10.1426525340381,19.2781571545572,NaN,NaN,NaN,NaN
9.6399511374704,18.7100241579709,48.5496289641284,NaN,NaN,NaN
10.4224315321896,39.5267513322759,19.5650486962129,3.7005766508486,31.9500731442297,NaN
10.0047338718824,19.8036658968826,NaN,NaN,NaN,NaN
10.7611912053706,16.6452846299148,36.9270888840512,21.2228144108545,NaN,NaN
10.1027491118903,37.4640308770289,15.0627664020441,NaN,NaN,NaN
10.0160127731857,19.0674061141731,NaN,NaN,NaN,NaN
9.1104375061457,21.8115941898911,NaN,NaN,NaN,NaN
9.9212040375608,19.1570909286144,NaN,NaN,NaN,NaN
10.0063715674476,14.7573944035659,20.3298899830356,40.807797166833,27.6665783395262,NaN
10.3137019801362,17.1433705765654,27.6184340191306,NaN,NaN,NaN
9.75230253458009,17.1800179890178,NaN,NaN,NaN,NaN
9.85076543919023,18.7719907734897,NaN,NaN,NaN,NaN
10.528068754639,19.3685052004338,39.0291234965294,NaN,NaN,NaN
10.1780675454586,16.277425222943,21.9174802750135,19.7669231040501,NaN,NaN
10.1715376972363,29.7206654605518,13.931424180165,NaN,NaN,NaN
10.341119725992,24.9721236050813,17.6732600584338,NaN,NaN,NaN
10.1662349887985,20.3776259242871,NaN,NaN,NaN,NaN
6.72628556081921,NaN,NaN,NaN,NaN,NaN
10.7294779288197,20.1297064144055,39.789789779798,NaN,NaN,NaN
9.71654659916635,13.6308393977415,NaN,NaN,NaN,NaN
9.78059746217764,17.9143027829189,NaN,NaN,NaN,NaN
9.4587843179157,18.8450977060568,NaN,NaN,NaN,NaN
11.3668962164821,18.6332129936067,NaN,NaN,NaN,NaN
10.6664873236562,19.3220558592935,NaN,NaN,NaN,NaN
9.93456822792417,18.3670680095641,NaN,NaN,NaN,NaN
10.1666013537414,18.9680141762553,NaN,NaN,NaN,NaN
10.9889386781419,15.4453532118835,NaN,NaN,NaN,NaN
10.2250557898205,19.767178212992,NaN,NaN,NaN,NaN
9.72944134645839,22.3530065850898,NaN,NaN,NaN,NaN
8.94579143304041,14.4005420882882,NaN,NaN,NaN,NaN
10.1058409856266,17.8589791665362,21.3128463763284,30.3095932869683,NaN,NaN
10.1447548493181,19.6328255738023,25.2805331908723,NaN,NaN,NaN
9.98108886244999,21.0784222208196,NaN,NaN,NaN,NaN
9.64952578050018,20.1724630312139,NaN,NaN,NaN,NaN
10.5313788832839,20.4084641103274,32.3116814062276,42.70655137004,NaN,NaN
10.3776838401123,19.7137696786304,NaN,NaN,NaN,NaN
10.4581731202879,16.6066914823825,NaN,NaN,NaN,NaN
10.1941145510053,23.4532255206406,NaN,NaN,NaN,NaN
10.155140117527,19.7354206460605,NaN,NaN,NaN,NaN
10.0579903050795,19.4367508672102,NaN,NaN,NaN,NaN
9.46177546963067,21.6172986268054,NaN,NaN,NaN,NaN
10.4007859482957,19.8820604021368,NaN,NaN,NaN,NaN
10.2113102294019,19.496912279255,NaN,NaN,NaN,NaN
10.0948317655739,24.7239979460425,19.9937745733669,NaN,NaN,NaN
10.8737657981826,21.4156121884994,NaN,NaN,NaN,NaN
10.3668611082006,19.9190033955723,39.2584510709905,36.281302999054,NaN,NaN
12.1770574696607,NaN,NaN,NaN,NaN,NaN
10.6122871463402,20.3578549046241,NaN,NaN,NaN,NaN
10.2302042976786,16.1302153584304,NaN,NaN,NaN,NaN
10.0537171075436,19.8458218429537,NaN,NaN,NaN,NaN
9.74222724216124,19.8743152593742,NaN,NaN,NaN,NaN
10.3638753983595,21.7113187072564,NaN,NaN,NaN,NaN
10.0602813320376,19.5815932673781,NaN,NaN,NaN,NaN
10.0496964337824,22.6837504187911,NaN,NaN,NaN,NaN
9.83878719421087,18.7715371499623,NaN,NaN,NaN,NaN
10.2734959185295,19.8605210331166,NaN,NaN,NaN,NaN
13.6776783721497,NaN,NaN,NaN,NaN,NaN
9.87150864125968,21.7929114450606,NaN,NaN,NaN,NaN
10.3328691130797,20.8662158986237,45.9436436422937,NaN,NaN,NaN
10.5348624044445,19.7886365614,NaN,NaN,NaN,NaN
10.2277460441132,18.2848232747075,NaN,NaN,NaN,NaN
10.2621246092406,16.9841725940936,24.881205782165,NaN,NaN,NaN
9.56619063033665,13.2159988064167,20.6892840882685,NaN,NaN,NaN
9.65212951539227,19.3957893326257,46.6047454244807,NaN,NaN,NaN
10.4322713019401,11.0249223405438,NaN,NaN,NaN,NaN
9.99505112658114,16.5907810474326,30.043117760382,1.4056765801384,NaN,NaN
9.93785755836042,17.721287495578,NaN,NaN,NaN,NaN
9.74359823971268,17.6593681972562,NaN,NaN,NaN,NaN
10.200405043632,19.4225398044211,NaN,NaN,NaN,NaN
9.65745012237522,16.7703570371922,NaN,NaN,NaN,NaN
10.0048030503168,19.9828586883251,NaN,NaN,NaN,NaN
10.616714679281,17.6864060432474,28.9305999773573,NaN,NaN,NaN
9.87852263091699,20.3305684294691,NaN,NaN,NaN,NaN
9.88677706865991,22.3398804892593,NaN,NaN,NaN,NaN
9.67048564998759,18.8319936366329,NaN,NaN,NaN,NaN
13.9149254795025,NaN,NaN,NaN,NaN,NaN
8.37303650202909,13.5405585640536,37.9394655415125,NaN,NaN,NaN
9.97485634670092,14.6539904486025,NaN,NaN,NaN,NaN
10.4061375204895,18.884757347151,NaN,NaN,NaN,NaN
19.3249278929963,46.19894235323,9.71305302868416,38.9953246429238,NaN,NaN
10.0692322605405,18.4122864384481,NaN,NaN,NaN,NaN
10.4841365091082,21.2185752497082,NaN,NaN,NaN,NaN
10.2653479244376,18.4806830725037,NaN,NaN,NaN,NaN
10.3612072054789,19.6213646670174,NaN,NaN,NaN,NaN
9.96050614098944,17.2864734701298,NaN,NaN,NaN,NaN
10.2502356115411,19.8866853061893,NaN,NaN,NaN,NaN
22.9092662751262,10.4462628602919,NaN,NaN,NaN,NaN
10.2000438587831,21.1113036788918,9.65194157275742,NaN,NaN,NaN
10.710188817865,18.7706754937403,NaN,NaN,NaN,NaN
9.55971520968565,23.8599990211906,18.1739393269127,35.4523095194997,NaN,NaN
10.295438985661,17.7495082421718,NaN,NaN,NaN,NaN
9.84735580442617,16.4782814619316,NaN,NaN,NaN,NaN
10.9795448161535,44.9058381624004,20.2817397286487,NaN,NaN,NaN
9.83072535636513,15.5379082489421,NaN,NaN,NaN,NaN
10.4303750008454,20.6586642146916,NaN,NaN,NaN,NaN
10.3591938418773,44.5872656149723,16.4995483078761,NaN,NaN,NaN
10.699977498623,11.000095850712,NaN,NaN,NaN,NaN
10.3022628524117,21.0326351959938,NaN,NaN,NaN,NaN
9.84564952886244,18.0067976633701,NaN,NaN,NaN,NaN
10.3715747409506,20.7120964694722,31.4676995833168,42.6919449192093,NaN,NaN
9.70544920741307,17.864538298517,NaN,NaN,NaN,NaN
10.0824517433638,17.375781573224,NaN,NaN,NaN,NaN
9.80658699101678,18.4277086369099,NaN,NaN,NaN,NaN
10.7239576020511,19.7875917287637,NaN,NaN,NaN,NaN
10.2788022164061,20.0903401974354,NaN,NaN,NaN,NaN
10.7299067613188,18.5532667315653,NaN,NaN,NaN,NaN
9.9320685842816,14.9850484738443,NaN,NaN,NaN,NaN
10.2152889141815,26.3325903683215,17.8123425410929,NaN,NaN,NaN
10.4066739746695,18.1475610993043,39.2986364847739,NaN,NaN,NaN
10.1826776172923,24.1602485057797,13.3282669767358,20.079340976757,NaN,NaN
10.1109894706477,37.6112037372981,20.3827764319954,NaN,NaN,NaN
9.93140258532453,20.8061344994455,NaN,NaN,NaN,NaN
9.46341599368286,18.7922108478916,NaN,NaN,NaN,NaN
22.9420004846799,10.6023436606417,NaN,NaN,NaN,NaN
10.6262774052666,19.1869354934496,33.7730107665757,NaN,NaN,NaN
9.82711246078914,17.3164126200907,31.3832766818789,NaN,NaN,NaN
10.07283584661,17.0045021305077,NaN,NaN,NaN,NaN
10.4340995046545,18.5344048432606,22.701152376758,NaN,NaN,NaN
19.832354690811,10.6718485158679,NaN,NaN,NaN,NaN
10.3015211033748,13.955368617563,NaN,NaN,NaN,NaN
9.70642629599646,18.515236590748,32.9956702850337,NaN,NaN,NaN
10.4219158579831,22.3668197029084,NaN,NaN,NaN,NaN
10.8234980561617,20.0606224590477,46.8970679819469,25.2439990259629,NaN,NaN
10.8532070659876,42.2895386822414,22.5038981004267,NaN,NaN,NaN
10.0654437145683,47.5288291550497,28.343814356499,17.7313343587599,NaN,NaN
13.6580108242916,NaN,NaN,NaN,NaN,NaN
10.1041806514722,18.0426407251962,NaN,NaN,NaN,NaN
10.2195412280152,19.4111993376328,NaN,NaN,NaN,NaN
10.2404883013831,16.4934940538301,NaN,NaN,NaN,NaN
10.0751001968939,20.1639840848629,NaN,NaN,NaN,NaN
9.73436555561425,19.9532838778432,NaN,NaN,NaN,NaN
10.1783410428368,20.2352403193983,NaN,NaN,NaN,NaN
11.6152621258499,23.0099723743107,NaN,NaN,NaN,NaN
9.95628422255819,19.2771360467066,NaN,NaN,NaN,NaN
10.0333326824558,18.6987036994563,NaN,NaN,NaN,NaN
11.2827182765983,22.936830663485,NaN,NaN,NaN,NaN
8.60635577683563,18.4649607668659,36.4135629957398,11.7887541441712,26.3049485139066,NaN
10.1863755442846,21.5928113999365,NaN,NaN,NaN,NaN
10.0275903133099,19.8651586336505,NaN,NaN,NaN,NaN
9.58607347129178,18.7729858452363,NaN,NaN,NaN,NaN
11.3292232452581,23.895251917249,NaN,NaN,NaN,NaN
10.9864832102311,NaN,NaN,NaN,NaN,NaN
10.2891545606432,20.1858662200694,35.1869997424608,NaN,NaN,NaN
10.1980262367012,NaN,NaN,NaN,NaN,NaN
10.0061774438601,14.155632438317,NaN,NaN,NaN,NaN
10.4327651821841,15.4347273639432,NaN,NaN,NaN,NaN
12.3875223449213,NaN,NaN,NaN,NaN,NaN
9.68514896446673,19.3454436990227,NaN,NaN,NaN,NaN
10.2573731989308,15.6981442551218,NaN,NaN,NaN,NaN
10.4752454228165,17.5560798979056,NaN,NaN,NaN,NaN
9.65002449239266,18.1382146008065,NaN,NaN,NaN,NaN
10.3265975129657,19.644831240408,NaN,NaN,NaN,NaN
10.3737197965988,NaN,NaN,NaN,NaN,NaN
10.8616183487135,21.9481095219619,NaN,NaN,NaN,NaN
10.2099282013416,18.796291413891,23.1442893560803,NaN,NaN,NaN
9.92355012892843,21.2606885298991,NaN,NaN,NaN,NaN
9.93671290340912,18.2575331962244,NaN,NaN,NaN,NaN
9.80414695503711,15.0160414608228,22.6336725682506,NaN,NaN,NaN
11.0243607466634,22.4593864068345,NaN,NaN,NaN,NaN
10.1755053439796,20.6860635101354,NaN,NaN,NaN,NaN
9.9451174572755,18.4904586078135,NaN,NaN,NaN,NaN
10.8341905905901,20.3468655759143,NaN,NaN,NaN,NaN
10.6362765361875,18.9866589429979,NaN,NaN,NaN,NaN
10.6078341335991,15.7611926373348,24.1067094501081,NaN,NaN,NaN
11.7709110652824,NaN,NaN,NaN,NaN,NaN
9.8731903898254,15.7519686195156,NaN,NaN,NaN,NaN
13.1494627680323,NaN,NaN,NaN,NaN,NaN
10.5304431428845,NaN,NaN,NaN,NaN,NaN
14.5883646381558,NaN,NaN,NaN,NaN,NaN
10.3433186574417,19.4906519692806,NaN,NaN,NaN,NaN
10.472733306553,17.8370821204294,NaN,NaN,NaN,NaN
10.3416014477511,41.2145212631622,19.49045099104,28.2460630775218,NaN,NaN
10.8019597031065,20.0802571328581,NaN,NaN,NaN,NaN
10.4690273226663,17.8722301183139,NaN,NaN,NaN,NaN
12.046504256199,NaN,NaN,NaN,NaN,NaN
7.29326289612943,NaN,NaN,NaN,NaN,NaN
9.71667029520423,49.4596638663859,20.0930771214104,NaN,NaN,NaN
10.4855338014612,18.1205433142372,36.5789650065166,23.8615596067329,33.6443152848368,NaN
20.5242468537423,9.73141646135072,NaN,NaN,NaN,NaN
10.5838057644876,19.8241801473397,NaN,NaN,NaN,NaN
10.5812283736642,19.1687905321251,NaN,NaN,NaN,NaN
10.3430934765988,21.5074036874629,NaN,NaN,NaN,NaN
10.9142354221539,22.2599362311677,NaN,NaN,NaN,NaN
10.2269407669315,18.4411194804124,NaN,NaN,NaN,NaN
10.1516395533691,16.0278147497309,NaN,NaN,NaN,NaN
10.0170044740125,18.5882751966469,NaN,NaN,NaN,NaN
9.58212449329826,13.5717940060972,NaN,NaN,NaN,NaN
10.3316648080016,15.8999893712848,NaN,NaN,NaN,NaN
10.5556480340362,20.5521669089598,49.9999991139043,NaN,NaN,NaN
8.47544123268757,NaN,NaN,NaN,NaN,NaN
9.89968080958875,18.9948303378786,NaN,NaN,NaN,NaN
10.1155945112047,19.5417262079073,NaN,NaN,NaN,NaN
10.6000684386322,19.2500047083454,NaN,NaN,NaN,NaN
9.9465241738389,17.4265531296198,NaN,NaN,NaN,NaN
9.36488735357941,NaN,NaN,NaN,NaN,NaN
10.2416573770164,19.9420603443193,NaN,NaN,NaN,NaN
9.95711926077734,18.4056235875193,NaN,NaN,NaN,NaN
10.4078105851977,9.5394294981989,NaN,NaN,NaN,NaN
9.35770272416661,41.3244397387877,19.8611997506262,NaN,NaN,NaN
9.72942433529747,18.190287392459,NaN,NaN,NaN,NaN
10.526930112975,22.6461219292545,NaN,NaN,NaN,NaN
10.1382522248815,18.3153746485305,NaN,NaN,NaN,NaN
11.0387482287449,44.2877937732373,NaN,NaN,NaN,NaN
10.9550091520673,22.2670464483666,NaN,NaN,NaN,NaN
10.9011689046986,18.3336448279532,39.5914937242369,NaN,NaN,NaN
10.725797083516,20.1646786978606,45.127136458235,NaN,NaN,NaN
10.3241710293749,19.5420111498443,NaN,NaN,NaN,NaN
10.9566010918575,19.1476186799727,NaN,NaN,NaN,NaN
10.2974641947847,19.4022330992861,34.9650470108189,NaN,NaN,NaN
10.4890414978175,19.7636824635982,NaN,NaN,NaN,NaN
11.5382452564355,22.0985073273801,NaN,NaN,NaN,NaN
17.3396689063849,10.1911974282739,38.0903878034629,22.3044774783488,NaN,NaN
10.3049066285615,21.0647154045787,NaN,NaN,NaN,NaN
10.2335463382937,13.8087686501154,NaN,NaN,NaN,NaN
13.4778704968151,NaN,NaN,NaN,NaN,NaN
10.010239561383,22.0864551797032,NaN,NaN,NaN,NaN
9.47054449845875,16.000708686846,NaN,NaN,NaN,NaN
10.7887801516088,37.4593574273159,18.3064682587045,24.3051791067373,NaN,NaN
9.80500820309234,16.9860769474401,NaN,NaN,NaN,NaN
18.2565149531962,10.0559698189564,NaN,NaN,NaN,NaN
16.6466694397208,NaN,NaN,NaN,NaN,NaN
10.6529424996019,18.5999276321288,NaN,NaN,NaN,NaN
9.60085738630377,16.3895532295479,NaN,NaN,NaN,NaN
9.68162344138965,18.7811267838536,NaN,NaN,NaN,NaN
9.84282018108756,13.1087205552718,NaN,NaN,NaN,NaN
9.81271102006578,29.2511411755093,16.7875031231168,49.4374294527509,NaN,NaN
9.86725624866454,18.2456169053209,NaN,NaN,NaN,NaN
9.89240231322169,22.5656256700975,NaN,NaN,NaN,NaN
9.54651612260717,15.7864773312161,NaN,NaN,NaN,NaN
11.813720338591,20.054512308735,NaN,NaN,NaN,NaN
10.2363264043553,19.1640193610575,NaN,NaN,NaN,NaN
9.51946828972247,18.2330691684164,NaN,NaN,NaN,NaN
11.3248664639061,21.1864568217808,NaN,NaN,NaN,NaN
9.92013108130439,17.0229805603524,NaN,NaN,NaN,NaN
10.0308546086502,13.5936677340926,NaN,NaN,NaN,NaN
10.741217947703,19.4659825280108,NaN,NaN,NaN,NaN
9.74091127392709,18.3787621546028,NaN,NaN,NaN,NaN
10.0641686006313,19.9331844777956,16.2644172057288,34.5091665949998,NaN,NaN
10.652883155089,20.2920420476927,NaN,NaN,NaN,NaN
5.95637627893181,10.3830738053175,19.8250182861883,27.139447338678,NaN,NaN
10.3620039752939,19.5792512199434,NaN,NaN,NaN,NaN
9.99216333115369,16.990134948712,NaN,NaN,NaN,NaN
10.1923671502595,19.6556526380062,NaN,NaN,NaN,NaN
9.8720535124988,19.2159029958251,NaN,NaN,NaN,NaN
10.4961642570208,22.7305622362704,16.0383972211276,18.9746428348153,NaN,NaN
10.6019552942468,17.2972264858001,49.1338576870472,NaN,NaN,NaN
9.88295827063967,19.2841247693735,NaN,NaN,NaN,NaN
13.1125660120638,32.5441476398296,NaN,NaN,NaN,NaN
10.9379614641133,19.344420818284,NaN,NaN,NaN,NaN
9.61207835910321,19.1991407032761,NaN,NaN,NaN,NaN
9.16660829218027,11.8633442739459,20.0460599340793,NaN,NaN,NaN
10.7960520750078,22.5385722417129,32.8085938581969,NaN,NaN,NaN
10.088313520372,20.484634276561,NaN,NaN,NaN,NaN
10.5791518707837,20.1485409692856,4.96588331603016,NaN,NaN,NaN
10.1231960909147,17.6066515385054,NaN,NaN,NaN,NaN
9.77123867745318,13.2392642903976,20.6822717342222,NaN,NaN,NaN
12.7806310142884,NaN,NaN,NaN,NaN,NaN
9.54106937641901,25.7392007325789,18.2595589639194,NaN,NaN,NaN
10.0214307650636,18.4720036567576,47.8357058757903,NaN,NaN,NaN
10.2587678296202,18.5580228290616,37.0443132261957,NaN,NaN,NaN
11.0617437651643,NaN,NaN,NaN,NaN,NaN
10.1971623576462,17.8447237254119,NaN,NaN,NaN,NaN
9.97620216348728,NaN,NaN,NaN,NaN,NaN
10.3317303923286,21.170901989391,NaN,NaN,NaN,NaN
9.5599700762672,21.9281764086249,NaN,NaN,NaN,NaN
11.0263079671448,20.8250953813843,NaN,NaN,NaN,NaN
12.0925639460858,NaN,NaN,NaN,NaN,NaN
9.77178314760901,18.4412617950336,NaN,NaN,NaN,NaN
9.69612609637027,18.5924026435028,NaN,NaN,NaN,NaN
10.5473942721157,17.2179666098723,24.300329571556,41.1865245225671,30.4165065422388,NaN
10.5531554765002,19.150838580645,NaN,NaN,NaN,NaN
10.3257230032123,20.9176355794953,NaN,NaN,NaN,NaN
12.7830088909046,NaN,NaN,NaN,NaN,NaN
9.88856359162637,19.4630478620529,NaN,NaN,NaN,NaN
10.1729264083103,18.4167343140031,NaN,NaN,NaN,NaN
10.1573612370697,20.094181638562,24.4276598259831,NaN,NaN,NaN
9.64460885474857,19.4941639114998,NaN,NaN,NaN,NaN
17.78355687858,9.27611070576142,NaN,NaN,NaN,NaN
10.0929489939709,19.3547242008027,NaN,NaN,NaN,NaN
5.40126085525201,10.2871644602823,23.5458724750986,17.4005291466949,45.2911827468514,NaN
9.6647556517741,17.7343831002331,NaN,NaN,NaN,NaN
10.2453336430564,16.4257478060417,NaN,NaN,NaN,NaN
9.98192318229085,15.8364857187878,NaN,NaN,NaN,NaN
10.0229596642166,17.5706635856086,4.7322378616139,42.4294211911251,NaN,NaN
10.9426057144284,23.6376571879881,NaN,NaN,NaN,NaN
18.5885782466751,10.3731789430288,31.3092859667216,NaN,NaN,NaN
10.6569306030056,20.2373119171411,48.2469561094112,NaN,NaN,NaN
10.3518781461929,18.2348855221465,NaN,NaN,NaN,NaN
9.47355040659413,19.9769829659304,NaN,NaN,NaN,NaN
10.4188415067726,20.490565164996,NaN,NaN,NaN,NaN
10.1978422158176,19.8760866370992,NaN,NaN,NaN,NaN
9.71941924419098,19.8053611656066,47.3917107218873,5.43193282522159,NaN,NaN
10.391340973285,16.1367332643466,22.402937038695,NaN,NaN,NaN
9.87650892809953,19.0247058526076,2.84809518383374,NaN,NaN,NaN
10.6360044405596,17.2605405678425,41.0263266365862,23.1260528246126,NaN,NaN
9.82484961818791,17.1905339873698,NaN,NaN,NaN,NaN
10.1044699549556,18.2758314242006,NaN,NaN,NaN,NaN
10.7278275510063,16.023475181721,NaN,NaN,NaN,NaN
10.06305602404,25.388318300844,17.196518116688,NaN,NaN,NaN
10.448457205635,16.1937080837518,NaN,NaN,NaN,NaN
9.98412990529462,18.6468651681382,NaN,NaN,NaN,NaN
10.400091336511,19.6389749994878,NaN,NaN,NaN,NaN
16.6423173003555,11.0672267412138,20.8804301464951,NaN,NaN,NaN
9.76910255361171,15.4157303644744,NaN,NaN,NaN,NaN
9.63451168795509,19.2721126710755,NaN,NaN,NaN,NaN
9.9071726461078,17.3590681702809,39.8969645316395,NaN,NaN,NaN
8.16285631729243,NaN,NaN,NaN,NaN,NaN
11.2426592059529,20.9160544862231,NaN,NaN,NaN,NaN
10.890104117323,22.9910903418551,NaN,NaN,NaN,NaN
11.2324772841778,NaN,NaN,NaN,NaN,NaN
10.9092867892718,41.6353533941621,22.4505051532732,NaN,NaN,NaN
10.7085554478844,18.3419670133833,NaN,NaN,NaN,NaN
9.98589669697116,18.6784812954144,28.078468573788,NaN,NaN,NaN
10.0660701281908,15.5652955796486,NaN,NaN,NaN,NaN
10.1672980193828,25.2974488593468,NaN,NaN,NaN,NaN
10.1661180623122,15.3785342183531,NaN,NaN,NaN,NaN
9.63434181783173,20.1760788824287,NaN,NaN,NaN,NaN
10.3558272979954,20.611204420279,NaN,NaN,NaN,NaN
9.95391272698567,18.6232450361725,NaN,NaN,NaN,NaN
10.0777902263018,45.889392068634,37.5178943822127,18.3937611724799,NaN,NaN
9.69816516375685,14.9354406585593,NaN,NaN,NaN,NaN
15.2703694426931,10.487993178043,19.7095951703017,NaN,NaN,NaN
9.7575197146669,17.8344343533656,NaN,NaN,NaN,NaN
10.4360045772796,18.5547704097873,NaN,NaN,NaN,NaN
10.3312450140913,20.4985165969698,NaN,NaN,NaN,NaN
11.1611539941535,NaN,NaN,NaN,NaN,NaN
9.69854365904783,18.2939401195487,NaN,NaN,NaN,NaN
12.544499600556,NaN,NaN,NaN,NaN,NaN
10.1578095821278,18.7482140471129,40.3179854530792,NaN,NaN,NaN
10.5036241310797,18.0171875475917,31.3703689770411,39.4037622025621,22.6742036223978,NaN
10.1759777778802,16.7638545304709,23.8011113863898,NaN,NaN,NaN
10.1674651747303,19.7696757152207,NaN,NaN,NaN,NaN
9.86592593153453,16.0727322421128,NaN,NaN,NaN,NaN
9.92804043673579,19.456894219696,39.486559652524,NaN,NaN,NaN
10.2045149487725,20.0366382888309,NaN,NaN,NaN,NaN
9.88501982646159,30.9165035622993,19.8198319054793,NaN,NaN,NaN
10.2237359425628,19.3349612774601,NaN,NaN,NaN,NaN
10.7796288464024,22.4007336053405,48.5625629208552,40.7174049277151,NaN,NaN
9.71185871352925,12.0581319400535,NaN,NaN,NaN,NaN
9.89834619713621,20.136302076436,NaN,NaN,NaN,NaN
19.4280202214575,10.7336045084171,NaN,NaN,NaN,NaN
9.80823701212129,13.6789186584945,NaN,NaN,NaN,NaN
10.5736119623363,18.5060966176967,NaN,NaN,NaN,NaN
9.6485773624907,19.7396817153194,NaN,NaN,NaN,NaN
9.90504570486442,17.6654434542526,25.6859528979643,32.4097782435176,NaN,NaN
12.8590641913067,NaN,NaN,NaN,NaN,NaN
9.82683352091668,20.2467105924079,NaN,NaN,NaN,NaN
10.8460226155267,20.8341336243605,NaN,NaN,NaN,NaN
9.46018750920589,16.2232553745575,NaN,NaN,NaN,NaN
10.7036411220813,21.6290417568094,NaN,NaN,NaN,NaN
11.3289323950071,19.3477599224738,NaN,NaN,NaN,NaN
9.66518727733921,13.4603893450781,NaN,NaN,NaN,NaN
10.2260546613486,23.2976750264558,NaN,NaN,NaN,NaN
14.1254617896619,39.888364635389,NaN,NaN,NaN,NaN
8.84882004214479,12.6508689090036,21.8799849374181,NaN,NaN,NaN
9.95716320235533,15.4708496290355,NaN,NaN,NaN,NaN
9.47680574291883,20.0806771603855,13.4730419682298,NaN,NaN,NaN
10.1071652970844,NaN,NaN,NaN,NaN,NaN
10.4478285100059,16.3211842236671,NaN,NaN,NaN,NaN
10.4251500449779,17.9310889942488,NaN,NaN,NaN,NaN
10.9786633438679,NaN,NaN,NaN,NaN,NaN
10.9469506552112,20.7907694535204,NaN,NaN,NaN,NaN
10.334115692941,NaN,NaN,NaN,NaN,NaN
9.94754591637229,18.3488999310387,NaN,NaN,NaN,NaN
9.62435498482712,18.2804217836929,4.36917282396271,NaN,NaN,NaN
9.98972222386106,16.1297392114545,48.81105617289,39.1531405369885,NaN,NaN
10.0188824268707,19.5727614240736,NaN,NaN,NaN,NaN
9.90614153223477,21.9472177430528,13.9308677240847,NaN,NaN,NaN
10.0291610539303,16.9402134571166,NaN,NaN,NaN,NaN
10.3686355867825,20.8025253284711,NaN,NaN,NaN,NaN
9.93903539358299,18.024653561582,NaN,NaN,NaN,NaN
10.8364934762322,18.9974176378086,26.2004550402802,NaN,NaN,NaN
9.21475640287848,35.8040373587553,19.4029302339856,24.6345973994861,NaN,NaN
9.21871534214824,17.6972373111819,NaN,NaN,NaN,NaN
10.47984912613,19.0990259850137,NaN,NaN,NaN,NaN
8.19475634875177,17.0069941705437,32.4249404773125,1.49378431815654,NaN,NaN
11.256696288968,22.5888539141837,43.0483842991915,NaN,NaN,NaN
9.80789639373793,19.6527541130621,NaN,NaN,NaN,NaN
9.69837214527788,19.8325053651598,40.3671919799438,NaN,NaN,NaN
9.74936295686391,16.5992713825279,NaN,NaN,NaN,NaN
10.7308725345294,25.2462944457341,16.7847405081738,NaN,NaN,NaN
9.93382492412006,21.108397626478,NaN,NaN,NaN,NaN
9.92242419655917,19.6791937016121,NaN,NaN,NaN,NaN
9.64797420705208,14.7737186060497,20.7800323865628,NaN,NaN,NaN
8.81847055797473,17.0079094783184,NaN,NaN,NaN,NaN
9.11071321393025,28.4539593393088,17.0910264451258,NaN,NaN,NaN
10.2333500293942,18.2953683294929,NaN,NaN,NaN,NaN
9.68968451927064,18.0198488416387,NaN,NaN,NaN,NaN
9.864873976873,17.1394546293469,NaN,NaN,NaN,NaN
10.2151951390545,18.7897422920677,NaN,NaN,NaN,NaN
9.38670778398861,18.494537347603,26.0517788559305,NaN,NaN,NaN
10.4241606161092,18.696773891907,NaN,NaN,NaN,NaN
10.1935338054954,19.8113633548433,17.1487950547114,45.6909382332113,23.8436924678443,NaN
9.0834300166547,NaN,NaN,NaN,NaN,NaN
10.766372678885,NaN,NaN,NaN,NaN,NaN
10.0506996690777,18.7268277934286,NaN,NaN,NaN,NaN
10.429979362219,20.2341077506914,NaN,NaN,NaN,NaN
11.2751171280441,21.7272360122792,NaN,NaN,NaN,NaN
10.4461459152857,17.9908520288593,NaN,NaN,NaN,NaN
10.6980354788537,19.8089235502877,31.3331457668162,NaN,NaN,NaN
9.27748511950047,NaN,NaN,NaN,NaN,NaN
10.6300225900424,18.0406533448337,NaN,NaN,NaN,NaN
10.0454462340961,19.6875269713653,35.6502394078825,NaN,NaN,NaN
9.77455129398671,20.5647887443033,NaN,NaN,NaN,NaN
10.1603515125197,12.529632507617,NaN,NaN,NaN,NaN
10.6000199386713,19.1557774435986,NaN,NaN,NaN,NaN
9.22320867361993,20.1247152868968,43.5707906799718,NaN,NaN,NaN
9.72983893372198,18.4029308458545,NaN,NaN,NaN,NaN
10.3614398562268,20.0226839058716,NaN,NaN,NaN,NaN
9.93615349813924,20.307070228311,33.9847012495273,46.3562939561916,NaN,NaN
9.61361538644312,16.4554833988679,NaN,NaN,NaN,NaN
9.39486770487839,18.1479306054292,NaN,NaN,NaN,NaN
9.37586421989939,45.0407593725961,39.3823948860903,20.1518951248237,NaN,NaN
9.76645211097596,16.0896100741605,NaN,NaN,NaN,NaN
10.696224845867,17.2348454211787,NaN,NaN,NaN,NaN
10.7599925554463,19.1688229639267,NaN,NaN,NaN,NaN
9.34363945424844,19.0400403717983,NaN,NaN,NaN,NaN
10.1935752630794,22.3832337113577,17.6160718577951,NaN,NaN,NaN
10.7945946352348,NaN,NaN,NaN,NaN,NaN
10.7516688476632,47.5356698444838,25.9912430799527,19.825418805724,NaN,NaN
9.90692825497686,19.2043104043083,NaN,NaN,NaN,NaN
10.5299028500395,19.5864549609157,48.5996633193219,NaN,NaN,NaN
10.4360798531141,17.7503210935276,NaN,NaN,NaN,NaN
11.1996994577606,22.6799745854308,NaN,NaN,NaN,NaN
9.55266458885335,15.6829359439988,NaN,NaN,NaN,NaN
10.3056485444841,19.8765522986511,NaN,NaN,NaN,NaN
19.7069070150221,10.4054167242295,NaN,NaN,NaN,NaN
9.96264123578715,17.269888368388,NaN,NaN,NaN,NaN
9.55563208343164,15.8668577539209,NaN,NaN,NaN,NaN
9.84868833753954,18.8338863181239,NaN,NaN,NaN,NaN
9.80776870004433,17.1101275307409,22.1870660515036,43.4422035300658,NaN,NaN
11.346698878589,NaN,NaN,NaN,NaN,NaN
9.95368255663939,34.7237940862394,18.1662892439541,30.4145660803867,NaN,NaN
10.1397302593674,22.2756473542917,NaN,NaN,NaN,NaN
10.2007384308176,17.9276577225103,4.87253645137228,NaN,NaN,NaN
10.5815418756675,14.1238661015113,NaN,NaN,NaN,NaN
10.2037745626275,16.0326945887683,NaN,NaN,NaN,NaN
9.85454996398875,38.6263906280193,29.7322505361623,16.1986186572112,NaN,NaN
10.0590131781946,19.8267301295339,NaN,NaN,NaN,NaN
9.97045919841199,16.6013703589838,NaN,NaN,NaN,NaN
11.1654983735943,20.4741990238555,NaN,NaN,NaN,NaN
10.0811838466486,19.0693325733852,NaN,NaN,NaN,NaN
9.83272560299313,17.1317855108526,NaN,NaN,NaN,NaN
10.5150659875766,18.5887126291173,NaN,NaN,NaN,NaN
10.8507379264018,NaN,NaN,NaN,NaN,NaN
9.68869180425027,19.9144553808397,NaN,NaN,NaN,NaN
10.0977575869708,18.9619242191957,NaN,NaN,NaN,NaN
10.3452588271296,10.8360418176107,44.4867773896655,NaN,NaN,NaN
20.0675337995225,10.0152930874748,NaN,NaN,NaN,NaN
10.4207596540459,19.1008977270545,38.4665317914593,45.051070589649,48.6833445241558,42.0521690466533
9.40386117089225,18.4015009443152,NaN,NaN,NaN,NaN
10.214514258649,13.6702558297868,NaN,NaN,NaN,NaN
10.6648146427048,16.3426973698276,NaN,NaN,NaN,NaN
10.0080907542795,37.91680909824,17.9502591141785,NaN,NaN,NaN
10.4838989773311,NaN,NaN,NaN,NaN,NaN
10.0962517682988,20.1114739265351,NaN,NaN,NaN,NaN
9.79641726230678,18.4589575358436,NaN,NaN,NaN,NaN
10.8068265158665,19.0878854172559,32.0587280008848,NaN,NaN,NaN
9.69266835351396,17.4716650015303,NaN,NaN,NaN,NaN
9.17568817394443,15.565946542492,NaN,NaN,NaN,NaN
11.7707185980971,NaN,NaN,NaN,NaN,NaN
9.91901392315677,16.9571247299723,NaN,NaN,NaN,NaN
9.70579736645608,12.3058747887681,19.2677778674357,48.4672899288562,27.9456657263434,41.9701304896409
10.0521802339867,19.6620309984717,NaN,NaN,NaN,NaN
9.68496610361885,14.6511722562419,NaN,NaN,NaN,NaN
10.4293693154061,14.9796447921959,NaN,NaN,NaN,NaN
10.2868232004961,42.9401116889225,20.0278809056214,NaN,NaN,NaN
10.2034900198438,19.9702151530836,NaN,NaN,NaN,NaN
9.82189182359882,12.9928618881791,34.2497961335124,NaN,NaN,NaN
9.57860865367229,20.6397477623542,NaN,NaN,NaN,NaN
9.50109986391344,14.5744033402895,NaN,NaN,NaN,NaN
11.9006667132173,NaN,NaN,NaN,NaN,NaN
9.76519400660488,13.004492736484,36.1257500061055,NaN,NaN,NaN
10.1489597542177,18.4418323550241,NaN,NaN,NaN,NaN
13.295671357816,NaN,NaN,NaN,NaN,NaN
9.81647772976279,14.2323501247081,NaN,NaN,NaN,NaN
10.4081577375242,21.9537060053851,NaN,NaN,NaN,NaN
10.1077536174843,18.7353336276441,NaN,NaN,NaN,NaN
10.6199864320735,20.3608411715317,NaN,NaN,NaN,NaN
10.6491712366865,20.4512514431697,NaN,NaN,NaN,NaN
10.4813955148776,19.3568525736349,NaN,NaN,NaN,NaN
9.70883964123801,20.9749700858359,NaN,NaN,NaN,NaN
10.4864171925503,21.3718478766161,NaN,NaN,NaN,NaN
10.5049030318046,19.8811486885847,NaN,NaN,NaN,NaN
10.4616082403141,19.8325281681772,NaN,NaN,NaN,NaN
10.6111625609653,19.6328431677397,NaN,NaN,NaN,NaN
11.1254649286079,18.9548317508262,23.1670076685828,48.5229119678554,NaN,NaN
20.8608308669623,10.2828558356727,NaN,NaN,NaN,NaN
20.9574166337368,10.78764033644,NaN,NaN,NaN,NaN
10.2883935553772,19.8462146591458,41.077472306275,NaN,NaN,NaN
10.4322936299192,NaN,NaN,NaN,NaN,NaN
9.99492387720195,19.0021063075471,40.2503430881622,NaN,NaN,NaN
10.4379488540642,23.8260052211052,NaN,NaN,NaN,NaN
10.7470450996599,19.4213614727628,NaN,NaN,NaN,NaN
10.5709032850897,20.1229017415907,NaN,NaN,NaN,NaN
11.4503957541086,NaN,NaN,NaN,NaN,NaN
10.6123585772453,22.5350873627556,17.2571625126121,NaN,NaN,NaN
10.8640620284175,20.7869968231321,NaN,NaN,NaN,NaN
10.9271779792243,18.888462230513,40.1368346937254,25.4635234737721,46.7052060136411,NaN
9.65349084586406,17.8128967881031,NaN,NaN,NaN,NaN
9.83081118282581,18.9605070443116,NaN,NaN,NaN,NaN
9.5610860870837,20.5879226967692,NaN,NaN,NaN,NaN
10.0885901102022,17.7468411988357,NaN,NaN,NaN,NaN
9.72550337075702,NaN,NaN,NaN,NaN,NaN
9.54968584296123,20.8410868294596,NaN,NaN,NaN,NaN
10.9329973373723,22.0441969747262,NaN,NaN,NaN,NaN
10.0706866664745,35.9051330375536,20.3893394446449,NaN,NaN,NaN
10.4035848958659,18.9207806096005,40.1705062710718,NaN,NaN,NaN
10.4975326281077,20.1704883893683,44.5464373136875,NaN,NaN,NaN
21.9681225447822,10.7629369629449,NaN,NaN,NaN,NaN
10.9774814272277,NaN,NaN,NaN,NaN,NaN
10.1121565105086,19.0951347034744,NaN,NaN,NaN,NaN
10.4786218164163,19.0810319360738,NaN,NaN,NaN,NaN
10.9669682134162,NaN,NaN,NaN,NaN,NaN
9.96099640278581,20.3403040456136,NaN,NaN,NaN,NaN
9.98983694252626,38.0375138312723,18.0161310442245,NaN,NaN,NaN
10.6610008946609,18.3376210513526,NaN,NaN,NaN,NaN
8.50517653014605,11.1972004638558,20.161615912311,49.4233734708277,NaN,NaN
14.2046700998852,NaN,NaN,NaN,NaN,NaN
9.21980105803259,20.4160012446626,39.047189206289,NaN,NaN,NaN
9.83232228077513,12.0072310932271,NaN,NaN,NaN,NaN
11.0982553685797,18.8873356380709,NaN,NaN,NaN,NaN
8.88471822822732,9.76049056769361,NaN,NaN,NaN,NaN
11.409600211462,21.3541074795211,NaN,NaN,NaN,NaN
12.0037950553581,NaN,NaN,NaN,NaN,NaN
19.9929727671996,10.4416114773036,35.5681313203282,NaN,NaN,NaN
10.0672838179102,19.2348076747951,NaN,NaN,NaN,NaN
9.30900984112852,18.9516841991086,NaN,NaN,NaN,NaN
9.83741982251289,21.2376264993639,3.34440299235636,NaN,NaN,NaN
10.7925665700082,13.4460733771937,NaN,NaN,NaN,NaN
9.85954015294463,19.262922548248,NaN,NaN,NaN,NaN
12.9477223837721,NaN,NaN,NaN,NaN,NaN
10.2671758890774,19.0434587372975,NaN,NaN,NaN,NaN
10.3325603662298,NaN,NaN,NaN,NaN,NaN
9.97616208483612,20.0229213190535,46.2260919460939,NaN,NaN,NaN
9.763238463437,19.4365402536753,NaN,NaN,NaN,NaN
10.4534331591208,20.081012502267,NaN,NaN,NaN,NaN
9.31185499942454,20.6059275696363,12.5446293701221,NaN,NaN,NaN
9.72541022314653,18.7682489202393,NaN,NaN,NaN,NaN
10.1761380087492,21.1084478302438,NaN,NaN,NaN,NaN
9.96925812761718,18.9850159707617,NaN,NaN,NaN,NaN
9.63469126270912,20.7667751228392,15.6119949245982,1.30554986916152,NaN,NaN
10.1635365982934,20.6695571709512,NaN,NaN,NaN,NaN
14.009963625916,NaN,NaN,NaN,NaN,NaN
10.5021454636945,19.1538822928913,NaN,NaN,NaN,NaN
10.0833424639915,18.5652384404437,NaN,NaN,NaN,NaN
10.0783854303605,20.1206078441667,NaN,NaN,NaN,NaN
10.1130347118428,18.834971716694,NaN,NaN,NaN,NaN
9.97963315863357,19.3214722445452,48.476281419521,NaN,NaN,NaN
10.7145284035839,20.6772641882887,NaN,NaN,NaN,NaN
12.3175031662253,NaN,NaN,NaN,NaN,NaN
9.78303267725412,15.8105268059765,NaN,NaN,NaN,NaN
15.1545702297617,NaN,NaN,NaN,NaN,NaN
9.52059063677536,16.3365828248374,NaN,NaN,NaN,NaN
11.3378588968149,21.9886421533752,27.7327586052151,NaN,NaN,NaN
9.8953574249344,18.7613103607814,NaN,NaN,NaN,NaN
9.84420463506442,17.8199757205688,NaN,NaN,NaN,NaN
10.1103795391456,23.7889100248313,21.9363761050692,NaN,NaN,NaN
9.84179862139598,17.614416610638,NaN,NaN,NaN,NaN
19.0280199999033,10.4757699409113,NaN,NaN,NaN,NaN
10.5081385658417,19.5347372531073,NaN,NaN,NaN,NaN
10.5912242800328,16.0651915258115,40.5823379629496,NaN,NaN,NaN
10.6602996971267,NaN,NaN,NaN,NaN,NaN
10.6143107171913,20.5401118296282,NaN,NaN,NaN,NaN
10.7776407333784,19.9328110405273,NaN,NaN,NaN,NaN
11.8264030047699,NaN,NaN,NaN,NaN,NaN
10.2689484697012,17.651639073103,NaN,NaN,NaN,NaN
10.0306162994308,22.5884463806461,NaN,NaN,NaN,NaN
10.0789349517354,14.7241734359241,39.6563349364186,NaN,NaN,NaN
10.2393956275358,21.5950231531422,NaN,NaN,NaN,NaN
10.4086381848187,18.4190327043768,NaN,NaN,NaN,NaN
9.41661126564941,26.1558970665616,NaN,NaN,NaN,NaN
10.3492049592191,18.5787301519082,NaN,NaN,NaN,NaN
9.94293163245254,17.8283774518241,NaN,NaN,NaN,NaN
11.1034999439691,22.3669403542373,NaN,NaN,NaN,NaN
10.8041417297212,NaN,NaN,NaN,NaN,NaN
10.8154454657932,20.7370949409977,NaN,NaN,NaN,NaN
10.4842623383979,19.5609047994905,NaN,NaN,NaN,NaN
10.100347157085,20.9384774746486,NaN,NaN,NaN,NaN
9.86764788710084,11.7656527785764,NaN,NaN,NaN,NaN
10.732698629328,19.9435545883894,NaN,NaN,NaN,NaN
17.4682547615612,10.4866625519059,NaN,NaN,NaN,NaN
11.0307180444402,17.6721245705031,NaN,NaN,NaN,NaN
9.73510069668111,20.5786258188813,NaN,NaN,NaN,NaN
9.57183679372629,18.0144707224268,NaN,NaN,NaN,NaN
10.7157290963303,18.6830899493004,24.0395649302882,NaN,NaN,NaN
10.6683459287082,NaN,NaN,NaN,NaN,NaN
10.2506307578716,20.5467979262047,NaN,NaN,NaN,NaN
9.638839182857,19.7612397659337,NaN,NaN,NaN,NaN
10.4035445077019,45.5565443732979,18.9283048839019,NaN,NaN,NaN
9.76528984376138,19.4236550157704,NaN,NaN,NaN,NaN
15.7553999796645,NaN,NaN,NaN,NaN,NaN
9.40705816788838,18.2395272624129,28.2842909297934,NaN,NaN,NaN
9.76524425314465,16.1011064473783,NaN,NaN,NaN,NaN
10.5381633631743,32.1863286955524,20.8306681472809,NaN,NaN,NaN
10.6810052906497,20.9778427595014,NaN,NaN,NaN,NaN
9.63922247883675,18.3678195550433,NaN,NaN,NaN,NaN
9.48566458578619,15.5991216052841,36.3452391125853,NaN,NaN,NaN
9.33258190042551,19.8036609938677,12.7696719223033,39.15419043883,NaN,NaN
10.3823355622148,20.145383001545,NaN,NaN,NaN,NaN
10.5220547693237,NaN,NaN,NaN,NaN,NaN
10.7502006640936,20.161694133877,NaN,NaN,NaN,NaN
9.72439472340419,19.1931844779603,NaN,NaN,NaN,NaN
9.93236378119918,18.0307532838849,NaN,NaN,NaN,NaN
9.43783777988359,20.9857156724787,46.0964460425344,NaN,NaN,NaN
10.602412981488,22.0384311764725,NaN,NaN,NaN,NaN
20.6112867833845,45.5346840501942,10.3021852624137,NaN,NaN,NaN
10.725268750321,19.4427385992705,NaN,NaN,NaN,NaN
9.94734716332113,16.7929661410625,25.439994363077,NaN,NaN,NaN
8.93195413046269,12.7782464125081,28.8690600438496,NaN,NaN,NaN
9.24092825303229,19.9320258883732,NaN,NaN,NaN,NaN
10.2935408269132,17.1428595376674,44.342628752568,NaN,NaN,NaN
9.36035700584127,19.4001806306624,NaN,NaN,NaN,NaN
9.96075574572308,19.812817472696,NaN,NaN,NaN,NaN
9.59463451351793,47.4121822281259,18.7591254124523,NaN,NaN,NaN
8.96803459185455,18.5090312601859,NaN,NaN,NaN,NaN
9.23120169982825,21.0071188167901,14.5403753088804,NaN,NaN,NaN
9.86514611522111,18.6541715239521,NaN,NaN,NaN,NaN
10.0166550600287,16.5339693883293,NaN,NaN,NaN,NaN
10.0872293828873,18.6498588467803,NaN,NaN,NaN,NaN
9.18025281350319,18.8216011449284,12.1014179537487,NaN,NaN,NaN
10.0585870761766,17.6942011989115,43.3836665397074,25.343407985488,NaN,NaN
10.2852087557702,20.8603496263987,NaN,NaN,NaN,NaN
10.4894529530744,20.6794458186133,47.3032807064724,NaN,NaN,NaN
11.351395467399,21.2068827726998,NaN,NaN,NaN,NaN
9.18951896522178,16.4898688994647,NaN,NaN,NaN,NaN
10.0662998811433,17.4190868537741,NaN,NaN,NaN,NaN
9.13583103032719,19.5090014273837,NaN,NaN,NaN,NaN
9.38590570458785,10.2282440859855,NaN,NaN,NaN,NaN
10.4960630570802,7.05382473529743,16.0252047585597,NaN,NaN,NaN
10.1853267063911,20.0190896427104,36.6971081462232,NaN,NaN,NaN
10.2941019745309,19.9576184297368,NaN,NaN,NaN,NaN
10.1380086044852,21.276452151514,43.023318541311,NaN,NaN,NaN
9.70376463822565,18.5943779098375,NaN,NaN,NaN,NaN
9.69712380691971,16.9954823799612,22.6457401080245,NaN,NaN,NaN
9.30331030900952,28.077491390149,47.2478690696804,17.055246978509,NaN,NaN
9.35856519450932,17.4579419060018,NaN,NaN,NaN,NaN
10.4290767949179,21.1734847343432,NaN,NaN,NaN,NaN
11.2293631803661,19.1787181560033,NaN,NaN,NaN,NaN
10.0346149090062,18.7474983037771,30.342972563362,NaN,NaN,NaN
10.4576819404426,19.4640267932686,36.5372332743954,NaN,NaN,NaN
10.5330111551802,19.1577924112361,NaN,NaN,NaN,NaN
9.66808527118502,21.9711273825279,13.5995771611506,15.8505881328745,NaN,NaN
10.8924694708665,17.3124181184319,NaN,NaN,NaN,NaN
10.6638082986915,22.1865907941093,NaN,NaN,NaN,NaN
11.8352831636831,NaN,NaN,NaN,NaN,NaN
10.4655743161523,21.1716165977863,NaN,NaN,NaN,NaN
9.94528839934302,16.3486754829004,NaN,NaN,NaN,NaN
10.313602341293,19.3436759137858,NaN,NaN,NaN,NaN
10.9456608142195,18.9269766905369,NaN,NaN,NaN,NaN
10.9201508514246,NaN,NaN,NaN,NaN,NaN
10.0394269807501,16.874694831569,NaN,NaN,NaN,NaN
10.4272842632975,13.5874324686316,NaN,NaN,NaN,NaN
11.1454190675225,17.0935894528123,NaN,NaN,NaN,NaN
9.62937233944044,19.8870973672958,NaN,NaN,NaN,NaN
11.5407377054432,21.9726899338186,NaN,NaN,NaN,NaN
10.2196179770528,20.0087355145317,NaN,NaN,NaN,NaN
10.7925337738187,19.666920375983,NaN,NaN,NaN,NaN
10.4557692662048,20.781210838948,NaN,NaN,NaN,NaN
10.5061631397282,19.8567918812075,NaN,NaN,NaN,NaN
9.71138349872951,19.3828113089651,NaN,NaN,NaN,NaN
9.72740897948818,18.2860699955726,NaN,NaN,NaN,NaN
10.1303074735221,19.3591513119219,NaN,NaN,NaN,NaN
10.1115784748445,16.2204395828646,NaN,NaN,NaN,NaN
10.3689212691746,17.345031486614,NaN,NaN,NaN,NaN
10.5165333062891,33.8447825146524,16.0632169581436,NaN,NaN,NaN
10.6340706223161,19.193163374027,NaN,NaN,NaN,NaN
9.56494538053139,19.6462893911143,NaN,NaN,NaN,NaN
10.7567843525616,19.1282092997837,NaN,NaN,NaN,NaN
10.4133812302268,17.7663969022896,NaN,NaN,NaN,NaN
10.1360757124532,19.7096204226725,NaN,NaN,NaN,NaN
9.94376097748675,19.4045156660763,NaN,NaN,NaN,NaN
9.88742903228889,17.3129622288681,NaN,NaN,NaN,NaN
9.85069462181599,13.6414258748766,NaN,NaN,NaN,NaN
9.79337174108411,18.0628620709045,NaN,NaN,NaN,NaN
10.7107811761638,21.3443720090829,45.8673416430145,38.0631610670384,NaN,NaN
9.47219814379546,13.1638040549616,NaN,NaN,NaN,NaN
9.93771946380767,14.3680947934162,NaN,NaN,NaN,NaN
11.0653778605473,NaN,NaN,NaN,NaN,NaN
9.8966947793119,19.8260819454574,NaN,NaN,NaN,NaN
10.0308162627361,22.0079748633906,NaN,NaN,NaN,NaN
10.4131362766055,19.0900804624047,NaN,NaN,NaN,NaN
10.3025082345785,11.0299539481384,43.4350261019762,NaN,NaN,NaN
10.4353059059518,16.400385448036,NaN,NaN,NaN,NaN
9.59307180632086,20.066209088678,NaN,NaN,NaN,NaN
9.24697917716989,47.957504066691,17.9675966300514,41.344500244489,NaN,NaN
10.0768105014906,13.3770546690503,NaN,NaN,NaN,NaN
10.3133001592853,15.0827914427021,NaN,NaN,NaN,NaN
9.65346034894518,16.1850948913143,NaN,NaN,NaN,NaN
9.84120799277953,20.4265845305185,NaN,NaN,NaN,NaN
9.9361461168404,22.4203684936871,48.905750624088,NaN,NaN,NaN
9.3547092857355,18.051632216447,NaN,NaN,NaN,NaN
10.5529040761379,20.0177629176866,NaN,NaN,NaN,NaN
9.48369640297982,13.265276538784,38.4742353830893,NaN,NaN,NaN
10.2178653995934,20.0086452254785,39.1662908644487,28.081285823322,NaN,NaN
10.0242818906302,19.025693236715,NaN,NaN,NaN,NaN
10.0136203288789,17.653146063182,NaN,NaN,NaN,NaN
10.1869952196736,18.453236050466,NaN,NaN,NaN,NaN
10.5660056421656,23.7018888941911,NaN,NaN,NaN,NaN
9.42875292225512,11.7854503542506,21.5043421364931,NaN,NaN,NaN
9.00247419762924,12.3082306233547,23.0234276842885,NaN,NaN,NaN
9.86227476056199,16.9936665413691,47.9994805273413,22.3805358671185,NaN,NaN
10.1577326549639,18.5103562244962,NaN,NaN,NaN,NaN
10.0649978647452,19.8856852583195,14.1347640000116,42.7664609515806,NaN,NaN
10.4240441643268,18.2416724511846,NaN,NaN,NaN,NaN
10.0568850045298,21.9879128717715,NaN,NaN,NaN,NaN
10.1580050781516,16.6930517401485,NaN,NaN,NaN,NaN
9.680795418159,17.9770246509346,NaN,NaN,NaN,NaN
10.2955724640557,38.6049866291138,17.3706343706305,NaN,NaN,NaN
7.98914753012907,NaN,NaN,NaN,NaN,NaN
10.5509629196873,18.0461026360734,NaN,NaN,NaN,NaN
8.9695083951468,13.9722679044009,23.7094965600453,46.5915771050762,NaN,NaN
17.1999117864449,9.91132957565037,21.3683657140162,NaN,NaN,NaN
10.0456642201573,NaN,NaN,NaN,NaN,NaN
10.1112210264263,21.6728045482515,28.7550827034216,40.194446619104,15.8736321635604,NaN
10.4434188504302,NaN,NaN,NaN,NaN,NaN
10.5436798918367,19.9882044182325,NaN,NaN,NaN,NaN
10.011556706903,20.0150995811008,NaN,NaN,NaN,NaN
10.4310115978492,17.4451122603688,NaN,NaN,NaN,NaN
10.024688425971,16.0293389263364,NaN,NaN,NaN,NaN
9.81467842981503,18.0856256643793,NaN,NaN,NaN,NaN
10.7072976732669,NaN,NaN,NaN,NaN,NaN
10.1928303595976,21.0371003257956,48.2968196263471,NaN,NaN,NaN
10.0019590920248,17.4555319980625,NaN,NaN,NaN,NaN
10.6236809266908,15.9669193577432,19.3342702126784,25.5336464194168,NaN,NaN
12.6643538042498,NaN,NaN,NaN,NaN,NaN
9.75083767346445,20.4866844371534,NaN,NaN,NaN,NaN
10.0068097717781,19.3871091857802,NaN,NaN,NaN,NaN
10.1146824920376,16.7687767541359,NaN,NaN,NaN,NaN
10.043587149254,20.2107243882761,NaN,NaN,NaN,NaN
9.5975777488053,21.5962006942214,NaN,NaN,NaN,NaN
10.1578402420389,18.6429842158232,NaN,NaN,NaN,NaN
10.4637744679267,20.1244689120182,46.5100774184626,NaN,NaN,NaN
9.97982443363581,19.5841027576909,NaN,NaN,NaN,NaN
9.96607551045529,16.3013453400969,NaN,NaN,NaN,NaN
10.741392190447,20.798984680808,NaN,NaN,NaN,NaN
9.00205783683942,21.0605872161425,NaN,NaN,NaN,NaN
9.92120157375377,NaN,NaN,NaN,NaN,NaN
10.1030679435787,23.5234960596608,NaN,NaN,NaN,NaN
19.957001720509,9.88241678831068,NaN,NaN,NaN,NaN
11.2979822458403,28.3653483943968,19.8375870794772,NaN,NaN,NaN
10.2256907136428,15.5870983827913,NaN,NaN,NaN,NaN
10.6397568039798,18.1383219402156,NaN,NaN,NaN,NaN
10.1474450151301,20.5003205325749,NaN,NaN,NaN,NaN
10.4100955578062,18.7761557259487,NaN,NaN,NaN,NaN
9.0526091780599,18.960139494773,NaN,NaN,NaN,NaN
10.0676129508313,20.2009620457984,36.3338190358747,NaN,NaN,NaN
10.819967381156,19.7222007505524,NaN,NaN,NaN,NaN
10.034641205334,14.7614746100803,NaN,NaN,NaN,NaN
10.8311225896419,18.5872556575539,25.3102281400889,NaN,NaN,NaN
18.2082989928377,10.4528815067852,NaN,NaN,NaN,NaN
20.315591091412,9.95046580309299,NaN,NaN,NaN,NaN
9.94434375788866,15.1654952466527,NaN,NaN,NaN,NaN
9.24956741882742,35.9048308091672,21.2856368487848,NaN,NaN,NaN
10.1774800839311,45.9282338278242,20.1365679102015,40.6425566761263,NaN,NaN
10.2488826592939,19.6422424314741,NaN,NaN,NaN,NaN
9.58348863232898,21.0555461159694,38.7205961422334,NaN,NaN,NaN
10.0222252126667,19.1488620836349,NaN,NaN,NaN,NaN
12.227914139624,NaN,NaN,NaN,NaN,NaN
9.76293911741324,21.9230870901596,35.7062098638801,31.3107592774515,45.2910102161663,NaN
12.93161804201,NaN,NaN,NaN,NaN,NaN
10.7347608984356,18.9943101441704,NaN,NaN,NaN,NaN
9.99207304757713,18.5745187848318,NaN,NaN,NaN,NaN
9.93591831329839,19.735888508792,NaN,NaN,NaN,NaN
10.7661333779767,18.6710537724878,47.9808268821232,NaN,NaN,NaN
9.43949117164493,30.7371997259905,20.2681262392262,NaN,NaN,NaN
9.81044118503986,18.1092889131622,NaN,NaN,NaN,NaN
10.2338245162252,19.488619498683,NaN,NaN,NaN,NaN
10.3946048492379,33.7266320091952,18.8681039537865,NaN,NaN,NaN
11.7359904583875,NaN,NaN,NaN,NaN,NaN
10.3046866679477,21.8930353675741,47.4459779811789,NaN,NaN,NaN
9.88248644048239,20.5617620850573,NaN,NaN,NaN,NaN
10.4460188009965,20.6090421586937,NaN,NaN,NaN,NaN
9.61820517762949,19.3306063085021,NaN,NaN,NaN,NaN
10.9210394002749,NaN,NaN,NaN,NaN,NaN
12.3213151164369,NaN,NaN,NaN,NaN,NaN
9.91254201117387,44.0197212577154,25.8989672934029,NaN,NaN,NaN
9.90012840214789,20.2449162821131,NaN,NaN,NaN,NaN
9.89318903939774,18.9156612585952,NaN,NaN,NaN,NaN
10.9544952046649,20.2414681461713,NaN,NaN,NaN,NaN
10.2638403391488,19.6733741323236,NaN,NaN,NaN,NaN
10.5861800980119,17.8587521145594,28.4692818243717,NaN,NaN,NaN
10.4026708299998,22.0186339268448,NaN,NaN,NaN,NaN
10.2909949914972,21.5967217306355,NaN,NaN,NaN,NaN
15.0053076584176,NaN,NaN,NaN,NaN,NaN
9.4166799719066,21.413320357428,NaN,NaN,NaN,NaN
10.6111342029427,21.0462617871904,32.8946755706299,NaN,NaN,NaN
10.5287160748853,20.5380661504322,NaN,NaN,NaN,NaN
10.0985193600351,21.7716079641873,NaN,NaN,NaN,NaN
19.3234232817244,10.6078359086753,NaN,NaN,NaN,NaN
10.6516340016939,19.1469912033737,NaN,NaN,NaN,NaN
10.143425811339,11.1986311745053,NaN,NaN,NaN,NaN
10.1156325187648,19.3958209969879,NaN,NaN,NaN,NaN
10.6772073490011,16.6024468956079,NaN,NaN,NaN,NaN
10.1382571808929,18.5631548222409,NaN,NaN,NaN,NaN
10.5347224415031,18.2357059524252,NaN,NaN,NaN,NaN
9.88317558622539,NaN,NaN,NaN,NaN,NaN
11.7727098285622,NaN,NaN,NaN,NaN,NaN
10.5156445537625,18.7128332021682,NaN,NaN,NaN,NaN
10.0741410040367,20.2510311471471,NaN,NaN,NaN,NaN
10.2057833572711,18.878990400196,NaN,NaN,NaN,NaN
10.0795788713316,18.1330388932102,NaN,NaN,NaN,NaN
9.8913512533592,19.7202809798662,NaN,NaN,NaN,NaN
11.4857191972727,18.7994903148553,6.70207934445298,NaN,NaN,NaN
10.1975071273869,17.6613148826838,NaN,NaN,NaN,NaN
10.7041524725447,NaN,NaN,NaN,NaN,NaN
11.5136797185506,17.6670215504757,23.549902241308,NaN,NaN,NaN
9.55841417082908,20.3019421850213,15.56604043022,22.9298832154186,NaN,NaN
19.4855137395202,10.5562771380426,NaN,NaN,NaN,NaN
10.5611081265528,23.3373418765094,15.9559903841526,NaN,NaN,NaN
9.85202148210453,18.8380929576015,NaN,NaN,NaN,NaN
10.6825812147143,NaN,NaN,NaN,NaN,NaN
10.0575524614266,17.2825546579931,NaN,NaN,NaN,NaN
9.69221699676378,19.17301758088,NaN,NaN,NaN,NaN
9.89365522999492,12.5651789683301,26.2000403073146,49.9996761464267,NaN,NaN
12.684352491972,NaN,NaN,NaN,NaN,NaN
10.2223594274227,48.6917249706513,25.472797207683,NaN,NaN,NaN
9.40895359711995,20.3594011879884,NaN,NaN,NaN,NaN
10.7068446850491,19.7645409999407,NaN,NaN,NaN,NaN
10.0256233074324,17.1410715896239,NaN,NaN,NaN,NaN
19.3185626132964,43.0999423593379,10.4785615091752,NaN,NaN,NaN
9.5815436766645,18.37496394153,38.5893714568429,NaN,NaN,NaN
9.90442106865654,17.9802067703002,NaN,NaN,NaN,NaN
10.3198014128054,19.0332058604131,NaN,NaN,NaN,NaN
9.6849056790252,20.1672622948327,NaN,NaN,NaN,NaN
10.7133402434308,20.1331720396378,NaN,NaN,NaN,NaN
10.6333064741221,20.7830051302275,NaN,NaN,NaN,NaN
10.2332278267851,19.853882243962,NaN,NaN,NaN,NaN
12.7704247236584,24.3974761413556,NaN,NaN,NaN,NaN
10.1982308384561,18.7210085369627,NaN,NaN,NaN,NaN
13.0441581483988,NaN,NaN,NaN,NaN,NaN
10.0762262624883,15.2991799091719,NaN,NaN,NaN,NaN
20.7164469637874,10.0847624496286,NaN,NaN,NaN,NaN
19.3449296860081,10.2674694372616,NaN,NaN,NaN,NaN
9.98227451443201,27.2532840347193,19.4266231537145,NaN,NaN,NaN
10.5027336580749,20.6218637298405,NaN,NaN,NaN,NaN
10.0542214340893,17.7710275152051,NaN,NaN,NaN,NaN
10.248779768184,19.912102049547,NaN,NaN,NaN,NaN
10.4790167386003,14.0717680712306,37.0027967193837,NaN,NaN,NaN
13.7226927283344,NaN,NaN,NaN,NaN,NaN
10.2000691040296,33.1956434417903,NaN,NaN,NaN,NaN
9.29687543092885,20.1382336469186,NaN,NaN,NaN,NaN
10.6999324354242,20.2436065545503,NaN,NaN,NaN,NaN
10.423872093185,NaN,NaN,NaN,NaN,NaN
10.485348986771,20.840221199168,NaN,NaN,NaN,NaN
8.72375626951542,24.4975300032971,30.416197799453,19.0117893402932,5.40290989898577,11.0421190981154
10.4214980618688,23.0577554018641,18.7622281981144,NaN,NaN,NaN
10.2379819441778,32.6447647060616,20.2637394114867,NaN,NaN,NaN
12.2960986335294,NaN,NaN,NaN,NaN,NaN
9.74144969778101,15.6632264357006,NaN,NaN,NaN,NaN
9.73995658213461,21.3095237896566,NaN,NaN,NaN,NaN
10.5607107941631,17.4002108078152,NaN,NaN,NaN,NaN
10.3206589517163,17.0980824104,NaN,NaN,NaN,NaN
10.2116679127647,16.9732102606917,NaN,NaN,NaN,NaN
10.4861330025364,18.9318646095257,NaN,NaN,NaN,NaN
10.5778530767383,17.2864481934918,NaN,NaN,NaN,NaN
10.2270104671049,18.840078889968,NaN,NaN,NaN,NaN
10.1654232312404,18.4424427086676,NaN,NaN,NaN,NaN
10.4879604128166,18.3605438099749,NaN,NaN,NaN,NaN
9.47065171791422,27.0764826680393,34.9562826947113,15.0580639938861,45.5563977090574,NaN
9.78360423926628,18.2909447108835,NaN,NaN,NaN,NaN
9.74620409587433,16.4651889869743,NaN,NaN,NaN,NaN
9.96475831789156,18.9627562247347,NaN,NaN,NaN,NaN
10.331831998735,18.0573168783947,25.4134189527833,NaN,NaN,NaN
9.31895168378587,12.5489550273919,NaN,NaN,NaN,NaN
12.0143164760519,NaN,NaN,NaN,NaN,NaN
9.78058844300333,11.9371521799504,NaN,NaN,NaN,NaN
9.96180760878415,18.0992600089819,25.0074435766713,NaN,NaN,NaN
10.1127793227472,15.591733255404,NaN,NaN,NaN,NaN
9.99602394199248,19.4912748213732,NaN,NaN,NaN,NaN
10.6031821898909,NaN,NaN,NaN,NaN,NaN
9.33017089056061,18.1782874580612,NaN,NaN,NaN,NaN
10.0366700263997,18.0695329025668,NaN,NaN,NaN,NaN
10.2424349116206,19.6441893530279,42.0601579058687,32.7379766899697,NaN,NaN
10.1037848029256,13.979991191113,NaN,NaN,NaN,NaN
9.99816671915033,18.4676828251405,NaN,NaN,NaN,NaN
10.0896052492499,19.690264866614,NaN,NaN,NaN,NaN
10.1352602453975,42.9542065204215,20.7119158158086,NaN,NaN,NaN
10.054784655566,19.1658424887258,47.7477854194448,NaN,NaN,NaN
10.0889943055932,17.3061212793637,NaN,NaN,NaN,NaN
9.72517391485887,5.12297468805557,14.224465063744,NaN,NaN,NaN
9.76881204450069,18.1868909103239,NaN,NaN,NaN,NaN
10.2456672497026,18.4958678605416,22.763990174341,NaN,NaN,NaN
8.98184578479284,21.4975841000033,NaN,NaN,NaN,NaN
10.5058526621885,22.4323816136515,NaN,NaN,NaN,NaN
10.2065649557363,13.0263194864985,32.0076629067194,NaN,NaN,NaN
13.8387273923833,11.3560733481171,NaN,NaN,NaN,NaN
10.2597917100855,19.6503113740349,NaN,NaN,NaN,NaN
9.94912711914878,20.4264318240506,NaN,NaN,NaN,NaN
9.72893212558092,13.6302200383015,19.7396894961673,NaN,NaN,NaN
7.08923453507613,NaN,NaN,NaN,NaN,NaN
9.35316684077711,NaN,NaN,NaN,NaN,NaN
11.6461570753441,23.4835086889404,NaN,NaN,NaN,NaN
9.87292940739037,18.0222204611707,NaN,NaN,NaN,NaN
10.8850009205704,19.3734528706559,NaN,NaN,NaN,NaN
10.3586173209561,19.1815355336441,NaN,NaN,NaN,NaN
10.9576111810346,20.5913998085643,NaN,NaN,NaN,NaN
9.56688747086167,17.80885147281,NaN,NaN,NaN,NaN
9.84519264788454,17.9749041112427,NaN,NaN,NaN,NaN
10.3169097064061,19.3313513796112,34.7168608193329,26.1651093211517,NaN,NaN
17.8458124157408,9.92608091177702,22.8555738557666,NaN,NaN,NaN
9.5164137639512,18.8700136091024,NaN,NaN,NaN,NaN
9.42199982671107,17.5471394157187,33.5628749789608,NaN,NaN,NaN
10.0055531626194,18.0535863341237,NaN,NaN,NaN,NaN
10.0336686555717,18.0644323472109,13.0212804977972,46.5899054185426,NaN,NaN
12.8879711099517,28.7663422875091,NaN,NaN,NaN,NaN
11.2638339440379,19.8134202769814,NaN,NaN,NaN,NaN
10.4112406685725,20.0693878550375,NaN,NaN,NaN,NaN
9.45912605720785,16.8372532836424,NaN,NaN,NaN,NaN
10.407907425824,19.2453627787287,43.0293879599961,NaN,NaN,NaN
9.83680011604322,16.9052905993079,NaN,NaN,NaN,NaN
10.3950786094259,20.3698959889122,35.2020599823839,28.1749656048065,NaN,NaN
9.84662358128809,18.4062188093465,NaN,NaN,NaN,NaN
9.86352959960926,20.8555581138217,14.9340852952483,44.0222606467653,NaN,NaN
10.1868194804695,19.3761855293635,28.4954800503364,NaN,NaN,NaN
10.0355413081988,20.2847376667942,NaN,NaN,NaN,NaN
9.89582056354621,17.9714848681109,45.9971563782891,NaN,NaN,NaN
10.4366265047992,19.1110244890733,NaN,NaN,NaN,NaN
9.88799699771729,15.6240236913151,NaN,NaN,NaN,NaN
9.90057178551551,18.9661403656077,NaN,NaN,NaN,NaN
20.0270295210456,9.77999161320972,11.9049866970176,16.9072904738912,24.8391059469331,NaN
10.0263460002917,19.4579714785463,NaN,NaN,NaN,NaN
9.69069893031689,17.0057471290603,NaN,NaN,NaN,NaN
13.7383847444184,NaN,NaN,NaN,NaN,NaN
12.2617317789315,NaN,NaN,NaN,NaN,NaN
10.4238059810486,13.0972765861339,NaN,NaN,NaN,NaN
13.4671407822198,NaN,NaN,NaN,NaN,NaN
9.81085450964747,26.5671501680765,41.8249589795612,18.5870552177093,NaN,NaN
10.1112059862715,18.2927470984635,NaN,NaN,NaN,NaN
10.4304665926345,NaN,NaN,NaN,NaN,NaN
10.0492905433665,19.7897071786816,NaN,NaN,NaN,NaN
17.6531446628001,10.4656348847678,NaN,NaN,NaN,NaN
21.5494783065753,10.5657911169031,NaN,NaN,NaN,NaN
10.8539582810735,21.9279505056802,NaN,NaN,NaN,NaN
10.4054092645216,18.6531566815708,NaN,NaN,NaN,NaN
10.2068687370013,14.4996735625648,19.2839895017751,NaN,NaN,NaN
10.7287113371408,20.1739912694032,NaN,NaN,NaN,NaN
9.49018085760784,18.440486253388,NaN,NaN,NaN,NaN
10.4462495759599,21.105331687288,NaN,NaN,NaN,NaN
11.0232889889003,21.287437471758,NaN,NaN,NaN,NaN
9.41942788594787,22.1827734533591,NaN,NaN,NaN,NaN
11.1259649108995,17.6438126328943,1.93801658056686,24.4444850279589,NaN,NaN
9.62964174582188,19.2283101627727,NaN,NaN,NaN,NaN
9.94561888915096,23.7617357797238,NaN,NaN,NaN,NaN
10.171892651287,14.3134171261776,NaN,NaN,NaN,NaN
10.5488518068652,19.4859079870741,NaN,NaN,NaN,NaN
9.8084814858761,19.1997713214737,NaN,NaN,NaN,NaN
10.0017659444351,17.0529156105755,NaN,NaN,NaN,NaN
13.5386791055079,39.3862257190115,26.7733629680374,NaN,NaN,NaN
11.24945967389,19.6934459058364,14.1618282188129,8.6334555195784,NaN,NaN
9.31609015159481,20.1224059109986,45.0678331103295,36.8376795304869,NaN,NaN
9.59039943448736,19.7764571535594,NaN,NaN,NaN,NaN
10.0352662391393,19.7514341654893,NaN,NaN,NaN,NaN
14.3761148753676,NaN,NaN,NaN,NaN,NaN
10.6421598670551,19.7728310228604,NaN,NaN,NaN,NaN
8.93424495804205,11.5353883801622,27.0193776221468,18.4297527237226,38.3905279271269,NaN
10.5588499280249,19.6385774600716,39.4036420644297,NaN,NaN,NaN
10.0926321661555,18.081931902211,26.8541940556438,NaN,NaN,NaN
10.9119093136824,20.6285498616039,NaN,NaN,NaN,NaN
10.3969191355279,NaN,NaN,NaN,NaN,NaN
9.59314497898033,20.047493776941,NaN,NaN,NaN,NaN
9.425214438245,16.9574285693059,NaN,NaN,NaN,NaN
10.1714041198144,15.2912407765354,NaN,NaN,NaN,NaN
8.84560732459323,20.7389143030902,NaN,NaN,NaN,NaN
10.1851964786798,18.8789764126369,NaN,NaN,NaN,NaN
10.1039346477546,9.52306570349309,NaN,NaN,NaN,NaN
10.4242859192003,16.4485156867794,NaN,NaN,NaN,NaN
10.073727921234,13.3568363884852,42.2939754403071,NaN,NaN,NaN
8.93988782111253,23.6368906688206,11.0984521639614,NaN,NaN,NaN
10.2215772373747,18.8781891469783,NaN,NaN,NaN,NaN
11.6743957882051,NaN,NaN,NaN,NaN,NaN
9.08444150288943,NaN,NaN,NaN,NaN,NaN
10.0448104979666,45.5275146303224,20.0798046733543,33.0593663044787,NaN,NaN
9.87407732798502,20.6598394739585,NaN,NaN,NaN,NaN
21.0807098692869,9.96216969559678,NaN,NaN,NaN,NaN
9.66699187146714,34.8316406884831,19.9638276280519,NaN,NaN,NaN
10.7722750163614,21.884777316516,NaN,NaN,NaN,NaN
9.69964351060181,17.9809849599259,NaN,NaN,NaN,NaN
10.5577659182749,20.7918860697433,NaN,NaN,NaN,NaN
10.1478752218278,19.8019690875792,NaN,NaN,NaN,NaN
10.0224394331558,15.3478900561764,NaN,NaN,NaN,NaN
10.7520916502196,19.8081437379018,NaN,NaN,NaN,NaN
11.4626898623316,22.3588824608683,NaN,NaN,NaN,NaN
13.4292910974809,NaN,NaN,NaN,NaN,NaN
10.240528662978,19.3721765227835,NaN,NaN,NaN,NaN
10.4640132080273,20.4012019311784,40.9010261224246,NaN,NaN,NaN
10.4056711160862,20.6350268043373,NaN,NaN,NaN,NaN
9.32920229716415,16.9979769501351,NaN,NaN,NaN,NaN
24.2858531859374,10.3579440057796,16.5042315786021,NaN,NaN,NaN
10.3059162597176,20.0992915544563,NaN,NaN,NaN,NaN
9.65066113299753,13.5636384052338,NaN,NaN,NaN,NaN
9.77744391327439,19.5000141086918,NaN,NaN,NaN,NaN
10.672800981055,21.0268679352591,NaN,NaN,NaN,NaN
10.1259656686992,19.2373031620404,NaN,NaN,NaN,NaN
9.95282192662421,19.484405689673,NaN,NaN,NaN,NaN
10.4393858798256,20.0186655861195,NaN,NaN,NaN,NaN
10.0181381024407,21.8472045184255,NaN,NaN,NaN,NaN
10.2879479729157,17.5563269066718,NaN,NaN,NaN,NaN
9.87767018481523,15.9320868201554,NaN,NaN,NaN,NaN
9.74748689174321,20.5009064324513,NaN,NaN,NaN,NaN
10.6852387842179,21.0287443681438,NaN,NaN,NaN,NaN
8.79877022321278,10.9614181368284,23.9872415137127,17.7366444633833,NaN,NaN
9.99346390388777,19.4617227761308,38.5159588348939,NaN,NaN,NaN
10.4816057281496,19.7291792901672,44.2339337266577,NaN,NaN,NaN
10.0294706867008,20.1626852945609,NaN,NaN,NaN,NaN
9.9620920639179,19.2023634414698,NaN,NaN,NaN,NaN
10.4235577214261,20.3201200068194,NaN,NaN,NaN,NaN
9.54255746678475,21.5187385860231,14.0375094356996,NaN,NaN,NaN
11.2032401060802,NaN,NaN,NaN,NaN,NaN
11.1758558467568,21.4297140081579,NaN,NaN,NaN,NaN
10.7517318288303,14.3591204942853,NaN,NaN,NaN,NaN
9.72407056849737,17.2513073996043,NaN,NaN,NaN,NaN
8.25487596056847,11.6379623637446,18.9442305822375,37.7903820097361,NaN,NaN
10.1895617943297,19.3437212188468,NaN,NaN,NaN,NaN
11.701234835308,NaN,NaN,NaN,NaN,NaN
10.138301228677,18.7221567316401,NaN,NaN,NaN,NaN
10.3404096719974,20.3086964370909,NaN,NaN,NaN,NaN
9.95178331092237,20.5579156236713,NaN,NaN,NaN,NaN
11.7546182847712,NaN,NaN,NaN,NaN,NaN
10.2934699843242,20.1864364887983,NaN,NaN,NaN,NaN
10.8605954300395,20.1752488215551,NaN,NaN,NaN,NaN
10.7899156298824,21.1493540743152,17.8279963655764,NaN,NaN,NaN
10.2272252925956,11.1724162985274,NaN,NaN,NaN,NaN
9.6777456109166,22.700380629818,NaN,NaN,NaN,NaN
10.3734264532165,21.2965423034985,33.1750436459866,NaN,NaN,NaN
10.172837161292,20.0064545444809,NaN,NaN,NaN,NaN
9.31451200215588,12.8967372980894,20.2067608227904,NaN,NaN,NaN
9.63013105356191,19.3260167955366,NaN,NaN,NaN,NaN
10.0862529607298,16.5677456201078,NaN,NaN,NaN,NaN
10.3183090191923,42.9450352209876,18.3602135090461,25.6288780579684,NaN,NaN
10.0229502754522,16.8238462453214,NaN,NaN,NaN,NaN
10.3256717592251,47.0840468391608,38.4246440597332,18.8200113609799,NaN,NaN
10.2577121584718,19.2584697683511,NaN,NaN,NaN,NaN
10.6144547852188,15.9435557573572,NaN,NaN,NaN,NaN
10.6254598406738,12.1990587696174,NaN,NaN,NaN,NaN
9.4567588115966,18.4960559850898,NaN,NaN,NaN,NaN
9.77681341941043,45.5824623354987,18.1710717107555,NaN,NaN,NaN
9.09004316833227,16.9442688625642,NaN,NaN,NaN,NaN
10.2146528730998,18.3354578542403,NaN,NaN,NaN,NaN
10.3056437312567,16.2326250010814,NaN,NaN,NaN,NaN
25.1616307202312,18.5144047203371,10.9682243723858,NaN,NaN,NaN
10.6561920404393,21.8005873278208,NaN,NaN,NaN,NaN
10.4784253813218,20.1408634954484,NaN,NaN,NaN,NaN
10.339413711734,19.5399360857724,NaN,NaN,NaN,NaN
9.07130032616007,14.3439695108739,NaN,NaN,NaN,NaN
9.80172749370503,20.3559774543538,NaN,NaN,NaN,NaN
10.3420543527128,20.6687344661493,NaN,NaN,NaN,NaN
10.9122381322278,NaN,NaN,NaN,NaN,NaN
10.4067589678733,13.973187899267,NaN,NaN,NaN,NaN
10.1298619364426,16.5254572626591,NaN,NaN,NaN,NaN
9.28508044939375,11.8481635878378,17.6897333089782,NaN,NaN,NaN
9.67498074510251,22.1500424779315,NaN,NaN,NaN,NaN
9.63152602267549,19.6886752835637,NaN,NaN,NaN,NaN
9.97726088623935,19.9397384893302,NaN,NaN,NaN,NaN
8.47248709615041,NaN,NaN,NaN,NaN,NaN
10.2119276090741,22.9099719001785,NaN,NaN,NaN,NaN
9.42138935154483,18.349043566646,NaN,NaN,NaN,NaN
9.80507002324589,49.9998239770876,23.2702168038847,NaN,NaN,NaN
10.457776937272,20.8488701665312,39.3706591102546,NaN,NaN,NaN
10.1119367421399,35.7977942497447,48.2666263081869,21.4132295336062,NaN,NaN
21.2319923894408,10.7814789990553,NaN,NaN,NaN,NaN
9.98108480615853,20.2321685138596,NaN,NaN,NaN,NaN
10.8564953192012,19.8971916576468,40.2570511734237,NaN,NaN,NaN
10.5440225768814,20.7571744669216,NaN,NaN,NaN,NaN
10.9324613176698,NaN,NaN,NaN,NaN,NaN
11.9270194311508,NaN,NaN,NaN,NaN,NaN
10.3483073084431,20.6996616850555,NaN,NaN,NaN,NaN
9.98577083029112,19.5988798037036,NaN,NaN,NaN,NaN
10.0198650351069,24.9564167099246,15.9217392418661,NaN,NaN,NaN
10.4815763885337,19.1427730159747,NaN,NaN,NaN,NaN
10.5284169061749,16.0771224068732,NaN,NaN,NaN,NaN
18.6291812513231,10.6036140301356,13.4636921213292,NaN,NaN,NaN
10.0534656455429,14.8132218025275,NaN,NaN,NaN,NaN
10.910355035085,20.5317340289277,NaN,NaN,NaN,NaN
8.95497059980032,11.6786966931814,19.3080916039768,NaN,NaN,NaN
9.32941940412231,13.1818318621257,NaN,NaN,NaN,NaN
10.5138949644425,20.124189581912,NaN,NaN,NaN,NaN
11.4668530596419,23.6868610577536,NaN,NaN,NaN,NaN
9.94078264556142,19.704492702028,NaN,NaN,NaN,NaN
10.5231229077421,18.7823280775604,37.0494218917608,40.4587493036057,NaN,NaN
18.6340136753668,10.1252112444146,NaN,NaN,NaN,NaN
10.6854185830801,20.5131267621398,NaN,NaN,NaN,NaN
10.3473290970728,20.1660018079061,NaN,NaN,NaN,NaN
9.99868466200696,20.4265270516505,46.0747948015703,NaN,NaN,NaN
10.2384915360185,22.332973091939,36.1608703771663,16.6575372408519,NaN,NaN
9.76294799694406,20.2042932875803,NaN,NaN,NaN,NaN
9.86713166002915,20.2646977701213,NaN,NaN,NaN,NaN
10.8070873366751,19.1350486094965,NaN,NaN,NaN,NaN
9.32051079692078,19.1044933206319,11.8103677589698,46.834836827839,NaN,NaN
10.8547140601047,20.2058864238449,NaN,NaN,NaN,NaN
9.36414523884654,18.7377026265738,29.569194945806,NaN,NaN,NaN
9.72928341009404,18.6506137777443,43.6787641793593,NaN,NaN,NaN
10.6625837493143,17.4656076563999,20.4740801295234,46.7767888791372,36.4687249127388,NaN
10.3792461678912,18.6737402227359,NaN,NaN,NaN,NaN
9.90831112954207,21.763340106036,NaN,NaN,NaN,NaN
10.0323828078801,18.2681795664665,NaN,NaN,NaN,NaN
10.6551085951852,22.3040098619084,NaN,NaN,NaN,NaN
9.72734713148063,20.0883629480988,NaN,NaN,NaN,NaN
10.3243550065537,19.2726626623162,NaN,NaN,NaN,NaN
9.81919585055728,NaN,NaN,NaN,NaN,NaN
10.1264681228638,12.7791123025782,NaN,NaN,NaN,NaN
10.4843027565359,21.01444689264,NaN,NaN,NaN,NaN
10.2577205261669,19.153341896337,NaN,NaN,NaN,NaN
10.3174067058345,17.9032133662213,5.72413635121027,NaN,NaN,NaN
10.4390099241385,18.8118123419505,NaN,NaN,NaN,NaN
10.3544998592562,18.9207140557183,46.6784343271856,NaN,NaN,NaN
9.89879203555525,17.9995823378082,NaN,NaN,NaN,NaN
10.5217578341017,15.6299835839348,NaN,NaN,NaN,NaN
10.6761487534608,20.414467443997,NaN,NaN,NaN,NaN
10.5770746247582,18.8387338520342,NaN,NaN,NaN,NaN
9.26196386240076,11.3986743553318,16.6891156560119,NaN,NaN,NaN
9.88442277330943,19.5147641126561,NaN,NaN,NaN,NaN
10.2094419934198,21.5996939916473,NaN,NaN,NaN,NaN
9.88968160267848,19.4648831609065,NaN,NaN,NaN,NaN
10.685680189339,21.1360232088838,NaN,NaN,NaN,NaN
9.66336456289711,16.24713759143,45.403271563423,21.3003343019467,NaN,NaN
9.63734744332283,18.4928224166427,NaN,NaN,NaN,NaN
11.8490012803515,NaN,NaN,NaN,NaN,NaN
10.8432784384507,NaN,NaN,NaN,NaN,NaN
20.948218949316,8.67036675567171,11.499197572638,31.8495491893315,NaN,NaN
10.6379143564924,19.2870727289027,NaN,NaN,NaN,NaN
10.2615042024268,19.3390880355469,NaN,NaN,NaN,NaN
10.5736695289006,24.1896677425192,17.7761570257062,NaN,NaN,NaN
10.7797299876022,19.1985646515265,2.18927541027075,NaN,NaN,NaN
17.3518185003403,9.59176070218281,32.0463525370841,NaN,NaN,NaN
10.4613913547238,18.9342698402818,NaN,NaN,NaN,NaN
10.0967520949373,19.8223424907232,NaN,NaN,NaN,NaN
10.1618159230055,15.5644404547512,NaN,NaN,NaN,NaN
10.317523967098,20.416122336657,NaN,NaN,NaN,NaN
9.89951505805805,17.2791349937492,NaN,NaN,NaN,NaN
10.090625448992,20.3863834020854,NaN,NaN,NaN,NaN
10.210280405788,17.6559181097363,NaN,NaN,NaN,NaN
10.3360415850663,32.3713050480494,18.8636068368861,NaN,NaN,NaN
10.1250681985507,18.047920551993,44.5500825210082,NaN,NaN,NaN
11.7853863676537,NaN,NaN,NaN,NaN,NaN
9.73621675025863,13.2667479469107,20.7106485197773,NaN,NaN,NaN
11.4138906546425,NaN,NaN,NaN,NaN,NaN
10.9770641318976,NaN,NaN,NaN,NaN,NaN
11.8348013487771,NaN,NaN,NaN,NaN,NaN
10.0616682504358,9.67246851482505,NaN,NaN,NaN,NaN
19.4410645649241,10.5154857152058,25.1577489157795,NaN,NaN,NaN
10.4684149975011,18.5954673869473,NaN,NaN,NaN,NaN
12.2871507805499,NaN,NaN,NaN,NaN,NaN
10.3350592604568,21.4522672303572,NaN,NaN,NaN,NaN
9.72742334735743,15.4800087889252,23.4116072939302,NaN,NaN,NaN
9.47071925576086,13.9949574173773,NaN,NaN,NaN,NaN
10.5253458585913,18.4286753098344,NaN,NaN,NaN,NaN
10.4538752658239,18.4661485901249,NaN,NaN,NaN,NaN
10.0121538281789,19.5135287027669,NaN,NaN,NaN,NaN
10.3014448047812,19.191956262571,NaN,NaN,NaN,NaN
10.3512634742189,20.3710020403297,NaN,NaN,NaN,NaN
10.4376103590307,17.1479918363028,22.6107901304342,NaN,NaN,NaN
10.539181594499,21.1686936275121,NaN,NaN,NaN,NaN
12.8268797884267,NaN,NaN,NaN,NaN,NaN
9.8913225168299,19.1061047096015,NaN,NaN,NaN,NaN
10.1095125334395,19.3176533593212,33.5215854976436,NaN,NaN,NaN
10.4278958072828,26.2818361565266,2.5476451795093,18.2234099525301,NaN,NaN
9.78188032558411,19.4853556834716,NaN,NaN,NaN,NaN
9.58551081163317,18.5792321883907,NaN,NaN,NaN,NaN
10.4731873949806,18.4112775960484,25.9157043372898,NaN,NaN,NaN
10.1071089028719,20.9580309468669,NaN,NaN,NaN,NaN
10.348961992883,17.6434339411929,22.0747177095578,NaN,NaN,NaN
9.75177047690087,19.598819294801,NaN,NaN,NaN,NaN
10.5558382261497,22.6037533302992,NaN,NaN,NaN,NaN
10.1818453171791,23.4504881968169,39.8751735044322,17.0138522277425,NaN,NaN
10.2511349067933,14.0513773473809,42.3608644785803,NaN,NaN,NaN
9.95426263341222,16.1479816820436,NaN,NaN,NaN,NaN
10.448034040376,19.5602224219018,NaN,NaN,NaN,NaN
10.3046337840753,20.9666379362056,NaN,NaN,NaN,NaN
9.90324824891511,NaN,NaN,NaN,NaN,NaN
9.3046434761464,11.4981555649085,19.3623114657964,NaN,NaN,NaN
23.5720665589108,11.0911110657641,17.6332817532945,NaN,NaN,NaN
10.8270174104909,19.10206545814,NaN,NaN,NaN,NaN
10.0663857475704,19.7619000464768,NaN,NaN,NaN,NaN
10.2460203962081,19.6729314191216,NaN,NaN,NaN,NaN
9.89340649904854,20.1332764163344,NaN,NaN,NaN,NaN
10.2152629218661,22.5106998107526,13.4759589551094,NaN,NaN,NaN
9.65032776931466,18.0916587016227,NaN,NaN,NaN,NaN
10.6320219955437,20.2732471816701,NaN,NaN,NaN,NaN
9.64820522696593,16.8774943383881,NaN,NaN,NaN,NaN
10.0301436109841,19.2499387477977,NaN,NaN,NaN,NaN
10.6407644630834,21.416706868719,NaN,NaN,NaN,NaN
10.0978873907906,20.0040857018695,NaN,NaN,NaN,NaN
12.3902812199475,NaN,NaN,NaN,NaN,NaN
10.320163268551,22.8562831347535,NaN,NaN,NaN,NaN
10.3000228676889,15.3341105648694,21.0439414299316,NaN,NaN,NaN
9.90456231011397,15.1262384766692,NaN,NaN,NaN,NaN
14.5509704598093,NaN,NaN,NaN,NaN,NaN
10.1627586389309,19.1368430353848,NaN,NaN,NaN,NaN
10.7007305736262,20.9326030333004,NaN,NaN,NaN,NaN
12.7284001791903,NaN,NaN,NaN,NaN,NaN
10.6102560951976,19.4248296959764,NaN,NaN,NaN,NaN
10.442413191597,40.9025752946234,21.5658593091993,NaN,NaN,NaN
10.0701500005806,21.1740787528468,NaN,NaN,NaN,NaN
10.2133160555967,39.7103687685622,19.1986792372974,NaN,NaN,NaN
10.0362705276235,18.5005406941952,NaN,NaN,NaN,NaN
10.0891511057587,18.9798339460455,NaN,NaN,NaN,NaN
9.55730904214212,24.4915141535188,18.1172411919941,NaN,NaN,NaN
10.7696194414386,18.9600837194514,NaN,NaN,NaN,NaN
10.0675889889187,17.8028949374391,34.6899906758683,NaN,NaN,NaN
11.9246608076465,NaN,NaN,NaN,NaN,NaN
10.1787873079506,21.5692419146459,38.2201239804392,NaN,NaN,NaN
10.1154496900633,18.8721528703347,NaN,NaN,NaN,NaN
9.86605039975185,18.7298644549541,NaN,NaN,NaN,NaN
9.09306731762683,13.024554861113,25.0612575022299,NaN,NaN,NaN
10.4831959015879,18.8443997477417,NaN,NaN,NaN,NaN
9.6022431894918,21.8454859287447,NaN,NaN,NaN,NaN
9.49369036141216,16.2938400314485,21.7065967028296,39.9320699559184,NaN,NaN
10.0847279665848,NaN,NaN,NaN,NaN,NaN
9.88774309833347,19.9274241443439,NaN,NaN,NaN,NaN
9.6690235036828,18.6764988946029,NaN,NaN,NaN,NaN
10.0756327069216,19.1160920544434,NaN,NaN,NaN,NaN
9.79544526746597,19.0154837098736,40.2403276990653,NaN,NaN,NaN
10.718369639866,17.0730487980952,NaN,NaN,NaN,NaN
10.1816347582755,18.6264762171194,NaN,NaN,NaN,NaN
9.96827862656095,19.5631825131916,NaN,NaN,NaN,NaN
10.0603622386438,19.1658890125924,NaN,NaN,NaN,NaN
10.0463981090149,16.737561229545,NaN,NaN,NaN,NaN
10.502115270653,16.8891173443115,NaN,NaN,NaN,NaN
11.0152435866674,23.5149295950194,30.8590117383474,17.8986915145375,NaN,NaN
10.9626029774472,19.8868114076688,NaN,NaN,NaN,NaN
11.5411002956432,NaN,NaN,NaN,NaN,NaN
10.1550194434356,19.3968441073167,47.6944882254265,NaN,NaN,NaN
10.2710788997764,18.0137558691581,NaN,NaN,NaN,NaN
10.2471016716766,18.2714650837973,34.8369994329577,NaN,NaN,NaN
10.2897495186075,17.6259239235587,24.1645686524673,45.7249625294706,31.9212641474284,NaN
9.56045388119069,16.9295063697686,NaN,NaN,NaN,NaN
10.3291027288949,23.8665163864839,NaN,NaN,NaN,NaN
9.82855656481486,21.0268563131237,NaN,NaN,NaN,NaN
10.0578289144032,16.3533793402251,NaN,NaN,NaN,NaN
9.62564045656067,20.6144746190023,NaN,NaN,NaN,NaN
10.7587993892824,47.8914922306211,41.2125630381567,22.966917182865,NaN,NaN
18.5067928360023,9.58968949466305,NaN,NaN,NaN,NaN
9.51024920728714,19.7221200139881,NaN,NaN,NaN,NaN
11.8699733514326,NaN,NaN,NaN,NaN,NaN
10.2121088684141,19.0084052146599,NaN,NaN,NaN,NaN
10.0063350243776,22.5183877399644,49.0107115191945,NaN,NaN,NaN
10.1431094498839,21.5166116185463,NaN,NaN,NaN,NaN
10.102311195991,20.5798395759973,NaN,NaN,NaN,NaN
10.059608646313,21.7768786934472,NaN,NaN,NaN,NaN
10.3452977808935,19.2145621208542,NaN,NaN,NaN,NaN
9.37046334529497,20.089586776672,45.1074582106022,NaN,NaN,NaN
10.5858161428899,19.5870124803937,NaN,NaN,NaN,NaN
10.7145188970113,21.0741867796103,NaN,NaN,NaN,NaN
10.0112173954837,18.8100309366051,47.5683320039366,NaN,NaN,NaN
10.1171233982721,7.32135960571469,NaN,NaN,NaN,NaN
11.1600191889754,21.3802150487262,NaN,NaN,NaN,NaN
12.7828988350368,NaN,NaN,NaN,NaN,NaN
10.8915268768718,22.6500941733707,NaN,NaN,NaN,NaN
11.4870145628653,NaN,NaN,NaN,NaN,NaN
10.5959025308648,19.7266165720564,NaN,NaN,NaN,NaN
12.384167995974,NaN,NaN,NaN,NaN,NaN
9.66075924003309,19.8207311755377,NaN,NaN,NaN,NaN
10.0398265275105,19.2744426822891,NaN,NaN,NaN,NaN
10.1463755917463,14.313677276937,39.8656898742573,NaN,NaN,NaN
13.2217564421662,NaN,NaN,NaN,NaN,NaN
9.52433445219538,18.6370234809623,49.9795823095155,NaN,NaN,NaN
9.78251025521475,17.5122532467235,NaN,NaN,NaN,NaN
9.79649103649811,17.5779761732807,NaN,NaN,NaN,NaN
9.61368585082499,18.0929453973562,NaN,NaN,NaN,NaN
10.3718382459037,25.0707849353405,NaN,NaN,NaN,NaN
9.38901752022172,20.5250172149496,14.6384888969711,1.64601208543752,NaN,NaN
8.81890479806453,20.5685136551043,11.1716150546066,NaN,NaN,NaN
9.0913332746811,16.8221459037113,NaN,NaN,NaN,NaN
10.2965332555611,21.0297869457527,NaN,NaN,NaN,NaN
10.5348820583936,17.6690752165767,NaN,NaN,NaN,NaN
9.9670856535489,19.3435951146427,40.233742696798,NaN,NaN,NaN
10.1850857655811,21.0155700335575,NaN,NaN,NaN,NaN
10.5368774864079,19.5166208711841,NaN,NaN,NaN,NaN
10.5019947265332,17.4111388416815,22.9194371611109,NaN,NaN,NaN
10.6540488015152,17.9791082578968,NaN,NaN,NaN,NaN
10.4524910126044,18.8525357121407,NaN,NaN,NaN,NaN
10.4900271567485,21.6349979699383,NaN,NaN,NaN,NaN
9.76743767428811,20.3720277180632,NaN,NaN,NaN,NaN
10.151050214534,19.674571078706,37.9737889937907,NaN,NaN,NaN
10.1637990550447,18.6215501046628,NaN,NaN,NaN,NaN
20.836399919572,10.4036369063355,NaN,NaN,NaN,NaN
10.5750785719632,20.4204594079116,NaN,NaN,NaN,NaN
10.3483267745036,19.8657189806975,NaN,NaN,NaN,NaN
10.3111211083954,20.2439339051953,NaN,NaN,NaN,NaN
8.51366776448366,11.0466486064437,15.7498137962015,NaN,NaN,NaN
10.6166517503419,20.8041708233961,39.3018808291062,NaN,NaN,NaN
10.048106591327,17.3753858682372,25.6419853444642,NaN,NaN,NaN
10.2186478742507,9.04435503493749,39.6552569039304,NaN,NaN,NaN
10.6456125802557,20.5356366590122,NaN,NaN,NaN,NaN
9.51201484780736,32.0387677749813,15.5454481006972,47.2836096055813,NaN,NaN
10.0317589615607,18.0562446338957,NaN,NaN,NaN,NaN
13.2665586707344,NaN,NaN,NaN,NaN,NaN
10.115625364582,18.3093604955408,NaN,NaN,NaN,NaN
10.601646444615,19.6981972399679,44.3167978999157,NaN,NaN,NaN
9.93093556191161,19.463829807656,NaN,NaN,NaN,NaN
10.4487357368126,15.3417224140895,NaN,NaN,NaN,NaN
10.4352254095848,19.817542824747,NaN,NaN,NaN,NaN
10.1893912578262,18.4008041232212,NaN,NaN,NaN,NaN
10.3309954166411,19.3063460289508,35.8369190253178,NaN,NaN,NaN
9.67273799725222,19.6970429170182,NaN,NaN,NaN,NaN
9.73946429651535,19.404190537771,38.2235519805693,46.9808048646081,NaN,NaN
14.2099148461962,44.3813719937792,NaN,NaN,NaN,NaN
9.99835129961296,19.7615437748411,35.8170482148586,NaN,NaN,NaN
9.78798619063535,19.0843269132958,NaN,NaN,NaN,NaN
10.4354921602485,48.4197766401776,19.5367374868958,NaN,NaN,NaN
10.5697723879784,26.0115428145017,19.7592024214197,NaN,NaN,NaN
10.3769241860452,18.8212934956251,NaN,NaN,NaN,NaN
10.4423265491244,20.0726461128081,NaN,NaN,NaN,NaN
9.88748665733795,20.1229715218392,36.3593257603634,NaN,NaN,NaN
11.7092121812758,NaN,NaN,NaN,NaN,NaN
8.92300408982837,16.247336930152,22.4278232315299,36.5552149704952,NaN,NaN
9.70406628593159,14.6842929507785,NaN,NaN,NaN,NaN
9.75411287599299,12.716832661924,NaN,NaN,NaN,NaN
9.91887425867933,15.7584041281635,NaN,NaN,NaN,NaN
9.39924308157366,18.9069425731998,NaN,NaN,NaN,NaN
10.3760873428067,17.1253111391557,NaN,NaN,NaN,NaN
8.9077989897126,19.5541104032114,NaN,NaN,NaN,NaN
10.6141052404844,21.0024838209515,46.2347888914805,34.4292621831627,4.60986532920474,NaN
9.81622805740825,18.6070684146587,NaN,NaN,NaN,NaN
9.9800234030574,22.2113404490467,16.1385156238194,NaN,NaN,NaN
9.52928352200253,14.6234976498406,NaN,NaN,NaN,NaN
9.78990809835335,18.9802441615685,36.8722876022483,30.8608062928176,NaN,NaN
9.71555992729866,10.0677259168821,NaN,NaN,NaN,NaN
10.4740524433526,16.2528829583177,NaN,NaN,NaN,NaN
11.2138037170737,19.5544259767061,NaN,NaN,NaN,NaN
10.2046334369563,18.722234912842,NaN,NaN,NaN,NaN
9.00303933998561,13.3411451363837,23.2082130476052,42.6569275665583,3.30756196419056,NaN
13.5528937498553,NaN,NaN,NaN,NaN,NaN
10.1078896998486,21.4113929223115,42.590562703218,37.5695051996994,NaN,NaN
9.85440870319303,32.1453971118702,NaN,NaN,NaN,NaN
10.3307067100859,19.4046729529296,NaN,NaN,NaN,NaN
10.3478515938069,19.4720151509314,NaN,NaN,NaN,NaN
10.5130485315025,NaN,NaN,NaN,NaN,NaN
10.3013986808389,18.499333299656,NaN,NaN,NaN,NaN
9.69643754672047,19.8045798085477,NaN,NaN,NaN,NaN
10.5429570902187,18.5422021743061,NaN,NaN,NaN,NaN
10.1102394361688,19.4053273171676,NaN,NaN,NaN,NaN
10.5198097796288,20.805250709291,NaN,NaN,NaN,NaN
10.4246482301669,19.4162327609761,NaN,NaN,NaN,NaN
9.52298017937326,18.3900740317299,NaN,NaN,NaN,NaN
10.171874536503,17.0467934067653,25.2011461140811,22.1872862927256,NaN,NaN
12.0951711099323,NaN,NaN,NaN,NaN,NaN
12.4824417894942,NaN,NaN,NaN,NaN,NaN
10.4186993617451,21.8741987846578,16.6306859389231,44.1047838992004,33.1233196990195,NaN
10.6616303800098,39.6461980101987,19.987880957524,NaN,NaN,NaN
9.94850700574189,16.7877950309712,NaN,NaN,NaN,NaN
9.7121322265038,11.9867585903251,NaN,NaN,NaN,NaN
9.87164212894506,10.7074650039238,NaN,NaN,NaN,NaN
10.1839652329046,15.3947401483368,19.7291202317854,24.9546531065748,NaN,NaN
10.4524239084969,21.495398444381,NaN,NaN,NaN,NaN
9.63807406709103,17.9264948162913,NaN,NaN,NaN,NaN
10.5127828429176,20.3492631763484,NaN,NaN,NaN,NaN
18.1961287120549,9.87417359368766,46.3058759537192,NaN,NaN,NaN
10.2830633622438,21.7028092154509,29.5805454756977,NaN,NaN,NaN
10.2491920845908,20.60242437527,NaN,NaN,NaN,NaN
9.85693080182622,19.1418428831377,49.2394420969655,35.9281447034832,26.1705151415059,NaN
12.2661498909427,NaN,NaN,NaN,NaN,NaN
9.5870077548046,23.4906596087971,NaN,NaN,NaN,NaN
9.66185786635455,18.7424773593127,NaN,NaN,NaN,NaN
9.93675576066812,17.5283243179437,NaN,NaN,NaN,NaN
10.0045030339502,NaN,NaN,NaN,NaN,NaN
9.72929799741575,17.5853700678223,NaN,NaN,NaN,NaN
10.2370477963426,19.3626872967143,41.2664119590305,NaN,NaN,NaN
10.3765439809019,18.8761903399925,NaN,NaN,NaN,NaN
9.81653114640299,20.2925340856699,NaN,NaN,NaN,NaN
12.0385753527076,NaN,NaN,NaN,NaN,NaN
11.0366367985785,NaN,NaN,NaN,NaN,NaN
10.3688022147643,21.2306325625694,NaN,NaN,NaN,NaN
10.0085570346613,16.4796467634794,NaN,NaN,NaN,NaN
10.3943898733478,21.5294124204529,NaN,NaN,NaN,NaN
9.97693874092325,21.3159991989756,1.00008824482353,35.838789528034,NaN,NaN
10.7151045641636,20.8840613462024,NaN,NaN,NaN,NaN
9.85861510388646,17.9508760516878,34.6173661581973,5.38731466798453,NaN,NaN
10.8398805289111,21.3552785635465,NaN,NaN,NaN,NaN
9.8213929844764,17.5656655711923,NaN,NaN,NaN,NaN
10.8263005020079,21.9221162725662,NaN,NaN,NaN,NaN
10.1721021438478,17.5790718230506,NaN,NaN,NaN,NaN
10.4638160538941,40.407169208859,21.2636458860142,NaN,NaN,NaN
12.0648639633325,25.6881895788501,NaN,NaN,NaN,NaN
10.1829977304927,36.2345306546514,19.5683272012428,NaN,NaN,NaN
10.3892222821932,18.0289859109099,NaN,NaN,NaN,NaN
9.91524308069812,22.8507591830863,16.6510491788948,48.7104981402467,NaN,NaN
9.94107068497124,22.1284239775013,NaN,NaN,NaN,NaN
10.1767266081961,19.3108766425567,36.817712147141,25.6897084362799,NaN,NaN
9.76107630186617,18.6072929732505,NaN,NaN,NaN,NaN
10.7422083239805,19.8335352851262,NaN,NaN,NaN,NaN
9.77642072581561,20.0870345683888,NaN,NaN,NaN,NaN
9.73856741962449,15.2528764454756,NaN,NaN,NaN,NaN
10.4484233370305,19.0391641228908,26.1996763641427,NaN,NaN,NaN
10.4165465017746,20.4617981513813,NaN,NaN,NaN,NaN
10.8511784050195,NaN,NaN,NaN,NaN,NaN
9.73404514716307,16.7729127649115,NaN,NaN,NaN,NaN
10.647660517556,19.1022424882833,NaN,NaN,NaN,NaN
11.1239398917379,16.7506284983283,19.7051158627012,31.7008356176487,NaN,NaN
10.3158776304112,22.4240464746618,NaN,NaN,NaN,NaN
9.86191061071987,47.8945439473913,16.9474596672268,NaN,NaN,NaN
10.2024237980027,19.6152071260163,27.8197035164255,NaN,NaN,NaN
21.0121938580723,9.88838902086512,NaN,NaN,NaN,NaN
10.1267922367566,17.6270935628258,NaN,NaN,NaN,NaN
10.1285739377095,17.0477194635295,NaN,NaN,NaN,NaN
10.4571972286788,20.5205237269285,NaN,NaN,NaN,NaN
9.38551476950521,20.0521287833143,NaN,NaN,NaN,NaN
10.3625208607754,19.491041194522,NaN,NaN,NaN,NaN
10.6486983413634,20.065187166021,NaN,NaN,NaN,NaN
10.2173120758474,18.5898153762471,NaN,NaN,NaN,NaN
9.81979046352046,19.7660993136985,NaN,NaN,NaN,NaN
21.6196985664888,33.4956005885701,10.77950445339,NaN,NaN,NaN
9.53388080087347,17.5668569160783,NaN,NaN,NaN,NaN
11.1640833671665,20.8125088455747,NaN,NaN,NaN,NaN
10.1106066123764,17.8342724492064,NaN,NaN,NaN,NaN
9.63190744488065,48.287431554442,19.0536929830924,NaN,NaN,NaN
10.9528138016869,9.60910083728523,19.5343960758018,44.7129361297726,27.7518863585934,35.477509361924
19.514134140578,9.44621980710404,NaN,NaN,NaN,NaN
10.2552954436394,25.3886006478907,17.5534306730912,NaN,NaN,NaN
9.56661161889861,16.2449012079712,NaN,NaN,NaN,NaN
10.4026428841072,19.0412977586073,NaN,NaN,NaN,NaN
10.9895562690084,19.6402940372077,NaN,NaN,NaN,NaN
9.80844742653859,18.0961613826388,26.7608779078294,NaN,NaN,NaN
10.2475641035368,18.9278126871578,NaN,NaN,NaN,NaN
10.3745171546368,14.7608014268168,37.4105361989504,20.4295672614598,NaN,NaN
10.2477325087241,18.7663325435677,28.3596787365616,NaN,NaN,NaN
10.607197223441,19.6083482360624,NaN,NaN,NaN,NaN
12.5732199855075,NaN,NaN,NaN,NaN,NaN
10.6959180127336,15.8184084931535,NaN,NaN,NaN,NaN
9.93977550902491,19.4692155548172,NaN,NaN,NaN,NaN
10.7489129800962,18.4762640812649,22.0042028553688,NaN,NaN,NaN
11.1771891583545,21.6838537486314,43.8588676370253,NaN,NaN,NaN
19.6093348088773,9.88223776095496,NaN,NaN,NaN,NaN
10.1377971870497,14.7426746435811,NaN,NaN,NaN,NaN
10.0455069340705,13.0910814929091,NaN,NaN,NaN,NaN
9.99697021670642,32.50673234553,19.1781457972871,NaN,NaN,NaN
10.4768084332684,38.9646619011327,17.7849629007529,NaN,NaN,NaN
8.96656309778258,16.396518727407,38.2954937905469,NaN,NaN,NaN
10.8762147205056,20.6617198399802,NaN,NaN,NaN,NaN
9.60711345999212,17.6055025604607,NaN,NaN,NaN,NaN
9.68226070293972,19.2245107653766,NaN,NaN,NaN,NaN
16.2814270373982,9.98675964799765,NaN,NaN,NaN,NaN
10.5950882046324,18.6994381146665,NaN,NaN,NaN,NaN
10.0791200779979,16.5822812756138,NaN,NaN,NaN,NaN
9.50826937295666,20.7477034016561,28.7923038152734,NaN,NaN,NaN
10.2306864332375,21.2843939387718,30.0550543923913,NaN,NaN,NaN
10.4273177203218,18.7050540780177,NaN,NaN,NaN,NaN
9.71392039878973,15.6005093959706,NaN,NaN,NaN,NaN
10.4848924663367,19.3367154206976,NaN,NaN,NaN,NaN
10.3831074717561,15.1166921768178,20.6298212488201,NaN,NaN,NaN
9.94054461143499,13.4761269175844,20.9348399568158,NaN,NaN,NaN
22.3000623731513,10.7888302955479,NaN,NaN,NaN,NaN
10.6577721723996,18.3028248120055,38.556405156345,NaN,NaN,NaN
10.1410350000825,18.316007999301,NaN,NaN,NaN,NaN
10.5445670247087,20.2769922908113,38.5966654476766,NaN,NaN,NaN
10.1959392732387,18.4832800153685,31.5749819403413,NaN,NaN,NaN
9.9411107025977,14.5040908339502,NaN,NaN,NaN,NaN
9.15904286457472,16.1019206392801,NaN,NaN,NaN,NaN
10.256808551589,15.5516325227848,30.1094911610887,23.2971211539109,NaN,NaN
9.83615858576726,17.4219923132551,NaN,NaN,NaN,NaN
10.0185218621591,19.9135243350769,35.993342672348,NaN,NaN,NaN
10.3654893090448,18.945251147328,NaN,NaN,NaN,NaN
17.3724657359711,9.4678403262701,NaN,NaN,NaN,NaN
9.70077953089385,16.0874595741296,NaN,NaN,NaN,NaN
10.1064219542216,20.8436779910119,NaN,NaN,NaN,NaN
10.0050146990755,19.6940916920097,NaN,NaN,NaN,NaN
9.45733707426587,14.9323475744892,38.6778424491485,20.5460038982129,NaN,NaN
10.6127484687407,23.5079170251905,17.0003563702643,NaN,NaN,NaN
10.3208307161735,20.5559987219269,37.7893976464907,NaN,NaN,NaN
9.5856475130943,17.7430342780501,41.1462402348451,NaN,NaN,NaN
9.84120342113151,42.9371886558572,19.819565348384,NaN,NaN,NaN
12.7016886675879,NaN,NaN,NaN,NaN,NaN
10.1773486429548,21.4798968793436,NaN,NaN,NaN,NaN
9.88722583392632,19.5204067073059,12.6577484200086,NaN,NaN,NaN
10.038973516408,20.1691758888366,NaN,NaN,NaN,NaN
10.0424045249816,21.1279625653675,NaN,NaN,NaN,NaN
9.71494542760519,19.3969745851481,43.9860501900765,NaN,NaN,NaN
10.3038298306404,39.9076487702468,21.5798171583563,6.90493064737247,NaN,NaN
10.4257924044591,22.5014966549178,33.9867794542322,44.8439476205129,NaN,NaN
10.1972513757497,16.1437726262296,NaN,NaN,NaN,NaN
11.3739946207388,NaN,NaN,NaN,NaN,NaN
10.3016859925801,20.4598969199264,NaN,NaN,NaN,NaN
10.1261623914996,20.2075391733207,NaN,NaN,NaN,NaN
9.91694917257411,20.4524752801203,1.74681634422632,46.2000227705353,NaN,NaN
9.6439700664125,19.219696485558,NaN,NaN,NaN,NaN
10.6718795834885,41.5618184791601,19.3218082981078,NaN,NaN,NaN
9.93960367210363,20.8360675376306,NaN,NaN,NaN,NaN
19.4491312076858,10.1691375896169,NaN,NaN,NaN,NaN
9.75189007935309,17.0722754458221,NaN,NaN,NaN,NaN
9.96888674398703,18.5927609760304,NaN,NaN,NaN,NaN
10.3009997675591,17.3428325290746,46.4656440329516,28.5264372661859,NaN,NaN
11.3009234802341,NaN,NaN,NaN,NaN,NaN
10.0303180834782,18.9847849396187,NaN,NaN,NaN,NaN
20.3824174103904,10.3770210549458,NaN,NaN,NaN,NaN
11.0983003096768,20.8580547602236,NaN,NaN,NaN,NaN
10.3416940088881,19.908323445978,NaN,NaN,NaN,NaN
9.04311581977556,22.6783297977229,11.4103390350869,5.07235559248185,18.83844168626,40.521621864223
9.80794882904721,19.427767994599,NaN,NaN,NaN,NaN
10.0470648297624,17.8672377535261,NaN,NaN,NaN,NaN
10.3710210780156,18.6721654533457,NaN,NaN,NaN,NaN
11.6602675430025,NaN,NaN,NaN,NaN,NaN
9.99309787397811,39.5069693693253,18.4801692560595,NaN,NaN,NaN
10.2732134703752,17.7917378423009,NaN,NaN,NaN,NaN
10.0085142635081,17.506333754012,NaN,NaN,NaN,NaN
10.0295263628678,18.3784351635181,NaN,NaN,NaN,NaN
10.912009954516,15.3578485184982,NaN,NaN,NaN,NaN
9.93610961402656,13.3836960604727,NaN,NaN,NaN,NaN
9.74104967676065,18.3131937193493,NaN,NaN,NaN,NaN
9.43096590702116,13.5861146921959,NaN,NaN,NaN,NaN
10.1784253952238,19.1253908460154,NaN,NaN,NaN,NaN
10.0315555877178,17.9767288822727,48.8650381752476,NaN,NaN,NaN
10.2209496620699,15.2727098773313,NaN,NaN,NaN,NaN
9.5837391432585,14.4320989657441,NaN,NaN,NaN,NaN
11.129613179384,NaN,NaN,NaN,NaN,NaN
6.97312056549869,NaN,NaN,NaN,NaN,NaN
10.17743951114,17.2548513472293,25.258953598003,40.0839742968557,NaN,NaN
18.7579649329427,9.84063232199954,NaN,NaN,NaN,NaN
10.252008398363,19.6573898749802,NaN,NaN,NaN,NaN
9.89198921592915,18.1719191628261,NaN,NaN,NaN,NaN
10.4467669274598,12.3805661060718,NaN,NaN,NaN,NaN
10.9429962578215,20.6162788855249,NaN,NaN,NaN,NaN
10.1911937365673,17.8943834728929,NaN,NaN,NaN,NaN
10.1086632423324,14.1341532762689,NaN,NaN,NaN,NaN
19.7531358837546,10.0020861569416,NaN,NaN,NaN,NaN
10.0172133264718,22.5031135602411,NaN,NaN,NaN,NaN
10.0874695934681,20.7472594669897,NaN,NaN,NaN,NaN
10.2478651060608,19.3460877716965,NaN,NaN,NaN,NaN
10.1564386908828,42.6319692955674,14.6568719292623,39.6201951496745,30.2261804540032,NaN
10.0144184012158,NaN,NaN,NaN,NaN,NaN
10.6227955233699,20.9266758523579,NaN,NaN,NaN,NaN
10.719680983937,20.2724175715256,NaN,NaN,NaN,NaN
10.3355798824991,42.1262609863679,19.6051566708624,NaN,NaN,NaN
11.0061329440039,18.7398503752166,42.3702655976276,47.8089743023663,NaN,NaN
10.917815391094,19.2602480870022,NaN,NaN,NaN,NaN
12.4305591614013,NaN,NaN,NaN,NaN,NaN
22.2505755521088,9.89416237000345,NaN,NaN,NaN,NaN
9.93201626651988,15.3259335371029,NaN,NaN,NaN,NaN
10.0988438510108,15.0051713288394,NaN,NaN,NaN,NaN
10.2634958677165,18.278362175605,NaN,NaN,NaN,NaN
10.0609815991194,21.5269960721193,16.3346878281801,NaN,NaN,NaN
10.2507743713123,20.3426961907314,43.0131583472757,NaN,NaN,NaN
9.92787795943393,17.1349262224744,NaN,NaN,NaN,NaN
11.1780755909167,21.0459810177244,NaN,NaN,NaN,NaN
12.4130412359042,NaN,NaN,NaN,NaN,NaN
10.0129903085653,18.2030468876106,NaN,NaN,NaN,NaN
10.5931322138393,20.3491865357869,NaN,NaN,NaN,NaN
10.2905645496305,20.6175691676862,NaN,NaN,NaN,NaN
11.6083534063937,NaN,NaN,NaN,NaN,NaN
10.2163037161356,38.4292251624258,20.1358677520267,NaN,NaN,NaN
9.48693556073701,21.3411377291731,15.875898475145,NaN,NaN,NaN
10.0162191679735,19.8099940657493,NaN,NaN,NaN,NaN
9.64172356064652,NaN,NaN,NaN,NaN,NaN
10.1676813703424,19.4431937659878,NaN,NaN,NaN,NaN
9.58501193364899,27.0064462950688,16.1882997868199,NaN,NaN,NaN
10.3132926111806,NaN,NaN,NaN,NaN,NaN
10.8021090616697,21.0899533015602,NaN,NaN,NaN,NaN
10.2465169404518,NaN,NaN,NaN,NaN,NaN
10.4063819292511,21.5590197727264,48.1693479074079,40.7396268526222,34.4964883726292,NaN
10.2181697011464,19.86542216169,NaN,NaN,NaN,NaN
9.67636005442635,11.9578369294946,19.3713065742949,41.1454920526497,NaN,NaN
9.28782092296452,NaN,NaN,NaN,NaN,NaN
10.2984670994125,16.8070695899234,NaN,NaN,NaN,NaN
9.57240061890613,19.0653707880945,NaN,NaN,NaN,NaN
10.5246316022301,19.2755051522333,NaN,NaN,NaN,NaN
10.506142645364,20.3768163323191,35.8142414095337,NaN,NaN,NaN
10.2070122200734,17.5632717334532,NaN,NaN,NaN,NaN
8.90826805408682,48.4585867361189,18.2732856185604,45.2967199843967,NaN,NaN
9.87247409161999,20.7393084349567,NaN,NaN,NaN,NaN
10.155604616194,20.1092483327964,NaN,NaN,NaN,NaN
9.67868536497337,17.603657480851,NaN,NaN,NaN,NaN
10.5014640658879,19.2315481551048,NaN,NaN,NaN,NaN
9.98915167287236,19.7669884667091,44.0045310528847,NaN,NaN,NaN
10.3897505708966,18.6632748479198,NaN,NaN,NaN,NaN
10.0397518781288,18.6090753465142,NaN,NaN,NaN,NaN
10.3825175986954,20.7581233432208,47.450070492194,NaN,NaN,NaN
10.175164702335,15.3361936092807,23.1621201441227,NaN,NaN,NaN
10.0534307223068,16.5731523655601,NaN,NaN,NaN,NaN
10.0488729673217,19.3166040436715,NaN,NaN,NaN,NaN
10.6106598490023,3.51854575147188,19.2626267384958,NaN,NaN,NaN
11.8741007921389,NaN,NaN,NaN,NaN,NaN
10.3552302100424,20.2592108993302,NaN,NaN,NaN,NaN
10.8483983147258,NaN,NaN,NaN,NaN,NaN
10.0246784847401,20.8070045379076,NaN,NaN,NaN,NaN
10.9282972045787,18.9211766808848,NaN,NaN,NaN,NaN
10.228834519144,18.7609043992591,NaN,NaN,NaN,NaN
9.79066354629646,12.343169699282,NaN,NaN,NaN,NaN
10.0547359331655,18.6015243707171,NaN,NaN,NaN,NaN
10.8242448868543,19.5064200125832,NaN,NaN,NaN,NaN
9.90202453594426,19.4296612448271,NaN,NaN,NaN,NaN
10.3259905872542,19.6507137100571,44.277441918138,NaN,NaN,NaN
10.4627504733228,21.2725531624645,NaN,NaN,NaN,NaN
10.4595887305059,18.8588350314899,27.0169894954824,NaN,NaN,NaN
9.70173849833453,14.3335472043966,19.988672710785,22.4316079528345,47.187113934751,NaN
10.2549884432192,21.0651278827729,NaN,NaN,NaN,NaN
10.0018701662118,17.8674156793857,NaN,NaN,NaN,NaN
11.2016436303841,21.7020878963368,NaN,NaN,NaN,NaN
11.1354369139448,19.3462217797012,26.472473769522,NaN,NaN,NaN
10.1905364804013,17.8535278326529,NaN,NaN,NaN,NaN
9.45178453159937,19.505042157518,1.87214406347241,NaN,NaN,NaN
9.77147048305558,NaN,NaN,NaN,NaN,NaN
9.53057277313999,19.2880904462364,NaN,NaN,NaN,NaN
10.6668580930276,NaN,NaN,NaN,NaN,NaN
10.317815679727,16.0122254548422,NaN,NaN,NaN,NaN
10.0300478958626,20.5296458429034,NaN,NaN,NaN,NaN
9.9621676929472,15.9326535541441,NaN,NaN,NaN,NaN
10.3789682830604,46.8236532928695,15.3495608014753,NaN,NaN,NaN
9.79643955077886,7.06355718018497,21.6042287687669,NaN,NaN,NaN
10.8335912051136,NaN,NaN,NaN,NaN,NaN
10.3041846755038,20.8657028591143,NaN,NaN,NaN,NaN
13.1950618690452,NaN,NaN,NaN,NaN,NaN
10.5841114865321,21.1692038285726,NaN,NaN,NaN,NaN
10.5799454460626,19.6994944749026,NaN,NaN,NaN,NaN
9.75312838571057,19.0542429401399,NaN,NaN,NaN,NaN
10.1817876570591,19.8516975860902,3.11550676986669,NaN,NaN,NaN
19.0549785301824,9.58519703732321,NaN,NaN,NaN,NaN
10.3410811619148,18.5325197930013,NaN,NaN,NaN,NaN
9.72000788427129,NaN,NaN,NaN,NaN,NaN
9.49295404411804,16.9095930499457,NaN,NaN,NaN,NaN
10.6660543792467,19.8549842503833,NaN,NaN,NaN,NaN
10.088053970293,20.4768940920036,NaN,NaN,NaN,NaN
10.1225539018949,19.6181368032754,48.750332615477,44.1259054242667,NaN,NaN
10.3104879448487,48.4337736960931,16.3499050607279,24.2533148204604,31.1118374950104,NaN
10.3078384470928,18.9900676634231,NaN,NaN,NaN,NaN
8.82205330479873,16.9510029387247,NaN,NaN,NaN,NaN
10.1343048912041,15.6798937494672,NaN,NaN,NaN,NaN
9.49637477535204,19.7750610814984,NaN,NaN,NaN,NaN
18.6413262912321,9.70419087608705,NaN,NaN,NaN,NaN
10.0958508873747,17.3578389462406,NaN,NaN,NaN,NaN
10.6366816282448,47.8696971033412,20.3815184410494,NaN,NaN,NaN
9.83649080454195,16.9635284517543,NaN,NaN,NaN,NaN
10.285515501344,22.2367305019256,34.2369428940647,48.6235500918367,NaN,NaN
9.17028299779661,13.272406171957,47.7717736895181,17.7080731445978,43.9047138382098,NaN
12.1759163511317,NaN,NaN,NaN,NaN,NaN
9.52808906715603,18.0374456974127,NaN,NaN,NaN,NaN
10.1740264926375,13.8208581458227,NaN,NaN,NaN,NaN
9.91901598843283,20.2100039942771,NaN,NaN,NaN,NaN
10.866120247591,17.6956543433306,NaN,NaN,NaN,NaN
10.1142238483739,45.4724629856751,17.4489777831685,20.8858663135722,25.7214433143889,39.4480467924329
10.6560373348539,18.1808088035223,NaN,NaN,NaN,NaN
9.37467089483257,16.2186966753189,NaN,NaN,NaN,NaN
9.77778405428854,18.6636292846459,NaN,NaN,NaN,NaN
19.2929448834876,11.300587559477,NaN,NaN,NaN,NaN
10.1675770655646,22.1826786829406,NaN,NaN,NaN,NaN
12.9548885830414,NaN,NaN,NaN,NaN,NaN
12.5490858172518,NaN,NaN,NaN,NaN,NaN
10.1551074558584,18.3847502858583,24.4557860717737,2.6849103766674,NaN,NaN
10.5900354284922,32.9545674223354,20.9378136769844,NaN,NaN,NaN
10.0521322057058,17.7505124257321,22.5355847098861,NaN,NaN,NaN
11.5450162829578,NaN,NaN,NaN,NaN,NaN
10.0187961014731,17.9024751568634,NaN,NaN,NaN,NaN
9.97511124834834,17.4000390979664,NaN,NaN,NaN,NaN
11.1010402066159,20.1088559069718,NaN,NaN,NaN,NaN
10.883512161579,20.0550978978271,NaN,NaN,NaN,NaN
10.5051927175145,21.5782923477028,NaN,NaN,NaN,NaN
20.0859686560628,10.4163319119984,NaN,NaN,NaN,NaN
10.4429053800011,15.7355512859964,28.4665278924835,19.5489667962314,NaN,NaN
12.3985349961132,9.70588051778203,20.3347150935143,NaN,NaN,NaN
11.5206300797919,22.7695133569629,NaN,NaN,NaN,NaN
10.0218924188104,17.3837453755378,NaN,NaN,NaN,NaN
10.3950216988674,20.5786606948754,NaN,NaN,NaN,NaN
20.3353330601924,10.3812275078996,NaN,NaN,NaN,NaN
10.4501344796369,19.8149889391496,NaN,NaN,NaN,NaN
11.4116303946067,48.7545945683485,38.7078282108093,22.4059525187006,NaN,NaN
9.78361593063698,14.5114695973295,22.2284751795071,40.5752593575385,NaN,NaN
10.3348349292427,45.5758081691707,21.3245578322579,NaN,NaN,NaN
10.681769721307,23.3644362683048,NaN,NaN,NaN,NaN
9.9751802000678,20.6922940334163,NaN,NaN,NaN,NaN
10.3656034086717,17.719445027573,NaN,NaN,NaN,NaN
11.081014009994,19.4611779894742,23.6136074521197,32.83970515982,NaN,NaN
10.2797057775438,33.8567390033127,22.9236803037144,NaN,NaN,NaN
9.56056798766727,18.124418649754,NaN,NaN,NaN,NaN
10.3374880417519,20.0270062290858,NaN,NaN,NaN,NaN
10.6101700894075,NaN,NaN,NaN,NaN,NaN
22.3166320116969,10.1919063252033,16.6747567590531,NaN,NaN,NaN
9.38859630767332,13.883536815916,NaN,NaN,NaN,NaN
9.83822905688845,20.3473381782816,NaN,NaN,NaN,NaN
10.1062546650338,16.956687811532,NaN,NaN,NaN,NaN
10.310869842917,19.5038427413415,NaN,NaN,NaN,NaN
11.1569371391437,NaN,NaN,NaN,NaN,NaN
19.0561106004942,11.0416761962045,NaN,NaN,NaN,NaN
9.74101229154962,25.3292072068486,18.8236139914167,NaN,NaN,NaN
9.41772492030844,17.1143457602599,NaN,NaN,NaN,NaN
10.8037361769281,20.0487945403823,49.9999998860908,NaN,NaN,NaN
10.0078181424391,19.9078496357313,NaN,NaN,NaN,NaN
9.71584920802002,17.6828900529357,NaN,NaN,NaN,NaN
9.67643858078901,19.5748727908453,NaN,NaN,NaN,NaN
9.84323744925413,20.1876859392333,NaN,NaN,NaN,NaN
8.78661862226439,NaN,NaN,NaN,NaN,NaN
10.1707004632931,23.4181730991835,NaN,NaN,NaN,NaN
10.2002998809987,19.5736022097519,NaN,NaN,NaN,NaN
9.50323466479684,17.6933603008218,NaN,NaN,NaN,NaN
10.4482651325359,20.6651908737022,NaN,NaN,NaN,NaN
10.6134816522267,23.3697765747865,NaN,NaN,NaN,NaN
10.5559870720134,18.8787235409961,28.0933285149618,35.3790825881197,NaN,NaN
10.1452669945418,17.8226152870335,NaN,NaN,NaN,NaN
10.0067805482315,20.251444527672,39.6047427684037,NaN,NaN,NaN
9.7083323114473,18.5130335101333,NaN,NaN,NaN,NaN
10.0915514801182,19.0401218713718,NaN,NaN,NaN,NaN
9.63066669416521,19.1983295525791,NaN,NaN,NaN,NaN
9.72740885689715,18.8777133053766,NaN,NaN,NaN,NaN
10.3076706391584,22.8891539768843,NaN,NaN,NaN,NaN
9.80333111978151,16.7456492442822,NaN,NaN,NaN,NaN
9.87385638105616,19.8478695383515,NaN,NaN,NaN,NaN
9.87853265902542,18.854607743321,NaN,NaN,NaN,NaN
9.74890776643859,42.1110259945524,19.6047957676146,NaN,NaN,NaN
9.60840599051618,17.9152594952054,36.1958431361794,NaN,NaN,NaN
10.0915272480086,18.9021514328739,NaN,NaN,NaN,NaN
10.0502120718931,17.3791368254786,NaN,NaN,NaN,NaN
10.6682311169646,15.6312215917855,21.8472556338975,NaN,NaN,NaN
10.1203517710556,21.6162454736742,NaN,NaN,NaN,NaN
11.1587319710162,20.4372474648857,NaN,NaN,NaN,NaN
9.66494089955233,19.646115409473,NaN,NaN,NaN,NaN
10.0719067291883,NaN,NaN,NaN,NaN,NaN
9.92479656187686,18.9329220021001,NaN,NaN,NaN,NaN
10.1643096398337,20.5469387429076,NaN,NaN,NaN,NaN
10.3844538794927,20.4664433295196,36.4342028429772,NaN,NaN,NaN
10.127375283587,20.3704974708651,NaN,NaN,NaN,NaN
10.1954979412177,17.4071677396379,NaN,NaN,NaN,NaN
9.6720541319163,19.6038785600737,49.9995174806069,NaN,NaN,NaN
10.566423676565,39.3054258109553,18.2553892189909,NaN,NaN,NaN
10.0249932727061,18.0034355277211,NaN,NaN,NaN,NaN
10.1294506528934,20.6217301608849,NaN,NaN,NaN,NaN
10.8963594902983,20.1530020117599,44.3046586825209,NaN,NaN,NaN
10.4464506311206,20.9122244122325,NaN,NaN,NaN,NaN
10.6057150442856,18.1840989775365,NaN,NaN,NaN,NaN
10.0025084417422,16.4285286071105,40.7223813524968,NaN,NaN,NaN
11.9538674690985,NaN,NaN,NaN,NaN,NaN
10.7470949829998,23.8633371240252,17.2123807435938,20.2595690606827,NaN,NaN
10.4951243810925,16.153227105564,20.8462531338195,46.2469559299786,NaN,NaN
10.5984433600235,13.6408720635198,45.6190926731256,NaN,NaN,NaN
9.89244701658407,18.0699965128692,38.6436194993705,NaN,NaN,NaN
9.24187534783338,18.9930138361542,NaN,NaN,NaN,NaN
10.3294510034108,18.7657006527733,NaN,NaN,NaN,NaN
10.5096980763597,36.4250833846979,20.6902773957592,NaN,NaN,NaN
10.3538481298926,21.2105064554432,NaN,NaN,NaN,NaN
10.3998490773371,23.5303218556554,NaN,NaN,NaN,NaN
9.28043913097773,17.5757853599335,NaN,NaN,NaN,NaN
10.1757197563151,41.5353050297742,19.2164534859437,NaN,NaN,NaN
9.82091061901372,43.274593680907,21.5886315369487,NaN,NaN,NaN
9.98732028819191,36.1474926179887,17.0844342689503,41.8446061720638,NaN,NaN
10.0756993969449,19.5209897420858,NaN,NaN,NaN,NaN
10.290134890693,32.0114883926871,18.7648876867079,NaN,NaN,NaN
10.4839530426559,21.1895281698702,NaN,NaN,NaN,NaN
10.0338538121575,16.5335620141431,NaN,NaN,NaN,NaN
10.0539127103002,18.7386661252978,NaN,NaN,NaN,NaN
10.971266465354,NaN,NaN,NaN,NaN,NaN
10.7484968595829,19.3279875062484,NaN,NaN,NaN,NaN
10.7103386906717,21.6350713546644,NaN,NaN,NaN,NaN
7.99979215608132,NaN,NaN,NaN,NaN,NaN
10.6136323954316,19.3787766679755,NaN,NaN,NaN,NaN
9.8677076553126,17.6241387778034,NaN,NaN,NaN,NaN
10.3299927558229,18.4101727123723,25.2746318056779,NaN,NaN,NaN
10.0167704262831,20.6427588715267,NaN,NaN,NaN,NaN
10.6571503355916,21.0164984481412,NaN,NaN,NaN,NaN
10.3696037060178,NaN,NaN,NaN,NaN,NaN
9.87016862961342,20.8234792301267,NaN,NaN,NaN,NaN
9.52150085291653,18.8597151734788,NaN,NaN,NaN,NaN
11.6932351850738,46.0308717382561,20.9403952975543,39.0583131660276,NaN,NaN
9.94248360132162,20.2709977245434,NaN,NaN,NaN,NaN
10.9268447327626,17.6943392467094,49.4471684945091,21.9333012584305,30.4633565727513,NaN
10.1813051591382,16.7795666662988,NaN,NaN,NaN,NaN
10.3677302879802,18.1084189826876,NaN,NaN,NaN,NaN
10.074339006786,NaN,NaN,NaN,NaN,NaN
10.5900613463376,19.4170777487741,NaN,NaN,NaN,NaN
10.25590872151,18.9901850108945,NaN,NaN,NaN,NaN
10.2526423044409,17.6211812938123,NaN,NaN,NaN,NaN
8.90220044316168,11.1614457168368,20.381105866405,38.9949879140729,NaN,NaN
10.1620160343326,16.7895822935066,NaN,NaN,NaN,NaN
9.83830744493398,21.2692132681545,37.3268698373778,NaN,NaN,NaN
10.8223303986995,16.8175832302106,31.7119609525512,22.0980433227071,43.7674766013191,NaN
13.572648548991,38.8169463131982,NaN,NaN,NaN,NaN
10.2528409952622,19.0108717627617,NaN,NaN,NaN,NaN
10.8604706220572,19.890267506566,NaN,NaN,NaN,NaN
9.72102008039,21.1997807409578,NaN,NaN,NaN,NaN
25.1424228136877,19.3965884758377,9.57579523638715,NaN,NaN,NaN
9.94377532363066,17.5131604382785,NaN,NaN,NaN,NaN
10.2971690122557,17.095584007379,NaN,NaN,NaN,NaN
9.8197624845341,20.1075629717341,NaN,NaN,NaN,NaN
10.6214231173454,38.1218106111645,19.3593821173565,NaN,NaN,NaN
9.66116215410842,14.7688737233406,NaN,NaN,NaN,NaN
9.95052047055589,16.5149775421073,NaN,NaN,NaN,NaN
10.6015320316383,20.436119901157,NaN,NaN,NaN,NaN
10.409969205381,NaN,NaN,NaN,NaN,NaN
10.5670578430991,24.1239006398048,44.8934648194877,NaN,NaN,NaN
9.97850834700236,19.278349104151,NaN,NaN,NaN,NaN
9.7398231131498,20.2711622631715,NaN,NaN,NaN,NaN
10.0628758125519,17.3387664754437,NaN,NaN,NaN,NaN
9.85536300409102,18.2689826941506,NaN,NaN,NaN,NaN
16.194042027185,NaN,NaN,NaN,NaN,NaN
10.0640687930585,18.9783582294098,NaN,NaN,NaN,NaN
10.5268969113725,19.3690982692459,NaN,NaN,NaN,NaN
9.94767562779748,16.9104546006903,NaN,NaN,NaN,NaN
9.93322503146985,19.1613214126449,NaN,NaN,NaN,NaN
10.2394010256944,21.3880634654817,NaN,NaN,NaN,NaN
11.3246691649439,21.9209639467661,NaN,NaN,NaN,NaN
9.09935388802825,11.5712633610089,18.8692621755972,NaN,NaN,NaN
14.3577420933843,10.3035619936107,19.0935059804864,NaN,NaN,NaN
9.81365897247622,17.224231512841,NaN,NaN,NaN,NaN
10.0227514739381,21.2140507997978,NaN,NaN,NaN,NaN
9.64292308485636,20.8365129145751,NaN,NaN,NaN,NaN
10.2050678820051,21.953688592266,NaN,NaN,NaN,NaN
10.4944678882913,18.8683300628407,NaN,NaN,NaN,NaN
9.6135703400865,21.2889031146966,44.4642359495787,NaN,NaN,NaN
10.3796891986678,17.4354056484326,NaN,NaN,NaN,NaN
10.0994173340808,19.7951719417646,NaN,NaN,NaN,NaN
10.2663458158505,15.6904955583353,NaN,NaN,NaN,NaN
10.4703328062821,23.7601202370385,NaN,NaN,NaN,NaN
10.3738073441995,NaN,NaN,NaN,NaN,NaN
10.0161034651698,13.6443974217105,18.1115350055124,45.3420668604581,22.190760021625,NaN
10.3992986119647,19.5251330281465,40.3544745737391,29.4747064172673,NaN,NaN
10.4294561525871,18.9104027700611,NaN,NaN,NaN,NaN
9.98030397683025,18.0382677140377,NaN,NaN,NaN,NaN
10.2194643246639,21.3797947434948,NaN,NaN,NaN,NaN
10.3348198072977,14.2013970765821,NaN,NaN,NaN,NaN
10.523815443478,20.5542503549162,NaN,NaN,NaN,NaN
10.5421638744574,20.9207732433177,NaN,NaN,NaN,NaN
10.4479155542172,20.6948575794875,NaN,NaN,NaN,NaN
10.2057828411821,22.8830933775616,35.1631013559178,NaN,NaN,NaN
9.87552114693383,21.7254314385379,NaN,NaN,NaN,NaN
20.041155763775,10.5100022133106,NaN,NaN,NaN,NaN
10.8571795905875,28.0471567110667,19.8971613579421,NaN,NaN,NaN
9.38768080020383,17.0707317187538,43.3791608548244,NaN,NaN,NaN
9.23901098077568,15.3957864264754,NaN,NaN,NaN,NaN
10.6704500914644,NaN,NaN,NaN,NaN,NaN
9.9897146747784,19.7474986718794,NaN,NaN,NaN,NaN
9.88305947589721,18.8073932456935,NaN,NaN,NaN,NaN
10.1171480526747,12.5754982734826,NaN,NaN,NaN,NaN
10.8887848745402,NaN,NaN,NaN,NaN,NaN
9.85987107305577,19.0446533834854,NaN,NaN,NaN,NaN
9.10352953352292,21.1103649840465,NaN,NaN,NaN,NaN
9.96996348750881,22.277531295239,NaN,NaN,NaN,NaN
10.0443160956984,17.0943318427811,20.3882788875932,NaN,NaN,NaN
9.15085695110589,11.8455181824963,21.7898454440352,NaN,NaN,NaN
10.3153874039881,18.4084535095745,NaN,NaN,NaN,NaN
10.2567801313388,20.2336012795938,NaN,NaN,NaN,NaN
11.5509543531917,21.6010738055552,NaN,NaN,NaN,NaN
9.93558805768834,19.3308650228696,NaN,NaN,NaN,NaN
10.204797747054,16.6184306533387,NaN,NaN,NaN,NaN
10.060270788012,14.4464142786049,24.1489928633107,NaN,NaN,NaN
10.4723015359275,18.6545140285009,NaN,NaN,NaN,NaN
9.5603779185882,20.2759642782575,36.878898526805,NaN,NaN,NaN
10.2281396455521,12.4678412874553,18.8716432949765,25.7811887370094,40.6533629920214,NaN
12.6182616298746,NaN,NaN,NaN,NaN,NaN
10.2831342675155,19.4530237690526,NaN,NaN,NaN,NaN
10.4570138213941,19.4380728639684,NaN,NaN,NaN,NaN
10.1145538367569,15.962218972045,NaN,NaN,NaN,NaN
9.51983348175697,28.9059111797917,15.208711469325,NaN,NaN,NaN
10.5134308287562,19.4650707809971,NaN,NaN,NaN,NaN
10.6379088669619,16.7427650585263,22.1472625003752,30.3236580032949,NaN,NaN
10.7914406474474,20.7411813284128,NaN,NaN,NaN,NaN
10.0073140855224,20.5030458822755,NaN,NaN,NaN,NaN
10.18012746324,14.9142891467606,NaN,NaN,NaN,NaN
9.90593140888897,21.0253769115455,NaN,NaN,NaN,NaN
9.94108482666915,20.1319072017906,36.0414811374803,NaN,NaN,NaN
9.4971753271009,14.066712317912,NaN,NaN,NaN,NaN
10.2118033561545,19.0815186181757,NaN,NaN,NaN,NaN
9.6250182073956,12.4687149739142,NaN,NaN,NaN,NaN
10.7326090112387,21.2397281896075,NaN,NaN,NaN,NaN
10.6016353729799,20.9339353060195,NaN,NaN,NaN,NaN
10.1899287995493,18.8680797211903,NaN,NaN,NaN,NaN
19.298271860601,9.42461092921545,42.9649738099751,NaN,NaN,NaN
10.5656902280905,14.9296741679587,NaN,NaN,NaN,NaN
11.3890947681854,19.1273253946417,NaN,NaN,NaN,NaN
10.7184309203283,18.9510798799412,1.77128101278064,NaN,NaN,NaN
10.3569006088241,21.4752499200476,NaN,NaN,NaN,NaN
9.90455859748495,21.2969981804535,41.5072186464841,15.9269561704319,NaN,NaN
10.3157869385365,18.1050726417146,NaN,NaN,NaN,NaN
10.2030593335807,19.7661900583507,NaN,NaN,NaN,NaN
9.64832161180774,17.3346363080546,NaN,NaN,NaN,NaN
10.4474141263902,15.6366865285127,NaN,NaN,NaN,NaN
12.8728813956084,NaN,NaN,NaN,NaN,NaN
9.78325454129875,20.4970920050197,NaN,NaN,NaN,NaN
10.7978695408759,18.8619784338935,NaN,NaN,NaN,NaN
9.89439435287884,16.8939334840521,NaN,NaN,NaN,NaN
9.96779308379045,18.561208812033,NaN,NaN,NaN,NaN
10.2483697873446,16.4213325214812,NaN,NaN,NaN,NaN
10.4142341086064,18.3343372852835,NaN,NaN,NaN,NaN
9.88027422358963,21.6740807234327,NaN,NaN,NaN,NaN
10.4646564870009,20.09215299756,NaN,NaN,NaN,NaN
9.66132473187855,16.3513380302504,NaN,NaN,NaN,NaN
9.79527776343831,21.5126665845114,NaN,NaN,NaN,NaN
10.079908816562,19.8059042138429,43.272207326294,NaN,NaN,NaN
10.7031287953319,22.0026932459477,NaN,NaN,NaN,NaN
9.51929884431963,19.2044246264669,NaN,NaN,NaN,NaN
19.6257694293269,9.46947618202937,NaN,NaN,NaN,NaN
13.6141019129665,NaN,NaN,NaN,NaN,NaN
10.2944899459613,19.6432029093939,NaN,NaN,NaN,NaN
10.5419592103979,21.3384170960786,NaN,NaN,NaN,NaN
10.0680635397148,18.5015418161536,NaN,NaN,NaN,NaN
9.43214382953524,19.1918293176475,NaN,NaN,NaN,NaN
9.7823313003738,NaN,NaN,NaN,NaN,NaN
10.1115584165711,20.1495583348215,NaN,NaN,NaN,NaN
9.49935194983824,18.5506056943103,NaN,NaN,NaN,NaN
9.91436508495012,NaN,NaN,NaN,NaN,NaN
10.9686997968208,18.03244500885,19.8388297371797,42.5418952351244,NaN,NaN
10.2659816873282,20.1594998807116,NaN,NaN,NaN,NaN
10.2823093651223,20.0289507117382,NaN,NaN,NaN,NaN
20.2218772425186,10.6403394928217,NaN,NaN,NaN,NaN
10.1424091399395,18.7270035726365,NaN,NaN,NaN,NaN
11.4929373664379,18.0973606765413,9.00535745499359,NaN,NaN,NaN
9.86122443954695,19.2816510031949,32.5358260900583,NaN,NaN,NaN
10.627604332906,18.944991337374,NaN,NaN,NaN,NaN
9.47022672884738,13.7893086035081,33.5431239156391,24.1089870901803,NaN,NaN
10.7122074420813,18.2113021109059,NaN,NaN,NaN,NaN
9.54566530698266,18.7457126605601,NaN,NaN,NaN,NaN
10.678937988518,19.1391996269302,NaN,NaN,NaN,NaN
10.765236550758,20.3371464728533,NaN,NaN,NaN,NaN
10.3832416087989,19.6303591945191,NaN,NaN,NaN,NaN
9.83458838171422,18.4652650740469,22.2246947869127,NaN,NaN,NaN
9.38874822495577,15.4286664306774,NaN,NaN,NaN,NaN
10.1866441664014,NaN,NaN,NaN,NaN,NaN
10.628426842174,41.1658651899141,34.9391257621747,18.1343119899869,28.0741725277361,NaN
10.311010701236,18.1725250824533,NaN,NaN,NaN,NaN
10.1291444659063,13.6661309288718,NaN,NaN,NaN,NaN
20.6096563198967,9.86563598381196,36.0333774341218,NaN,NaN,NaN
11.3601889735697,21.1508795386029,NaN,NaN,NaN,NaN
10.5449013094394,18.413357278562,46.907091264174,NaN,NaN,NaN
9.57275335447692,11.7008082427211,27.4400400559489,18.8914499219994,46.7188010961726,35.2060534819893
9.64983478267898,14.3461065141744,NaN,NaN,NaN,NaN
10.573048419702,21.8217764316927,18.2751519700838,NaN,NaN,NaN
10.5110382005898,20.176831267562,NaN,NaN,NaN,NaN
10.3673231045307,20.6025911120489,NaN,NaN,NaN,NaN
11.2346987579881,21.4079376136146,NaN,NaN,NaN,NaN
10.2256181345116,19.4904411162998,NaN,NaN,NaN,NaN
9.99550950037142,19.6303024772706,NaN,NaN,NaN,NaN
10.549382010996,20.1939470680867,NaN,NaN,NaN,NaN
10.6035250232872,20.789647085306,NaN,NaN,NaN,NaN
10.4786862516329,NaN,NaN,NaN,NaN,NaN
10.4360591009001,21.4997755440961,NaN,NaN,NaN,NaN
10.1791163702963,46.9068439347246,16.3268665058196,NaN,NaN,NaN
10.5894027451805,20.0293888487514,6.65051222878251,46.4355703843904,NaN,NaN
9.63754547600291,16.5535077077275,NaN,NaN,NaN,NaN
9.72921702018243,16.8975595889998,NaN,NaN,NaN,NaN
11.0734543181979,19.221508999952,44.5306706789467,NaN,NaN,NaN
9.83977872631263,18.8738650893627,48.0765209872199,NaN,NaN,NaN
10.3514456154366,20.9890835852987,43.7642691753182,15.4486480850911,NaN,NaN
9.40500517486496,18.2342108818782,NaN,NaN,NaN,NaN
10.608455478947,19.718618984562,NaN,NaN,NaN,NaN
10.569833038431,21.1487232902337,NaN,NaN,NaN,NaN
10.2592934124819,15.7709705476819,21.8028463422774,28.3675980655194,NaN,NaN
9.93418213803405,43.2673670202418,12.9595718530121,19.6690719238932,38.1553869974745,NaN
9.74235402603936,13.9872424139287,NaN,NaN,NaN,NaN
10.1886193616856,18.091944315132,NaN,NaN,NaN,NaN
9.55406084850249,19.0892791968181,NaN,NaN,NaN,NaN
11.4458697255412,23.2176901846233,NaN,NaN,NaN,NaN
11.0230683137045,21.9881742102094,NaN,NaN,NaN,NaN
10.3854125515513,21.3029316582547,NaN,NaN,NaN,NaN
10.2845586408673,NaN,NaN,NaN,NaN,NaN
10.1811946822648,21.0772584369013,14.6978647915734,NaN,NaN,NaN
9.85324116973421,NaN,NaN,NaN,NaN,NaN
10.174177840209,20.0024280468852,40.4734252223648,NaN,NaN,NaN
9.62670398353774,18.2511341324822,NaN,NaN,NaN,NaN
9.9316675768981,44.1037809034292,21.3633228974458,15.8146215080352,40.4649368307706,27.7307253695672
10.8007365793706,19.3748255242855,NaN,NaN,NaN,NaN
9.89959844482177,17.9286000378274,NaN,NaN,NaN,NaN
9.98611468890978,16.3770086653133,NaN,NaN,NaN,NaN
9.53196740553379,21.0744077857443,NaN,NaN,NaN,NaN
9.92498067248037,17.8139593571167,40.1496761572737,NaN,NaN,NaN
10.5168694193048,17.6214887617928,NaN,NaN,NaN,NaN
9.80249187319117,17.1278258614829,NaN,NaN,NaN,NaN
9.84199843822635,23.7982470429357,16.8330281086867,NaN,NaN,NaN
9.99242057250279,18.3461160480509,NaN,NaN,NaN,NaN
9.61710661476706,22.3088142349317,NaN,NaN,NaN,NaN
10.1232639562135,13.7589054548386,25.7961128910085,NaN,NaN,NaN
10.2366423268216,19.6508308486774,NaN,NaN,NaN,NaN
9.89455054078867,19.1660097503219,NaN,NaN,NaN,NaN
10.384872134215,18.5062761617628,NaN,NaN,NaN,NaN
9.7059628938234,19.001353366546,NaN,NaN,NaN,NaN
10.342172969579,39.5372255163536,20.2961304724052,NaN,NaN,NaN
9.6317003870917,18.8694756644635,46.7675253747706,NaN,NaN,NaN
10.9512043316152,13.446103794322,NaN,NaN,NaN,NaN
9.73845315593408,16.0153430331969,NaN,NaN,NaN,NaN
9.6343807425879,18.1852123901963,46.9812476110625,NaN,NaN,NaN
10.4611835737502,20.3425845064659,39.8510791566091,NaN,NaN,NaN
9.6256030368908,16.9996216522827,NaN,NaN,NaN,NaN
9.9872911938108,21.7262828496546,NaN,NaN,NaN,NaN
10.185865110699,6.17676386609708,18.6614031493949,NaN,NaN,NaN
10.642729612959,20.2130064765373,49.0694280181434,NaN,NaN,NaN
10.1967075225866,12.8038994593181,29.8815685923709,48.1283417910211,NaN,NaN
10.2346607922218,20.8770191035964,NaN,NaN,NaN,NaN
10.7503892598453,18.2205282233476,NaN,NaN,NaN,NaN
10.2027304414577,18.0262073015114,NaN,NaN,NaN,NaN
11.5367069544075,22.1656791640816,NaN,NaN,NaN,NaN
9.87773179126423,20.1402550716183,NaN,NaN,NaN,NaN
10.2211676426246,21.544547311932,NaN,NaN,NaN,NaN
9.99509141819718,21.9461902788065,41.51548701625,NaN,NaN,NaN
9.94784636861138,15.2470941762804,22.8964747654382,NaN,NaN,NaN
9.92046192387076,18.9167364669545,46.7862775397265,NaN,NaN,NaN
9.25055739748824,17.4133874022676,NaN,NaN,NaN,NaN
9.73899203099947,18.1131360201285,NaN,NaN,NaN,NaN
10.4536098755925,20.2032776979277,NaN,NaN,NaN,NaN
40.4131421424659,19.7067870387612,9.43756717306949,NaN,NaN,NaN
10.2251317262118,20.0707769066493,NaN,NaN,NaN,NaN
9.72218918675675,17.6462825570114,NaN,NaN,NaN,NaN
10.0352291718505,20.1362741106639,NaN,NaN,NaN,NaN
10.4585156082506,24.7788271360604,18.49804747744,NaN,NaN,NaN
9.60359466452216,18.9151278606006,40.2504444032956,32.0924898781243,48.8236058465788,NaN
9.77513314119642,17.6872367543944,NaN,NaN,NaN,NaN
10.0353779781435,17.4270378206395,NaN,NaN,NaN,NaN
10.4031007755951,16.867283042132,20.4654963222619,24.3555267766233,NaN,NaN
10.2623236777849,2.58753894786558,20.0711199288279,NaN,NaN,NaN
8.41345960181929,10.3043620856401,20.0596952835113,NaN,NaN,NaN
10.1613856069867,15.2608502859119,NaN,NaN,NaN,NaN
10.1083753937794,18.5636220771391,NaN,NaN,NaN,NaN
10.5657991708225,19.7371163860955,NaN,NaN,NaN,NaN
9.90628923216095,20.9892726855759,NaN,NaN,NaN,NaN
9.55740697614176,17.1736235659024,22.8642616544257,NaN,NaN,NaN
10.0279359456335,18.8965103505782,NaN,NaN,NaN,NaN
10.3481954448824,19.1549284322108,NaN,NaN,NaN,NaN
10.065051111992,NaN,NaN,NaN,NaN,NaN
10.2449461410004,18.458435757338,NaN,NaN,NaN,NaN
10.4965301341525,17.8261734572607,NaN,NaN,NaN,NaN
9.51840754664502,14.1043955972009,44.8426252142006,40.8616220603572,NaN,NaN
8.64947870448661,11.0692191276551,21.7530457844517,44.7842447758007,NaN,NaN
9.75451330961758,19.8949431776854,NaN,NaN,NaN,NaN
13.6247759047129,NaN,NaN,NaN,NaN,NaN
9.14846101182074,16.1596177423914,NaN,NaN,NaN,NaN
9.3639171145648,18.3186770022239,NaN,NaN,NaN,NaN
10.4641282120904,20.0007548372995,NaN,NaN,NaN,NaN
9.99927818244934,14.0271958037699,NaN,NaN,NaN,NaN
9.6721017104979,18.4233401076993,NaN,NaN,NaN,NaN
9.89835552957632,18.0849651091084,NaN,NaN,NaN,NaN
10.3221814215163,20.9320753821915,NaN,NaN,NaN,NaN
8.33134458952693,15.9736319842043,NaN,NaN,NaN,NaN
10.2196317581054,NaN,NaN,NaN,NaN,NaN
10.3906209504515,21.3529023285629,NaN,NaN,NaN,NaN
9.82328172907042,20.1087233825617,38.5588459746467,NaN,NaN,NaN
10.3271607564739,20.5430938480715,NaN,NaN,NaN,NaN
10.4064876603607,NaN,NaN,NaN,NaN,NaN
9.52771252649675,19.6848496982586,NaN,NaN,NaN,NaN
10.1934935302457,20.5526051212918,NaN,NaN,NaN,NaN
9.33373960887677,14.2394790749766,NaN,NaN,NaN,NaN
9.88854428136627,21.2568909203254,NaN,NaN,NaN,NaN
10.035802461449,19.8086354047537,NaN,NaN,NaN,NaN
12.9172018769179,NaN,NaN,NaN,NaN,NaN
10.0285046938045,19.0998892284848,NaN,NaN,NaN,NaN
8.72806318994274,11.4126247892385,20.5811073130237,37.5099759735233,NaN,NaN
10.7517486222534,20.0300867439802,46.4202716203059,49.3613973544988,NaN,NaN
10.268395013094,17.2489073486646,30.6809456062315,NaN,NaN,NaN
10.5148013250777,21.3207023750488,NaN,NaN,NaN,NaN
10.4807499972937,19.8876014548704,NaN,NaN,NaN,NaN
10.7232879548308,18.5214740631992,NaN,NaN,NaN,NaN
10.2934069693238,48.8684528610039,18.0762013838292,NaN,NaN,NaN
10.5063166849889,19.2124439638021,NaN,NaN,NaN,NaN
11.0501028688449,20.6112854210534,NaN,NaN,NaN,NaN
10.3568416453424,18.54010867553,NaN,NaN,NaN,NaN
10.5261737337195,21.4301531769858,NaN,NaN,NaN,NaN
10.437129138794,19.7613278901856,43.6510323837731,35.8598502295728,NaN,NaN
20.2624861344622,12.1076828591745,NaN,NaN,NaN,NaN
9.67306910920427,18.0251604464658,NaN,NaN,NaN,NaN
9.74366926038484,25.9760297036815,47.3672690188834,18.6379848990378,32.1157389513118,NaN
9.7801688515935,19.6354141317758,NaN,NaN,NaN,NaN
10.8993542520673,20.2046535492861,NaN,NaN,NaN,NaN
9.19789145924328,12.092963039629,18.2946830564717,44.9253517486558,NaN,NaN
10.1495864855007,19.9228713449599,44.3909039508609,NaN,NaN,NaN
19.3878462894245,10.9146740061984,NaN,NaN,NaN,NaN
10.1713404582002,19.7794287768783,NaN,NaN,NaN,NaN
10.8893297948056,20.1202298333431,NaN,NaN,NaN,NaN
10.3978704928203,14.5090265745247,NaN,NaN,NaN,NaN
9.86979206043473,17.0001871679003,NaN,NaN,NaN,NaN
9.13656162891991,18.1537016726416,NaN,NaN,NaN,NaN
10.1772223317706,19.6324273522991,47.302719612281,NaN,NaN,NaN
10.3479704821291,46.6932710646113,19.4248993076151,NaN,NaN,NaN
10.7993468086207,20.3389061510422,NaN,NaN,NaN,NaN
9.5301460711961,18.0856302139356,NaN,NaN,NaN,NaN
9.83800590205813,18.18650839178,NaN,NaN,NaN,NaN
10.0154006609648,19.8797550004639,NaN,NaN,NaN,NaN
9.73176327298119,NaN,NaN,NaN,NaN,NaN
19.4894004407166,9.91528179795018,NaN,NaN,NaN,NaN
10.4232210119782,20.9572851363178,24.8267368768837,16.2771911828793,NaN,NaN
10.4741990424554,18.9242122501517,NaN,NaN,NaN,NaN
11.284991557171,NaN,NaN,NaN,NaN,NaN
10.5823288843875,20.1236615010284,NaN,NaN,NaN,NaN
9.92023718639839,19.3985233316678,NaN,NaN,NaN,NaN
9.64562208765698,20.3866104420926,NaN,NaN,NaN,NaN
9.00497390722597,18.08836336446,NaN,NaN,NaN,NaN
10.1989115915121,19.0547366895068,NaN,NaN,NaN,NaN
9.75384674466608,18.4403034926884,NaN,NaN,NaN,NaN
10.0596236634383,15.8936146924913,NaN,NaN,NaN,NaN
22.048526872444,10.4294898435469,NaN,NaN,NaN,NaN
10.6035821227728,21.7249976962694,NaN,NaN,NaN,NaN
10.2164337266668,19.548696762234,NaN,NaN,NaN,NaN
8.7467656987849,10.4275953812021,20.6598005284678,47.1953891703106,36.5302305857009,NaN
9.92050783966565,19.7524446887454,NaN,NaN,NaN,NaN
10.079695247889,16.4229853580137,NaN,NaN,NaN,NaN
10.0449410221108,17.8611710989251,NaN,NaN,NaN,NaN
10.5544847690507,21.2308372906552,NaN,NaN,NaN,NaN
9.85451557889057,14.8673217059894,NaN,NaN,NaN,NaN
11.0475100815523,18.708156160232,22.4058587936299,NaN,NaN,NaN
9.46768602964754,18.6621740437536,NaN,NaN,NaN,NaN
10.7129252128018,16.0022911146906,NaN,NaN,NaN,NaN
12.6820555029595,NaN,NaN,NaN,NaN,NaN
9.97672136333661,18.5210827821923,NaN,NaN,NaN,NaN
10.2243834644579,20.0939247392326,44.7325544412973,NaN,NaN,NaN
10.3514440301465,12.7127899268873,NaN,NaN,NaN,NaN
9.990442586988,14.9959760153127,22.4227592267976,NaN,NaN,NaN
10.352323770235,19.5627788116162,NaN,NaN,NaN,NaN
10.6759357259018,20.8731151234626,NaN,NaN,NaN,NaN
10.4431419601825,23.3079701480219,16.0771710454135,NaN,NaN,NaN
9.44247824886168,12.6253617798608,16.782254186488,24.0127053695382,NaN,NaN
10.1016727936985,20.3083031422605,NaN,NaN,NaN,NaN
10.7094678988835,14.0234288606721,31.5299895011879,NaN,NaN,NaN
10.4579727296746,43.9151217683345,19.3011758859802,NaN,NaN,NaN
9.93026606086099,21.6478628675695,NaN,NaN,NaN,NaN
9.96279986429124,32.0041513106741,17.1310503308184,NaN,NaN,NaN
10.2535955166002,19.8346667523091,NaN,NaN,NaN,NaN
9.8723214448675,20.7791612798557,NaN,NaN,NaN,NaN
9.74408688351133,12.3430779682632,NaN,NaN,NaN,NaN
10.4975743762822,23.3555591959188,NaN,NaN,NaN,NaN
20.8581993758687,11.259028372638,NaN,NaN,NaN,NaN
10.578245416334,20.147265116417,NaN,NaN,NaN,NaN
10.3271092054542,21.1697650281377,17.1240628581358,NaN,NaN,NaN
10.2207748226607,NaN,NaN,NaN,NaN,NaN
10.357327484684,18.6652932043461,NaN,NaN,NaN,NaN
10.2098946099831,17.6643249686972,NaN,NaN,NaN,NaN
9.16150439997452,18.183404878545,NaN,NaN,NaN,NaN
10.3436091970574,42.842842002839,19.0818299132443,NaN,NaN,NaN
11.12600635116,22.4053249694861,9.24074944320894,38.8483123905127,NaN,NaN
12.1056030842537,23.5485871896844,NaN,NaN,NaN,NaN
9.95997755010887,20.9886344319873,NaN,NaN,NaN,NaN
10.0980178671372,19.4412147974923,NaN,NaN,NaN,NaN
17.9068213595493,9.53061426899594,NaN,NaN,NaN,NaN
8.85340087944849,21.2015236431979,NaN,NaN,NaN,NaN
10.2899643523301,17.6712283847873,NaN,NaN,NaN,NaN
10.5741850809083,14.8655335482036,NaN,NaN,NaN,NaN
9.71246156163086,18.6737173855453,NaN,NaN,NaN,NaN
9.56437491536712,16.9153167402668,1.97442293504258,NaN,NaN,NaN
10.2271750051289,14.424074676136,NaN,NaN,NaN,NaN
10.0469564104546,18.8678865418228,37.6483504263475,NaN,NaN,NaN
10.2802785813997,18.1950878010906,NaN,NaN,NaN,NaN
10.2237975153083,18.4820952024315,NaN,NaN,NaN,NaN
10.3959945262044,19.6043867824941,49.2085571659349,NaN,NaN,NaN
10.368284421461,20.9499166555573,NaN,NaN,NaN,NaN
10.2763291083866,24.1019441217771,15.1701633780863,NaN,NaN,NaN
9.96985863599116,47.233092954348,17.7114833222509,NaN,NaN,NaN
12.4559744333436,NaN,NaN,NaN,NaN,NaN
10.3181703772541,19.2337398486529,NaN,NaN,NaN,NaN
10.6073985619849,20.5142623346001,NaN,NaN,NaN,NaN
10.2735699739693,19.1169160375744,NaN,NaN,NaN,NaN
9.92114231427587,46.9718563297219,20.4132548107386,NaN,NaN,NaN
10.8761292467011,19.5290696321122,NaN,NaN,NaN,NaN
9.91231081842255,17.7310903285387,NaN,NaN,NaN,NaN
10.6767675034173,20.9429183887789,NaN,NaN,NaN,NaN
11.0393318199188,22.7714367130666,NaN,NaN,NaN,NaN
10.0927361302323,18.6355135720052,NaN,NaN,NaN,NaN
10.285070934997,19.7315100999101,NaN,NaN,NaN,NaN
10.1539317750071,18.0241964539343,NaN,NaN,NaN,NaN
10.0304932057458,16.9092250431692,NaN,NaN,NaN,NaN
10.5768432532335,20.2102628706164,NaN,NaN,NaN,NaN
10.6608224660921,37.515424354858,15.5136373396769,20.8556333725786,29.0008492601098,NaN
9.82761967220262,19.4487386724357,NaN,NaN,NaN,NaN
9.94810679381146,46.151016698215,18.4843886915612,30.9395946534667,NaN,NaN
9.70815977116066,16.904006142101,45.3498426209138,NaN,NaN,NaN
10.7891505802428,20.1792356511999,NaN,NaN,NaN,NaN
11.1237630463233,NaN,NaN,NaN,NaN,NaN
10.3243909814685,19.646517285784,2.12979684221345,NaN,NaN,NaN
10.3773300117086,20.7876884755833,29.3052473928508,42.1051986973548,NaN,NaN
10.2582571829683,17.5860370496073,NaN,NaN,NaN,NaN
10.1486882479685,19.5247326110328,NaN,NaN,NaN,NaN
10.3366052127395,19.1290965142038,NaN,NaN,NaN,NaN
9.96379286614398,20.7559604805559,NaN,NaN,NaN,NaN
10.8596402707047,19.2882867505055,36.6856545373942,NaN,NaN,NaN
9.78259304016149,16.4821541199115,NaN,NaN,NaN,NaN
12.1907672827291,NaN,NaN,NaN,NaN,NaN
9.89214123457723,19.2936478014239,NaN,NaN,NaN,NaN
10.3638208193517,28.8944063663952,19.5818591798944,NaN,NaN,NaN
10.4875565561021,23.8825623064662,43.7553057151628,19.6483513440633,NaN,NaN
9.92870405134753,20.4365004633631,NaN,NaN,NaN,NaN
9.95044284614306,17.9395974756325,NaN,NaN,NaN,NaN
10.8085352467432,19.1660925774345,NaN,NaN,NaN,NaN
19.9972617115711,9.79880813468372,NaN,NaN,NaN,NaN
11.4698999222612,NaN,NaN,NaN,NaN,NaN
10.6535088499081,20.4978656291412,NaN,NaN,NaN,NaN
10.7918182164142,NaN,NaN,NaN,NaN,NaN
10.0083606118435,20.3164478609449,NaN,NaN,NaN,NaN
9.78108736316105,19.0378083329001,NaN,NaN,NaN,NaN
9.53716329469714,14.8173062124293,NaN,NaN,NaN,NaN
10.4565033421164,21.562332172913,NaN,NaN,NaN,NaN
9.23351584024416,16.1840267886882,NaN,NaN,NaN,NaN
10.5792430751895,18.2572938543687,NaN,NaN,NaN,NaN
9.95915820592523,21.7079055040956,41.1410072497587,NaN,NaN,NaN
10.5176610741078,17.5196871982605,25.7778011004454,41.4473386070947,NaN,NaN
9.93827095356358,18.4330929365589,NaN,NaN,NaN,NaN
10.8797302156286,20.1519670142412,NaN,NaN,NaN,NaN
10.0449047507912,21.0260803469537,NaN,NaN,NaN,NaN
10.4271555038715,18.3488071505728,NaN,NaN,NaN,NaN
10.7843690345023,20.4749186041774,NaN,NaN,NaN,NaN
9.94555233084732,18.9664518698589,NaN,NaN,NaN,NaN
9.47856751698932,21.7683123211921,41.8001767136395,NaN,NaN,NaN
10.2323103192248,17.3014105681941,NaN,NaN,NaN,NaN
9.8897553804252,19.3186621860264,NaN,NaN,NaN,NaN
10.125004879325,18.349509063155,NaN,NaN,NaN,NaN
9.89149878933094,NaN,NaN,NaN,NaN,NaN
10.5226119294351,16.4715393761759,19.8373504330161,24.7599118947744,43.506609278935,NaN
8.73757656767729,21.3459516580376,11.5664047021603,42.1502661222458,NaN,NaN
9.6230012953649,19.227271015825,NaN,NaN,NaN,NaN
9.83799522910793,12.8586139255763,NaN,NaN,NaN,NaN
10.5356638602173,18.7353440615536,NaN,NaN,NaN,NaN
10.1971004036735,20.5136855028519,26.3390166020218,NaN,NaN,NaN
8.98832879943332,12.278491628225,17.5200724923574,27.6143363079948,NaN,NaN
9.80560173824156,18.7040860914711,NaN,NaN,NaN,NaN
10.4629215513301,18.4030679645391,6.87589635571036,NaN,NaN,NaN
10.2726837400129,17.4340059629081,22.1161724630745,NaN,NaN,NaN
10.005313443266,18.6395604331826,NaN,NaN,NaN,NaN
9.92146567748145,14.5393558511462,NaN,NaN,NaN,NaN
10.2954635943894,17.6687332004492,NaN,NaN,NaN,NaN
11.1081041957302,23.2701948044131,18.6722377275762,NaN,NaN,NaN
10.6642368521,21.1779702492125,NaN,NaN,NaN,NaN
10.1962088227779,17.0225561040276,33.7549265219785,NaN,NaN,NaN
10.1413628977594,19.850276859375,NaN,NaN,NaN,NaN
10.8846137536955,21.3977743336793,10.1842236786607,33.2610428297753,NaN,NaN
9.96356271484385,18.850497247833,NaN,NaN,NaN,NaN
10.1121513308293,34.1810325103228,18.9840810909958,NaN,NaN,NaN
9.4435826187273,17.4714138252753,NaN,NaN,NaN,NaN
10.3087478808023,21.4547435152556,NaN,NaN,NaN,NaN
10.4754972811389,21.4871550806968,NaN,NaN,NaN,NaN
9.55477528461336,17.1412739003419,NaN,NaN,NaN,NaN
12.4150328507598,NaN,NaN,NaN,NaN,NaN
10.2474040078422,19.8131995287142,NaN,NaN,NaN,NaN
10.1237066719754,20.2253465199204,NaN,NaN,NaN,NaN
10.0635048830511,22.4544815104061,NaN,NaN,NaN,NaN
10.7734327113876,NaN,NaN,NaN,NaN,NaN
10.0598464927608,19.8549322920695,27.6344313392858,48.6319124583818,23.0252783889409,43.6651946077794
10.1584158238378,18.4663692196246,21.7824129144205,NaN,NaN,NaN
9.91278949153102,19.0490543973569,32.2871192616333,3.00416586072196,NaN,NaN
9.94340247700493,18.3760378059151,NaN,NaN,NaN,NaN
10.8120321415673,8.38588409151992,NaN,NaN,NaN,NaN
10.8142241391751,20.5946569115133,NaN,NaN,NaN,NaN
10.5576963097644,42.614230094848,17.916230380441,NaN,NaN,NaN
9.38753736155039,18.9563995184001,NaN,NaN,NaN,NaN
10.3369680328361,17.1415170933465,NaN,NaN,NaN,NaN
10.2467560750361,17.32071069284,NaN,NaN,NaN,NaN
9.75380946031214,17.3581291920335,NaN,NaN,NaN,NaN
10.785407199087,21.401095808712,NaN,NaN,NaN,NaN
10.4570391598726,19.9513838176443,26.6443610768327,5.17354194807881,NaN,NaN
9.94515684925887,18.4736722169472,NaN,NaN,NaN,NaN
9.62428839305275,16.8426627922643,NaN,NaN,NaN,NaN
10.3668232785007,NaN,NaN,NaN,NaN,NaN
9.58057720800734,12.1036078998233,20.6768269650588,NaN,NaN,NaN
13.3340853327185,NaN,NaN,NaN,NaN,NaN
9.7777346256216,19.926911502497,NaN,NaN,NaN,NaN
10.9259484535671,14.9517859087373,NaN,NaN,NaN,NaN
10.9679202233104,19.3804886056067,32.8454505060707,NaN,NaN,NaN
10.2810087693163,14.3422850723472,NaN,NaN,NaN,NaN
9.62749501250488,13.5486246411552,NaN,NaN,NaN,NaN
9.71799089659773,18.1554010839616,NaN,NaN,NaN,NaN
9.59622091796879,17.4679743799174,NaN,NaN,NaN,NaN
10.0626756742539,20.7246991347879,NaN,NaN,NaN,NaN
10.3026599410414,19.7337731445326,NaN,NaN,NaN,NaN
10.5294572014733,20.2556353294203,NaN,NaN,NaN,NaN
9.4456139463785,19.6407740359409,NaN,NaN,NaN,NaN
10.0722029567151,18.1908685359039,NaN,NaN,NaN,NaN
9.20148186244468,14.8471445568596,NaN,NaN,NaN,NaN
9.67168450866894,18.749456044798,NaN,NaN,NaN,NaN
10.36685630463,47.7254364995964,20.5394423668763,NaN,NaN,NaN
9.88200942411751,19.2438103798283,NaN,NaN,NaN,NaN
9.81092066181188,17.9121530808175,NaN,NaN,NaN,NaN
10.57267600389,19.4336336289063,NaN,NaN,NaN,NaN
9.62928312366414,16.7976857625743,NaN,NaN,NaN,NaN
10.4236612711197,44.3742261887087,20.4984185777025,NaN,NaN,NaN
10.7730138587163,NaN,NaN,NaN,NaN,NaN
10.1555169598663,NaN,NaN,NaN,NaN,NaN
10.5018551942152,NaN,NaN,NaN,NaN,NaN
9.49912786720144,17.5209761434659,NaN,NaN,NaN,NaN
8.76185879017667,13.3805408748523,NaN,NaN,NaN,NaN
9.8889319893512,20.7351049078007,NaN,NaN,NaN,NaN
9.92872271556247,19.6332655593444,NaN,NaN,NaN,NaN
10.5243501803784,21.128301649745,47.5556656812818,17.6426571979566,NaN,NaN
20.5273485617453,10.0607925660096,NaN,NaN,NaN,NaN
10.1223086865959,16.4759819300958,20.7863760134355,29.4270373452899,NaN,NaN
10.748603257756,19.0882768681515,NaN,NaN,NaN,NaN
9.57586681223807,18.5524651866229,NaN,NaN,NaN,NaN
20.4585810096011,10.8610987342314,35.820212374979,NaN,NaN,NaN
10.5284710373026,21.6846952393729,NaN,NaN,NaN,NaN
10.1782250657299,19.1346986436059,NaN,NaN,NaN,NaN
10.1296050097896,18.0921785189667,NaN,NaN,NaN,NaN
10.1405746143726,20.9351747709307,15.2586241145851,NaN,NaN,NaN
9.47083474525316,20.6212193355979,44.3983184612121,NaN,NaN,NaN
12.8210791238145,NaN,NaN,NaN,NaN,NaN
10.8824582482954,20.7574708836344,NaN,NaN,NaN,NaN
10.1364521948974,20.4134079294438,NaN,NaN,NaN,NaN
10.6648780522112,21.3349707026943,NaN,NaN,NaN,NaN
9.9826085067051,17.7289398519517,NaN,NaN,NaN,NaN
10.802567857644,21.8932139409717,NaN,NaN,NaN,NaN
10.6859187751632,18.0539386991731,NaN,NaN,NaN,NaN
10.564756375772,18.4084044100653,NaN,NaN,NaN,NaN
20.9200633912943,10.8081170007502,NaN,NaN,NaN,NaN
10.6550513931049,18.7148002849515,NaN,NaN,NaN,NaN
10.4939942051193,18.6766215091581,NaN,NaN,NaN,NaN
10.5069409164168,19.8023166068563,34.5216933038654,NaN,NaN,NaN
9.90188890914111,18.2096899350946,30.0072123284198,NaN,NaN,NaN
10.1910925433842,18.853704281966,NaN,NaN,NaN,NaN
10.6572785573427,20.6419518276619,NaN,NaN,NaN,NaN
9.50051216805413,18.1320756235907,NaN,NaN,NaN,NaN
10.095375476174,20.8702525602547,NaN,NaN,NaN,NaN
10.6856315155309,47.8227869984125,20.6775183804469,NaN,NaN,NaN
9.00974475132099,17.1060455204781,NaN,NaN,NaN,NaN
10.4366633953083,22.4887379193833,NaN,NaN,NaN,NaN
9.70039743101709,12.4795085179319,NaN,NaN,NaN,NaN
10.4496634524358,19.9905545331786,NaN,NaN,NaN,NaN
10.2363163384489,15.9314784716055,22.1288848880822,NaN,NaN,NaN
10.0271802055696,15.3687380469384,NaN,NaN,NaN,NaN
10.1119292249443,13.8729843788566,NaN,NaN,NaN,NaN
10.5321678856745,9.813296973293,NaN,NaN,NaN,NaN
10.1381294198196,NaN,NaN,NaN,NaN,NaN
10.8719941170923,37.3973923946407,20.606727431301,NaN,NaN,NaN
10.3475531512506,19.8930974410836,NaN,NaN,NaN,NaN
9.6458081174252,19.3762278835776,NaN,NaN,NaN,NaN
10.3474843399168,19.8030397385826,NaN,NaN,NaN,NaN
10.1012771461507,17.7949077551658,NaN,NaN,NaN,NaN
9.39583049811347,18.5081562654288,NaN,NaN,NaN,NaN
11.1308643365435,NaN,NaN,NaN,NaN,NaN
10.7686924098946,19.8398843938651,NaN,NaN,NaN,NaN
10.4200982938721,15.3153518353628,NaN,NaN,NaN,NaN
10.0616303820584,18.2755089461224,NaN,NaN,NaN,NaN
9.72129812758184,20.8205429595699,NaN,NaN,NaN,NaN
10.1283402607975,19.3424739036908,NaN,NaN,NaN,NaN
10.5275595029297,18.9398350078132,NaN,NaN,NaN,NaN
10.8759632835286,20.2801229676966,46.9312555539418,26.3700894390971,NaN,NaN
11.2990097659525,45.4857318329175,19.8068845949699,8.34492266113769,NaN,NaN
10.2475267091953,15.6495345421627,21.6228560486691,NaN,NaN,NaN
21.1725714462448,9.99449354345443,NaN,NaN,NaN,NaN
10.0506641068146,19.9188812385031,NaN,NaN,NaN,NaN
30.0290332278881,11.3922374792925,NaN,NaN,NaN,NaN
10.3577143670621,17.580012378805,NaN,NaN,NaN,NaN
10.4759082775796,18.6801697121724,NaN,NaN,NaN,NaN
10.3958802698633,23.7164316546529,33.0444561053613,40.1449046726334,18.3816604383319,NaN
10.6065497468998,20.1834720865392,NaN,NaN,NaN,NaN
9.80497193674105,17.6063218255286,27.3163215533721,43.6897481478829,NaN,NaN
10.8976136212115,4.09965117045933,33.0807662686221,18.5074629340933,NaN,NaN
10.6478974577213,20.526789587873,29.5635143407254,NaN,NaN,NaN
23.0336687932353,9.99790648265234,17.2961389107322,NaN,NaN,NaN
9.86750784924532,18.773264710033,NaN,NaN,NaN,NaN
9.93083706009795,18.8314899537264,NaN,NaN,NaN,NaN
10.6227763246262,19.0597626232061,NaN,NaN,NaN,NaN
10.1639547976644,46.3105460737099,21.1097846593238,NaN,NaN,NaN
10.8353175204078,21.0746618487327,33.1281771520916,NaN,NaN,NaN
10.4703959264778,21.5388022627194,NaN,NaN,NaN,NaN
17.634217807508,9.93793500288494,NaN,NaN,NaN,NaN
10.1564034700777,20.5337462670228,NaN,NaN,NaN,NaN
10.3279526901295,17.4838318266366,NaN,NaN,NaN,NaN
9.38471973358401,20.0456520864278,NaN,NaN,NaN,NaN
9.48186614872846,19.4611538524775,NaN,NaN,NaN,NaN
17.0778121531506,10.2656339622267,22.0250951969185,NaN,NaN,NaN
20.9141823450344,10.2042050500379,NaN,NaN,NaN,NaN
10.6185712184783,16.0137055417588,NaN,NaN,NaN,NaN
9.32402351006871,11.9829527534142,18.9761843101708,NaN,NaN,NaN
10.8657315143145,19.6028630287435,NaN,NaN,NaN,NaN
9.74359956625989,19.2673044476814,NaN,NaN,NaN,NaN
10.1781442978579,18.9504561814785,NaN,NaN,NaN,NaN
20.5083728757138,9.84761305588917,NaN,NaN,NaN,NaN
10.0761498173882,33.4384773344959,22.752469082628,NaN,NaN,NaN
9.96226444657133,18.871355752525,NaN,NaN,NaN,NaN
10.6023669156801,19.8045261042082,NaN,NaN,NaN,NaN
9.71520684260715,18.8919761319968,NaN,NaN,NaN,NaN
10.25176614111,17.7363276192314,NaN,NaN,NaN,NaN
20.1737949853929,10.919435581175,28.6103406222176,NaN,NaN,NaN
10.3217082494799,21.7829566269265,NaN,NaN,NaN,NaN
9.62591985130315,18.3827143726672,NaN,NaN,NaN,NaN
10.5053932795906,22.235504177928,NaN,NaN,NaN,NaN
10.4405251785683,20.7211937822739,3.0102656677415,NaN,NaN,NaN
10.3378665662319,20.6744620289276,14.936978368402,NaN,NaN,NaN
10.6596817470364,20.0247978892488,31.3133899917393,NaN,NaN,NaN
18.6423474906015,9.37883584123953,NaN,NaN,NaN,NaN
13.6872013761252,NaN,NaN,NaN,NaN,NaN
17.087641576131,10.6253010813203,NaN,NaN,NaN,NaN
9.99128371352142,18.7855042993682,NaN,NaN,NaN,NaN
10.032526599215,20.4238570171247,NaN,NaN,NaN,NaN
9.7201827533967,20.8726879022602,NaN,NaN,NaN,NaN
10.2093732418936,20.6472892683712,NaN,NaN,NaN,NaN
9.61996376110052,17.2035588662729,NaN,NaN,NaN,NaN
10.0078966096158,24.9453945236793,18.4715869419668,NaN,NaN,NaN
10.053352678433,20.6397937651924,NaN,NaN,NaN,NaN
10.0936688663367,17.4415723282957,NaN,NaN,NaN,NaN
11.6274840110421,NaN,NaN,NaN,NaN,NaN
9.58503980243396,24.8961811472885,16.5488104581981,NaN,NaN,NaN
9.63111691537035,18.7363793139517,NaN,NaN,NaN,NaN
10.208545376164,20.0505784881498,NaN,NaN,NaN,NaN
10.740793631989,18.9116777382989,NaN,NaN,NaN,NaN
10.001579589097,20.4655603142877,NaN,NaN,NaN,NaN
9.9831937696029,19.6550999302212,NaN,NaN,NaN,NaN
10.1398709478643,20.8963137934687,NaN,NaN,NaN,NaN
19.5182204577814,10.254264241305,NaN,NaN,NaN,NaN
10.0918303958486,18.8648835500466,NaN,NaN,NaN,NaN
10.1716419071402,18.2885118106332,NaN,NaN,NaN,NaN
10.9983444068716,5.96632650081263,NaN,NaN,NaN,NaN
9.90963864429996,20.224139757208,NaN,NaN,NaN,NaN
10.5268655567415,18.8062120800566,NaN,NaN,NaN,NaN
14.924570950045,9.65560090068252,29.5746509669567,NaN,NaN,NaN
10.0212565184464,19.4781473134774,NaN,NaN,NaN,NaN
20.8164584447075,9.93195381805267,NaN,NaN,NaN,NaN
10.4908143593563,20.0241136447549,NaN,NaN,NaN,NaN
10.1836367940082,18.9493941287645,NaN,NaN,NaN,NaN
10.2767282803593,18.2497650094887,NaN,NaN,NaN,NaN
10.2435950228414,20.7302084159775,NaN,NaN,NaN,NaN
10.4396532588193,21.784121140127,NaN,NaN,NaN,NaN
9.8534745132377,19.1834513216894,NaN,NaN,NaN,NaN
9.23909294921378,18.3465887224618,NaN,NaN,NaN,NaN
14.3115587357002,NaN,NaN,NaN,NaN,NaN
9.70282941185213,15.1976975063355,NaN,NaN,NaN,NaN
9.55087076298548,19.7740945703088,37.0074781282453,NaN,NaN,NaN
9.72856154361992,17.6234538239615,NaN,NaN,NaN,NaN
9.41738947059347,18.972526896622,NaN,NaN,NaN,NaN
9.17926661857598,20.5932486611847,45.5190918604354,NaN,NaN,NaN
10.052229717338,18.9672216815999,NaN,NaN,NaN,NaN
9.86594424152256,19.9740321477207,36.5643345542317,NaN,NaN,NaN
10.324991428922,20.1839585762631,NaN,NaN,NaN,NaN
10.1144259225707,47.0338995662333,21.5901694526202,NaN,NaN,NaN
10.0301083660178,19.2270448240375,NaN,NaN,NaN,NaN
10.1164794799896,21.3065079964615,NaN,NaN,NaN,NaN
10.452913661347,16.2143002264888,NaN,NaN,NaN,NaN
10.6115859953512,NaN,NaN,NaN,NaN,NaN
10.3583227859538,19.2550584360976,NaN,NaN,NaN,NaN
9.67699889956126,15.5730306092722,NaN,NaN,NaN,NaN
9.49790305380435,14.9934114151567,NaN,NaN,NaN,NaN
10.1056930559412,19.6042124114509,NaN,NaN,NaN,NaN
9.8680652590829,20.3222697552296,15.4836129641191,37.2133433055916,25.4994210098027,NaN
10.5331488322554,19.3792399335037,NaN,NaN,NaN,NaN
10.5183806311654,20.3295974878845,47.9279151025904,NaN,NaN,NaN
9.70839544113515,15.8883173378422,NaN,NaN,NaN,NaN
9.99348040202354,16.3173147335872,33.5793129636127,NaN,NaN,NaN
10.5840305448423,23.6204777104172,NaN,NaN,NaN,NaN
10.0370502137256,18.4427599893275,36.468450148749,NaN,NaN,NaN
9.65859985344319,17.6118169255861,NaN,NaN,NaN,NaN
10.3409389894935,20.5066813979228,NaN,NaN,NaN,NaN
9.81797223403484,19.1973532719487,NaN,NaN,NaN,NaN
10.1603016334414,19.7626909920762,NaN,NaN,NaN,NaN
10.4043146689171,16.378115884564,NaN,NaN,NaN,NaN
9.6949716698793,4.18107458192464,19.3550698349502,NaN,NaN,NaN
10.0064339000804,17.9529636228619,NaN,NaN,NaN,NaN
9.72994558988374,20.5650414205361,NaN,NaN,NaN,NaN
10.5192340777113,19.5160532045395,NaN,NaN,NaN,NaN
10.4075916036157,20.2105002184716,NaN,NaN,NaN,NaN
18.72341599519,43.4870985006819,9.12295409630258,NaN,NaN,NaN
10.4297454642636,17.5003334003148,NaN,NaN,NaN,NaN
10.5679168880243,19.4903495652626,NaN,NaN,NaN,NaN
17.023322800183,NaN,NaN,NaN,NaN,NaN
9.6856478067066,20.6006651610793,40.9448903621351,14.3757244352552,NaN,NaN
10.2616242586438,20.1157562893911,NaN,NaN,NaN,NaN
10.2582394008928,20.3119998335495,15.7249302505422,NaN,NaN,NaN
10.0581094217598,19.5797625149222,36.5423428744731,NaN,NaN,NaN
10.8185148585482,19.6389302073871,NaN,NaN,NaN,NaN
9.97865808277056,22.3962693147015,NaN,NaN,NaN,NaN
10.1775324867387,20.3411844755621,NaN,NaN,NaN,NaN
9.03848499181222,16.6114440395341,NaN,NaN,NaN,NaN
9.81678768690291,16.9573232215338,48.5155047434358,NaN,NaN,NaN
10.8778292621495,16.2402427685554,NaN,NaN,NaN,NaN
10.0540085726272,20.8342810854401,NaN,NaN,NaN,NaN
10.6531256500908,NaN,NaN,NaN,NaN,NaN
10.6306746325987,20.7132651079906,NaN,NaN,NaN,NaN
11.3551403669006,19.8504321535128,NaN,NaN,NaN,NaN
10.2990328754798,19.7519666035232,NaN,NaN,NaN,NaN
10.4298856532749,21.1493754418737,NaN,NaN,NaN,NaN
10.4769393414465,20.7723425951357,NaN,NaN,NaN,NaN
9.57110952546543,19.3420799748326,NaN,NaN,NaN,NaN
9.49977234326455,16.2039086380201,NaN,NaN,NaN,NaN
10.0040147521073,20.5243874901875,NaN,NaN,NaN,NaN
9.71343529938758,22.2092416318326,16.3771313669387,NaN,NaN,NaN
10.0268407732598,19.5384630396768,NaN,NaN,NaN,NaN
10.797353706868,17.1544230075158,24.0610621650526,NaN,NaN,NaN
10.2341164242456,21.1005559734833,NaN,NaN,NaN,NaN
10.3648797711435,20.7542246490664,NaN,NaN,NaN,NaN
10.0631769878837,17.3386089074009,NaN,NaN,NaN,NaN
9.01667077813869,17.3086545888373,NaN,NaN,NaN,NaN
10.2461435963316,20.0390213979981,NaN,NaN,NaN,NaN
10.2973671256853,16.1961539727159,27.214035293212,45.6000680997675,NaN,NaN
10.8451744503,20.7653616066791,28.0370279009556,17.0224228551253,NaN,NaN
12.0733044338193,26.973316182673,NaN,NaN,NaN,NaN
10.3108112248291,20.888689748441,17.1240966908948,NaN,NaN,NaN
10.0373410932704,14.5437910098167,NaN,NaN,NaN,NaN
10.5468413899976,22.3503093236256,NaN,NaN,NaN,NaN
10.1249240338574,21.0246057222138,NaN,NaN,NaN,NaN
10.5159455503615,13.9629209575112,19.8318382267572,38.6557857349736,NaN,NaN
10.0119162955797,22.0896054663608,NaN,NaN,NaN,NaN
10.0000141133127,13.7182943509102,NaN,NaN,NaN,NaN
9.63481255421936,9.89993951633838,NaN,NaN,NaN,NaN
10.0030644750877,12.2810509940916,NaN,NaN,NaN,NaN
10.4549671696992,16.3612169232501,NaN,NaN,NaN,NaN
10.4196117168404,21.3984421981662,NaN,NaN,NaN,NaN
11.6387596630993,NaN,NaN,NaN,NaN,NaN
9.87838548730811,22.4027089962748,NaN,NaN,NaN,NaN
9.51502789201975,47.1823220184418,16.898629947124,NaN,NaN,NaN
12.5877009555582,NaN,NaN,NaN,NaN,NaN
10.7219475214487,22.3829082579496,NaN,NaN,NaN,NaN
10.3797556625587,20.2396606608667,37.7953489491367,49.2303742741954,NaN,NaN
10.6624925688527,19.0546795879475,NaN,NaN,NaN,NaN
9.38118443857968,20.0157076056165,12.4593269269978,46.0934794476345,NaN,NaN
10.1409435609333,18.1615867839732,NaN,NaN,NaN,NaN
10.0532785615217,14.6180261521663,NaN,NaN,NaN,NaN
10.0699028735267,25.1198512941285,18.0632299865593,NaN,NaN,NaN
9.97247428016521,20.7360709008808,NaN,NaN,NaN,NaN
9.74793232145503,18.7259786868223,NaN,NaN,NaN,NaN
10.3696839911175,20.6948020024766,NaN,NaN,NaN,NaN
10.6977222119131,19.4409671602804,NaN,NaN,NaN,NaN
9.48227697955834,18.3256430159071,NaN,NaN,NaN,NaN
10.6650017638733,20.1984467018406,NaN,NaN,NaN,NaN
10.0634944924748,18.6247795670488,NaN,NaN,NaN,NaN
10.1459361957688,21.8705488823383,NaN,NaN,NaN,NaN
10.2782966095097,30.1704665055483,19.0105219766012,NaN,NaN,NaN
10.077132368292,20.4129199972747,NaN,NaN,NaN,NaN
9.77759165831009,18.3826847035243,34.297270929086,NaN,NaN,NaN
10.3780843779841,16.9756481415289,NaN,NaN,NaN,NaN
10.4923471475009,21.2287158441315,NaN,NaN,NaN,NaN
10.7901800463998,NaN,NaN,NaN,NaN,NaN
10.1956918626552,20.8080274592212,44.5172177794347,NaN,NaN,NaN
10.3958805093211,NaN,NaN,NaN,NaN,NaN
10.6734459819505,20.6303170432538,15.0418792043265,NaN,NaN,NaN
10.2591473377534,15.9915362665562,23.0695653285845,6.94733071327112,37.4937473996895,NaN
11.041158591102,22.1823990140303,NaN,NaN,NaN,NaN
11.0512647019545,17.285178599658,NaN,NaN,NaN,NaN
10.3162792425935,19.3141898729614,5.48650005318491,NaN,NaN,NaN
9.32798126569048,18.0210327374024,NaN,NaN,NaN,NaN
11.1878913893239,21.3069662436861,NaN,NaN,NaN,NaN
10.3907852637289,17.8452483980671,22.2941166983221,NaN,NaN,NaN
16.9997987445786,10.5449605775252,NaN,NaN,NaN,NaN
10.1810687760187,14.6917159252215,NaN,NaN,NaN,NaN
9.87782805406426,21.1087544885544,NaN,NaN,NaN,NaN
9.92901327624898,19.4142395449984,NaN,NaN,NaN,NaN
9.73983946915985,18.2142395615078,NaN,NaN,NaN,NaN
9.94037243801837,46.3469372982191,17.8563616907255,27.6572786181159,39.5368356586989,NaN
10.0396621817233,19.7403239412733,NaN,NaN,NaN,NaN
10.1849781252463,19.0984676625454,NaN,NaN,NaN,NaN
10.3241277897606,20.6449577545497,NaN,NaN,NaN,NaN
13.4355290839914,NaN,NaN,NaN,NaN,NaN
9.5197938013132,34.1803501034647,23.0839431685967,14.6218645178709,NaN,NaN
13.8358418454513,NaN,NaN,NaN,NaN,NaN
9.40219460896811,20.861038123861,NaN,NaN,NaN,NaN
10.797021692912,19.8438853997935,NaN,NaN,NaN,NaN
10.2161805759362,21.329052228987,NaN,NaN,NaN,NaN
10.1487121127717,18.5381946510801,NaN,NaN,NaN,NaN
10.2337326721329,48.9028712760418,25.231341078515,NaN,NaN,NaN
12.8770781945131,NaN,NaN,NaN,NaN,NaN
10.3151465776227,19.9079299461789,NaN,NaN,NaN,NaN
11.3681750238748,34.6177188404871,42.478667507641,NaN,NaN,NaN
11.542826234516,NaN,NaN,NaN,NaN,NaN
10.2413846493923,21.5706218199293,NaN,NaN,NaN,NaN
10.9372720665251,NaN,NaN,NaN,NaN,NaN
9.81622717580835,19.0172260521251,NaN,NaN,NaN,NaN
10.4906649711837,19.8742268904975,NaN,NaN,NaN,NaN
9.96338648798458,18.6462158345526,NaN,NaN,NaN,NaN
10.8796432297489,17.7926689980963,NaN,NaN,NaN,NaN
9.60397219140844,30.635228226222,24.5945639014619,16.3351883595253,NaN,NaN
10.4933969562674,NaN,NaN,NaN,NaN,NaN
10.2590015614724,19.1027585448553,NaN,NaN,NaN,NaN
10.9405221291239,24.93758814148,NaN,NaN,NaN,NaN
10.2663170834787,19.5140868965713,44.5490850695873,NaN,NaN,NaN
9.43822131970036,14.7752398239529,NaN,NaN,NaN,NaN
10.4774510419637,20.0252323584323,13.9195359437405,36.5612736741272,NaN,NaN
10.4347681500197,19.4355238440624,NaN,NaN,NaN,NaN
9.95981591189658,17.3756718441939,25.4954931223499,NaN,NaN,NaN
17.1128194690472,10.0066528788201,25.4694970887168,NaN,NaN,NaN
10.1235303548274,20.2687193278779,NaN,NaN,NaN,NaN
11.424910419366,20.0150001686805,NaN,NaN,NaN,NaN
9.77181327440731,17.6166735161215,1.76739145344249,26.3019766149064,NaN,NaN
11.2161536064455,11.3515472239168,NaN,NaN,NaN,NaN
19.9568696642021,10.0315752044377,47.3670603531032,NaN,NaN,NaN
10.4884631749817,20.4603522063715,NaN,NaN,NaN,NaN
10.0461618565918,19.823501140946,NaN,NaN,NaN,NaN
10.557346114058,19.9095266224777,NaN,NaN,NaN,NaN
9.87545721735161,14.9224069008382,NaN,NaN,NaN,NaN
9.88185340677086,19.9071438146355,NaN,NaN,NaN,NaN
11.8616406060638,NaN,NaN,NaN,NaN,NaN
11.9250546639509,NaN,NaN,NaN,NaN,NaN
10.3031046411023,19.2911995088505,NaN,NaN,NaN,NaN
9.55781065241765,NaN,NaN,NaN,NaN,NaN
9.78491042244402,15.2300697888917,NaN,NaN,NaN,NaN
10.0486918257021,18.1367895613356,42.4422259576537,NaN,NaN,NaN
10.5405703515875,20.4392416610252,41.7981508272728,NaN,NaN,NaN
10.5094637972973,22.2725476283953,NaN,NaN,NaN,NaN
10.0168068575524,18.9637738213389,NaN,NaN,NaN,NaN
10.1126709812413,19.9000036350113,NaN,NaN,NaN,NaN
9.74531265777324,22.6806500286237,15.6319160956873,NaN,NaN,NaN
10.3265692356388,19.2020819442891,NaN,NaN,NaN,NaN
9.95889355034375,16.8183877944683,NaN,NaN,NaN,NaN
10.2283059930601,18.0205755218082,NaN,NaN,NaN,NaN
9.40042301053132,17.6985642479333,NaN,NaN,NaN,NaN
13.5167852789637,NaN,NaN,NaN,NaN,NaN
10.5107866389685,20.8260619224572,NaN,NaN,NaN,NaN
10.3477017880714,19.6968348738429,43.2824242896498,NaN,NaN,NaN
10.5266706092899,19.9914167070352,4.80578777435919,NaN,NaN,NaN
10.1388136106843,18.950903097933,NaN,NaN,NaN,NaN
11.785943529646,NaN,NaN,NaN,NaN,NaN
9.68066486183768,12.9744594426686,NaN,NaN,NaN,NaN
10.0159978028842,19.6918069701586,NaN,NaN,NaN,NaN
9.80892603415936,18.5728362453553,NaN,NaN,NaN,NaN
9.96563402147638,19.6618335019468,49.2143564308633,NaN,NaN,NaN
10.4426027471693,20.6263750694944,NaN,NaN,NaN,NaN
11.0041859063981,NaN,NaN,NaN,NaN,NaN
8.92480122805715,18.0997072791215,NaN,NaN,NaN,NaN
9.23068969435307,19.4878536903432,NaN,NaN,NaN,NaN
9.90902078249458,20.304095972462,44.7292921371192,NaN,NaN,NaN
9.66478198842912,20.7441634846118,NaN,NaN,NaN,NaN
10.3208961131301,19.2424223181257,NaN,NaN,NaN,NaN
9.73833586430871,18.1443726125413,25.3634563592566,NaN,NaN,NaN
21.3605871965192,10.1101051017133,25.7379375739909,16.5968420743342,NaN,NaN
9.7362909354019,17.0868203808516,NaN,NaN,NaN,NaN
10.9585501288395,18.9043750584476,NaN,NaN,NaN,NaN
10.1679970124173,17.0352707942448,NaN,NaN,NaN,NaN
10.2429601184915,47.0780672790497,19.2410070085244,NaN,NaN,NaN
10.4133561772575,17.8329586945943,NaN,NaN,NaN,NaN
10.7132220227643,22.6027576914731,NaN,NaN,NaN,NaN
10.0833189920196,17.8557521192919,24.8444652981887,NaN,NaN,NaN
9.84108471776184,22.177673062334,NaN,NaN,NaN,NaN
10.3238057031435,22.0642010990196,NaN,NaN,NaN,NaN
9.76904409252283,18.8643585525709,NaN,NaN,NaN,NaN
9.40241638507381,18.5322526559863,NaN,NaN,NaN,NaN
10.4674044115347,48.1798953458224,20.7062960326169,NaN,NaN,NaN
10.1961095601619,11.1374399799596,NaN,NaN,NaN,NaN
10.8925270927535,NaN,NaN,NaN,NaN,NaN
9.79717854604056,19.7685643761696,NaN,NaN,NaN,NaN
10.6882477562181,20.3540940170315,45.2482805510096,37.7835622932409,NaN,NaN
9.95250470811281,43.8623441810587,20.23157639416,NaN,NaN,NaN
10.8887185238486,15.9654115010353,NaN,NaN,NaN,NaN
9.90469668297871,20.0996239867192,39.7349573319004,NaN,NaN,NaN
10.3948081032509,20.9932743985842,NaN,NaN,NaN,NaN
10.4193779791785,21.4460502290263,40.764478198349,NaN,NaN,NaN
10.2060799732712,16.1676838094932,21.5842720957093,NaN,NaN,NaN
9.46554203678549,18.0978536476885,NaN,NaN,NaN,NaN
9.75470930534661,16.9446499321637,NaN,NaN,NaN,NaN
9.61469084608614,19.5313766932009,NaN,NaN,NaN,NaN
11.736749246344,NaN,NaN,NaN,NaN,NaN
10.1292009024037,17.4174561735161,NaN,NaN,NaN,NaN
19.6739640366596,10.568859260097,NaN,NaN,NaN,NaN
10.2342420517085,22.0545097960847,19.6051716138824,14.9238918422308,NaN,NaN
10.6627462816491,19.518727557745,NaN,NaN,NaN,NaN
9.40370149753717,13.5534198666386,44.1154049848356,NaN,NaN,NaN
10.6894597514873,NaN,NaN,NaN,NaN,NaN
10.29472641013,16.5399701184679,NaN,NaN,NaN,NaN
9.52875287803769,19.0055964920749,NaN,NaN,NaN,NaN
10.9570873069442,NaN,NaN,NaN,NaN,NaN
10.3617506447335,17.7104751415421,21.9089624439612,31.394378259137,NaN,NaN
10.361184719146,20.079804434991,35.8328590940304,NaN,NaN,NaN
10.455698375633,18.6316360435445,48.1157188274653,31.1706221699627,NaN,NaN
10.3429296927361,22.1083392252397,37.2404394096839,NaN,NaN,NaN
10.0295237981199,19.055853502615,NaN,NaN,NaN,NaN
9.72683609783824,21.9712448024975,40.723581150757,33.7897119677707,NaN,NaN
10.5497458360844,22.7034561452324,17.2126997229189,NaN,NaN,NaN
10.4619839461181,22.29453483201,NaN,NaN,NaN,NaN
10.1122565656907,17.1092093064539,NaN,NaN,NaN,NaN
11.4514896202294,19.8084260510647,NaN,NaN,NaN,NaN
9.6587301607037,18.6312272151806,NaN,NaN,NaN,NaN
9.9391992503376,18.7920423266043,NaN,NaN,NaN,NaN
10.1382785034132,19.0626336653997,NaN,NaN,NaN,NaN
10.3004817386344,41.5909288259638,18.2638601719801,NaN,NaN,NaN
10.5020607543768,19.7921400025427,NaN,NaN,NaN,NaN
11.5737456834356,21.6115877355071,NaN,NaN,NaN,NaN
9.69565522143089,17.5254543851442,49.0379103122256,NaN,NaN,NaN
10.7149304214315,20.0048464482439,NaN,NaN,NaN,NaN
10.0799587105537,21.5983889532448,NaN,NaN,NaN,NaN
10.4286303179385,21.4098104344836,NaN,NaN,NaN,NaN
11.036606588181,22.7380319170924,NaN,NaN,NaN,NaN
11.1560919637006,18.7962422424183,NaN,NaN,NaN,NaN
9.96234105714615,17.5295194953121,NaN,NaN,NaN,NaN
9.98641330756223,18.1406803939508,NaN,NaN,NaN,NaN
10.5299232931169,20.3630293034093,36.7777460793239,40.1895269705385,NaN,NaN
10.6189889277333,19.3611451116137,NaN,NaN,NaN,NaN
10.209195928718,20.4909867422698,NaN,NaN,NaN,NaN
10.219455792146,36.2673918414327,19.4327138094924,NaN,NaN,NaN
10.7749110850773,19.3705448386314,NaN,NaN,NaN,NaN
10.5131550586016,19.3266193822439,NaN,NaN,NaN,NaN
10.7026355867581,12.7429643048082,NaN,NaN,NaN,NaN
9.53089800748287,18.7107901349915,NaN,NaN,NaN,NaN
10.1324036203036,17.496151932214,NaN,NaN,NaN,NaN
9.9209715535212,20.8920348327026,NaN,NaN,NaN,NaN
10.8969029726723,18.3695308350526,27.064304381572,NaN,NaN,NaN
10.0574361065115,14.7492237009116,22.94478674566,NaN,NaN,NaN
10.3565454801786,18.9994153464954,42.5638753988416,NaN,NaN,NaN
10.1078125374319,19.8344106768893,NaN,NaN,NaN,NaN
10.2238211657421,18.9600800668865,49.4686129072126,NaN,NaN,NaN
10.4949788859447,18.297519548672,26.2796685746534,40.0986940271175,33.4346288887147,NaN
9.85882553647958,20.1486648291561,NaN,NaN,NaN,NaN
10.2955718628578,17.420165548636,NaN,NaN,NaN,NaN
10.3011828332504,17.3507067983787,48.7248018315172,NaN,NaN,NaN
10.1373866244955,21.9386584985501,NaN,NaN,NaN,NaN
10.0853244225327,18.4609216100054,NaN,NaN,NaN,NaN
11.0843064932637,19.1885088737276,35.8379046299159,NaN,NaN,NaN
10.3105577627923,17.7873678767174,NaN,NaN,NaN,NaN
10.2072207544217,15.3699187174495,28.7127355707962,23.8229997049692,NaN,NaN
10.49333170125,20.7550790172805,NaN,NaN,NaN,NaN
16.2733990633946,NaN,NaN,NaN,NaN,NaN
9.80837385211231,21.8060773215039,NaN,NaN,NaN,NaN
10.9290099931749,NaN,NaN,NaN,NaN,NaN
10.0934706854457,17.317823068915,23.7559224489134,47.2971605615123,3.57631438192365,NaN
19.6320479210421,9.06523679704509,NaN,NaN,NaN,NaN
10.5078511444881,18.6292718517423,NaN,NaN,NaN,NaN
10.0449310803454,19.1691419862753,42.4339778694318,NaN,NaN,NaN
9.69911884013883,32.5754292326409,21.0430933723558,NaN,NaN,NaN
10.3207178736809,16.3135655788623,NaN,NaN,NaN,NaN
10.2958501251995,20.1795708172399,NaN,NaN,NaN,NaN
9.66064262260199,11.0658743274032,NaN,NaN,NaN,NaN
10.1756705446495,18.9963596630688,NaN,NaN,NaN,NaN
9.96723005864064,20.6834284059294,NaN,NaN,NaN,NaN
10.3935420714587,38.6083435713314,19.44571031174,NaN,NaN,NaN
10.0045509684709,20.8390963242728,NaN,NaN,NaN,NaN
10.3496678689849,19.9084213942351,NaN,NaN,NaN,NaN
9.58440457294962,13.0986716315485,39.4612399812964,NaN,NaN,NaN
12.7306123171381,NaN,NaN,NaN,NaN,NaN
10.9946438035578,18.1729541608091,23.6210660895535,NaN,NaN,NaN
10.5998795362873,21.9672833359942,NaN,NaN,NaN,NaN
9.97673000768048,11.9222944246537,22.0878522679518,34.253768593218,NaN,NaN
10.7239155947706,21.2627121872853,NaN,NaN,NaN,NaN
9.95755404824816,20.8249353628741,NaN,NaN,NaN,NaN
10.88018636538,18.7807279219257,NaN,NaN,NaN,NaN
9.92387371938113,13.6291172401515,NaN,NaN,NaN,NaN
9.63790333086521,20.1932661366869,13.0860448660104,NaN,NaN,NaN
9.77841332082591,16.8936876520061,22.343610188625,NaN,NaN,NaN
10.2911405308445,19.7474241330623,NaN,NaN,NaN,NaN
10.0832703750854,16.3613683102389,NaN,NaN,NaN,NaN
10.0398377926853,21.0904464040672,NaN,NaN,NaN,NaN
10.0244686825282,18.4497766387974,45.4999691785618,NaN,NaN,NaN
10.2342504342907,45.8794636072806,19.8850056686054,NaN,NaN,NaN
10.1552612452117,17.2577655006986,NaN,NaN,NaN,NaN
10.9397682068329,19.7672573804932,NaN,NaN,NaN,NaN
10.4514411123911,NaN,NaN,NaN,NaN,NaN
9.95908887989457,20.322419304321,NaN,NaN,NaN,NaN
10.3140671791091,NaN,NaN,NaN,NaN,NaN
9.99717600396414,20.0095164290179,NaN,NaN,NaN,NaN
9.1353154635816,18.1242751718787,NaN,NaN,NaN,NaN
10.1953647496993,17.484123882484,29.4463509698581,25.5522194457169,NaN,NaN
10.7170138275898,16.3717367209297,21.6093111510702,NaN,NaN,NaN
9.84785566690618,19.7303871785828,42.2041955722803,NaN,NaN,NaN
9.73386606422194,20.3945162935693,49.9997838056911,NaN,NaN,NaN
10.2052377261439,18.6148396606318,NaN,NaN,NaN,NaN
9.3192597093963,18.8073438205664,NaN,NaN,NaN,NaN
10.331187572947,15.0614494185171,23.5656344581004,46.7441143294035,NaN,NaN
20.0414733584416,10.1482854297878,NaN,NaN,NaN,NaN
10.1441807895529,21.7941334578733,43.5027753747393,15.5792100132978,NaN,NaN
10.3410703255316,37.6989262598924,18.7653122045902,NaN,NaN,NaN
10.9905738520918,19.400121946507,NaN,NaN,NaN,NaN
9.48500087648111,17.6584359952807,NaN,NaN,NaN,NaN
10.5883278856911,NaN,NaN,NaN,NaN,NaN
19.9137732844623,9.7493170717352,NaN,NaN,NaN,NaN
10.0957920054651,20.7917105690555,NaN,NaN,NaN,NaN
9.70817353858603,17.39593444649,28.4065095350309,NaN,NaN,NaN
10.3670577598254,18.6091459836762,NaN,NaN,NaN,NaN
10.3029841666246,19.8914227261767,NaN,NaN,NaN,NaN
10.1326517146062,17.5111514263952,NaN,NaN,NaN,NaN
9.75828773962256,25.5653232650079,17.0972791268265,NaN,NaN,NaN
10.391123467025,21.1119480855013,36.8899345545035,NaN,NaN,NaN
10.3599103750638,16.1457209643247,NaN,NaN,NaN,NaN
10.2658293774568,19.5412334971354,31.501211598364,NaN,NaN,NaN
10.2277237395384,20.1423105356697,38.9771417790428,NaN,NaN,NaN
9.88575004658167,18.4280145916866,41.0980363023675,NaN,NaN,NaN
29.4274032283212,10.1433466836052,18.8367699075209,NaN,NaN,NaN
9.95200958408972,19.1672795377319,35.3058590264624,NaN,NaN,NaN
8.75728548521187,12.2577939585934,NaN,NaN,NaN,NaN
19.9661200875253,11.4037371890335,NaN,NaN,NaN,NaN
11.1409544227938,19.9154381763286,NaN,NaN,NaN,NaN
10.1010721236771,44.4067033524431,21.1238120245546,NaN,NaN,NaN
10.5695999460713,17.3953105811859,22.6905256812648,NaN,NaN,NaN
9.90129656922891,16.616381127373,NaN,NaN,NaN,NaN
11.2910196661747,21.7194408288489,NaN,NaN,NaN,NaN
10.5174930357262,18.5947106373778,NaN,NaN,NaN,NaN
10.5375891905738,19.0137974008239,NaN,NaN,NaN,NaN
11.9540776455653,NaN,NaN,NaN,NaN,NaN
10.1893266874354,21.0685973086056,45.597443438415,38.9781726196445,NaN,NaN
10.5581622269883,NaN,NaN,NaN,NaN,NaN
10.15936750469,18.509278678427,NaN,NaN,NaN,NaN
10.1900140800956,15.8680278412021,26.3691384627136,NaN,NaN,NaN
10.270891574938,19.3962851496435,NaN,NaN,NaN,NaN
10.1262664626383,20.7287514580899,NaN,NaN,NaN,NaN
8.14173357902003,10.5024481042499,17.1097567323673,23.3262575043559,NaN,NaN
10.2990375222759,19.5311612838367,NaN,NaN,NaN,NaN
11.1738075527482,18.4233785495268,NaN,NaN,NaN,NaN
10.4024862075808,19.8767051367224,NaN,NaN,NaN,NaN
9.77465088052251,19.0467051644088,NaN,NaN,NaN,NaN
10.9084026617714,20.2743118085114,NaN,NaN,NaN,NaN
27.029756381389,10.2533527223173,20.3906471694567,NaN,NaN,NaN
10.1605657010815,17.4131092185296,NaN,NaN,NaN,NaN
17.6516902321421,10.3525607554788,NaN,NaN,NaN,NaN
10.3423862130993,25.8262295756188,NaN,NaN,NaN,NaN
9.49902677289266,18.1538314909831,NaN,NaN,NaN,NaN
9.72021412903363,23.4385710108716,NaN,NaN,NaN,NaN
10.2078366268614,13.7821108549378,19.4097696156161,41.4276859039969,NaN,NaN
9.5579199253008,16.359880309688,21.547777353695,NaN,NaN,NaN
10.0462388547909,18.2806441380728,NaN,NaN,NaN,NaN
10.5692097204053,20.1161920781797,NaN,NaN,NaN,NaN
9.47965900346309,18.9050287870063,32.7679162661502,NaN,NaN,NaN
9.16316722892623,18.20114875937,NaN,NaN,NaN,NaN
10.5352470120213,18.5973097613727,34.5323502346634,24.4576050496874,NaN,NaN
10.2340632238191,19.9476591369195,37.9940464996063,NaN,NaN,NaN
10.1331748243541,22.2123691537033,NaN,NaN,NaN,NaN
14.6539531290595,NaN,NaN,NaN,NaN,NaN
10.0970363120578,19.2084062699175,NaN,NaN,NaN,NaN
10.3950858075498,17.9215635700809,30.9460009806308,22.0971970604569,28.0033121433758,NaN
9.94672415759428,20.9173304433124,NaN,NaN,NaN,NaN
9.60798917156633,21.1943256417498,39.5365979961966,NaN,NaN,NaN
9.97611247816167,21.7561252601638,NaN,NaN,NaN,NaN
10.1663164933127,17.3659202815757,NaN,NaN,NaN,NaN
10.1711907122869,NaN,NaN,NaN,NaN,NaN
10.5629267700654,14.4014005091066,NaN,NaN,NaN,NaN
9.62527275492627,18.3532090514333,NaN,NaN,NaN,NaN
10.3229272978962,19.4258829893574,33.8185411317042,47.4995454902043,NaN,NaN
9.58685807900384,18.6299627766956,NaN,NaN,NaN,NaN
16.3465087992259,9.39557162102196,NaN,NaN,NaN,NaN
9.21982966093105,19.6973583022189,NaN,NaN,NaN,NaN
10.6688134550074,21.5686646870564,NaN,NaN,NaN,NaN
8.94929197734407,16.4325637698293,NaN,NaN,NaN,NaN
10.5280105621194,6.11697389052354,NaN,NaN,NaN,NaN
10.8533339172545,20.3256433733812,NaN,NaN,NaN,NaN
10.8747991915126,NaN,NaN,NaN,NaN,NaN
9.99955399146016,14.330042185629,NaN,NaN,NaN,NaN
13.2112885357139,NaN,NaN,NaN,NaN,NaN
10.3393294907419,20.7142502415689,NaN,NaN,NaN,NaN
10.479764094956,23.4915501146973,NaN,NaN,NaN,NaN
10.2717701809694,21.4118498364409,NaN,NaN,NaN,NaN
9.96455401897576,18.3821976680431,NaN,NaN,NaN,NaN
9.823329502901,46.9979149770283,19.8292397990776,31.144688175387,NaN,NaN
9.74945046774252,20.1456154089804,NaN,NaN,NaN,NaN
10.3313288871407,18.447657622871,NaN,NaN,NaN,NaN
9.53515951678558,13.5101093406437,NaN,NaN,NaN,NaN
9.94721893555257,19.8045386944305,NaN,NaN,NaN,NaN
10.4985086713221,NaN,NaN,NaN,NaN,NaN
9.94460346525316,17.3695098473651,22.7979907543648,NaN,NaN,NaN
10.2765245652832,17.7147027617387,NaN,NaN,NaN,NaN
10.2004585006602,20.9477803372163,NaN,NaN,NaN,NaN
9.80895766019357,18.3433488279856,NaN,NaN,NaN,NaN
9.66816696527434,16.7770714418467,NaN,NaN,NaN,NaN
10.7408172018765,19.1520569967011,49.2373901447452,NaN,NaN,NaN
10.0524824414024,20.7084670989413,NaN,NaN,NaN,NaN
10.4070806628499,16.4007876671,NaN,NaN,NaN,NaN
16.7206477690782,9.70140411979891,NaN,NaN,NaN,NaN
10.5885573402647,43.4123341404405,20.7434471238664,NaN,NaN,NaN
9.97896291932681,17.2012096847124,42.0513029041725,NaN,NaN,NaN
22.5942725012882,11.2776518504439,27.6930395532552,45.9956736729545,NaN,NaN
10.0353525433859,20.1507439212678,NaN,NaN,NaN,NaN
10.3602585111402,20.1384053841409,NaN,NaN,NaN,NaN
9.52829268457088,21.1737045211348,NaN,NaN,NaN,NaN
10.8579095299801,21.1516798484374,NaN,NaN,NaN,NaN
9.54717637210764,NaN,NaN,NaN,NaN,NaN
10.0284197575866,16.7265280085751,46.4498950752576,NaN,NaN,NaN
9.50382052786081,17.4278890647451,NaN,NaN,NaN,NaN
9.94485137371156,NaN,NaN,NaN,NaN,NaN
10.0224000302546,14.8643310988179,NaN,NaN,NaN,NaN
10.1511010321947,19.5012154813259,NaN,NaN,NaN,NaN
10.4095325775582,20.454103534643,NaN,NaN,NaN,NaN
9.42082012686943,18.9971764204064,NaN,NaN,NaN,NaN
10.2346927245507,15.9075621235187,20.8547633398407,NaN,NaN,NaN
9.9804220769924,18.3855705582861,NaN,NaN,NaN,NaN
10.0426105646313,15.8904771278865,21.3240301906589,NaN,NaN,NaN
10.0928101743,19.6645658579495,NaN,NaN,NaN,NaN
9.89917425635078,20.7528839097901,NaN,NaN,NaN,NaN
10.0415349271889,18.9827218200904,NaN,NaN,NaN,NaN
10.3892304000998,19.1476180532203,NaN,NaN,NaN,NaN
9.72705247287838,37.1331216719039,20.5659080180296,NaN,NaN,NaN
10.7176483918586,19.6773903080809,NaN,NaN,NaN,NaN
10.1877109433987,17.7106496957766,NaN,NaN,NaN,NaN
10.9070024298784,22.6842852081354,30.5433941275941,NaN,NaN,NaN
10.1795994828105,38.2072252398899,17.47247895338,NaN,NaN,NaN
9.4036205613091,20.561996150535,NaN,NaN,NaN,NaN
9.12617752884143,17.1437934339223,NaN,NaN,NaN,NaN
10.6042209543328,20.6559637860572,NaN,NaN,NaN,NaN
9.94991744208675,NaN,NaN,NaN,NaN,NaN
10.1390626901453,19.5455307095271,NaN,NaN,NaN,NaN
8.58846014132818,42.947529071136,NaN,NaN,NaN,NaN
10.1267387382821,19.6831479169891,NaN,NaN,NaN,NaN
9.74986045169515,20.711185970785,NaN,NaN,NaN,NaN
10.4243674969047,16.8325512277603,42.4239570541194,24.6472585157578,NaN,NaN
9.85262045893826,15.0222321940212,NaN,NaN,NaN,NaN
8.86526123364921,11.3875014147016,19.3500696547942,NaN,NaN,NaN
9.98183862868326,19.8165335012659,NaN,NaN,NaN,NaN
10.347953263153,13.7949864119201,NaN,NaN,NaN,NaN
10.4414541291729,NaN,NaN,NaN,NaN,NaN
9.83451742725326,19.7079346999802,30.964512855274,42.22167849839,NaN,NaN
10.0869563374508,18.3593578287515,41.3801187789746,NaN,NaN,NaN
9.63920328303531,17.4267682711832,NaN,NaN,NaN,NaN
9.69899926308753,17.3815531701515,NaN,NaN,NaN,NaN
10.2008582833731,22.4073399219633,15.6172470448801,NaN,NaN,NaN
9.87429915658592,19.5474789759715,NaN,NaN,NaN,NaN
10.3994822281069,42.669925604785,21.6969985511704,NaN,NaN,NaN
12.1243170387326,NaN,NaN,NaN,NaN,NaN
9.73013537388771,48.691785725951,20.9049812468936,NaN,NaN,NaN
10.0858815928203,18.9829766494035,32.4137309114711,39.0515210810763,3.54811554579708,NaN
9.84953541467702,19.8051969535214,NaN,NaN,NaN,NaN
19.3401721082368,10.3764792595058,NaN,NaN,NaN,NaN
9.45759559972664,44.9078135185667,49.3657531299303,19.6721703401044,NaN,NaN
9.24384966579852,12.2706052130211,18.4398966805603,NaN,NaN,NaN
9.86025018618768,20.1569845834494,27.7974753150446,1.81533246797016,NaN,NaN
10.8204615430879,20.2046667247533,NaN,NaN,NaN,NaN
10.2996880255371,20.1191741840874,NaN,NaN,NaN,NaN
11.5109928684825,22.9642268744055,NaN,NaN,NaN,NaN
10.2968195890836,17.7704772735301,NaN,NaN,NaN,NaN
9.9034536516123,19.0746267884715,NaN,NaN,NaN,NaN
10.0012946017771,19.8821118233514,NaN,NaN,NaN,NaN
11.0006281631918,18.8342708729928,42.1623940243688,NaN,NaN,NaN
10.1098323653279,20.9843093272568,33.0557704045726,15.3053529743125,NaN,NaN
9.83771443634046,NaN,NaN,NaN,NaN,NaN
10.2889346381451,19.8978196655672,NaN,NaN,NaN,NaN
10.2744046188589,19.1385840654166,NaN,NaN,NaN,NaN
10.3726154318143,22.7896563947134,15.8010450241446,NaN,NaN,NaN
10.2240399374369,22.6072563970964,45.9283837122717,15.8604670289547,NaN,NaN
19.0346876551672,10.4475405774596,NaN,NaN,NaN,NaN
10.1417576992786,14.8454092496635,NaN,NaN,NaN,NaN
10.0840267338601,20.0082142779418,NaN,NaN,NaN,NaN
10.2923298784904,21.7637609938988,NaN,NaN,NaN,NaN
10.2213016659301,18.8958335499737,NaN,NaN,NaN,NaN
10.6403619828256,20.0702063063022,48.3770887190596,32.7623586863715,NaN,NaN
10.0632937538098,18.9277700203606,NaN,NaN,NaN,NaN
10.3660855295754,33.1954182810402,19.266919709393,NaN,NaN,NaN
10.0257192179265,21.887205604873,12.9453739067483,49.9992533954746,NaN,NaN
9.71469204963283,17.8669301531531,NaN,NaN,NaN,NaN
10.1625568387611,14.9514987359379,20.4639822285928,NaN,NaN,NaN
9.86882724083463,13.6835564693152,NaN,NaN,NaN,NaN
10.4499936762966,21.1504037004395,34.96125276651,NaN,NaN,NaN
10.0022651595651,12.6638644324995,NaN,NaN,NaN,NaN
9.97743526009029,18.4871041934733,NaN,NaN,NaN,NaN
10.0294711999654,23.0667332639396,NaN,NaN,NaN,NaN
9.60504981438097,14.2862148383419,22.6474125179118,NaN,NaN,NaN
9.21382921351758,19.4871567245992,NaN,NaN,NaN,NaN
8.30739339708543,NaN,NaN,NaN,NaN,NaN
9.8083663715239,17.7076406496322,NaN,NaN,NaN,NaN
9.6886942424874,18.104268347155,NaN,NaN,NaN,NaN
9.20856987622099,18.146516258695,13.3184892216181,NaN,NaN,NaN
10.4761518728333,19.3220087866304,NaN,NaN,NaN,NaN
10.1912813881672,16.3127239788303,NaN,NaN,NaN,NaN
10.1711557069715,19.2575500736487,40.4508719563835,NaN,NaN,NaN
10.3627630297365,18.4878218646228,NaN,NaN,NaN,NaN
9.7818168189671,19.4996763856842,NaN,NaN,NaN,NaN
10.0429113947206,19.8623344322703,27.4140646258142,38.1807013775664,NaN,NaN
10.5016855326629,14.1901259648608,NaN,NaN,NaN,NaN
9.87830371140461,20.3836720084811,NaN,NaN,NaN,NaN
11.6930864915889,NaN,NaN,NaN,NaN,NaN
11.2615041115181,NaN,NaN,NaN,NaN,NaN
10.1087997869425,20.2367474050301,NaN,NaN,NaN,NaN
10.8403946060312,21.0409084977438,NaN,NaN,NaN,NaN
14.9433593758999,8.69083084430695,NaN,NaN,NaN,NaN
9.92326145016926,18.3818438556275,NaN,NaN,NaN,NaN
24.8124385090584,10.1286862502643,17.5993785604473,NaN,NaN,NaN
10.1630928693936,17.9913841057112,NaN,NaN,NaN,NaN
10.1213367898879,19.8272427827592,29.5546729499034,37.4862518207916,NaN,NaN
10.3849285526856,18.9087975232073,NaN,NaN,NaN,NaN
10.031886270562,21.4117604732718,33.4018533321731,48.1968847011906,NaN,NaN
10.6750785391223,20.3078745607913,NaN,NaN,NaN,NaN
10.0546226110289,31.1542399323408,NaN,NaN,NaN,NaN
11.0487676551634,20.9913063646943,NaN,NaN,NaN,NaN
10.641442388607,18.5613676877667,NaN,NaN,NaN,NaN
10.8995809564269,16.9655107207305,NaN,NaN,NaN,NaN
10.7209753094232,23.9514786238757,NaN,NaN,NaN,NaN
20.7421949631319,10.2501498827438,NaN,NaN,NaN,NaN
14.3492718416696,NaN,NaN,NaN,NaN,NaN
10.31354506325,43.7185341833314,39.4518094686595,20.5191642129312,27.5181357759183,NaN
10.3200373400731,10.656092121255,NaN,NaN,NaN,NaN
24.0007602231273,12.2198157120231,NaN,NaN,NaN,NaN
9.85326159555489,18.8700583474108,NaN,NaN,NaN,NaN
10.591900761045,20.841538707387,NaN,NaN,NaN,NaN
10.6978479949822,NaN,NaN,NaN,NaN,NaN
9.73122978294086,37.0323718353666,19.308362140882,32.5675036966677,NaN,NaN
10.4315174669197,20.4994797937738,NaN,NaN,NaN,NaN
9.58291214303287,17.9798537725367,NaN,NaN,NaN,NaN
10.9072824138052,19.2056496068099,NaN,NaN,NaN,NaN
10.6006261549409,19.81684127452,NaN,NaN,NaN,NaN
10.3873596655519,19.261838123151,NaN,NaN,NaN,NaN
10.5355999766399,14.6429042467742,NaN,NaN,NaN,NaN
9.23135587395868,20.4994665573488,11.4394285961224,NaN,NaN,NaN
10.2765210942622,18.2532482909767,24.2809756481015,NaN,NaN,NaN
10.6393328332516,18.8567178639472,6.00079942228087,NaN,NaN,NaN
13.1678209694169,NaN,NaN,NaN,NaN,NaN
10.6796110309169,18.2628065892053,NaN,NaN,NaN,NaN
10.4346861195787,21.417169941932,29.810131390145,NaN,NaN,NaN
9.96133508950961,16.7769765939643,NaN,NaN,NaN,NaN
10.4741836523138,31.2117189884491,19.0251103000132,NaN,NaN,NaN
10.1480237024631,19.3307502816235,NaN,NaN,NaN,NaN
11.4519582366957,22.9708537268045,NaN,NaN,NaN,NaN
10.0872829137818,26.4393019723343,16.5930841573183,NaN,NaN,NaN
9.72420094487124,21.2200442822508,NaN,NaN,NaN,NaN
9.80078145306623,20.2552754676409,NaN,NaN,NaN,NaN
10.2452750565875,20.2189451911781,NaN,NaN,NaN,NaN
11.683812066579,NaN,NaN,NaN,NaN,NaN
10.9167311835995,20.3244329937355,NaN,NaN,NaN,NaN
9.4998107155996,16.5838176137902,NaN,NaN,NaN,NaN
10.1452025661535,NaN,NaN,NaN,NaN,NaN
10.1360076266673,18.9903544491124,26.7308356111279,NaN,NaN,NaN
9.70584268607508,18.3496589301764,NaN,NaN,NaN,NaN
10.0582345574135,NaN,NaN,NaN,NaN,NaN
9.83152849060398,18.3880075561213,NaN,NaN,NaN,NaN
21.1193937944758,10.3305002396651,NaN,NaN,NaN,NaN
10.3794132238747,17.9222120894153,NaN,NaN,NaN,NaN
10.4265332140212,14.8106635082153,NaN,NaN,NaN,NaN
10.4421588293332,20.0198949380436,33.2877086535052,NaN,NaN,NaN
9.92886065670433,20.4820999574318,NaN,NaN,NaN,NaN
10.3103423049074,18.650084228348,NaN,NaN,NaN,NaN
10.3874284624928,18.9108672046198,NaN,NaN,NaN,NaN
10.9541110071226,20.9493142581652,NaN,NaN,NaN,NaN
10.4808234209612,19.7477125054548,NaN,NaN,NaN,NaN
10.7123682326404,23.9300771251789,NaN,NaN,NaN,NaN
10.5451377765663,21.6723324548293,NaN,NaN,NaN,NaN
10.0912236689417,17.4628702859244,NaN,NaN,NaN,NaN
10.4233807530291,19.3389460045027,NaN,NaN,NaN,NaN
10.4869987929875,19.5706201675471,NaN,NaN,NaN,NaN
10.1445720664285,28.1633596544983,19.3954079736217,NaN,NaN,NaN
10.6883114808908,19.2965212952361,NaN,NaN,NaN,NaN
9.8532570682097,21.3464298332645,36.5382637860468,NaN,NaN,NaN
10.3066493348943,21.1137649065717,NaN,NaN,NaN,NaN
10.1798658592553,22.1221724748792,NaN,NaN,NaN,NaN
10.2458864565115,NaN,NaN,NaN,NaN,NaN
11.9922251340301,22.5521506716303,NaN,NaN,NaN,NaN
9.72085072535996,15.1175792264003,19.1076716063623,NaN,NaN,NaN
10.1612430174802,18.9356563306491,NaN,NaN,NaN,NaN
9.80928326723107,18.9868245601223,NaN,NaN,NaN,NaN
10.3056617011094,19.1327956440016,NaN,NaN,NaN,NaN
10.3716169643383,19.6235478511012,NaN,NaN,NaN,NaN
10.4676862780501,20.3520783924772,NaN,NaN,NaN,NaN
10.3695803804175,17.7791576635348,NaN,NaN,NaN,NaN
10.2172136051264,21.2889749876207,41.8142006818767,NaN,NaN,NaN
9.41295234821054,12.5542037758237,18.1343405936856,22.5088953090778,32.5940181359521,45.5764957000407
11.7690004355636,NaN,NaN,NaN,NaN,NaN
9.90931026068944,22.7321021424077,NaN,NaN,NaN,NaN
9.23620661655702,16.7933514251922,NaN,NaN,NaN,NaN
13.6687072638009,NaN,NaN,NaN,NaN,NaN
14.1030613890337,43.6841498938346,NaN,NaN,NaN,NaN
10.2973600994137,19.300353945966,NaN,NaN,NaN,NaN
10.1854714513998,22.3465733931893,NaN,NaN,NaN,NaN
10.5450756408397,21.2922494368448,NaN,NaN,NaN,NaN
10.2287314174453,19.5120833376978,NaN,NaN,NaN,NaN
9.93852343783912,18.717639927525,NaN,NaN,NaN,NaN
10.2332022816272,19.5872987248247,NaN,NaN,NaN,NaN
11.144022444242,19.6425096123398,NaN,NaN,NaN,NaN
10.7949571982134,18.1077004607986,24.2041424541997,NaN,NaN,NaN
9.3827199499615,21.0432007308832,NaN,NaN,NaN,NaN
10.2051876923957,18.3521840126467,NaN,NaN,NaN,NaN
10.0324295108714,17.2786519823453,NaN,NaN,NaN,NaN
9.81205785331424,19.5712739028394,NaN,NaN,NaN,NaN
10.5544191952073,16.5115477199615,20.697098032148,22.844683738227,NaN,NaN
10.351407539705,17.8689512043155,NaN,NaN,NaN,NaN
10.5760820712414,17.9190611795118,NaN,NaN,NaN,NaN
9.98162933231541,20.7515063274802,NaN,NaN,NaN,NaN
8.92025671208935,11.7911227895782,19.497087891084,24.7346385008129,45.5727333040418,NaN
12.7144597829508,NaN,NaN,NaN,NaN,NaN
9.94844900653598,18.8567417628003,NaN,NaN,NaN,NaN
10.6271468257662,20.6135804777849,35.5894720758957,NaN,NaN,NaN
10.1689118325522,21.1484133823701,NaN,NaN,NaN,NaN
10.1227329682316,16.2625645810177,NaN,NaN,NaN,NaN
9.1736135384002,19.8484263895757,NaN,NaN,NaN,NaN
9.83286900272458,17.0845562381494,4.64414845831096,NaN,NaN,NaN
12.4482123512341,NaN,NaN,NaN,NaN,NaN
10.2118029650546,21.5166009806248,NaN,NaN,NaN,NaN
10.1418381220808,15.6673652644504,NaN,NaN,NaN,NaN
10.0815241489809,20.3516935551623,NaN,NaN,NaN,NaN
9.65626165378802,27.1905134528633,16.1722378824258,NaN,NaN,NaN
9.8847466378931,16.6539767026547,NaN,NaN,NaN,NaN
10.246707877365,21.2034015431427,35.283035969291,NaN,NaN,NaN
10.3083271426345,15.6407583234187,38.6883962210382,NaN,NaN,NaN
9.89678548739701,18.6987457552491,48.0561738372967,NaN,NaN,NaN
10.2709232760317,21.0013018304861,40.6340668456066,NaN,NaN,NaN
9.84900227256638,20.3008216976034,NaN,NaN,NaN,NaN
10.7395175351587,21.1711543975505,NaN,NaN,NaN,NaN
10.2154373390175,4.31841089378243,20.8366794820372,NaN,NaN,NaN
10.2209172571081,21.2246966073911,NaN,NaN,NaN,NaN
11.0638386938284,20.8978337257921,NaN,NaN,NaN,NaN
8.73381056121159,17.6500348994446,NaN,NaN,NaN,NaN
9.73881636766593,18.101236091281,NaN,NaN,NaN,NaN
9.66240955092923,20.1876402092292,33.1952669441755,43.9000975112465,NaN,NaN
10.4068792577571,20.5928681047886,NaN,NaN,NaN,NaN
10.0492841702386,18.7111381574765,NaN,NaN,NaN,NaN
10.2728174771719,20.2807670408581,NaN,NaN,NaN,NaN
10.6132821218383,20.7863136297685,NaN,NaN,NaN,NaN
10.3862520051259,37.0166889001568,18.9406434761468,NaN,NaN,NaN
9.44920799518872,17.0535886925996,NaN,NaN,NaN,NaN
10.1101227785872,18.2701130698546,NaN,NaN,NaN,NaN
10.051097573244,18.2924753796716,28.0769208610202,47.3871951799334,NaN,NaN
13.618205524329,NaN,NaN,NaN,NaN,NaN
9.90900639823541,16.5939215965274,NaN,NaN,NaN,NaN
10.2371346078223,13.3172970200198,29.6936756880302,NaN,NaN,NaN
9.96474832599916,21.1369794720228,17.3118233064095,NaN,NaN,NaN
9.62742661616327,19.255304549515,NaN,NaN,NaN,NaN
9.07874680998183,13.1455312344166,47.2531770900175,NaN,NaN,NaN
10.1454575174925,20.28989137165,NaN,NaN,NaN,NaN
10.1393828340062,20.7080426079602,NaN,NaN,NaN,NaN
10.1586931854319,17.8476114242072,NaN,NaN,NaN,NaN
10.7304411235991,20.4059050210287,NaN,NaN,NaN,NaN
9.48920572593424,20.5273761870906,NaN,NaN,NaN,NaN
10.3500056509963,19.1251950668591,NaN,NaN,NaN,NaN
10.0693061234121,21.1656516458706,NaN,NaN,NaN,NaN
10.3306576573506,18.0547598591909,NaN,NaN,NaN,NaN
10.1724048948043,10.6464777835261,NaN,NaN,NaN,NaN
10.1516150297917,15.9258742409682,NaN,NaN,NaN,NaN
10.2331242981068,22.1614203402553,33.2607741404468,NaN,NaN,NaN
10.6190130712426,27.6129430739107,19.5979035789046,NaN,NaN,NaN
10.2534255235773,12.6959656626341,NaN,NaN,NaN,NaN
10.6024132347985,NaN,NaN,NaN,NaN,NaN
10.4644382322636,18.4414256232336,NaN,NaN,NaN,NaN
9.11302249074867,16.1431286349232,NaN,NaN,NaN,NaN
9.95574311110698,14.5374895038696,NaN,NaN,NaN,NaN
10.4104260128335,19.6563704014134,NaN,NaN,NaN,NaN
10.8008078966981,19.8239612315279,NaN,NaN,NaN,NaN
9.72981693002942,19.826144929076,NaN,NaN,NaN,NaN
9.90299561605057,48.5639832422021,18.6181726187728,NaN,NaN,NaN
10.0006421846911,21.277013399083,NaN,NaN,NaN,NaN
10.3385099718595,20.5307494489476,NaN,NaN,NaN,NaN
10.0349941412967,12.4457185824186,37.2131025572557,NaN,NaN,NaN
10.0532279423137,19.2267851917727,NaN,NaN,NaN,NaN
8.74717436569922,11.7800894658448,21.5879846662474,39.0167777935112,45.3577562536755,NaN
9.57253111076174,16.3070418512804,NaN,NaN,NaN,NaN
9.33640471892675,23.6828517967512,17.489136140756,NaN,NaN,NaN
10.2445891247287,18.8955937792557,NaN,NaN,NaN,NaN
8.85178157153203,12.1464604565681,20.1857785185128,NaN,NaN,NaN
10.2657888065891,20.8334104015939,NaN,NaN,NaN,NaN
16.3409561399328,10.1882199821522,19.5996208702654,NaN,NaN,NaN
9.76871340228936,18.2855853156495,39.1368998340647,29.2085232422832,NaN,NaN
10.6156361744054,20.2909540625396,NaN,NaN,NaN,NaN
9.87479930326516,19.896766639389,NaN,NaN,NaN,NaN
19.8149110922709,9.48441416108061,NaN,NaN,NaN,NaN
17.9222770655998,10.4984510976727,25.974904322486,NaN,NaN,NaN
11.0330063277458,21.0674723641037,NaN,NaN,NaN,NaN
10.0275485580218,19.7561948222372,NaN,NaN,NaN,NaN
10.1473912603414,19.1628485531246,NaN,NaN,NaN,NaN
9.77735209311843,42.850171527355,17.9938166878062,NaN,NaN,NaN
9.19805151555589,20.1456680697897,46.2220721041864,NaN,NaN,NaN
10.5324812673574,19.6122792110085,NaN,NaN,NaN,NaN
10.0100649624415,19.3623988393637,NaN,NaN,NaN,NaN
14.9826128402637,NaN,NaN,NaN,NaN,NaN
9.80627018275022,20.4003863762381,NaN,NaN,NaN,NaN
10.3235772557651,16.6689050821912,NaN,NaN,NaN,NaN
10.1771172109427,20.1537553116097,28.8941863782752,42.7223186605077,49.6180076787341,NaN
10.0098620947345,17.0102778161303,NaN,NaN,NaN,NaN
9.66240328057552,13.0001300081858,19.3504460641279,NaN,NaN,NaN
12.4264241870816,NaN,NaN,NaN,NaN,NaN
19.2989904157796,10.4810646964425,NaN,NaN,NaN,NaN
10.2081065941185,13.2143620441185,NaN,NaN,NaN,NaN
10.5920537065852,22.0471249878143,NaN,NaN,NaN,NaN
9.8676634359906,18.153654734763,NaN,NaN,NaN,NaN
10.141550802876,21.0029814395867,31.6464173290216,NaN,NaN,NaN
10.008363544115,17.738285434919,NaN,NaN,NaN,NaN
20.2794631244078,10.0448418137858,NaN,NaN,NaN,NaN
8.67906599045425,10.6889659647867,16.9237560195013,22.0188023351761,NaN,NaN
12.6134004053221,NaN,NaN,NaN,NaN,NaN
10.3341956888257,19.072743463593,NaN,NaN,NaN,NaN
10.3739108773553,19.2331355292779,NaN,NaN,NaN,NaN
11.1543022686885,NaN,NaN,NaN,NaN,NaN
10.5450263624563,20.8334228636505,NaN,NaN,NaN,NaN
10.3961404720994,19.9212254646885,NaN,NaN,NaN,NaN
9.51764327278164,17.7555950015852,NaN,NaN,NaN,NaN
10.4199285905975,22.013798618687,15.9870781487627,NaN,NaN,NaN
10.0506486201066,19.7853798012406,NaN,NaN,NaN,NaN
9.71141093326825,21.6488425497589,NaN,NaN,NaN,NaN
10.2183901504876,17.721662070147,NaN,NaN,NaN,NaN
9.8900234609118,13.9330238196178,NaN,NaN,NaN,NaN
10.0047667740736,46.6532648810381,20.1619184793062,NaN,NaN,NaN
10.4787056012372,12.0782837484834,NaN,NaN,NaN,NaN
9.65580188000451,22.7123792758724,47.2905585933668,40.2547958698448,NaN,NaN
13.4585953240165,NaN,NaN,NaN,NaN,NaN
9.9784881663648,15.8818632853502,NaN,NaN,NaN,NaN
10.0005271249453,18.0964093678106,NaN,NaN,NaN,NaN
10.9728176789932,17.8565686133465,NaN,NaN,NaN,NaN
10.4722281926564,22.4065746867172,NaN,NaN,NaN,NaN
8.08986537630809,11.0420663056566,18.4524848974644,NaN,NaN,NaN
10.5019225985915,21.8177816872446,NaN,NaN,NaN,NaN
10.6683772939982,20.8144020908456,NaN,NaN,NaN,NaN
9.75870291307465,19.5177025149412,NaN,NaN,NaN,NaN
9.60226727426839,20.0732488377696,NaN,NaN,NaN,NaN
10.4088487563859,19.7316220512338,42.4142341933628,NaN,NaN,NaN
10.2671087096491,20.290587915761,NaN,NaN,NaN,NaN
10.1551036050471,18.8945113783902,NaN,NaN,NaN,NaN
10.2644442560728,23.028854461034,NaN,NaN,NaN,NaN
9.97598482638299,20.0325866105451,NaN,NaN,NaN,NaN
11.4306160987344,NaN,NaN,NaN,NaN,NaN
13.4191323469161,28.855710947324,39.3550975676572,NaN,NaN,NaN
17.2297934339536,9.8215784954808,NaN,NaN,NaN,NaN
9.50401684454062,24.5576922478898,NaN,NaN,NaN,NaN
10.1513218063619,20.6843578340779,45.4922669389118,35.6019449952924,NaN,NaN
10.3511963045651,19.4741696019612,NaN,NaN,NaN,NaN
9.73003467108985,16.9134625167955,NaN,NaN,NaN,NaN
9.57589511402143,43.4900981162155,12.505306112372,20.2790357798642,NaN,NaN
10.5421465545175,18.9228820951763,NaN,NaN,NaN,NaN
10.1664596127654,19.5787209409958,NaN,NaN,NaN,NaN
9.88364318808891,20.1342911393184,NaN,NaN,NaN,NaN
9.70579804021083,19.1115196635465,33.3697915170392,41.1535048049262,26.5788822147477,NaN
12.6071585145383,NaN,NaN,NaN,NaN,NaN
10.0448328598122,19.7203612150964,NaN,NaN,NaN,NaN
10.0354310432964,19.3623611747997,NaN,NaN,NaN,NaN
10.0666518591127,15.6497938634143,NaN,NaN,NaN,NaN
10.6729990037842,20.8396986563445,NaN,NaN,NaN,NaN
12.4408595052,NaN,NaN,NaN,NaN,NaN
11.7647396805882,23.5803391943283,NaN,NaN,NaN,NaN
10.1344161175387,19.7362961061551,NaN,NaN,NaN,NaN
10.4211838733781,21.1911542414708,NaN,NaN,NaN,NaN
10.4097409062549,24.9930592106178,48.6058535384564,NaN,NaN,NaN
9.53366767789045,16.717417750592,NaN,NaN,NaN,NaN
9.92622541210628,13.5542896420218,NaN,NaN,NaN,NaN
10.4772878466568,18.9296562247072,NaN,NaN,NaN,NaN
10.1692208529566,13.7208344770229,20.1194806890008,48.5739117532988,1.72979601312171,NaN
10.5142184942526,19.9964261030517,3.70374459974468,NaN,NaN,NaN
10.3402261687965,15.0452986747361,NaN,NaN,NaN,NaN
10.239154228655,20.5172185429597,47.6404271988698,NaN,NaN,NaN
10.1108603181857,19.831977985982,NaN,NaN,NaN,NaN
9.9860879067557,34.4870930286163,21.7686885714376,NaN,NaN,NaN
9.80601256722376,16.4805037065135,NaN,NaN,NaN,NaN
10.0534367088801,19.1866665614956,NaN,NaN,NaN,NaN
11.0240801164553,19.987305189175,NaN,NaN,NaN,NaN
20.016066099034,10.4630991860094,NaN,NaN,NaN,NaN
10.9882006251873,NaN,NaN,NaN,NaN,NaN
9.43738607626793,17.3649165635949,1.31217515099842,NaN,NaN,NaN
11.6726345076033,20.462167600916,NaN,NaN,NaN,NaN
10.2125167840122,17.3746915869887,NaN,NaN,NaN,NaN
10.5320306940967,18.8458857532207,NaN,NaN,NaN,NaN
9.91013221845032,16.9402001081677,19.3060242746442,34.9605138842412,30.5474594589927,NaN
10.7938396873542,15.0877700384478,NaN,NaN,NaN,NaN
14.8975508600372,NaN,NaN,NaN,NaN,NaN
9.93294609186685,18.0573399219311,41.6649511652223,NaN,NaN,NaN
10.6852862165038,17.3770804647955,22.4199822313013,NaN,NaN,NaN
10.1905361094586,19.1904969305763,NaN,NaN,NaN,NaN
9.68396989097947,17.0024856750038,NaN,NaN,NaN,NaN
10.8202892186893,20.6960178640426,NaN,NaN,NaN,NaN
10.8628686218354,21.7928246924711,NaN,NaN,NaN,NaN
9.72211180583382,14.1424404694913,20.1676722043352,NaN,NaN,NaN
9.89461503268173,19.3670489525476,NaN,NaN,NaN,NaN
10.5017543073032,19.5640128802952,49.1546962970084,23.8078106869843,NaN,NaN
9.95922988068876,19.8953509332606,NaN,NaN,NaN,NaN
10.4573033669452,21.1200818302513,NaN,NaN,NaN,NaN
10.1313325359285,21.397228019582,NaN,NaN,NaN,NaN
10.1332526965807,18.1995005454967,NaN,NaN,NaN,NaN
9.88403032679454,18.2085693552814,NaN,NaN,NaN,NaN
10.3034040535495,13.1624826544914,20.3978738187309,NaN,NaN,NaN
10.6131358848829,22.965373301737,NaN,NaN,NaN,NaN
10.030387305598,18.3721111596092,NaN,NaN,NaN,NaN
9.76970461780799,17.342810800814,NaN,NaN,NaN,NaN
18.5879649405301,9.86849624891759,NaN,NaN,NaN,NaN
10.3381082053756,19.3873985791013,NaN,NaN,NaN,NaN
9.88359067882164,19.3960692716147,NaN,NaN,NaN,NaN
10.4238510919039,20.5185468039323,45.9559027970994,16.0392873545179,31.3631823952895,NaN
9.62911717309594,45.30609808657,15.1425829195899,NaN,NaN,NaN
9.87226891979754,18.7979364587729,26.3838104580589,NaN,NaN,NaN
11.726128040742,NaN,NaN,NaN,NaN,NaN
10.4823062629265,21.7529497146719,NaN,NaN,NaN,NaN
10.0766757791999,23.4270051379407,49.8525806177371,NaN,NaN,NaN
10.2253639404734,19.880317827264,NaN,NaN,NaN,NaN
9.57311246889993,17.7383773443936,NaN,NaN,NaN,NaN
10.0471454371734,21.0525100094142,NaN,NaN,NaN,NaN
11.7406359963581,45.6788261253678,NaN,NaN,NaN,NaN
10.1851098671082,NaN,NaN,NaN,NaN,NaN
10.3029151465619,20.1483307490659,38.4338525558731,NaN,NaN,NaN
9.9492469362733,16.6245781244017,NaN,NaN,NaN,NaN
9.7901607574538,20.3870603945322,NaN,NaN,NaN,NaN
10.571798053295,19.6985405779152,NaN,NaN,NaN,NaN
10.3382605467823,20.2030237850109,NaN,NaN,NaN,NaN
11.194379152406,19.9904536007794,NaN,NaN,NaN,NaN
9.81908586697153,15.8945455225688,46.7756060135284,40.197865889281,20.1623076879346,NaN
10.8683065822501,20.8963026919452,NaN,NaN,NaN,NaN
10.2289078652882,21.3707368468013,NaN,NaN,NaN,NaN
9.49712021882336,17.0040802617826,24.1948374036158,NaN,NaN,NaN
10.0998412707302,19.1607175014653,NaN,NaN,NaN,NaN
10.615972536809,20.2627925411768,NaN,NaN,NaN,NaN
9.9311662189465,20.3698813509057,NaN,NaN,NaN,NaN
10.2115522626496,19.6630737623322,NaN,NaN,NaN,NaN
9.35154112189097,20.6636725668283,NaN,NaN,NaN,NaN
10.4473549246388,24.7917801233872,17.0239401098466,NaN,NaN,NaN
10.0227611278878,16.7713503238256,21.7492230016516,1.63458722125849,NaN,NaN
9.75673517628969,18.8685059328689,NaN,NaN,NaN,NaN
9.87772682236633,17.0460561146318,NaN,NaN,NaN,NaN
9.53245272838333,46.3103858761558,21.8025380051074,43.2052299689808,NaN,NaN
9.83979405150575,19.6495579983081,NaN,NaN,NaN,NaN
9.66347322244225,16.3298086613786,NaN,NaN,NaN,NaN
9.84728308950743,20.2406132951949,NaN,NaN,NaN,NaN
10.4933536456922,14.0120704382084,NaN,NaN,NaN,NaN
10.0275683600852,21.5323880379003,NaN,NaN,NaN,NaN
10.9426737072176,21.4832022254834,NaN,NaN,NaN,NaN
10.0532946516034,16.5841918605152,49.9999949559052,NaN,NaN,NaN
10.0037986340636,6.84525472660999,NaN,NaN,NaN,NaN
9.62562624907443,15.4416241539227,NaN,NaN,NaN,NaN
9.73886963031055,19.0075694337565,NaN,NaN,NaN,NaN
9.81361904165421,16.3526842357091,NaN,NaN,NaN,NaN
9.997969881398,13.4015121452644,NaN,NaN,NaN,NaN
9.61298002013199,19.3904347263555,NaN,NaN,NaN,NaN
10.1808081623885,NaN,NaN,NaN,NaN,NaN
10.8051635256186,17.9183150309725,NaN,NaN,NaN,NaN
11.1880402658447,24.6148136809783,NaN,NaN,NaN,NaN
9.86802606177302,19.7435064636711,NaN,NaN,NaN,NaN
10.52008155956,19.6633663781904,NaN,NaN,NaN,NaN
10.6846996601756,15.1820139141948,NaN,NaN,NaN,NaN
10.180053445414,16.8299155362413,29.5305638484684,NaN,NaN,NaN
10.343089791961,18.9646562757697,NaN,NaN,NaN,NaN
10.4833898926926,20.6909131578684,NaN,NaN,NaN,NaN
10.6208921828655,NaN,NaN,NaN,NaN,NaN
10.3723050383768,18.346030401179,NaN,NaN,NaN,NaN
10.0350316187048,18.1656937839977,NaN,NaN,NaN,NaN
9.413536163813,18.0768430383548,37.5320030073733,45.0287094885967,NaN,NaN
9.98379384766853,20.3605719309303,NaN,NaN,NaN,NaN
12.9128138074383,NaN,NaN,NaN,NaN,NaN
10.3827047539554,32.6930460383836,21.340103691948,NaN,NaN,NaN
10.4728512306755,13.4007986387795,18.7504228332967,NaN,NaN,NaN
10.1498707671452,19.3682629259317,NaN,NaN,NaN,NaN
9.99004213843592,19.4606883281713,42.8924374480979,NaN,NaN,NaN
9.90794307081492,NaN,NaN,NaN,NaN,NaN
10.7001288336279,20.6866589529934,NaN,NaN,NaN,NaN
10.0968142836211,NaN,NaN,NaN,NaN,NaN
12.8362052224914,NaN,NaN,NaN,NaN,NaN
9.99422974421187,13.7988372761624,NaN,NaN,NaN,NaN
10.3123828799226,20.5011715317864,NaN,NaN,NaN,NaN
10.6530795765829,19.5690934660482,NaN,NaN,NaN,NaN
9.99489395556861,19.6707437809971,13.3576661877456,NaN,NaN,NaN
10.3607270850433,21.3099564303621,NaN,NaN,NaN,NaN
10.7446013946889,20.6013831605004,NaN,NaN,NaN,NaN
9.54853497927786,21.7140845580403,NaN,NaN,NaN,NaN
9.6501911115601,13.6099166452114,21.1844521371624,44.1338110995477,NaN,NaN
10.7266534831299,9.83541704433112,39.7543390550893,NaN,NaN,NaN
10.5813342446113,18.5799406372465,NaN,NaN,NaN,NaN
9.26399983642738,20.1653085055745,13.6961840810834,27.8868472992756,31.3896562363047,NaN
10.2593945677034,18.3419207678185,NaN,NaN,NaN,NaN
9.68027494502589,23.3339951405467,15.3788200642897,19.9756598844568,NaN,NaN
9.45669823559928,17.6270486438427,NaN,NaN,NaN,NaN
11.1594439907612,21.258547176951,NaN,NaN,NaN,NaN
10.3842960044381,19.5549529946029,NaN,NaN,NaN,NaN
10.2124056297227,20.7714544472339,NaN,NaN,NaN,NaN
9.8185904463519,19.6127836311892,NaN,NaN,NaN,NaN
9.97620031983763,38.32738592746,17.8347136373504,NaN,NaN,NaN
10.3596671818533,32.5791567487836,19.4661722047317,NaN,NaN,NaN
10.5283723491762,19.334904085691,40.5198551752048,NaN,NaN,NaN
10.5920012877878,NaN,NaN,NaN,NaN,NaN
9.71531263106115,29.2339310418912,18.8064141718037,NaN,NaN,NaN
10.6027036235006,21.4034045882824,NaN,NaN,NaN,NaN
9.92172879770633,12.9869255881088,NaN,NaN,NaN,NaN
8.82315590385365,11.2387382046305,22.7528568210221,NaN,NaN,NaN
10.3053118890502,22.6098584683805,NaN,NaN,NaN,NaN
21.0801493331988,10.7995959936428,NaN,NaN,NaN,NaN
14.6248776772525,NaN,NaN,NaN,NaN,NaN
9.34759800352323,27.8453935634153,35.8490273736935,19.9769230899319,NaN,NaN
8.416980103188,11.4038476100693,17.9141519467065,NaN,NaN,NaN
9.56903619120709,18.2154200082625,41.0370875161856,NaN,NaN,NaN
10.2042782615531,21.6467581361152,NaN,NaN,NaN,NaN
10.7127197776964,17.2300000582534,22.4531234803251,NaN,NaN,NaN
10.2390739852009,18.585753540786,NaN,NaN,NaN,NaN
10.2607541115322,19.7110053986914,NaN,NaN,NaN,NaN
9.46823408358895,NaN,NaN,NaN,NaN,NaN
9.41592415855595,12.0146450675329,17.867282665144,35.9426022716942,NaN,NaN
10.2486038406042,18.968335491405,28.9509068434315,NaN,NaN,NaN
9.9512714131218,20.002606133181,NaN,NaN,NaN,NaN
10.5045451648358,18.9897064848603,NaN,NaN,NaN,NaN
17.3688257973464,33.7773036115739,9.65412484020346,NaN,NaN,NaN
9.8109936222092,41.1258709071416,19.32380012163,NaN,NaN,NaN
10.417621594017,24.5164145298676,NaN,NaN,NaN,NaN
10.0051963458016,21.7702406916656,48.7194196884178,39.6648927106546,NaN,NaN
10.1366855091483,20.4402755420242,NaN,NaN,NaN,NaN
10.5230647735234,20.0820710943754,NaN,NaN,NaN,NaN
10.0289160965915,19.897412742187,NaN,NaN,NaN,NaN
9.36980443290283,19.7943644117464,NaN,NaN,NaN,NaN
9.93584824404382,18.5022593315048,36.1803895215173,NaN,NaN,NaN
10.3451970219933,17.9732284982913,NaN,NaN,NaN,NaN
9.78783435845038,17.5345572850031,NaN,NaN,NaN,NaN
10.5279173773716,19.9334585796215,NaN,NaN,NaN,NaN
8.58243653253608,11.0035736140589,19.9949223699606,NaN,NaN,NaN
9.85338078077834,19.0392723358351,NaN,NaN,NaN,NaN
8.85246344079203,11.7428132390403,19.9296683873554,NaN,NaN,NaN
10.5616613742823,29.7315749640476,19.1355818113212,NaN,NaN,NaN
10.0813087585553,23.2269460716264,42.7302795916848,NaN,NaN,NaN
10.3081952761425,17.5530157215538,NaN,NaN,NaN,NaN
9.46316068265825,17.1172137119411,NaN,NaN,NaN,NaN
10.1013688839478,21.2730048567653,NaN,NaN,NaN,NaN
9.67530422494775,16.5596043184231,NaN,NaN,NaN,NaN
10.4105000820577,20.8919803520497,NaN,NaN,NaN,NaN
11.8033626371892,21.8541401984903,NaN,NaN,NaN,NaN
11.3886448237391,22.4258447622029,NaN,NaN,NaN,NaN
10.235282413627,19.0988272938362,NaN,NaN,NaN,NaN
9.6742920334859,17.7669757341822,NaN,NaN,NaN,NaN
9.88812651932385,20.4300490618056,NaN,NaN,NaN,NaN
11.640448444211,NaN,NaN,NaN,NaN,NaN
10.0097865873979,19.3927561512753,NaN,NaN,NaN,NaN
9.86850149543256,20.5801582876117,NaN,NaN,NaN,NaN
10.3164660924591,18.8693226106433,45.3543257322833,NaN,NaN,NaN
10.414828861992,19.5353787977281,NaN,NaN,NaN,NaN
10.1422142061661,18.6776436506199,NaN,NaN,NaN,NaN
10.6067506979559,20.2503962781193,NaN,NaN,NaN,NaN
10.659783847334,24.1169493418548,NaN,NaN,NaN,NaN
9.16064779900449,12.5702334160148,20.6994795549485,48.1740021127453,NaN,NaN
9.50228176801521,17.4900644224308,NaN,NaN,NaN,NaN
10.6850448226966,16.2459946277684,NaN,NaN,NaN,NaN
9.98963692535784,18.4958115352554,NaN,NaN,NaN,NaN
10.2133062173151,NaN,NaN,NaN,NaN,NaN
9.84973696097661,21.4332348920694,NaN,NaN,NaN,NaN
9.62464171536269,34.3150868869182,19.3876606588757,NaN,NaN,NaN
9.33496095716605,19.9690210317241,NaN,NaN,NaN,NaN
10.1460033678609,20.2407067692348,1.84100791164539,39.5319759069103,28.448671853263,33.2702636117687
10.6605558874202,48.7788274439468,21.9707614322913,NaN,NaN,NaN
9.78965937488156,18.1062172541928,NaN,NaN,NaN,NaN
10.0764521181252,20.1436102264814,NaN,NaN,NaN,NaN
10.1895635506214,18.8086755120291,NaN,NaN,NaN,NaN
10.1806863089874,20.0153011613239,NaN,NaN,NaN,NaN
10.1625433885155,8.04572041587108,NaN,NaN,NaN,NaN
10.2721956903135,20.419793698472,NaN,NaN,NaN,NaN
10.3042966236852,17.6765247116187,NaN,NaN,NaN,NaN
10.0711185897035,18.9266423772309,NaN,NaN,NaN,NaN
9.81073057816981,19.4700402914662,NaN,NaN,NaN,NaN
10.970987992906,22.5377353799024,NaN,NaN,NaN,NaN
9.23951115193823,19.8738311985623,NaN,NaN,NaN,NaN
10.9522740405308,21.376775285706,NaN,NaN,NaN,NaN
10.4402851547681,17.0092187069315,NaN,NaN,NaN,NaN
9.81940854284321,18.5561290702051,NaN,NaN,NaN,NaN
9.7292233982324,19.868087772597,NaN,NaN,NaN,NaN
10.1657901123401,14.2268967786576,NaN,NaN,NaN,NaN
11.0327380060694,NaN,NaN,NaN,NaN,NaN
10.212402838466,19.6221853451672,5.49727900590186,NaN,NaN,NaN
10.1281877854784,18.9414628264997,NaN,NaN,NaN,NaN
17.5615593651556,10.5092316121498,NaN,NaN,NaN,NaN
10.2150131518481,19.7106866290641,NaN,NaN,NaN,NaN
10.9609633103934,19.569639947134,NaN,NaN,NaN,NaN
9.90679075654158,19.635607831571,NaN,NaN,NaN,NaN
21.0823606537048,10.8537336233536,NaN,NaN,NaN,NaN
10.3284476849648,23.4395944087445,NaN,NaN,NaN,NaN
10.1943305481036,19.9830295699183,NaN,NaN,NaN,NaN
10.3484915394961,16.8291550356941,43.0843010164295,NaN,NaN,NaN
9.92565879979995,17.7914205005724,NaN,NaN,NaN,NaN
9.72231562691185,18.0594792295506,42.1527935034077,NaN,NaN,NaN
9.90582669746845,20.3491699049395,NaN,NaN,NaN,NaN
9.35848605747441,18.9010026941839,11.9900542918264,36.9770105329946,NaN,NaN
10.5331493219591,21.230313936518,NaN,NaN,NaN,NaN
9.75382912668371,16.6862477750583,NaN,NaN,NaN,NaN
10.5767094286547,39.8332850092834,14.3263420887517,NaN,NaN,NaN
10.0604447590955,20.0943309489645,NaN,NaN,NaN,NaN
10.3235309371454,22.8402859276066,NaN,NaN,NaN,NaN
9.87741402699677,19.7812210687681,NaN,NaN,NaN,NaN
10.1692616422589,20.2279959667743,NaN,NaN,NaN,NaN
9.77880220207939,17.5188602354984,NaN,NaN,NaN,NaN
12.5685191551833,NaN,NaN,NaN,NaN,NaN
9.65302578450961,18.6623409555614,31.7199896418984,NaN,NaN,NaN
10.5618280971348,18.3450153932969,NaN,NaN,NaN,NaN
9.81601783421832,16.6221603929515,NaN,NaN,NaN,NaN
10.5499780806703,22.0300563538058,NaN,NaN,NaN,NaN
9.94559655874105,18.8578546983924,NaN,NaN,NaN,NaN
10.4802538577693,21.9238601991496,NaN,NaN,NaN,NaN
8.43981122882197,10.785868459567,21.4065635203527,NaN,NaN,NaN
10.8518922621714,21.0741089370817,NaN,NaN,NaN,NaN
9.39161331633013,23.2952886541383,NaN,NaN,NaN,NaN
9.56715936519947,17.6301349241311,NaN,NaN,NaN,NaN
10.1305062205669,17.546474050134,24.2996876788709,NaN,NaN,NaN
10.0357634168308,18.3983529704125,NaN,NaN,NaN,NaN
10.105314640048,15.6067902034058,30.7274334868901,NaN,NaN,NaN
9.82814858597435,15.0014239426115,NaN,NaN,NaN,NaN
9.93753600312009,16.9199066364141,NaN,NaN,NaN,NaN
10.8377447386563,NaN,NaN,NaN,NaN,NaN
11.364396372551,21.0738902170685,49.9999534982332,3.92143588716547,NaN,NaN
10.1423393320053,18.3872950137806,NaN,NaN,NaN,NaN
10.1369313811933,17.3522603643669,NaN,NaN,NaN,NaN
9.97994300900732,18.3891534948398,41.3506974062732,NaN,NaN,NaN
9.40104799487532,15.4351596987471,46.5478331156924,26.5544699327879,NaN,NaN
19.8959648294272,10.9283889495588,NaN,NaN,NaN,NaN
10.5118013041551,23.355935656741,NaN,NaN,NaN,NaN
9.55088984832727,NaN,NaN,NaN,NaN,NaN
10.163193294382,20.1663975473659,NaN,NaN,NaN,NaN
10.6458276013064,21.4944002975231,NaN,NaN,NaN,NaN
14.2611783953774,NaN,NaN,NaN,NaN,NaN
10.4040863295719,22.3239381691961,NaN,NaN,NaN,NaN
10.4843732975858,13.8923672164692,NaN,NaN,NaN,NaN
10.7111469551813,18.6682836769405,NaN,NaN,NaN,NaN
9.7222219891027,44.0248658475954,18.4437838529604,NaN,NaN,NaN
10.2685135407888,21.2235214168095,NaN,NaN,NaN,NaN
10.2190143160612,22.389691697813,31.0387573635825,NaN,NaN,NaN
10.336775198201,14.9047380827656,NaN,NaN,NaN,NaN
10.111221339255,19.8710202138122,40.2809432076651,4.1040175379592,NaN,NaN
10.0760804166184,20.3241364166487,NaN,NaN,NaN,NaN
10.4159904725382,20.706126298645,NaN,NaN,NaN,NaN
10.227558791976,6.57225999183678,21.4343789177507,NaN,NaN,NaN
9.87232755604274,17.9521453388998,23.7934517930057,NaN,NaN,NaN
12.3386988854191,NaN,NaN,NaN,NaN,NaN
9.86488953722486,19.2604871869469,NaN,NaN,NaN,NaN
10.2076137848711,24.6214905388932,17.2542282847827,47.507414732892,NaN,NaN
11.6945017308124,NaN,NaN,NaN,NaN,NaN
9.49328382273397,15.2037089833741,NaN,NaN,NaN,NaN
10.6608438442972,17.8821964164234,26.7473266663405,NaN,NaN,NaN
10.2864802152184,19.5332605398801,NaN,NaN,NaN,NaN
10.8146288489037,19.3351258224328,NaN,NaN,NaN,NaN
9.7943968833066,16.5283817607134,NaN,NaN,NaN,NaN
9.93495366093876,19.5332673369619,NaN,NaN,NaN,NaN
10.0993884866441,17.6854296603044,NaN,NaN,NaN,NaN
11.8932633074946,NaN,NaN,NaN,NaN,NaN
9.64462584379361,19.246293794809,NaN,NaN,NaN,NaN
9.80434877123949,15.9366122876978,NaN,NaN,NaN,NaN
10.5850649506092,18.5003157626445,NaN,NaN,NaN,NaN
10.2058654821704,20.8004126922054,NaN,NaN,NaN,NaN
9.98433022095164,19.1696218461751,NaN,NaN,NaN,NaN
9.51923942939924,17.7019602271392,NaN,NaN,NaN,NaN
10.8523600859462,19.8672509884055,NaN,NaN,NaN,NaN
10.9912785860995,20.4525180331648,NaN,NaN,NaN,NaN
10.3827959806342,20.394311824602,NaN,NaN,NaN,NaN
19.9852982860685,9.26668028137212,NaN,NaN,NaN,NaN
9.98134974952131,42.0232078469034,19.3031637679165,NaN,NaN,NaN
10.0212819932391,12.5118413865474,19.1254825937021,49.8623415971772,NaN,NaN
12.391065497809,NaN,NaN,NaN,NaN,NaN
10.0341918259039,20.0250481482706,NaN,NaN,NaN,NaN
10.0690463040326,18.8159061059534,28.9950163130601,49.4571967975079,NaN,NaN
9.79890124631694,17.6461555806995,NaN,NaN,NaN,NaN
10.8645670480805,19.2239135747428,26.8544222554513,NaN,NaN,NaN
11.5842305949699,NaN,NaN,NaN,NaN,NaN
9.73628956406579,19.905039510282,NaN,NaN,NaN,NaN
10.5003813928498,19.1582434278962,NaN,NaN,NaN,NaN
10.4100905352405,11.5478017763404,NaN,NaN,NaN,NaN
10.5136636851393,19.8778499035842,NaN,NaN,NaN,NaN
9.96444682145373,19.9776622159108,NaN,NaN,NaN,NaN
9.79245127274452,15.4327964225026,NaN,NaN,NaN,NaN
10.3992444088149,20.571752657212,NaN,NaN,NaN,NaN
9.83103522079275,20.5561163793996,46.7326455162988,NaN,NaN,NaN
13.0264169961652,NaN,NaN,NaN,NaN,NaN
9.86721646661664,16.3581287064202,31.67502514034,NaN,NaN,NaN
10.5560562961947,19.2800051636382,43.5092413439586,NaN,NaN,NaN
10.6351353589216,21.1360806550302,NaN,NaN,NaN,NaN
11.309971878594,19.399575225577,NaN,NaN,NaN,NaN
10.7420554142186,19.8630467065266,NaN,NaN,NaN,NaN
11.1864911545658,18.058522015982,35.9091443654602,3.84572684219611,NaN,NaN
10.2951460403079,20.951143795237,NaN,NaN,NaN,NaN
10.3006979139445,22.987472038647,NaN,NaN,NaN,NaN
10.8295129717949,19.207205784441,NaN,NaN,NaN,NaN
9.69405579951617,19.4399324057838,NaN,NaN,NaN,NaN
10.1603312523095,34.459861818615,19.3104627365667,NaN,NaN,NaN
10.9837709797247,NaN,NaN,NaN,NaN,NaN
9.91875632361688,41.3335810249832,16.0775051840823,NaN,NaN,NaN
10.9750393823902,21.0007513220909,NaN,NaN,NaN,NaN
11.9535206739978,NaN,NaN,NaN,NaN,NaN
11.5597019782916,NaN,NaN,NaN,NaN,NaN
10.4733738942655,17.4444140554829,NaN,NaN,NaN,NaN
10.1866659778457,19.2387955071254,NaN,NaN,NaN,NaN
10.3870867821408,17.4824559399052,38.7411201014792,48.7213982389262,NaN,NaN
10.2652098613989,14.222331675091,NaN,NaN,NaN,NaN
10.3355496265655,17.864485622141,4.42212155555544,NaN,NaN,NaN
9.82764391440787,20.9705670053756,34.9135863811651,NaN,NaN,NaN
11.6953406173412,NaN,NaN,NaN,NaN,NaN
11.0069328206902,25.6155803599374,17.8503661231275,NaN,NaN,NaN
10.4958483265893,18.1478196404264,NaN,NaN,NaN,NaN
10.0482737906187,19.9190787688339,NaN,NaN,NaN,NaN
10.2785007908978,17.5644206534021,NaN,NaN,NaN,NaN
